_time,linear_velocity_ms,angular_velocity_rads,linear_acceleration_ms2,motor_power_total_W,motor_load_ratio,battery_SOC_percent,battery_voltage_V,battery_current_A,battery_power_draw_W,condition_id,condition_name,condition_class,timestep
2026-06-01 03:00:00,0.500000,0.000000,0.000000,9.892900,0.004900,75.710000,48.549778,8.337667,404.775778,4,creep,Static,0
2026-06-01 03:00:01,0.000000,0.000000,-0.432900,0.000000,0.000000,75.700909,48.707273,5.198545,253.084273,4,creep,Static,1
2026-06-01 03:00:02,0.000000,0.000000,0.000000,0.000000,0.000000,75.700000,48.867000,2.043700,99.853100,4,creep,Static,2
2026-06-01 03:00:03,-0.300000,0.000000,-0.285714,5.626280,0.002840,75.699000,48.794200,3.352400,163.549100,4,creep,Static,3
2026-06-01 03:00:04,-0.300000,0.000000,0.000000,5.935700,0.003000,75.690000,48.697800,5.167300,251.632200,4,creep,Static,4
2026-06-01 03:00:05,-0.048300,0.000000,0.285714,1.015990,0.000510,75.690000,48.769500,3.821800,186.338200,4,creep,Static,5
2026-06-01 03:00:06,0.000000,0.000000,0.000000,0.000000,0.000000,75.684000,48.870200,1.651500,80.700600,4,creep,Static,6
2026-06-01 03:00:07,0.000000,0.388889,0.000000,0.000000,0.000000,75.680000,48.900333,1.566333,76.589889,4,creep,Static,7
2026-06-01 03:00:08,0.000000,0.500000,0.000000,0.000000,0.000000,75.656000,48.827100,2.489700,121.566800,4,creep,Static,8
2026-06-01 03:00:09,0.000000,0.500000,0.000000,0.000000,0.000000,75.672000,48.821100,2.795600,136.484000,4,creep,Static,9
2026-06-01 03:00:10,0.000000,0.272727,0.000000,0.000000,0.000000,75.680000,48.823182,2.609727,127.408091,4,creep,Static,10
2026-06-01 03:00:11,0.139360,0.000000,0.498333,3.402420,0.001710,75.671000,48.860300,2.206400,107.767200,4,creep,Static,11
2026-06-01 03:00:12,0.500000,0.000000,0.000000,9.892900,0.004900,75.670000,48.655500,6.565500,319.388900,4,creep,Static,12
2026-06-01 03:00:13,0.350000,0.000000,-0.595238,6.925030,0.003430,75.661000,48.544000,8.198500,397.954200,4,creep,Static,13
2026-06-01 03:00:14,0.000000,0.000000,0.000000,0.000000,0.000000,75.654000,48.755900,4.094200,199.575700,4,creep,Static,14
2026-06-01 03:00:15,-0.060000,0.000000,-0.357143,0.800360,0.000400,75.650000,48.876000,1.902600,92.990000,4,creep,Static,15
2026-06-01 03:00:16,-0.300000,0.000000,0.000000,5.935700,0.003000,75.650000,48.755222,3.770444,183.807556,4,creep,Static,16
2026-06-01 03:00:17,-0.300000,0.000000,0.000000,5.935700,0.003000,75.646000,48.694300,5.271600,256.695100,4,creep,Static,17
2026-06-01 03:00:18,-0.020460,0.000000,0.309286,0.471190,0.000230,75.640000,48.797600,3.495800,170.555900,4,creep,Static,18
2026-06-01 03:00:19,0.000000,0.000000,0.000000,0.000000,0.000000,75.640000,48.881700,1.545300,75.529100,4,creep,Static,19
2026-06-01 03:00:20,0.000000,0.500000,0.000000,0.000000,0.000000,75.614000,48.862700,1.931300,94.366000,4,creep,Static,20
2026-06-01 03:00:21,0.000000,0.500000,0.000000,0.000000,0.000000,75.609000,48.826500,2.626700,128.251300,4,creep,Static,21
2026-06-01 03:00:22,0.000000,0.500000,0.000000,0.000000,0.000000,75.598000,48.800100,2.848300,138.996800,4,creep,Static,22
2026-06-01 03:00:23,0.000000,0.100000,0.000000,0.000000,0.000000,75.582000,48.841400,2.108100,102.948600,4,creep,Static,23
2026-06-01 03:00:24,0.000000,0.000000,0.000000,0.000000,0.000000,75.590000,48.901600,1.099700,53.776000,4,creep,Static,24
2026-06-01 03:00:25,0.000000,0.000000,0.000000,0.000000,0.000000,75.582000,48.910200,0.675700,33.048400,4,creep,Static,25
2026-06-01 03:00:26,0.000000,0.000000,0.000000,0.000000,0.000000,75.582000,48.921700,0.571100,27.939400,4,creep,Static,26
2026-06-01 03:00:27,0.000000,0.000000,0.000000,0.000000,0.000000,75.598000,48.929800,0.545100,26.671200,4,creep,Static,27
2026-06-01 03:00:28,0.000000,0.000000,0.000000,0.000000,0.000000,75.576000,48.906600,0.527000,25.773800,4,creep,Static,28
2026-06-01 03:00:29,0.000000,0.000000,0.000000,0.000000,0.000000,75.585000,48.914100,0.549400,26.873700,4,creep,Static,29
2026-06-01 03:00:30,0.000000,0.000000,0.000000,0.000000,0.000000,75.585000,48.923600,0.491600,24.050900,4,creep,Static,30
2026-06-01 03:00:31,0.000000,0.000000,0.000000,0.000000,0.000000,75.574000,48.914400,0.479800,23.467900,4,creep,Static,31
2026-06-01 03:00:32,0.000000,0.000000,0.000000,0.000000,0.000000,75.572000,48.939300,0.535000,26.181500,4,creep,Static,32
2026-06-01 03:00:33,0.000000,0.000000,0.000000,0.000000,0.000000,75.572000,48.920400,0.464800,22.738400,4,creep,Static,33
2026-06-01 03:00:34,0.000000,0.000000,0.000000,0.000000,0.000000,75.540000,48.925600,0.516400,25.265100,4,creep,Static,34
2026-06-01 03:00:35,0.000000,0.000000,0.000000,0.000000,0.000000,75.540000,48.927800,0.489400,23.944900,4,creep,Static,35
2026-06-01 03:00:36,0.000000,0.000000,0.000000,0.000000,0.000000,75.540000,48.913900,0.520500,25.459300,4,creep,Static,36
2026-06-01 03:00:37,0.000000,0.000000,0.000000,0.000000,0.000000,75.540000,48.921000,0.507200,24.811700,4,creep,Static,37
2026-06-01 03:00:38,0.000000,0.000000,0.000000,0.000000,0.000000,75.540000,48.932200,0.482300,23.600200,4,creep,Static,38
2026-06-01 03:00:39,0.000000,0.000000,0.000000,0.000000,0.000000,75.540000,48.922000,0.469400,22.964400,4,creep,Static,39
2026-06-01 03:00:40,0.000000,0.000000,0.000000,0.000000,0.000000,75.540000,48.937400,0.492200,24.086700,4,creep,Static,40
2026-06-01 03:00:41,0.000000,0.000000,0.000000,0.000000,0.000000,75.540000,48.932400,0.481500,23.560800,4,creep,Static,41
2026-06-01 03:00:42,0.000000,0.000000,0.000000,0.000000,0.000000,75.540000,48.922200,0.511300,25.014900,4,creep,Static,42
2026-06-01 03:00:43,0.000000,0.000000,0.000000,0.000000,0.000000,75.540000,48.919500,0.478500,23.408000,4,creep,Static,43
2026-06-01 03:00:44,0.000000,0.000000,0.000000,0.000000,0.000000,75.540000,48.934600,0.507600,24.838600,4,creep,Static,44
2026-06-01 03:00:45,0.000000,0.000000,0.000000,0.000000,0.000000,75.540000,48.914300,0.494400,24.183300,4,creep,Static,45
2026-06-01 03:00:46,0.000000,0.000000,0.000000,0.000000,0.000000,75.540000,48.933800,0.472200,23.105600,4,creep,Static,46
2026-06-01 03:00:47,0.000000,0.000000,0.000000,0.000000,0.000000,75.540000,48.915100,0.484900,23.718700,4,creep,Static,47
2026-06-01 03:00:48,0.000000,0.000000,0.000000,0.000000,0.000000,75.540000,48.915600,0.472300,23.102600,4,creep,Static,48
2026-06-01 03:00:49,0.043300,0.000000,0.103095,0.893950,0.000450,75.540000,48.928300,0.741600,36.278200,4,creep,Static,49
2026-06-01 03:00:50,0.100000,0.000000,0.000000,1.978600,0.001000,75.536000,48.850800,1.737200,84.861700,4,creep,Static,50
2026-06-01 03:00:51,0.100000,0.000000,0.000000,1.978600,0.001000,75.530000,48.843300,2.156200,105.315900,4,creep,Static,51
2026-06-01 03:00:52,0.100000,0.000000,0.000000,1.978600,0.001000,75.530000,48.841600,2.280000,111.359600,4,creep,Static,52
2026-06-01 03:00:53,0.060000,0.200000,-0.095238,1.136710,0.000600,75.530000,48.810100,2.452400,119.703100,4,creep,Static,53
2026-06-01 03:00:54,0.000000,0.500000,0.000000,0.000000,0.000000,75.530000,48.793900,2.781900,135.738600,4,creep,Static,54
2026-06-01 03:00:55,0.000000,0.500000,0.000000,0.000000,0.000000,75.520000,48.795100,2.901800,141.592900,4,creep,Static,55
2026-06-01 03:00:56,0.010000,0.450000,0.095238,0.232240,0.000120,75.520000,48.804500,2.957600,144.344600,4,creep,Static,56
2026-06-01 03:00:57,0.100000,0.000000,0.000000,1.978600,0.001000,75.520000,48.824500,2.645900,129.185300,4,creep,Static,57
2026-06-01 03:00:58,0.100000,0.000000,0.000000,1.978600,0.001000,75.518000,48.834300,2.447800,119.535900,4,creep,Static,58
2026-06-01 03:00:59,0.100000,0.000000,0.000000,1.978600,0.001000,75.510000,48.829400,2.436300,118.963100,4,creep,Static,59
2026-06-01 03:01:00,0.100000,0.000000,0.000000,1.978600,0.001000,75.510000,48.833900,2.416400,118.001800,4,creep,Static,60
2026-06-01 03:01:01,0.000000,0.500000,-0.095238,-0.050450,0.000000,75.510000,48.820000,2.665800,130.143900,4,creep,Static,61
2026-06-01 03:01:02,0.000000,0.500000,0.000000,0.000000,0.000000,75.508000,48.808800,2.893500,141.228700,4,creep,Static,62
2026-06-01 03:01:03,0.000000,0.500000,0.000000,0.000000,0.000000,75.500000,48.790000,2.947100,143.790000,4,creep,Static,63
2026-06-01 03:01:04,0.080000,0.100000,0.119048,1.625850,0.000820,75.500000,48.792000,2.768400,135.074800,4,creep,Static,64
2026-06-01 03:01:05,0.100000,0.000000,0.000000,1.978600,0.001000,75.500000,48.810100,2.514200,122.717100,4,creep,Static,65
2026-06-01 03:01:06,0.100000,0.000000,0.000000,1.978600,0.001000,75.497000,48.819100,2.407700,117.541500,4,creep,Static,66
2026-06-01 03:01:07,0.100000,0.000000,0.000000,1.978600,0.001000,75.490000,48.831800,2.376400,116.043800,4,creep,Static,67
2026-06-01 03:01:08,0.030000,0.350000,-0.095238,0.543130,0.000300,75.490000,48.810000,2.550900,124.508600,4,creep,Static,68
2026-06-01 03:01:09,0.000000,0.500000,0.000000,0.000000,0.000000,75.490000,48.806800,2.820500,137.659900,4,creep,Static,69
2026-06-01 03:01:10,0.000000,0.500000,0.000000,0.000000,0.000000,75.487000,48.786600,2.951500,143.994000,4,creep,Static,70
2026-06-01 03:01:11,0.040000,0.300000,0.095238,0.825820,0.000420,75.480000,48.790900,2.912700,142.112600,4,creep,Static,71
2026-06-01 03:01:12,0.100000,0.000000,0.000000,1.978600,0.001000,75.480000,48.808000,2.587200,126.276000,4,creep,Static,72
2026-06-01 03:01:13,0.100000,0.000000,0.000000,1.978600,0.001000,75.480000,48.827800,2.450800,119.667300,4,creep,Static,73
2026-06-01 03:01:14,0.100000,0.000000,0.000000,1.978600,0.001000,75.477000,48.824200,2.396600,117.012300,4,creep,Static,74
2026-06-01 03:01:15,0.070000,0.150000,-0.095238,1.334570,0.000700,75.478000,48.815200,2.424900,118.373100,4,creep,Static,75
2026-06-01 03:01:16,0.000000,0.500000,0.000000,0.000000,0.000000,75.478000,48.802700,2.809500,137.110300,4,creep,Static,76
2026-06-01 03:01:17,0.000000,0.500000,0.000000,0.000000,0.000000,75.486000,48.795900,2.956500,144.266200,4,creep,Static,77
2026-06-01 03:01:18,0.000060,0.495000,0.000714,0.001360,0.000000,75.465000,48.793600,2.953600,144.116700,4,creep,Static,78
2026-06-01 03:01:19,0.100000,0.000000,0.094667,2.012770,0.001020,75.516000,48.811400,2.673700,130.505900,4,creep,Static,79
2026-06-01 03:01:20,0.100000,0.000000,0.000000,1.978600,0.001000,75.540000,48.812100,2.519700,122.992400,4,creep,Static,80
2026-06-01 03:01:21,0.100000,0.000000,0.000000,1.978600,0.001000,75.540000,48.840000,2.418800,118.134700,4,creep,Static,81
2026-06-01 03:01:22,0.002000,0.000000,-0.095238,0.039570,0.000020,75.540000,48.861900,1.595500,77.949400,4,creep,Static,82
2026-06-01 03:01:23,-0.087000,0.000000,-0.111905,1.680980,0.000840,75.536000,48.893100,1.523800,74.497100,4,creep,Static,83
2026-06-01 03:01:24,-0.100000,0.000000,0.000000,1.978600,0.001000,75.530000,48.849600,2.086200,101.909300,4,creep,Static,84
2026-06-01 03:01:25,-0.100000,0.000000,0.000000,1.978600,0.001000,75.530000,48.833800,2.251600,109.953900,4,creep,Static,85
2026-06-01 03:01:26,-0.026100,0.000000,0.095238,0.516410,0.000260,75.530000,48.863200,1.810300,88.445800,4,creep,Static,86
2026-06-01 03:01:27,0.075100,0.000000,0.106905,1.522770,0.000770,75.530000,48.879500,1.477500,72.215600,4,creep,Static,87
2026-06-01 03:01:28,0.100000,0.000000,0.000000,1.978600,0.001000,75.530000,48.845000,2.090400,102.107400,4,creep,Static,88
2026-06-01 03:01:29,0.100000,0.000000,0.000000,1.978600,0.001000,75.522000,48.827000,2.282800,111.462700,4,creep,Static,89
2026-06-01 03:01:30,0.100000,0.000000,0.000000,1.978600,0.001000,75.520000,48.830200,2.353500,114.922200,4,creep,Static,90
2026-06-01 03:01:31,0.030000,0.350000,-0.095238,0.543130,0.000300,75.520000,48.836000,2.511800,122.663500,4,creep,Static,91
2026-06-01 03:01:32,0.000000,0.500000,0.000000,0.000000,0.000000,75.480000,48.791400,2.819100,137.547300,4,creep,Static,92
2026-06-01 03:01:33,0.000000,0.500000,0.000000,0.000000,0.000000,75.513000,48.808500,2.916200,142.334500,4,creep,Static,93
2026-06-01 03:01:34,0.033900,0.300000,0.095238,0.704590,0.000360,75.486000,48.802400,2.926100,142.800300,4,creep,Static,94
2026-06-01 03:01:35,0.100000,0.000000,0.000000,1.978600,0.001000,75.510000,48.817600,2.616300,127.722200,4,creep,Static,95
2026-06-01 03:01:36,0.100000,0.000000,0.000000,1.978600,0.001000,75.510000,48.814800,2.448900,119.544100,4,creep,Static,96
2026-06-01 03:01:37,0.100000,0.000000,0.000000,1.978600,0.001000,75.502000,48.838700,2.409600,117.681000,4,creep,Static,97
2026-06-01 03:01:38,0.060000,0.200000,-0.095238,1.136710,0.000600,75.500000,48.832600,2.445000,119.396500,4,creep,Static,98
2026-06-01 03:01:39,0.000000,0.500000,0.000000,0.000000,0.000000,75.468000,48.813100,2.775800,135.494100,4,creep,Static,99
2026-06-01 03:01:40,0.000000,0.500000,0.000000,0.000000,0.000000,75.476000,48.792900,2.919400,142.446500,4,creep,Static,100
2026-06-01 03:01:41,0.014500,0.400000,0.095238,0.316950,0.000160,75.467000,48.809200,2.983900,145.641600,4,creep,Static,101
2026-06-01 03:01:42,0.100000,0.000000,0.000000,1.978600,0.001000,75.450000,48.820800,2.668700,130.288800,4,creep,Static,102
2026-06-01 03:01:43,0.100000,0.000000,0.000000,1.978600,0.001000,75.466000,48.811800,2.469100,120.521300,4,creep,Static,103
2026-06-01 03:01:44,0.100000,0.000000,0.000000,1.978600,0.001000,75.448000,48.820900,2.401600,117.246700,4,creep,Static,104
2026-06-01 03:01:45,0.081000,0.095000,-0.116667,1.540850,0.000800,75.473000,48.816700,2.375500,115.965000,4,creep,Static,105
2026-06-01 03:01:46,0.000000,0.500000,0.000000,0.000000,0.000000,75.480000,48.826100,2.708800,132.260700,4,creep,Static,106
2026-06-01 03:01:47,0.000000,0.500000,0.000000,0.000000,0.000000,75.456000,48.795400,2.914800,142.229000,4,creep,Static,107
2026-06-01 03:01:48,0.000000,0.500000,0.000000,0.000000,0.000000,75.479000,48.792900,2.983700,145.583000,4,creep,Static,108
2026-06-01 03:01:49,0.086300,0.050000,0.104048,1.740330,0.000880,75.454000,48.802300,2.789600,136.138900,4,creep,Static,109
2026-06-01 03:01:50,0.100000,0.000000,0.000000,1.978600,0.001000,75.446000,48.812200,2.529500,123.469800,4,creep,Static,110
2026-06-01 03:01:51,0.100000,0.000000,0.000000,1.978600,0.001000,75.446000,48.827000,2.441900,119.231400,4,creep,Static,111
2026-06-01 03:01:52,0.100000,0.000000,0.000000,1.978600,0.001000,75.470000,48.807400,2.387400,116.523600,4,creep,Static,112
2026-06-01 03:01:53,0.011111,0.444444,-0.105820,0.163789,0.000111,75.460000,48.810222,2.558889,124.898667,4,creep,Static,113
2026-06-01 03:01:54,0.000000,0.500000,0.000000,0.000000,0.000000,75.460000,48.790545,2.834273,138.286273,4,creep,Static,114
2026-06-01 03:01:55,0.000000,0.500000,0.000000,0.000000,0.000000,75.406667,48.786111,2.947889,143.815333,4,creep,Static,115
2026-06-01 03:01:56,0.049860,0.250000,0.095238,1.020910,0.000510,75.409000,48.787400,2.917800,142.350400,4,creep,Static,116
2026-06-01 03:01:57,0.100000,0.000000,0.000000,1.978600,0.001000,75.386000,48.801000,2.557400,124.803100,4,creep,Static,117
2026-06-01 03:01:58,0.100000,0.000000,0.000000,1.978600,0.001000,75.386000,48.806200,2.432400,118.716400,4,creep,Static,118
2026-06-01 03:01:59,0.050000,0.000000,-0.095238,0.989300,0.000500,75.378000,48.832100,2.053800,100.288600,4,creep,Static,119
2026-06-01 03:02:00,-0.040000,0.000000,-0.119048,0.748460,0.000380,75.418000,48.877500,1.340200,65.504400,4,creep,Static,120
2026-06-01 03:02:01,-0.100000,0.000000,0.000000,1.978600,0.001000,75.405000,48.846700,1.868600,91.271800,4,creep,Static,121
2026-06-01 03:02:02,-0.100000,0.000000,0.000000,1.978600,0.001000,75.384000,48.817200,2.184800,106.655800,4,creep,Static,122
2026-06-01 03:02:03,-0.060140,0.000000,0.118714,1.189930,0.000600,75.384000,48.850600,2.094900,102.333800,4,creep,Static,123
2026-06-01 03:02:04,0.030000,0.000000,0.095238,0.627960,0.000320,75.368000,48.864000,1.270400,62.075500,4,creep,Static,124
2026-06-01 03:02:05,0.100000,0.000000,0.000000,1.978600,0.001000,75.392000,48.847700,1.863400,91.020300,4,creep,Static,125
2026-06-01 03:02:06,0.100000,0.000000,0.000000,1.978600,0.001000,75.414000,48.849100,2.172900,106.144100,4,creep,Static,126
2026-06-01 03:02:07,0.100000,0.000000,0.000000,1.978600,0.001000,75.392000,48.827900,2.293900,112.005900,4,creep,Static,127
2026-06-01 03:02:08,0.080000,0.100000,-0.095238,1.532430,0.000800,75.390000,48.836200,2.362300,115.365600,4,creep,Static,128
2026-06-01 03:02:09,0.000000,0.500000,0.000000,0.000000,0.000000,75.350000,48.804400,2.690900,131.327300,4,creep,Static,129
2026-06-01 03:02:10,0.000000,0.500000,0.000000,0.000000,0.000000,75.365000,48.798100,2.915700,142.280500,4,creep,Static,130
2026-06-01 03:02:11,0.000000,0.500000,0.000000,0.000000,0.000000,75.349000,48.801400,2.937300,143.344200,4,creep,Static,131
2026-06-01 03:02:12,0.099860,0.000000,0.118714,2.018680,0.001020,75.340000,48.790500,2.670500,130.294200,4,creep,Static,132
2026-06-01 03:02:13,0.100000,0.000000,0.000000,1.978600,0.001000,75.348000,48.815400,2.448300,119.514900,4,creep,Static,133
2026-06-01 03:02:14,0.100000,0.000000,0.000000,1.978600,0.001000,75.338000,48.813700,2.448100,119.500500,4,creep,Static,134
2026-06-01 03:02:15,0.100000,0.000000,0.000000,1.978600,0.001000,75.330000,48.796500,2.404800,117.345800,4,creep,Static,135
2026-06-01 03:02:16,0.000000,0.500000,-0.095238,-0.050450,0.000000,75.354000,48.793600,2.677700,130.654800,4,creep,Static,136
2026-06-01 03:02:17,0.000000,0.500000,0.000000,0.000000,0.000000,75.338000,48.786600,2.888200,140.905600,4,creep,Static,137
2026-06-01 03:02:18,0.000000,0.500000,0.000000,0.000000,0.000000,75.350000,48.789000,2.955300,144.185600,4,creep,Static,138
2026-06-01 03:02:19,0.079960,0.100000,0.095238,1.616470,0.000820,75.320000,48.789800,2.776700,135.471200,4,creep,Static,139
2026-06-01 03:02:20,0.100000,0.000000,0.000000,1.978600,0.001000,75.320000,48.809000,2.495700,121.813400,4,creep,Static,140
2026-06-01 03:02:21,0.100000,0.000000,0.000000,1.978600,0.001000,75.320000,48.825600,2.433000,118.792400,4,creep,Static,141
2026-06-01 03:02:22,0.100000,0.000000,0.000000,1.978600,0.001000,75.317000,48.803600,2.414900,117.855400,4,creep,Static,142
2026-06-01 03:02:23,0.030000,0.350000,-0.119048,0.530510,0.000300,75.318000,48.801600,2.567400,125.293200,4,creep,Static,143
2026-06-01 03:02:24,0.000000,0.500000,0.000000,0.000000,0.000000,75.310000,48.791000,2.845200,138.820500,4,creep,Static,144
2026-06-01 03:02:25,0.000000,0.500000,0.000000,0.000000,0.000000,75.318000,48.777600,2.937000,143.259900,4,creep,Static,145
2026-06-01 03:02:26,0.050000,0.250000,0.095238,1.023680,0.000520,75.304000,48.782100,2.866900,139.852200,4,creep,Static,146
2026-06-01 03:02:27,0.100000,0.000000,0.000000,1.978600,0.001000,75.300000,48.799400,2.580500,125.925500,4,creep,Static,147
2026-06-01 03:02:28,0.100000,0.000000,0.000000,1.978600,0.001000,75.300000,48.805100,2.425600,118.382200,4,creep,Static,148
2026-06-01 03:02:29,0.100000,0.000000,0.000000,1.978600,0.001000,75.300000,48.797200,2.396500,116.942300,4,creep,Static,149
2026-06-01 03:02:30,0.050000,0.250000,-0.095238,0.938850,0.000500,75.297000,48.793500,2.477700,120.893900,4,creep,Static,150
2026-06-01 03:02:31,0.000000,0.500000,0.000000,0.000000,0.000000,75.290000,48.796300,2.803100,136.780900,4,creep,Static,151
2026-06-01 03:02:32,0.000000,0.500000,0.000000,0.000000,0.000000,75.298000,48.783500,2.943900,143.612900,4,creep,Static,152
2026-06-01 03:02:33,0.021680,0.365000,0.115048,0.468180,0.000240,75.306000,48.785700,2.952100,144.019500,4,creep,Static,153
2026-06-01 03:02:34,0.100000,0.000000,0.000000,1.978600,0.001000,75.324000,48.780400,2.637900,128.677400,4,creep,Static,154
2026-06-01 03:02:35,0.100000,0.000000,0.000000,1.978600,0.001000,75.360000,48.805500,2.449100,119.527700,4,creep,Static,155
2026-06-01 03:02:36,0.077000,0.000000,-0.102381,1.523520,0.000770,75.352000,48.814400,2.290600,111.814200,4,creep,Static,156
2026-06-01 03:02:37,-0.018000,0.000000,-0.095238,0.321760,0.000170,75.336000,48.852900,1.372000,67.023900,4,creep,Static,157
2026-06-01 03:02:38,-0.100000,0.000000,0.000000,1.978600,0.001000,75.352000,48.844400,1.745400,85.248300,4,creep,Static,158
2026-06-01 03:02:39,-0.100000,0.000000,0.000000,1.978600,0.001000,75.360000,48.844000,2.134200,104.243500,4,creep,Static,159
2026-06-01 03:02:40,-0.099640,0.000000,0.004286,1.971630,0.001000,75.351000,48.814700,2.251400,109.900400,4,creep,Static,160
2026-06-01 03:02:41,0.000000,0.000000,0.091810,0.000000,0.000000,75.334000,48.874500,1.461800,71.434500,4,creep,Static,161
2026-06-01 03:02:42,0.092160,0.000000,0.095238,1.856220,0.000930,75.350000,48.859000,1.612300,78.770600,4,creep,Static,162
2026-06-01 03:02:43,0.100000,0.000000,0.000000,1.978600,0.001000,75.342000,48.833300,2.077200,101.436900,4,creep,Static,163
2026-06-01 03:02:44,0.100000,0.000000,0.000000,1.978600,0.001000,75.342000,48.818100,2.282000,111.401900,4,creep,Static,164
2026-06-01 03:02:45,0.100000,0.000000,0.000000,1.978600,0.001000,75.345000,48.802300,2.337500,114.075200,4,creep,Static,165
2026-06-01 03:02:46,0.013000,0.435000,-0.095238,0.206760,0.000110,75.332000,48.818300,2.585000,126.196800,4,creep,Static,166
2026-06-01 03:02:47,0.000000,0.500000,0.000000,0.000000,0.000000,75.292000,48.774400,2.835800,138.314900,4,creep,Static,167
2026-06-01 03:02:48,0.000000,0.500000,0.000000,0.000000,0.000000,75.290000,48.788700,2.937100,143.297400,4,creep,Static,168
2026-06-01 03:02:49,0.051260,0.220000,0.095238,1.048180,0.000520,75.306000,48.783600,2.877500,140.373400,4,creep,Static,169
2026-06-01 03:02:50,0.100000,0.000000,0.000000,1.978600,0.001000,75.330000,48.818500,2.553600,124.661700,4,creep,Static,170
2026-06-01 03:02:51,0.100000,0.000000,0.000000,1.978600,0.001000,75.330000,48.794300,2.473500,120.692600,4,creep,Static,171
2026-06-01 03:02:52,0.100000,0.000000,0.000000,1.978600,0.001000,75.330000,48.789800,2.399400,117.066100,4,creep,Static,172
2026-06-01 03:02:53,0.055000,0.225000,-0.107143,1.031470,0.000530,75.324000,48.816600,2.461000,120.136000,4,creep,Static,173
2026-06-01 03:02:54,0.000000,0.500000,0.000000,0.000000,0.000000,75.264000,48.797900,2.805700,136.912700,4,creep,Static,174
2026-06-01 03:02:55,0.000000,0.500000,0.000000,0.000000,0.000000,75.304000,48.791100,2.952100,144.035700,4,creep,Static,175
2026-06-01 03:02:56,0.022160,0.360000,0.095238,0.468530,0.000230,75.236000,48.792600,2.942500,143.571600,4,creep,Static,176
2026-06-01 03:02:57,0.100000,0.000000,0.000000,1.978600,0.001000,75.230000,48.805000,2.627200,128.218900,4,creep,Static,177
2026-06-01 03:02:58,0.100000,0.000000,0.000000,1.978600,0.001000,75.230000,48.796300,2.483800,121.199100,4,creep,Static,178
2026-06-01 03:02:59,0.100000,0.000000,0.000000,1.978600,0.001000,75.230000,48.795800,2.405400,117.372600,4,creep,Static,179
2026-06-01 03:03:00,0.075000,0.125000,-0.107143,1.427190,0.000730,75.237000,48.799800,2.432900,118.724700,4,creep,Static,180
2026-06-01 03:03:01,0.000000,0.500000,0.000000,0.000000,0.000000,75.295000,48.800300,2.749200,134.160300,4,creep,Static,181
2026-06-01 03:03:02,0.000000,0.500000,0.000000,0.000000,0.000000,75.268000,48.771800,2.903000,141.583400,4,creep,Static,182
2026-06-01 03:03:03,0.000000,0.500000,0.000000,0.000000,0.000000,75.252000,48.773300,2.963200,144.525200,4,creep,Static,183
2026-06-01 03:03:04,0.090600,0.030000,0.096667,1.826010,0.000930,75.214000,48.770300,2.723000,132.801300,4,creep,Static,184
2026-06-01 03:03:05,0.100000,0.000000,0.000000,1.978600,0.001000,75.210000,48.805200,2.450900,119.617100,4,creep,Static,185
2026-06-01 03:03:06,0.100000,0.000000,0.000000,1.978600,0.001000,75.210000,48.799500,2.439100,119.027000,4,creep,Static,186
2026-06-01 03:03:07,0.100000,0.000000,0.000000,1.978600,0.001000,75.210000,48.791100,2.380700,116.156900,4,creep,Static,187
2026-06-01 03:03:08,0.010000,0.450000,-0.095238,0.147410,0.000100,75.258000,48.803900,2.608800,127.318300,4,creep,Static,188
2026-06-01 03:03:09,0.000000,0.500000,0.000000,0.000000,0.000000,75.234000,48.781300,2.865600,139.787100,4,creep,Static,189
2026-06-01 03:03:10,0.000000,0.500000,0.000000,0.000000,0.000000,75.264000,48.769400,2.954900,144.108500,4,creep,Static,190
2026-06-01 03:03:11,0.052700,0.205000,0.095238,1.072280,0.000540,75.200000,48.786200,2.875800,140.296900,4,creep,Static,191
2026-06-01 03:03:12,0.100000,0.000000,0.000000,1.978600,0.001000,75.193000,48.796000,2.536100,123.751900,4,creep,Static,192
2026-06-01 03:03:13,0.100000,0.000000,0.000000,1.978600,0.001000,75.190000,48.792300,2.456800,119.872900,4,creep,Static,193
2026-06-01 03:03:14,0.055000,0.000000,-0.107143,1.088230,0.000550,75.190000,48.803000,2.149500,104.897800,4,creep,Static,194
2026-06-01 03:03:15,-0.040000,0.000000,-0.095238,0.757060,0.000380,75.198000,48.841400,1.313200,64.139500,4,creep,Static,195
2026-06-01 03:03:16,-0.100000,0.000000,0.000000,1.978600,0.001000,75.222000,48.823600,1.833700,89.526000,4,creep,Static,196
2026-06-01 03:03:17,-0.100000,0.000000,0.000000,1.978600,0.001000,75.244000,48.830400,2.162900,105.615300,4,creep,Static,197
2026-06-01 03:03:18,-0.063700,0.000000,0.104048,1.265130,0.000640,75.253000,48.812600,2.168800,105.861500,4,creep,Static,198
2026-06-01 03:03:19,0.026300,0.000000,0.095238,0.554750,0.000280,75.260000,48.872300,1.298200,63.444000,4,creep,Static,199
2026-06-01 03:03:20,0.100000,0.000000,0.000000,1.978600,0.001000,75.260000,48.841111,1.815889,88.690333,4,creep,Static,200
2026-06-01 03:03:21,0.100000,0.000000,0.000000,1.978600,0.001000,75.260000,48.805091,2.188364,106.802909,4,creep,Static,201
2026-06-01 03:03:22,0.100000,0.000000,0.000000,1.978600,0.001000,75.260000,48.799900,2.272800,110.912600,4,creep,Static,202
2026-06-01 03:03:23,0.088889,0.055556,-0.132275,1.688678,0.000889,75.256667,48.819889,2.340000,114.239111,4,creep,Static,203
2026-06-01 03:03:24,0.000000,0.500000,0.000000,0.000000,0.000000,75.194000,48.780300,2.709400,132.165400,4,creep,Static,204
2026-06-01 03:03:25,0.000000,0.500000,0.000000,0.000000,0.000000,75.210000,48.787800,2.855400,139.308700,4,creep,Static,205
2026-06-01 03:03:26,0.000000,0.500000,0.000000,0.000000,0.000000,75.186000,48.777500,2.939200,143.365700,4,creep,Static,206
2026-06-01 03:03:27,0.078460,0.100000,0.115381,1.594060,0.000800,75.244000,48.784100,2.803500,136.765900,4,creep,Static,207
2026-06-01 03:03:28,0.100000,0.000000,0.000000,1.978600,0.001000,75.240000,48.791900,2.499000,121.932200,4,creep,Static,208
2026-06-01 03:03:29,0.100000,0.000000,0.000000,1.978600,0.001000,75.240000,48.803100,2.423100,118.254100,4,creep,Static,209
2026-06-01 03:03:30,0.100000,0.000000,0.000000,1.978600,0.001000,75.240000,48.810300,2.399600,117.124700,4,creep,Static,210
2026-06-01 03:03:31,0.030000,0.350000,-0.095238,0.543130,0.000300,75.220000,48.803200,2.512700,122.626400,4,creep,Static,211
2026-06-01 03:03:32,0.000000,0.500000,0.000000,0.000000,0.000000,75.158000,48.771100,2.839600,138.489600,4,creep,Static,212
2026-06-01 03:03:33,0.000000,0.500000,0.000000,0.000000,0.000000,75.182000,48.766300,2.927900,142.782400,4,creep,Static,213
2026-06-01 03:03:34,0.049700,0.250000,0.095238,1.017740,0.000510,75.206000,48.767300,2.862400,139.591000,4,creep,Static,214
2026-06-01 03:03:35,0.100000,0.000000,0.000000,1.978600,0.001000,75.223000,48.793300,2.617400,127.712100,4,creep,Static,215
2026-06-01 03:03:36,0.100000,0.000000,0.000000,1.978600,0.001000,75.212000,48.805900,2.453700,119.754800,4,creep,Static,216
2026-06-01 03:03:37,0.100000,0.000000,0.000000,1.978600,0.001000,75.220000,48.790100,2.419100,118.027400,4,creep,Static,217
2026-06-01 03:03:38,0.060000,0.200000,-0.119048,1.124090,0.000600,75.212000,48.796500,2.418900,118.033200,4,creep,Static,218
2026-06-01 03:03:39,0.000000,0.500000,0.000000,0.000000,0.000000,75.157000,48.767500,2.792300,136.173700,4,creep,Static,219
2026-06-01 03:03:40,0.000000,0.500000,0.000000,0.000000,0.000000,75.170000,48.763000,2.944600,143.586900,4,creep,Static,220
2026-06-01 03:03:41,0.020000,0.400000,0.095238,0.430100,0.000220,75.130000,48.760900,2.956600,144.165100,4,creep,Static,221
2026-06-01 03:03:42,0.100000,0.000000,0.000000,1.978600,0.001000,75.125000,48.777400,2.640800,128.810400,4,creep,Static,222
2026-06-01 03:03:43,0.100000,0.000000,0.000000,1.978600,0.001000,75.120000,48.786500,2.483300,121.151600,4,creep,Static,223
2026-06-01 03:03:44,0.100000,0.000000,0.000000,1.978600,0.001000,75.120000,48.792200,2.378900,116.071900,4,creep,Static,224
2026-06-01 03:03:45,0.080000,0.100000,-0.095238,1.532430,0.000800,75.128000,48.790300,2.393300,116.769400,4,creep,Static,225
2026-06-01 03:03:46,0.000000,0.500000,0.000000,0.000000,0.000000,75.158000,48.780100,2.713300,132.354200,4,creep,Static,226
2026-06-01 03:03:47,0.000000,0.500000,0.000000,0.000000,0.000000,75.118000,48.768400,2.916700,142.243000,4,creep,Static,227
2026-06-01 03:03:48,0.000000,0.500000,0.000000,0.000000,0.000000,75.142000,48.774100,2.937100,143.253800,4,creep,Static,228
2026-06-01 03:03:49,0.089200,0.050000,0.117143,1.807200,0.000910,75.110000,48.781300,2.706100,132.008100,4,creep,Static,229
2026-06-01 03:03:50,0.100000,0.000000,0.000000,1.978600,0.001000,75.105000,48.777700,2.488500,121.382700,4,creep,Static,230
2026-06-01 03:03:51,0.100000,0.000000,0.000000,1.978600,0.001000,75.100000,48.792600,2.437200,118.916900,4,creep,Static,231
2026-06-01 03:03:52,0.010000,0.000000,-0.095238,0.197860,0.000100,75.100000,48.815700,1.625800,79.356800,4,creep,Static,232
2026-06-01 03:03:53,-0.080000,0.000000,-0.095238,1.548500,0.000780,75.100000,48.835300,1.520300,74.244800,4,creep,Static,233
2026-06-01 03:03:54,-0.100000,0.000000,0.000000,1.978600,0.001000,75.100000,48.813000,2.070800,101.081200,4,creep,Static,234
2026-06-01 03:03:55,-0.100000,0.000000,0.000000,1.978600,0.001000,75.098000,48.798000,2.270200,110.780200,4,creep,Static,235
2026-06-01 03:03:56,-0.020800,0.000000,0.117143,0.411550,0.000210,75.090000,48.833000,1.669300,81.511100,4,creep,Static,236
2026-06-01 03:03:57,0.069960,0.000000,0.095238,1.418610,0.000720,75.090000,48.845800,1.442700,70.461000,4,creep,Static,237
2026-06-01 03:03:58,0.100000,0.000000,0.000000,1.978600,0.001000,75.090000,48.821900,2.054900,100.321900,4,creep,Static,238
2026-06-01 03:03:59,0.100000,0.000000,0.000000,1.978600,0.001000,75.090000,48.808800,2.251400,109.887100,4,creep,Static,239
2026-06-01 03:04:00,0.100000,0.000000,0.000000,1.978600,0.001000,75.090000,48.798400,2.371700,115.734800,4,creep,Static,240
2026-06-01 03:04:01,0.030000,0.350000,-0.119048,0.530510,0.000300,75.124000,48.809800,2.509100,122.467200,4,creep,Static,241
2026-06-01 03:04:02,0.000000,0.500000,0.000000,0.000000,0.000000,75.120000,48.762900,2.829900,137.994500,4,creep,Static,242
2026-06-01 03:04:03,0.000000,0.500000,0.000000,0.000000,0.000000,75.112000,48.768900,2.941000,143.428600,4,creep,Static,243
2026-06-01 03:04:04,0.038860,0.300000,0.116333,0.810880,0.000410,75.078000,48.754400,2.891500,140.973300,4,creep,Static,244
2026-06-01 03:04:05,0.100000,0.000000,0.000000,1.978600,0.001000,75.070000,48.778100,2.566400,125.184300,4,creep,Static,245
2026-06-01 03:04:06,0.100000,0.000000,0.000000,1.978600,0.001000,75.070000,48.788300,2.435400,118.819500,4,creep,Static,246
2026-06-01 03:04:07,0.100000,0.000000,0.000000,1.978600,0.001000,75.070000,48.797500,2.399600,117.095500,4,creep,Static,247
2026-06-01 03:04:08,0.070000,0.150000,-0.095238,1.334570,0.000700,75.070000,48.775800,2.438700,118.949300,4,creep,Static,248
2026-06-01 03:04:09,0.000000,0.500000,0.000000,0.000000,0.000000,75.130000,48.778100,2.732600,133.290500,4,creep,Static,249
2026-06-01 03:04:10,0.000000,0.500000,0.000000,0.000000,0.000000,75.060000,48.756900,2.929100,142.814200,4,creep,Static,250
2026-06-01 03:04:11,0.000000,0.500000,0.000000,0.000000,0.000000,75.108000,48.770500,2.958200,144.273900,4,creep,Static,251
2026-06-01 03:04:12,0.099960,0.000000,0.095238,2.012190,0.001020,75.057000,48.779300,2.693500,131.386900,4,creep,Static,252
2026-06-01 03:04:13,0.100000,0.000000,0.000000,1.978600,0.001000,75.050000,48.781400,2.499300,121.919500,4,creep,Static,253
2026-06-01 03:04:14,0.100000,0.000000,0.000000,1.978600,0.001000,75.050000,48.796400,2.413000,117.745800,4,creep,Static,254
2026-06-01 03:04:15,0.100000,0.000000,0.000000,1.978600,0.001000,75.050000,48.796100,2.414300,117.808400,4,creep,Static,255
2026-06-01 03:04:16,0.009091,0.454545,-0.086580,0.134009,0.000091,75.086364,48.773818,2.602000,126.908273,4,creep,Static,256
2026-06-01 03:04:17,0.000000,0.500000,0.000000,0.000000,0.000000,75.078889,48.756889,2.868556,139.860778,4,creep,Static,257
2026-06-01 03:04:18,0.000000,0.500000,0.000000,0.000000,0.000000,75.072000,48.767000,2.945100,143.624500,4,creep,Static,258
2026-06-01 03:04:19,0.068860,0.150000,0.116333,1.404460,0.000710,75.040000,48.752700,2.804400,136.720500,4,creep,Static,259
2026-06-01 03:04:20,0.100000,0.000000,0.000000,1.978600,0.001000,75.036000,48.782300,2.537600,123.789900,4,creep,Static,260
2026-06-01 03:04:21,0.100000,0.000000,0.000000,1.978600,0.001000,75.030000,48.789200,2.425200,118.323700,4,creep,Static,261
2026-06-01 03:04:22,0.100000,0.000000,0.000000,1.978600,0.001000,75.030000,48.772000,2.400500,117.076900,4,creep,Static,262
2026-06-01 03:04:23,0.030000,0.350000,-0.095238,0.543130,0.000300,75.030000,48.748000,2.551600,124.385400,4,creep,Static,263
2026-06-01 03:04:24,0.000000,0.500000,0.000000,0.000000,0.000000,75.069000,48.777900,2.822900,137.694700,4,creep,Static,264
2026-06-01 03:04:25,0.000000,0.500000,0.000000,0.000000,0.000000,75.020000,48.744400,2.939400,143.278800,4,creep,Static,265
2026-06-01 03:04:26,0.040000,0.300000,0.095238,0.825820,0.000420,75.020000,48.750300,2.907800,141.754400,4,creep,Static,266
2026-06-01 03:04:27,0.100000,0.000000,0.000000,1.978600,0.001000,75.020000,48.770300,2.559200,124.814000,4,creep,Static,267
2026-06-01 03:04:28,0.100000,0.000000,0.000000,1.978600,0.001000,75.015000,48.781000,2.455200,119.767800,4,creep,Static,268
2026-06-01 03:04:29,0.060000,0.000000,-0.095238,1.187160,0.000600,75.010000,48.784300,2.173700,106.038700,4,creep,Static,269
2026-06-01 03:04:30,-0.034000,0.000000,-0.109524,0.633180,0.000320,75.010000,48.829900,1.384700,67.612800,4,creep,Static,270
2026-06-01 03:04:31,-0.100000,0.000000,0.000000,1.978600,0.001000,75.010000,48.803100,1.879600,91.731300,4,creep,Static,271
2026-06-01 03:04:32,-0.100000,0.000000,0.000000,1.978600,0.001000,75.010000,48.774900,2.199900,107.299400,4,creep,Static,272
2026-06-01 03:04:33,-0.070000,0.000000,0.095238,1.385020,0.000700,75.009000,48.776900,2.120400,103.420600,4,creep,Static,273
2026-06-01 03:04:34,0.030000,0.000000,0.095238,0.627960,0.000320,75.000000,48.831200,1.363100,66.559500,4,creep,Static,274
2026-06-01 03:04:35,0.100000,0.000000,0.000000,1.978600,0.001000,75.000000,48.813300,1.917600,93.603400,4,creep,Static,275
2026-06-01 03:04:36,0.100000,0.000000,0.000000,1.978600,0.001000,75.000000,48.791000,2.188300,106.769000,4,creep,Static,276
2026-06-01 03:04:37,0.100000,0.000000,0.000000,1.978600,0.001000,75.000000,48.784400,2.331800,113.756100,4,creep,Static,277
2026-06-01 03:04:38,0.080000,0.100000,-0.095238,1.532430,0.000800,75.000000,48.790200,2.368000,115.535200,4,creep,Static,278
2026-06-01 03:04:39,0.000000,0.500000,0.000000,0.000000,0.000000,74.992000,48.759100,2.716100,132.432100,4,creep,Static,279
2026-06-01 03:04:40,0.000000,0.500000,0.000000,0.000000,0.000000,74.990000,48.735800,2.859800,139.374300,4,creep,Static,280
2026-06-01 03:04:41,0.000360,0.485000,0.003429,0.007270,0.000000,74.990000,48.766800,2.946200,143.677300,4,creep,Static,281
2026-06-01 03:04:42,0.100000,0.000000,0.114762,2.020030,0.001020,74.988000,48.782600,2.698800,131.654700,4,creep,Static,282
2026-06-01 03:04:43,0.100000,0.000000,0.000000,1.978600,0.001000,74.980000,48.775800,2.489800,121.440900,4,creep,Static,283
2026-06-01 03:04:44,0.100000,0.000000,0.000000,1.978600,0.001000,74.980000,48.789000,2.392700,116.738200,4,creep,Static,284
2026-06-01 03:04:45,0.100000,0.000000,0.000000,1.978600,0.001000,74.980000,48.768600,2.393500,116.727600,4,creep,Static,285
2026-06-01 03:04:46,0.007000,0.465000,-0.095238,0.088040,0.000060,74.980000,48.751700,2.620800,127.768700,4,creep,Static,286
2026-06-01 03:04:47,0.000000,0.500000,0.000000,0.000000,0.000000,74.971000,48.760800,2.885300,140.689600,4,creep,Static,287
2026-06-01 03:04:48,0.000000,0.500000,0.000000,0.000000,0.000000,74.970000,48.759200,2.944800,143.586100,4,creep,Static,288
2026-06-01 03:04:49,0.070060,0.145000,0.095238,1.420430,0.000720,74.970000,48.747600,2.795700,136.282600,4,creep,Static,289
2026-06-01 03:04:50,0.100000,0.000000,0.000000,1.978600,0.001000,74.968000,48.779500,2.519800,122.914800,4,creep,Static,290
2026-06-01 03:04:51,0.100000,0.000000,0.000000,1.978600,0.001000,74.960000,48.778200,2.440600,119.048600,4,creep,Static,291
2026-06-01 03:04:52,0.100000,0.000000,0.000000,1.978600,0.001000,74.960000,48.772200,2.386300,116.385400,4,creep,Static,292
2026-06-01 03:04:53,0.026000,0.370000,-0.109524,0.456410,0.000250,74.960000,48.760700,2.577300,125.670700,4,creep,Static,293
2026-06-01 03:04:54,0.000000,0.500000,0.000000,0.000000,0.000000,74.959000,48.758000,2.834100,138.185600,4,creep,Static,294
2026-06-01 03:04:55,0.000000,0.500000,0.000000,0.000000,0.000000,74.950000,48.749900,2.923200,142.506100,4,creep,Static,295
2026-06-01 03:04:56,0.050060,0.245000,0.095238,1.024720,0.000520,74.950000,48.738300,2.869300,139.843700,4,creep,Static,296
2026-06-01 03:04:57,0.100000,0.000000,0.000000,1.978600,0.001000,74.950000,48.767200,2.581400,125.888300,4,creep,Static,297
2026-06-01 03:04:58,0.100000,0.000000,0.000000,1.978600,0.001000,74.947000,48.778600,2.453300,119.668700,4,creep,Static,298
2026-06-01 03:04:59,0.100000,0.000000,0.000000,1.978600,0.001000,74.940000,48.761700,2.431800,118.578200,4,creep,Static,299
2026-06-01 03:05:00,0.060000,0.200000,-0.095238,1.136710,0.000600,74.940000,48.767200,2.462800,120.103000,4,creep,Static,300
2026-06-01 03:05:01,0.000000,0.500000,0.000000,0.000000,0.000000,74.948000,48.744700,2.806000,136.777700,4,creep,Static,301
2026-06-01 03:05:02,0.000000,0.500000,0.000000,0.000000,0.000000,74.937000,48.744600,2.946900,143.644700,4,creep,Static,302
2026-06-01 03:05:03,0.010000,0.450000,0.095238,0.232240,0.000120,74.930000,48.729600,2.982800,145.350400,4,creep,Static,303
2026-06-01 03:05:04,0.100000,0.000000,0.000000,1.978600,0.001000,74.930000,48.755700,2.674800,130.410700,4,creep,Static,304
2026-06-01 03:05:05,0.100000,0.000000,0.000000,1.978600,0.001000,74.930000,48.789700,2.490500,121.510400,4,creep,Static,305
2026-06-01 03:05:06,0.098000,0.000000,-0.019048,1.939030,0.000980,74.933000,48.778800,2.405700,117.346400,4,creep,Static,306
2026-06-01 03:05:07,-0.004000,0.000000,-0.114286,0.065390,0.000030,74.920000,48.835300,1.514700,73.969200,4,creep,Static,307
2026-06-01 03:05:08,-0.100000,0.000000,-0.071429,1.952810,0.000990,74.928000,48.809300,1.735500,84.708800,4,creep,Static,308
2026-06-01 03:05:09,-0.100000,0.000000,0.000000,1.978600,0.001000,74.920000,48.774300,2.154200,105.068700,4,creep,Static,309
2026-06-01 03:05:10,-0.099100,0.000000,0.008571,1.962210,0.000990,74.920000,48.796500,2.249000,109.742400,4,creep,Static,310
2026-06-01 03:05:11,0.000000,0.000000,0.108333,0.000000,0.000000,74.920000,48.820500,1.454600,71.008400,4,creep,Static,311
2026-06-01 03:05:12,0.100000,0.000000,0.095238,2.012980,0.001020,74.923000,48.798400,1.716500,83.762200,4,creep,Static,312
2026-06-01 03:05:13,0.100000,0.000000,0.000000,1.978600,0.001000,74.918000,48.791900,2.159500,105.365500,4,creep,Static,313
2026-06-01 03:05:14,0.100000,0.000000,0.000000,1.978600,0.001000,74.910000,48.794800,2.287900,111.637800,4,creep,Static,314
2026-06-01 03:05:15,0.100000,0.000000,0.000000,1.978600,0.001000,74.926000,48.763200,2.348100,114.500900,4,creep,Static,315
2026-06-01 03:05:16,0.010000,0.450000,-0.095238,0.147410,0.000100,74.910000,48.771700,2.613000,127.439800,4,creep,Static,316
2026-06-01 03:05:17,0.000000,0.500000,0.000000,0.000000,0.000000,74.900000,48.746800,2.860500,139.440700,4,creep,Static,317
2026-06-01 03:05:18,0.000000,0.500000,0.000000,0.000000,0.000000,74.900000,48.735100,2.985600,145.503800,4,creep,Static,318
2026-06-01 03:05:19,0.070360,0.135000,0.095238,1.426030,0.000720,74.916000,48.751200,2.786500,135.846000,4,creep,Static,319
2026-06-01 03:05:20,0.100000,0.000000,0.000000,1.978600,0.001000,74.914000,48.776000,2.511000,122.476200,4,creep,Static,320
2026-06-01 03:05:21,0.100000,0.000000,0.000000,1.978600,0.001000,74.898000,48.762500,2.425200,118.257800,4,creep,Static,321
2026-06-01 03:05:22,0.100000,0.000000,0.000000,1.978600,0.001000,74.898000,48.775800,2.413200,117.706100,4,creep,Static,322
2026-06-01 03:05:23,0.030000,0.350000,-0.095238,0.543130,0.000300,74.906000,48.756300,2.570800,125.340000,4,creep,Static,323
2026-06-01 03:05:24,0.000000,0.500000,0.000000,0.000000,0.000000,74.913000,48.747900,2.833500,138.126500,4,creep,Static,324
2026-06-01 03:05:25,0.000000,0.500000,0.000000,0.000000,0.000000,74.889000,48.722300,2.979500,145.167600,4,creep,Static,325
2026-06-01 03:05:26,0.040900,0.275000,0.097381,0.844400,0.000420,74.944000,48.762400,2.894700,141.151000,4,creep,Static,326
2026-06-01 03:05:27,0.100000,0.000000,0.000000,1.978600,0.001000,74.960000,48.771600,2.591100,126.372100,4,creep,Static,327
2026-06-01 03:05:28,0.100000,0.000000,0.000000,1.978600,0.001000,74.960000,48.782100,2.466200,120.306400,4,creep,Static,328
2026-06-01 03:05:29,0.100000,0.000000,0.000000,1.978600,0.001000,74.950000,48.779500,2.417500,117.923400,4,creep,Static,329
2026-06-01 03:05:30,0.060000,0.200000,-0.095238,1.136710,0.000600,74.950000,48.795900,2.434500,118.793500,4,creep,Static,330
2026-06-01 03:05:31,0.000000,0.500000,0.000000,0.000000,0.000000,74.942000,48.741600,2.780900,135.545200,4,creep,Static,331
2026-06-01 03:05:32,0.000000,0.500000,0.000000,0.000000,0.000000,74.950000,48.749800,2.911800,141.948700,4,creep,Static,332
2026-06-01 03:05:33,0.014500,0.400000,0.095238,0.321280,0.000160,74.908000,48.744600,2.901100,141.414000,4,creep,Static,333
2026-06-01 03:05:34,0.100000,0.000000,0.000000,1.978600,0.001000,74.940000,48.765800,2.675700,130.481500,4,creep,Static,334
2026-06-01 03:05:35,0.100000,0.000000,0.000000,1.978600,0.001000,74.940000,48.766900,2.495600,121.702300,4,creep,Static,335
2026-06-01 03:05:36,0.100000,0.000000,0.000000,1.978600,0.001000,74.940000,48.780889,2.402111,117.176667,4,creep,Static,336
2026-06-01 03:05:37,0.090909,0.045455,-0.108225,1.741391,0.000909,74.930000,48.771000,2.409455,117.511818,4,creep,Static,337
2026-06-01 03:05:38,0.000000,0.500000,0.000000,0.000000,0.000000,74.930000,48.760800,2.662600,129.828000,4,creep,Static,338
2026-06-01 03:05:39,0.000000,0.500000,0.000000,0.000000,0.000000,74.930000,48.752800,2.874300,140.129800,4,creep,Static,339
2026-06-01 03:05:40,0.000000,0.500000,0.000000,0.000000,0.000000,74.920000,48.736900,2.933800,142.984300,4,creep,Static,340
2026-06-01 03:05:41,0.072700,0.105000,0.101667,1.471900,0.000740,74.888000,48.729300,2.789400,135.925200,4,creep,Static,341
2026-06-01 03:05:42,0.100000,0.000000,0.000000,1.978600,0.001000,74.896000,48.768100,2.513100,122.558500,4,creep,Static,342
2026-06-01 03:05:43,0.100000,0.000000,0.000000,1.978600,0.001000,74.888000,48.764900,2.449300,119.440000,4,creep,Static,343
2026-06-01 03:05:44,0.030000,0.000000,-0.095238,0.593580,0.000300,74.895000,48.789600,1.944800,94.869200,4,creep,Static,344
2026-06-01 03:05:45,-0.070000,0.000000,-0.095238,1.350640,0.000680,74.905000,48.824100,1.467200,71.632300,4,creep,Static,345
2026-06-01 03:05:46,-0.100000,0.000000,0.000000,1.978600,0.001000,74.910000,48.794800,2.022200,98.671700,4,creep,Static,346
2026-06-01 03:05:47,-0.100000,0.000000,0.000000,1.978600,0.001000,74.902000,48.769100,2.280100,111.197400,4,creep,Static,347
2026-06-01 03:05:48,-0.046100,0.000000,0.104524,0.915820,0.000460,74.902000,48.783900,1.971800,96.187900,4,creep,Static,348
2026-06-01 03:05:49,0.046300,0.000000,0.104048,0.950180,0.000480,74.902000,48.825500,1.294900,63.222600,4,creep,Static,349
2026-06-01 03:05:50,0.100000,0.000000,0.000000,1.978600,0.001000,74.902000,48.794100,1.941700,94.742800,4,creep,Static,350
2026-06-01 03:05:51,0.100000,0.000000,0.000000,1.978600,0.001000,74.892000,48.776500,2.232400,108.887200,4,creep,Static,351
2026-06-01 03:05:52,0.100000,0.000000,0.000000,1.978600,0.001000,74.900000,48.769600,2.325000,113.387900,4,creep,Static,352
2026-06-01 03:05:53,0.060000,0.200000,-0.095238,1.136710,0.000600,74.900000,48.765900,2.398700,116.975200,4,creep,Static,353
2026-06-01 03:05:54,0.000000,0.500000,0.000000,0.000000,0.000000,74.900000,48.762600,2.747400,133.970900,4,creep,Static,354
2026-06-01 03:05:55,0.000000,0.500000,0.000000,0.000000,0.000000,74.893000,48.738900,2.893400,141.021000,4,creep,Static,355
2026-06-01 03:05:56,0.013900,0.400000,0.104524,0.309070,0.000160,74.882000,48.736000,2.944100,143.483100,4,creep,Static,356
2026-06-01 03:05:57,0.100000,0.000000,0.000000,1.978600,0.001000,74.890000,48.764100,2.645700,129.017000,4,creep,Static,357
2026-06-01 03:05:58,0.100000,0.000000,0.000000,1.978600,0.001000,74.882000,48.773400,2.478600,120.888500,4,creep,Static,358
2026-06-01 03:05:59,0.100000,0.000000,0.000000,1.978600,0.001000,74.882000,48.761700,2.423200,118.159600,4,creep,Static,359
2026-06-01 03:06:00,0.088889,0.055556,-0.105820,1.702700,0.000889,74.880000,48.775000,2.407222,117.412444,4,creep,Static,360
2026-06-01 03:06:01,0.000000,0.500000,0.000000,0.000000,0.000000,74.856000,48.773900,2.675900,130.512500,4,creep,Static,361
2026-06-01 03:06:02,0.000000,0.500000,0.000000,0.000000,0.000000,74.862000,48.745000,2.890300,140.887000,4,creep,Static,362
2026-06-01 03:06:03,0.000000,0.500000,0.000000,0.000000,0.000000,74.814000,48.727900,2.964900,144.473000,4,creep,Static,363
2026-06-01 03:06:04,0.080000,0.100000,0.095238,1.617260,0.000820,74.854000,48.756200,2.827200,137.843800,4,creep,Static,364
2026-06-01 03:06:05,0.100000,0.000000,0.000000,1.978600,0.001000,74.822000,48.753400,2.540300,123.848200,4,creep,Static,365
2026-06-01 03:06:06,0.100000,0.000000,0.000000,1.978600,0.001000,74.786000,48.757000,2.457700,119.829300,4,creep,Static,366
2026-06-01 03:06:07,0.100000,0.000000,0.000000,1.978600,0.001000,74.780000,48.762800,2.365000,115.322700,4,creep,Static,367
2026-06-01 03:06:08,0.030000,0.350000,-0.095238,0.543130,0.000300,74.780000,48.765800,2.582300,125.927100,4,creep,Static,368
2026-06-01 03:06:09,0.000000,0.500000,0.000000,0.000000,0.000000,74.780000,48.734900,2.869600,139.848800,4,creep,Static,369
2026-06-01 03:06:10,0.000000,0.500000,0.000000,0.000000,0.000000,74.776000,48.722700,2.939300,143.210700,4,creep,Static,370
2026-06-01 03:06:11,0.050060,0.245000,0.095238,1.024960,0.000520,74.770000,48.733300,2.833800,138.098100,4,creep,Static,371
2026-06-01 03:06:12,0.100000,0.000000,0.000000,1.978600,0.001000,74.770000,48.745000,2.550000,124.298900,4,creep,Static,372
2026-06-01 03:06:13,0.100000,0.000000,0.000000,1.978600,0.001000,74.770000,48.779900,2.439200,118.983700,4,creep,Static,373
2026-06-01 03:06:14,0.100000,0.000000,0.000000,1.978600,0.001000,74.766000,48.749400,2.428100,118.368200,4,creep,Static,374
2026-06-01 03:06:15,0.059000,0.205000,-0.095238,1.116920,0.000590,74.760000,48.764300,2.458600,119.890800,4,creep,Static,375
2026-06-01 03:06:16,0.000000,0.500000,0.000000,0.000000,0.000000,74.760000,48.750200,2.784100,135.725600,4,creep,Static,376
2026-06-01 03:06:17,0.000000,0.500000,0.000000,0.000000,0.000000,74.760000,48.724200,2.914300,141.997200,4,creep,Static,377
2026-06-01 03:06:18,0.010000,0.450000,0.095238,0.232240,0.000120,74.754000,48.727200,2.971800,144.807500,4,creep,Static,378
2026-06-01 03:06:19,0.100000,0.000000,0.000000,1.978600,0.001000,74.750000,48.751700,2.680300,130.669300,4,creep,Static,379
2026-06-01 03:06:20,0.100000,0.000000,0.000000,1.978600,0.001000,74.750000,48.744200,2.477200,120.749500,4,creep,Static,380
2026-06-01 03:06:21,0.089000,0.000000,-0.095238,1.760950,0.000890,74.750000,48.751500,2.354600,114.787600,4,creep,Static,381
2026-06-01 03:06:22,-0.013000,0.000000,-0.111905,0.216810,0.000100,74.749000,48.809700,1.469700,71.733000,4,creep,Static,382
2026-06-01 03:06:23,-0.100000,0.000000,0.000000,1.978600,0.001000,74.740000,48.775200,1.822700,88.902300,4,creep,Static,383
2026-06-01 03:06:24,-0.100000,0.000000,0.000000,1.978600,0.001000,74.740000,48.773700,2.185700,106.604700,4,creep,Static,384
2026-06-01 03:06:25,-0.090000,0.000000,0.095238,1.780740,0.000900,74.740000,48.774200,2.243700,109.433300,4,creep,Static,385
2026-06-01 03:06:26,0.000060,0.000000,0.000571,0.001200,0.000000,74.740000,48.813000,1.404300,68.546600,4,creep,Static,386
2026-06-01 03:06:27,0.100000,0.000000,0.094667,2.012770,0.001020,74.740000,48.792500,1.695400,82.724800,4,creep,Static,387
2026-06-01 03:06:28,0.100000,0.000000,0.000000,1.978600,0.001000,74.736000,48.762900,2.102200,102.509500,4,creep,Static,388
2026-06-01 03:06:29,0.100000,0.000000,0.000000,1.978600,0.001000,74.730000,48.756500,2.304600,112.362600,4,creep,Static,389
2026-06-01 03:06:30,0.100000,0.000000,0.000000,1.978600,0.001000,74.730000,48.753700,2.364200,115.263800,4,creep,Static,390
2026-06-01 03:06:31,0.010000,0.450000,-0.095238,0.147410,0.000100,74.730000,48.757300,2.631700,128.315900,4,creep,Static,391
2026-06-01 03:06:32,0.000000,0.500000,0.000000,0.000000,0.000000,74.728000,48.724500,2.892500,140.937200,4,creep,Static,392
2026-06-01 03:06:33,0.000000,0.500000,0.000000,0.000000,0.000000,74.720000,48.727800,2.972800,144.858000,4,creep,Static,393
2026-06-01 03:06:34,0.060000,0.200000,0.095238,1.221540,0.000620,74.720000,48.739300,2.875500,140.149000,4,creep,Static,394
2026-06-01 03:06:35,0.100000,0.000000,0.000000,1.978600,0.001000,74.720000,48.736600,2.535900,123.591100,4,creep,Static,395
2026-06-01 03:06:36,0.100000,0.000000,0.000000,1.978600,0.001000,74.784000,48.758100,2.407700,117.394500,4,creep,Static,396
2026-06-01 03:06:37,0.100000,0.000000,0.000000,1.978600,0.001000,74.792000,48.775200,2.393400,116.738100,4,creep,Static,397
2026-06-01 03:06:38,0.030000,0.350000,-0.095238,0.543130,0.000300,74.742000,48.741400,2.527900,123.211900,4,creep,Static,398
2026-06-01 03:06:39,0.000000,0.500000,0.000000,0.000000,0.000000,74.782000,48.745400,2.800300,136.500200,4,creep,Static,399
2026-06-01 03:06:40,0.000000,0.500000,0.000000,0.000000,0.000000,74.790000,48.744100,2.940300,143.321400,4,creep,Static,400
2026-06-01 03:06:41,0.039667,0.277778,0.105820,0.823044,0.000422,74.772222,48.732111,2.930000,142.785111,4,creep,Static,401
2026-06-01 03:06:42,0.100000,0.000000,0.000000,1.978600,0.001000,74.772000,48.753000,2.596500,126.588100,4,creep,Static,402
2026-06-01 03:06:43,0.100000,0.000000,0.000000,1.978600,0.001000,74.780000,48.752900,2.458200,119.845000,4,creep,Static,403
2026-06-01 03:06:44,0.100000,0.000000,0.000000,1.978600,0.001000,74.780000,48.766200,2.400000,117.039100,4,creep,Static,404
2026-06-01 03:06:45,0.063636,0.181818,-0.108225,1.201773,0.000636,74.765455,48.759273,2.417273,117.863364,4,creep,Static,405
2026-06-01 03:06:46,0.000000,0.500000,0.000000,0.000000,0.000000,74.770000,48.758111,2.745444,133.860889,4,creep,Static,406
2026-06-01 03:06:47,0.000000,0.500000,0.000000,0.000000,0.000000,74.770000,48.723636,2.954545,143.955727,4,creep,Static,407
2026-06-01 03:06:48,0.008311,0.444444,0.079153,0.193011,0.000100,74.770000,48.722000,2.933556,142.928222,4,creep,Static,408
2026-06-01 03:06:49,0.100000,0.000000,0.030000,1.989430,0.001000,74.760000,48.741700,2.705100,131.850800,4,creep,Static,409
2026-06-01 03:06:50,0.100000,0.000000,0.000000,1.978600,0.001000,74.760000,48.749100,2.455900,119.722700,4,creep,Static,410
2026-06-01 03:06:51,0.100000,0.000000,0.000000,1.978600,0.001000,74.752000,48.773400,2.440000,119.006900,4,creep,Static,411
2026-06-01 03:06:52,0.100000,0.000000,0.000000,1.978600,0.001000,74.760000,48.746300,2.400500,117.014600,4,creep,Static,412
2026-06-01 03:06:53,0.000000,0.500000,-0.086580,-0.045864,0.000000,74.751818,48.753000,2.634818,128.453818,4,creep,Static,413
2026-06-01 03:06:54,0.000000,0.500000,0.000000,0.000000,0.000000,74.750000,48.743222,2.879222,140.342778,4,creep,Static,414
2026-06-01 03:06:55,0.000000,0.500000,0.000000,0.000000,0.000000,74.750000,48.715909,2.937727,143.113273,4,creep,Static,415
2026-06-01 03:06:56,0.073667,0.111111,0.105820,1.495767,0.000756,74.748889,48.751222,2.825667,137.753222,4,creep,Static,416
2026-06-01 03:06:57,0.100000,0.000000,0.000000,1.978600,0.001000,74.740000,48.737200,2.570900,125.298000,4,creep,Static,417
2026-06-01 03:06:58,0.100000,0.000000,0.000000,1.978600,0.001000,74.740000,48.747100,2.448300,119.347300,4,creep,Static,418
2026-06-01 03:06:59,0.040000,0.000000,-0.095238,0.791440,0.000400,74.740000,48.777800,2.065900,100.765800,4,creep,Static,419
2026-06-01 03:07:00,-0.060000,0.000000,-0.119048,1.144180,0.000580,74.740000,48.795200,1.419600,69.267900,4,creep,Static,420
2026-06-01 03:07:01,-0.100000,0.000000,0.000000,1.978600,0.001000,74.739000,48.765800,2.033200,99.150500,4,creep,Static,421
2026-06-01 03:07:02,-0.100000,0.000000,0.000000,1.978600,0.001000,74.730000,48.763545,2.254091,109.917091,4,creep,Static,422
2026-06-01 03:07:03,-0.047889,0.000000,0.105820,0.947533,0.000478,74.730000,48.772111,2.103000,102.562111,4,creep,Static,423
2026-06-01 03:07:04,0.041000,0.000000,0.097619,0.846464,0.000427,74.730000,48.804727,1.310364,63.951182,4,creep,Static,424
2026-06-01 03:07:05,0.100000,0.000000,0.000000,1.978600,0.001000,74.730000,48.783000,1.897667,92.571111,4,creep,Static,425
2026-06-01 03:07:06,0.100000,0.000000,0.000000,1.978600,0.001000,74.730000,48.760727,2.200636,107.304727,4,creep,Static,426
2026-06-01 03:07:07,0.100000,0.000000,0.000000,1.978600,0.001000,74.723333,48.754444,2.287889,111.544778,4,creep,Static,427
2026-06-01 03:07:08,0.070000,0.150000,-0.095238,1.334570,0.000700,74.720000,48.748900,2.397800,116.889200,4,creep,Static,428
2026-06-01 03:07:09,0.000000,0.500000,0.000000,0.000000,0.000000,74.720000,48.738091,2.744909,133.782636,4,creep,Static,429
2026-06-01 03:07:10,0.000000,0.500000,0.000000,0.000000,0.000000,74.720000,48.736111,2.919333,142.277111,4,creep,Static,430
2026-06-01 03:07:11,0.007273,0.454545,0.069264,0.168900,0.000082,74.712727,48.719091,2.973182,144.850182,4,creep,Static,431
2026-06-01 03:07:12,0.100000,0.000000,0.026455,1.988144,0.001000,74.710000,48.744667,2.698222,131.522778,4,creep,Static,432
2026-06-01 03:07:13,0.100000,0.000000,0.000000,1.978600,0.001000,74.710000,48.749000,2.494200,121.588500,4,creep,Static,433
2026-06-01 03:07:14,0.100000,0.000000,0.000000,1.978600,0.001000,74.710000,48.739000,2.432100,118.539100,4,creep,Static,434
2026-06-01 03:07:15,0.100000,0.000000,0.000000,1.978600,0.001000,74.695000,48.754000,2.409600,117.477900,4,creep,Static,435
2026-06-01 03:07:16,0.009091,0.454545,-0.086580,0.134009,0.000091,74.685455,48.730000,2.632273,128.270091,4,creep,Static,436
2026-06-01 03:07:17,0.000000,0.500000,0.000000,0.000000,0.000000,74.700000,48.728556,2.882000,140.435333,4,creep,Static,437
2026-06-01 03:07:18,0.000000,0.500000,0.000000,0.000000,0.000000,74.684545,48.728818,2.967364,144.596000,4,creep,Static,438
2026-06-01 03:07:19,0.064444,0.166667,0.105820,1.313289,0.000656,74.690000,48.722111,2.871444,139.902889,4,creep,Static,439
2026-06-01 03:07:20,0.100000,0.000000,0.000000,1.978600,0.001000,74.690000,48.732300,2.574300,125.450800,4,creep,Static,440
2026-06-01 03:07:21,0.100000,0.000000,0.000000,1.978600,0.001000,74.690000,48.751300,2.443500,119.123900,4,creep,Static,441
2026-06-01 03:07:22,0.100000,0.000000,0.000000,1.978600,0.001000,74.690000,48.740500,2.375800,115.797000,4,creep,Static,442
2026-06-01 03:07:23,0.040000,0.300000,-0.095238,0.740990,0.000400,74.633000,48.726200,2.508300,122.220500,4,creep,Static,443
2026-06-01 03:07:24,0.000000,0.500000,0.000000,0.000000,0.000000,74.665455,48.718909,2.833364,138.038545,4,creep,Static,444
2026-06-01 03:07:25,0.000000,0.500000,0.000000,0.000000,0.000000,74.617778,48.724444,2.984111,145.399667,4,creep,Static,445
2026-06-01 03:07:26,0.039960,0.300000,0.095238,0.825030,0.000420,74.654000,48.732100,2.911000,141.861000,4,creep,Static,446
2026-06-01 03:07:27,0.100000,0.000000,0.000000,1.978600,0.001000,74.662000,48.741200,2.608700,127.151200,4,creep,Static,447
2026-06-01 03:07:28,0.100000,0.000000,0.000000,1.978600,0.001000,74.590000,48.752900,2.437500,118.835200,4,creep,Static,448
2026-06-01 03:07:29,0.100000,0.000000,0.000000,1.978600,0.001000,74.590000,48.740800,2.440800,118.966900,4,creep,Static,449
2026-06-01 03:07:30,0.060000,0.200000,-0.119048,1.124090,0.000600,74.585000,48.745300,2.491700,121.457200,4,creep,Static,450
2026-06-01 03:07:31,0.000000,0.500000,0.000000,0.000000,0.000000,74.580000,48.710800,2.762500,134.563000,4,creep,Static,451
2026-06-01 03:07:32,0.000000,0.500000,0.000000,0.000000,0.000000,74.580000,48.716000,2.904000,141.470000,4,creep,Static,452
2026-06-01 03:07:33,0.010000,0.450000,0.095238,0.232240,0.000120,74.580000,48.710700,2.948200,143.608300,4,creep,Static,453
2026-06-01 03:07:34,0.100000,0.000000,0.000000,1.978600,0.001000,74.572000,48.727200,2.636300,128.457700,4,creep,Static,454
2026-06-01 03:07:35,0.100000,0.000000,0.000000,1.978600,0.001000,74.570000,48.749700,2.471400,120.479000,4,creep,Static,455
2026-06-01 03:07:36,0.090000,0.000000,-0.119048,1.780740,0.000900,74.570000,48.754400,2.370000,115.548100,4,creep,Static,456
2026-06-01 03:07:37,0.000000,0.000000,0.000000,0.000000,0.000000,74.570000,48.788600,1.416100,69.083800,4,creep,Static,457
2026-06-01 03:07:38,-0.100000,0.000000,-0.095238,1.944220,0.000980,74.570000,48.775400,1.726600,84.213400,4,creep,Static,458
2026-06-01 03:07:39,-0.100000,0.000000,0.000000,1.978600,0.001000,74.563000,48.745600,2.122500,103.461700,4,creep,Static,459
2026-06-01 03:07:40,-0.100000,0.000000,0.000000,1.978600,0.001000,74.560000,48.750900,2.281500,111.224300,4,creep,Static,460
2026-06-01 03:07:41,-0.010000,0.000000,0.119048,0.197860,0.000100,74.560000,48.785600,1.579900,77.077100,4,creep,Static,461
2026-06-01 03:07:42,0.080000,0.000000,0.095238,1.617260,0.000820,74.560000,48.790300,1.519100,74.112900,4,creep,Static,462
2026-06-01 03:07:43,0.100000,0.000000,0.000000,1.978600,0.001000,74.560000,48.738000,2.072500,101.008700,4,creep,Static,463
2026-06-01 03:07:44,0.100000,0.000000,0.000000,1.978600,0.001000,74.557000,48.747900,2.280300,111.158800,4,creep,Static,464
2026-06-01 03:07:45,0.100000,0.000000,0.000000,1.978600,0.001000,74.550000,48.737900,2.366700,115.348600,4,creep,Static,465
2026-06-01 03:07:46,0.030000,0.350000,-0.095238,0.543130,0.000300,74.550000,48.739800,2.556500,124.605300,4,creep,Static,466
2026-06-01 03:07:47,0.000000,0.500000,0.000000,0.000000,0.000000,74.550000,48.710900,2.859200,139.274500,4,creep,Static,467
2026-06-01 03:07:48,0.000000,0.500000,0.000000,0.000000,0.000000,74.547000,48.709000,2.940000,143.203300,4,creep,Static,468
2026-06-01 03:07:49,0.050060,0.245000,0.118905,1.033240,0.000520,74.540000,48.709900,2.872000,139.892300,4,creep,Static,469
2026-06-01 03:07:50,0.100000,0.000000,0.000000,1.978600,0.001000,74.540000,48.736300,2.571500,125.324500,4,creep,Static,470
2026-06-01 03:07:51,0.100000,0.000000,0.000000,1.978600,0.001000,74.540000,48.736000,2.431300,118.491000,4,creep,Static,471
2026-06-01 03:07:52,0.100000,0.000000,0.000000,1.978600,0.001000,74.537000,48.737000,2.422100,118.045600,4,creep,Static,472
2026-06-01 03:07:53,0.050000,0.250000,-0.095238,0.938850,0.000500,74.530000,48.724800,2.504100,122.010300,4,creep,Static,473
2026-06-01 03:07:54,0.000000,0.500000,0.000000,0.000000,0.000000,74.530000,48.704900,2.803700,136.554100,4,creep,Static,474
2026-06-01 03:07:55,0.000000,0.500000,0.000000,0.000000,0.000000,74.530000,48.706200,2.947900,143.581400,4,creep,Static,475
2026-06-01 03:07:56,0.020000,0.400000,0.095238,0.430100,0.000220,74.525000,48.708700,2.928600,142.648000,4,creep,Static,476
2026-06-01 03:07:57,0.100000,0.000000,0.000000,1.978600,0.001000,74.520000,48.740700,2.621000,127.748800,4,creep,Static,477
2026-06-01 03:07:58,0.100000,0.000000,0.000000,1.978600,0.001000,74.520000,48.721600,2.474600,120.566000,4,creep,Static,478
2026-06-01 03:07:59,0.100000,0.000000,0.000000,1.978600,0.001000,74.520000,48.742600,2.429700,118.429800,4,creep,Static,479
2026-06-01 03:08:00,0.084000,0.080000,-0.104762,1.606520,0.000820,74.516000,48.735700,2.385000,116.234700,4,creep,Static,480
2026-06-01 03:08:01,0.000000,0.500000,0.000000,0.000000,0.000000,74.526000,48.744300,2.714500,132.316900,4,creep,Static,481
2026-06-01 03:08:02,0.000000,0.500000,0.000000,0.000000,0.000000,74.542000,48.707800,2.899100,141.208700,4,creep,Static,482
2026-06-01 03:08:03,0.000000,0.500000,0.000000,0.000000,0.000000,74.545556,48.723000,2.946000,143.537111,4,creep,Static,483
2026-06-01 03:08:04,0.084818,0.045455,0.086580,1.708427,0.000864,74.588182,48.730727,2.738636,133.454091,4,creep,Static,484
2026-06-01 03:08:05,0.100000,0.000000,0.000000,1.978600,0.001000,74.580000,48.722889,2.507222,122.157889,4,creep,Static,485
2026-06-01 03:08:06,0.100000,0.000000,0.000000,1.978600,0.001000,74.572000,48.731500,2.434900,118.655600,4,creep,Static,486
2026-06-01 03:08:07,0.100000,0.000000,0.000000,1.978600,0.001000,74.580000,48.744545,2.355000,114.792545,4,creep,Static,487
2026-06-01 03:08:08,0.000000,0.500000,-0.119048,-0.063070,0.000000,74.580000,48.752500,2.640800,128.746000,4,creep,Static,488
2026-06-01 03:08:09,0.000000,0.500000,0.000000,0.000000,0.000000,74.571111,48.711111,2.869333,139.768000,4,creep,Static,489
2026-06-01 03:08:10,0.000000,0.500000,0.000000,0.000000,0.000000,74.570000,48.708100,2.966500,144.491700,4,creep,Static,490
2026-06-01 03:08:11,0.057480,0.200000,0.101238,1.173840,0.000590,74.570000,48.722000,2.882300,140.432400,4,creep,Static,491
2026-06-01 03:08:12,0.100000,0.000000,0.000000,1.978600,0.001000,74.568000,48.735200,2.585700,126.013500,4,creep,Static,492
2026-06-01 03:08:13,0.100000,0.000000,0.000000,1.978600,0.001000,74.560000,48.742100,2.475900,120.680200,4,creep,Static,493
2026-06-01 03:08:14,0.040000,0.000000,-0.119048,0.791440,0.000400,74.560000,48.759300,2.041800,99.559000,4,creep,Static,494
2026-06-01 03:08:15,-0.054545,0.000000,-0.086580,1.047982,0.000527,74.560000,48.788091,1.377455,67.201545,4,creep,Static,495
2026-06-01 03:08:16,-0.100000,0.000000,0.000000,1.978600,0.001000,74.560000,48.752333,1.929222,94.052667,4,creep,Static,496
2026-06-01 03:08:17,-0.100000,0.000000,0.000000,1.978600,0.001000,74.560000,48.741500,2.217300,108.073500,4,creep,Static,497
2026-06-01 03:08:18,-0.052000,0.000000,0.100000,1.028870,0.000520,74.551000,48.746800,2.063000,100.561000,4,creep,Static,498
2026-06-01 03:08:19,0.045100,0.000000,0.095238,0.926720,0.000470,74.550000,48.787700,1.371900,66.931000,4,creep,Static,499
2026-06-01 03:08:20,0.100000,0.000000,0.000000,1.978600,0.001000,74.550000,48.749300,1.966500,95.867000,4,creep,Static,500
2026-06-01 03:08:21,0.100000,0.000000,0.000000,1.978600,0.001000,74.550000,48.750700,2.213500,107.909900,4,creep,Static,501
2026-06-01 03:08:22,0.100000,0.000000,0.000000,1.978600,0.001000,74.550000,48.738091,2.322545,113.195636,4,creep,Static,502
2026-06-01 03:08:23,0.055556,0.222222,-0.132275,1.029144,0.000556,74.544444,48.742111,2.439778,118.920444,4,creep,Static,503
2026-06-01 03:08:24,0.000000,0.500000,0.000000,0.000000,0.000000,74.540000,48.723300,2.740000,133.499700,4,creep,Static,504
2026-06-01 03:08:25,0.000000,0.500000,0.000000,0.000000,0.000000,74.540000,48.733182,2.915636,142.088364,4,creep,Static,505
2026-06-01 03:08:26,0.008889,0.444444,0.084656,0.206433,0.000100,74.540000,48.706444,2.961556,144.247111,4,creep,Static,506
2026-06-01 03:08:27,0.100000,0.000000,0.023810,1.987190,0.001000,74.531000,48.723500,2.706100,131.849300,4,creep,Static,507
2026-06-01 03:08:28,0.100000,0.000000,0.000000,1.978600,0.001000,74.530000,48.736636,2.490364,121.371636,4,creep,Static,508
2026-06-01 03:08:29,0.100000,0.000000,0.000000,1.978600,0.001000,74.530000,48.735444,2.396556,116.797000,4,creep,Static,509
2026-06-01 03:08:30,0.100000,0.000000,0.000000,1.978600,0.001000,74.530000,48.726600,2.373400,115.647900,4,creep,Static,510
2026-06-01 03:08:31,0.000000,0.500000,-0.086580,-0.045864,0.000000,74.523636,48.719182,2.668091,129.987636,4,creep,Static,511
2026-06-01 03:08:32,0.000000,0.500000,0.000000,0.000000,0.000000,74.520000,48.708556,2.898556,141.183556,4,creep,Static,512
2026-06-01 03:08:33,0.000000,0.500000,0.000000,0.000000,0.000000,74.520000,48.704364,2.953727,143.859182,4,creep,Static,513
2026-06-01 03:08:34,0.084778,0.055556,0.105820,1.715611,0.000867,74.520000,48.709000,2.792889,136.038333,4,creep,Static,514
2026-06-01 03:08:35,0.100000,0.000000,0.000000,1.978600,0.001000,74.510000,48.737000,2.499100,121.798600,4,creep,Static,515
2026-06-01 03:08:36,0.100000,0.000000,0.000000,1.978600,0.001000,74.502000,48.739000,2.412700,117.592500,4,creep,Static,516
2026-06-01 03:08:37,0.100000,0.000000,0.000000,1.978600,0.001000,74.510000,48.732700,2.408700,117.382400,4,creep,Static,517
2026-06-01 03:08:38,0.030000,0.350000,-0.119048,0.530510,0.000300,74.510000,48.723600,2.546500,124.073600,4,creep,Static,518
2026-06-01 03:08:39,0.000000,0.500000,0.000000,0.000000,0.000000,74.502000,48.723200,2.832300,137.998000,4,creep,Static,519
2026-06-01 03:08:40,0.000000,0.500000,0.000000,0.000000,0.000000,74.500000,48.713455,2.947273,143.571818,4,creep,Static,520
2026-06-01 03:08:41,0.057480,0.200000,0.095238,1.170650,0.000590,74.500000,48.702100,2.870700,139.807100,4,creep,Static,521
2026-06-01 03:08:42,0.100000,0.000000,0.000000,1.978600,0.001000,74.498000,48.733900,2.519800,122.799100,4,creep,Static,522
2026-06-01 03:08:43,0.100000,0.000000,0.000000,1.978600,0.001000,74.490000,48.724000,2.498700,121.745900,4,creep,Static,523
2026-06-01 03:08:44,0.100000,0.000000,0.000000,1.978600,0.001000,74.490000,48.735700,2.393900,116.668200,4,creep,Static,524
2026-06-01 03:08:45,0.055556,0.222222,-0.105820,1.043167,0.000556,74.490000,48.730000,2.467556,120.243556,4,creep,Static,525
2026-06-01 03:08:46,0.000000,0.500000,0.000000,0.000000,0.000000,74.490000,48.697455,2.753364,134.080727,4,creep,Static,526
2026-06-01 03:08:47,0.000000,0.500000,0.000000,0.000000,0.000000,74.480000,48.720222,2.933333,142.913111,4,creep,Static,527
2026-06-01 03:08:48,0.014273,0.409091,0.086580,0.312936,0.000164,74.480000,48.703455,2.954909,143.914455,4,creep,Static,528
2026-06-01 03:08:49,0.100000,0.000000,0.000000,1.978600,0.001000,74.480000,48.733900,2.646400,128.969400,4,creep,Static,529
2026-06-01 03:08:50,0.100000,0.000000,0.000000,1.978600,0.001000,74.477000,48.723700,2.491800,121.409500,4,creep,Static,530
2026-06-01 03:08:51,0.090000,0.000000,-0.095238,1.780740,0.000900,74.470000,48.743700,2.372500,115.644200,4,creep,Static,531
2026-06-01 03:08:52,0.000000,0.000000,0.000000,0.000000,0.000000,74.470000,48.776500,1.510200,73.656800,4,creep,Static,532
2026-06-01 03:08:53,-0.100000,0.000000,-0.095238,1.944220,0.000980,74.470000,48.766600,1.614000,78.708000,4,creep,Static,533
2026-06-01 03:08:54,-0.100000,0.000000,0.000000,1.978600,0.001000,74.470000,48.764000,2.078300,101.346000,4,creep,Static,534
2026-06-01 03:08:55,-0.100000,0.000000,0.000000,1.978600,0.001000,74.470000,48.725500,2.300500,112.093700,4,creep,Static,535
2026-06-01 03:08:56,-0.003100,0.000000,0.095238,0.061340,0.000030,74.461000,48.778600,1.583100,77.213100,4,creep,Static,536
2026-06-01 03:08:57,0.098000,0.000000,0.100000,1.975120,0.000990,74.460000,48.771400,1.637600,79.864700,4,creep,Static,537
2026-06-01 03:08:58,0.100000,0.000000,0.000000,1.978600,0.001000,74.460000,48.744400,2.089900,101.870800,4,creep,Static,538
2026-06-01 03:08:59,0.100000,0.000000,0.000000,1.978600,0.001000,74.460000,48.740000,2.312800,112.725800,4,creep,Static,539
2026-06-01 03:09:00,0.100000,0.000000,0.000000,1.978600,0.001000,74.460000,48.746800,2.345200,114.319900,4,creep,Static,540
2026-06-01 03:09:01,0.011111,0.444444,-0.105820,0.163789,0.000111,74.454444,48.735222,2.561667,124.842111,4,creep,Static,541
2026-06-01 03:09:02,0.000000,0.500000,0.000000,0.000000,0.000000,74.450000,48.709091,2.841182,138.390909,4,creep,Static,542
2026-06-01 03:09:03,0.000000,0.500000,0.000000,0.000000,0.000000,74.450000,48.710444,2.924000,142.430222,4,creep,Static,543
2026-06-01 03:09:04,0.051182,0.227273,0.086580,1.043145,0.000527,74.450000,48.706727,2.889273,140.724818,4,creep,Static,544
2026-06-01 03:09:05,0.100000,0.000000,0.000000,1.978600,0.001000,74.440000,48.732500,2.567500,125.120200,4,creep,Static,545
2026-06-01 03:09:06,0.100000,0.000000,0.000000,1.978600,0.001000,74.432000,48.706500,2.426700,118.196100,4,creep,Static,546
2026-06-01 03:09:07,0.100000,0.000000,0.000000,1.978600,0.001000,74.440000,48.737800,2.420100,117.950300,4,creep,Static,547
2026-06-01 03:09:08,0.050000,0.250000,-0.119048,0.926230,0.000500,74.440000,48.701400,2.459800,119.796600,4,creep,Static,548
2026-06-01 03:09:09,0.000000,0.500000,0.000000,0.000000,0.000000,74.424444,48.696333,2.794444,136.078889,4,creep,Static,549
2026-06-01 03:09:10,0.000000,0.500000,0.000000,0.000000,0.000000,74.430000,48.707100,2.904700,141.479800,4,creep,Static,550
2026-06-01 03:09:11,0.013727,0.409091,0.097619,0.306045,0.000155,74.430000,48.716727,2.989636,145.645182,4,creep,Static,551
2026-06-01 03:09:12,0.100000,0.000000,0.000000,1.978600,0.001000,74.429000,48.712600,2.632500,128.236600,4,creep,Static,552
2026-06-01 03:09:13,0.100000,0.000000,0.000000,1.978600,0.001000,74.420000,48.723600,2.503600,121.984400,4,creep,Static,553
2026-06-01 03:09:14,0.100000,0.000000,0.000000,1.978600,0.001000,74.420000,48.726800,2.426800,118.250200,4,creep,Static,554
2026-06-01 03:09:15,0.100000,0.000000,0.000000,1.978600,0.001000,74.420000,48.757333,2.378444,115.966111,4,creep,Static,555
2026-06-01 03:09:16,0.000000,0.500000,-0.095238,-0.050450,0.000000,74.385000,48.706700,2.660300,129.574100,4,creep,Static,556
2026-06-01 03:09:17,0.000000,0.500000,0.000000,0.000000,0.000000,74.362000,48.693000,2.889100,140.679500,4,creep,Static,557
2026-06-01 03:09:18,0.000000,0.500000,0.000000,0.000000,0.000000,74.354000,48.686900,2.966900,144.449500,4,creep,Static,558
2026-06-01 03:09:19,0.069480,0.150000,0.095238,1.409110,0.000710,74.410000,48.704000,2.815900,137.146300,4,creep,Static,559
2026-06-01 03:09:20,0.100000,0.000000,0.000000,1.978600,0.001000,74.409000,48.729800,2.530100,123.291900,4,creep,Static,560
2026-06-01 03:09:21,0.100000,0.000000,0.000000,1.978600,0.001000,74.400000,48.698600,2.434100,118.537200,4,creep,Static,561
2026-06-01 03:09:22,0.100000,0.000000,0.000000,1.978600,0.001000,74.400000,48.712400,2.383600,116.111800,4,creep,Static,562
2026-06-01 03:09:23,0.040000,0.300000,-0.095238,0.740990,0.000400,74.400000,48.721500,2.472400,120.458400,4,creep,Static,563
2026-06-01 03:09:24,0.000000,0.500000,0.000000,0.000000,0.000000,74.331000,48.721200,2.824700,137.620800,4,creep,Static,564
2026-06-01 03:09:25,0.000000,0.500000,0.000000,0.000000,0.000000,74.375000,48.715200,2.929800,142.726000,4,creep,Static,565
2026-06-01 03:09:26,0.028860,0.350000,0.095238,0.605400,0.000300,74.342000,48.691800,2.918600,142.110600,4,creep,Static,566
2026-06-01 03:09:27,0.100000,0.000000,0.000000,1.978600,0.001000,74.390000,48.702500,2.627300,127.955800,4,creep,Static,567
2026-06-01 03:09:28,0.100000,0.000000,0.000000,1.978600,0.001000,74.389000,48.724200,2.443400,119.053000,4,creep,Static,568
2026-06-01 03:09:29,0.070000,0.000000,-0.095238,1.385020,0.000700,74.380000,48.719100,2.310700,112.569200,4,creep,Static,569
2026-06-01 03:09:30,-0.020000,0.000000,-0.119048,0.352740,0.000180,74.380000,48.773800,1.373900,67.008000,4,creep,Static,570
2026-06-01 03:09:31,-0.100000,0.000000,0.000000,1.978600,0.001000,74.380000,48.740700,1.787200,87.108700,4,creep,Static,571
2026-06-01 03:09:32,-0.100000,0.000000,0.000000,1.978600,0.001000,74.380000,48.746700,2.137700,104.205000,4,creep,Static,572
2026-06-01 03:09:33,-0.090800,0.000000,0.087619,1.796570,0.000910,74.380000,48.745100,2.287300,111.494300,4,creep,Static,573
2026-06-01 03:09:34,0.000000,0.000000,0.007619,0.000000,0.000000,74.373000,48.768300,1.496900,72.996800,4,creep,Static,574
2026-06-01 03:09:35,0.098460,0.000000,0.115381,1.989780,0.001000,74.370000,48.764500,1.609400,78.482400,4,creep,Static,575
2026-06-01 03:09:36,0.100000,0.000000,0.000000,1.978600,0.001000,74.370000,48.726100,2.115200,103.065800,4,creep,Static,576
2026-06-01 03:09:37,0.100000,0.000000,0.000000,1.978600,0.001000,74.370000,48.724900,2.255500,109.898800,4,creep,Static,577
2026-06-01 03:09:38,0.100000,0.000000,0.000000,1.978600,0.001000,74.361000,48.704400,2.344000,114.162400,4,creep,Static,578
2026-06-01 03:09:39,0.010000,0.450000,-0.095238,0.147410,0.000100,74.324000,48.712800,2.603000,126.798900,4,creep,Static,579
2026-06-01 03:09:40,0.000000,0.500000,0.000000,0.000000,0.000000,74.280000,48.704000,2.844200,138.524100,4,creep,Static,580
2026-06-01 03:09:41,0.000000,0.500000,0.000000,0.000000,0.000000,74.280000,48.678200,2.950900,143.643700,4,creep,Static,581
2026-06-01 03:09:42,0.060000,0.200000,0.095238,1.221540,0.000620,74.276000,48.692100,2.830000,137.795500,4,creep,Static,582
2026-06-01 03:09:43,0.100000,0.000000,0.000000,1.978600,0.001000,74.270000,48.700800,2.526900,123.062900,4,creep,Static,583
2026-06-01 03:09:44,0.100000,0.000000,0.000000,1.978600,0.001000,74.278000,48.727500,2.443900,119.086200,4,creep,Static,584
2026-06-01 03:09:45,0.100000,0.000000,0.000000,1.978600,0.001000,74.350000,48.712100,2.398200,116.821300,4,creep,Static,585
2026-06-01 03:09:46,0.045000,0.275000,-0.107143,0.833610,0.000430,74.316000,48.711800,2.498200,121.690100,4,creep,Static,586
2026-06-01 03:09:47,0.000000,0.500000,0.000000,0.000000,0.000000,74.292000,48.694500,2.815200,137.084100,4,creep,Static,587
2026-06-01 03:09:48,0.000000,0.500000,0.000000,0.000000,0.000000,74.292000,48.697700,2.927700,142.571900,4,creep,Static,588
2026-06-01 03:09:49,0.032700,0.305000,0.112619,0.684500,0.000340,74.332000,48.693500,2.930600,142.701200,4,creep,Static,589
2026-06-01 03:09:50,0.100000,0.000000,0.000000,1.978600,0.001000,74.340000,48.691000,2.598300,126.513300,4,creep,Static,590
2026-06-01 03:09:51,0.100000,0.000000,0.000000,1.978600,0.001000,74.330000,48.708500,2.473100,120.460600,4,creep,Static,591
2026-06-01 03:09:52,0.100000,0.000000,0.000000,1.978600,0.001000,74.322000,48.705900,2.392000,116.504300,4,creep,Static,592
2026-06-01 03:09:53,0.072000,0.140000,-0.095238,1.374140,0.000700,74.330000,48.713100,2.417000,117.738900,4,creep,Static,593
2026-06-01 03:09:54,0.000000,0.500000,0.000000,0.000000,0.000000,74.255000,48.707600,2.731500,133.044100,4,creep,Static,594
2026-06-01 03:09:55,0.000000,0.500000,0.000000,0.000000,0.000000,74.312000,48.696100,2.904900,141.457200,4,creep,Static,595
2026-06-01 03:09:56,0.000900,0.475000,0.010714,0.021290,0.000010,74.272000,48.687300,2.961300,144.177200,4,creep,Static,596
2026-06-01 03:09:57,0.100000,0.000000,0.086667,2.009880,0.001010,74.312000,48.716900,2.703500,131.704900,4,creep,Static,597
2026-06-01 03:09:58,0.100000,0.000000,0.000000,1.978600,0.001000,74.319000,48.710500,2.497200,121.639900,4,creep,Static,598
2026-06-01 03:09:59,0.100000,0.000000,0.000000,1.978600,0.001000,74.310000,48.729900,2.434900,118.652400,4,creep,Static,599
2026-06-01 03:10:00,0.100000,0.000000,0.000000,1.978600,0.001000,74.310000,48.702100,2.369700,115.409700,4,creep,Static,600
2026-06-01 03:10:01,0.000000,0.500000,-0.095238,-0.050450,0.000000,74.278000,48.692100,2.628200,127.971800,4,creep,Static,601
2026-06-01 03:10:02,0.000000,0.500000,0.000000,0.000000,0.000000,74.253000,48.698700,2.882900,140.394200,4,creep,Static,602
2026-06-01 03:10:03,0.000000,0.500000,0.000000,0.000000,0.000000,74.252000,48.690200,2.971900,144.702400,4,creep,Static,603
2026-06-01 03:10:04,0.062700,0.155000,0.112619,1.278640,0.000640,74.284000,48.695700,2.866000,139.560600,4,creep,Static,604
2026-06-01 03:10:05,0.100000,0.000000,0.000000,1.978600,0.001000,74.300000,48.717700,2.539800,123.733300,4,creep,Static,605
2026-06-01 03:10:06,0.100000,0.000000,0.000000,1.978600,0.001000,74.298000,48.699200,2.446800,119.157500,4,creep,Static,606
2026-06-01 03:10:07,0.044000,0.000000,-0.109524,0.870580,0.000440,74.282000,48.719500,2.076000,101.137300,4,creep,Static,607
2026-06-01 03:10:08,-0.050000,0.000000,-0.095238,0.954920,0.000480,74.290000,48.785200,1.334800,65.116700,4,creep,Static,608
2026-06-01 03:10:09,-0.100000,0.000000,0.000000,1.978600,0.001000,74.290000,48.736100,1.911500,93.157000,4,creep,Static,609
2026-06-01 03:10:10,-0.100000,0.000000,0.000000,1.978600,0.001000,74.282000,48.721000,2.185800,106.495200,4,creep,Static,610
2026-06-01 03:10:11,-0.068740,0.000000,0.098238,1.360300,0.000690,74.290000,48.743200,2.139900,104.304800,4,creep,Static,611
2026-06-01 03:10:12,0.023300,0.000000,0.111190,0.500010,0.000250,74.278000,48.766900,1.303900,63.585100,4,creep,Static,612
2026-06-01 03:10:13,0.100000,0.000000,0.000000,1.978600,0.001000,74.280000,48.746800,1.812900,88.372100,4,creep,Static,613
2026-06-01 03:10:14,0.100000,0.000000,0.000000,1.978600,0.001000,74.280000,48.726500,2.156100,105.059500,4,creep,Static,614
2026-06-01 03:10:15,0.100000,0.000000,0.000000,1.978600,0.001000,74.280000,48.731556,2.281000,111.156889,4,creep,Static,615
2026-06-01 03:10:16,0.080000,0.100000,-0.095238,1.532430,0.000800,74.280000,48.705300,2.387400,116.278200,4,creep,Static,616
2026-06-01 03:10:17,0.000000,0.500000,0.000000,0.000000,0.000000,74.275455,48.704727,2.739364,133.419818,4,creep,Static,617
2026-06-01 03:10:18,0.000000,0.500000,0.000000,0.000000,0.000000,74.261111,48.687556,2.926111,142.464667,4,creep,Static,618
2026-06-01 03:10:19,0.000000,0.500000,0.000000,0.000000,0.000000,74.270000,48.694600,2.942800,143.298300,4,creep,Static,619
2026-06-01 03:10:20,0.086900,0.050000,0.111667,1.759720,0.000880,74.261000,48.684900,2.762900,134.509700,4,creep,Static,620
2026-06-01 03:10:21,0.100000,0.000000,0.000000,1.978600,0.001000,74.223000,48.694600,2.511000,122.272400,4,creep,Static,621
2026-06-01 03:10:22,0.100000,0.000000,0.000000,1.978600,0.001000,74.244000,48.723600,2.401200,116.994800,4,creep,Static,622
2026-06-01 03:10:23,0.100000,0.000000,0.000000,1.978600,0.001000,74.220000,48.703300,2.396700,116.726600,4,creep,Static,623
2026-06-01 03:10:24,0.010000,0.450000,-0.095238,0.147410,0.000100,74.203000,48.689900,2.640700,128.570600,4,creep,Static,624
2026-06-01 03:10:25,0.000000,0.500000,0.000000,0.000000,0.000000,74.246000,48.695300,2.845400,138.557000,4,creep,Static,625
2026-06-01 03:10:26,0.000000,0.500000,0.000000,0.000000,0.000000,74.202000,48.695800,2.929800,142.669000,4,creep,Static,626
2026-06-01 03:10:27,0.068860,0.150000,0.095238,1.396840,0.000700,74.250000,48.688700,2.843500,138.445600,4,creep,Static,627
2026-06-01 03:10:28,0.100000,0.000000,0.000000,1.978600,0.001000,74.250000,48.694700,2.512700,122.354800,4,creep,Static,628
2026-06-01 03:10:29,0.100000,0.000000,0.000000,1.978600,0.001000,74.242000,48.708800,2.388400,116.336100,4,creep,Static,629
2026-06-01 03:10:30,0.100000,0.000000,0.000000,1.978600,0.001000,74.240000,48.694700,2.397100,116.726400,4,creep,Static,630
2026-06-01 03:10:31,0.040000,0.300000,-0.119048,0.728370,0.000400,74.208000,48.699700,2.512700,122.366400,4,creep,Static,631
2026-06-01 03:10:32,0.000000,0.500000,0.000000,0.000000,0.000000,74.210909,48.681909,2.821273,137.344818,4,creep,Static,632
2026-06-01 03:10:33,0.000000,0.500000,0.000000,0.000000,0.000000,74.196667,48.670333,2.966333,144.372667,4,creep,Static,633
2026-06-01 03:10:34,0.036236,0.318182,0.086883,0.748336,0.000373,74.215455,48.685909,2.917000,142.015545,4,creep,Static,634
2026-06-01 03:10:35,0.100000,0.000000,0.000000,1.978600,0.001000,74.230000,48.674444,2.600556,126.579778,4,creep,Static,635
2026-06-01 03:10:36,0.100000,0.000000,0.000000,1.978600,0.001000,74.230000,48.688100,2.475300,120.517800,4,creep,Static,636
2026-06-01 03:10:37,0.100000,0.000000,0.000000,1.978600,0.001000,74.221000,48.719700,2.413100,117.565700,4,creep,Static,637
2026-06-01 03:10:38,0.080000,0.100000,-0.095238,1.532430,0.000800,74.220000,48.713900,2.424900,118.125300,4,creep,Static,638
2026-06-01 03:10:39,0.000000,0.500000,0.000000,0.000000,0.000000,74.156000,48.681400,2.723500,132.581500,4,creep,Static,639
2026-06-01 03:10:40,0.000000,0.500000,0.000000,0.000000,0.000000,74.212000,48.680600,2.885100,140.448300,4,creep,Static,640
2026-06-01 03:10:41,0.000000,0.500000,0.000000,0.000000,0.000000,74.146000,48.682000,2.927900,142.536100,4,creep,Static,641
2026-06-01 03:10:42,0.098860,0.000000,0.095238,1.990420,0.001000,74.210000,48.698900,2.720500,132.483900,4,creep,Static,642
2026-06-01 03:10:43,0.100000,0.000000,0.000000,1.978600,0.001000,74.162000,48.694700,2.481200,120.820800,4,creep,Static,643
2026-06-01 03:10:44,0.100000,0.000000,0.000000,1.978600,0.001000,74.210000,48.723700,2.395700,116.726400,4,creep,Static,644
2026-06-01 03:10:45,0.000000,0.000000,-0.095238,0.000000,0.000000,74.120000,48.741500,1.477400,72.010200,4,creep,Static,645
2026-06-01 03:10:46,-0.090000,0.000000,-0.119048,1.737760,0.000880,74.144000,48.731000,1.610200,78.462800,4,creep,Static,646
2026-06-01 03:10:47,-0.100000,0.000000,0.000000,1.978600,0.001000,74.152000,48.701300,2.115000,103.001500,4,creep,Static,647
2026-06-01 03:10:48,-0.100000,0.000000,0.000000,1.978600,0.001000,74.176000,48.713400,2.277500,110.945600,4,creep,Static,648
2026-06-01 03:10:49,-0.010800,0.000000,0.117143,0.213690,0.000110,74.160000,48.742400,1.648600,80.350300,4,creep,Static,649
2026-06-01 03:10:50,0.089700,0.000000,0.095238,1.809180,0.000910,74.174000,48.744700,1.574600,76.746300,4,creep,Static,650
2026-06-01 03:10:51,0.100000,0.000000,0.000000,1.978600,0.001000,74.183000,48.721700,2.083200,101.496200,4,creep,Static,651
2026-06-01 03:10:52,0.100000,0.000000,0.000000,1.978600,0.001000,74.118000,48.714200,2.295600,111.827900,4,creep,Static,652
2026-06-01 03:10:53,0.100000,0.000000,0.000000,1.978600,0.001000,74.166000,48.705200,2.333400,113.648200,4,creep,Static,653
2026-06-01 03:10:54,0.020000,0.400000,-0.095238,0.345270,0.000200,74.158000,48.694600,2.565000,124.900500,4,creep,Static,654
2026-06-01 03:10:55,0.000000,0.500000,0.000000,0.000000,0.000000,74.124000,48.694000,2.827100,137.663600,4,creep,Static,655
2026-06-01 03:10:56,0.000000,0.500000,0.000000,0.000000,0.000000,74.156000,48.687300,2.950400,143.646200,4,creep,Static,656
2026-06-01 03:10:57,0.060000,0.200000,0.095238,1.221540,0.000620,74.108000,48.679700,2.814200,136.994000,4,creep,Static,657
2026-06-01 03:10:58,0.100000,0.000000,0.000000,1.978600,0.001000,74.097000,48.696500,2.547200,124.039600,4,creep,Static,658
2026-06-01 03:10:59,0.100000,0.000000,0.000000,1.978600,0.001000,74.090000,48.683600,2.462300,119.874300,4,creep,Static,659
2026-06-01 03:11:00,0.100000,0.000000,0.000000,1.978600,0.001000,74.090000,48.704000,2.459500,119.787200,4,creep,Static,660
2026-06-01 03:11:01,0.050000,0.250000,-0.095238,0.938850,0.000500,74.106000,48.690200,2.472900,120.405200,4,creep,Static,661
2026-06-01 03:11:02,0.000000,0.500000,0.000000,0.000000,0.000000,74.113000,48.675200,2.789400,135.772700,4,creep,Static,662
2026-06-01 03:11:03,0.000000,0.500000,0.000000,0.000000,0.000000,74.137000,48.690900,2.934700,142.893500,4,creep,Static,663
2026-06-01 03:11:04,0.019700,0.400000,0.095238,0.424160,0.000210,74.096000,48.661300,2.929500,142.552900,4,creep,Static,664
2026-06-01 03:11:05,0.100000,0.000000,0.000000,1.978600,0.001000,74.080000,48.681400,2.624400,127.760200,4,creep,Static,665
2026-06-01 03:11:06,0.100000,0.000000,0.000000,1.978600,0.001000,74.076000,48.693500,2.483800,120.945200,4,creep,Static,666
2026-06-01 03:11:07,0.100000,0.000000,0.000000,1.978600,0.001000,74.070000,48.695500,2.415200,117.608300,4,creep,Static,667
2026-06-01 03:11:08,0.090000,0.050000,-0.095238,1.730290,0.000900,74.070000,48.711900,2.406600,117.229900,4,creep,Static,668
2026-06-01 03:11:09,0.000000,0.500000,0.000000,0.000000,0.000000,74.126000,48.677000,2.697800,131.320300,4,creep,Static,669
2026-06-01 03:11:10,0.000000,0.500000,0.000000,0.000000,0.000000,74.085000,48.658300,2.901000,141.158300,4,creep,Static,670
2026-06-01 03:11:11,0.000000,0.500000,0.000000,0.000000,0.000000,74.119000,48.675800,2.938600,143.038600,4,creep,Static,671
2026-06-01 03:11:12,0.079200,0.100000,0.117143,1.609340,0.000810,74.060000,48.655100,2.775900,135.061800,4,creep,Static,672
2026-06-01 03:11:13,0.100000,0.000000,0.000000,1.978600,0.001000,74.060000,48.688800,2.500700,121.755500,4,creep,Static,673
2026-06-01 03:11:14,0.100000,0.000000,0.000000,1.978600,0.001000,74.055000,48.680100,2.397200,116.695700,4,creep,Static,674
2026-06-01 03:11:15,0.100000,0.000000,0.000000,1.978600,0.001000,74.050000,48.704800,2.376700,115.756200,4,creep,Static,675
2026-06-01 03:11:16,0.020000,0.400000,-0.095238,0.345270,0.000200,74.066000,48.682700,2.592200,126.192900,4,creep,Static,676
2026-06-01 03:11:17,0.000000,0.500000,0.000000,0.000000,0.000000,74.066000,48.669700,2.838000,138.125300,4,creep,Static,677
2026-06-01 03:11:18,0.000000,0.500000,0.000000,0.000000,0.000000,74.088000,48.665800,2.918400,142.024900,4,creep,Static,678
2026-06-01 03:11:19,0.050000,0.250000,0.095238,1.023680,0.000520,74.057000,48.676800,2.883600,140.364600,4,creep,Static,679
2026-06-01 03:11:20,0.100000,0.000000,0.000000,1.978600,0.001000,74.040000,48.676200,2.568300,125.014300,4,creep,Static,680
2026-06-01 03:11:21,0.100000,0.000000,0.000000,1.978600,0.001000,74.040000,48.690000,2.435300,118.574800,4,creep,Static,681
2026-06-01 03:11:22,0.050000,0.000000,-0.095238,0.989300,0.000500,74.035000,48.715000,2.075200,101.089800,4,creep,Static,682
2026-06-01 03:11:23,-0.050000,0.000000,-0.119048,0.946320,0.000480,74.030000,48.730800,1.453000,70.804100,4,creep,Static,683
2026-06-01 03:11:24,-0.100000,0.000000,0.000000,1.978600,0.001000,74.030000,48.719100,2.024100,98.611700,4,creep,Static,684
2026-06-01 03:11:25,-0.100000,0.000000,0.000000,1.978600,0.001000,74.030000,48.693300,2.239300,109.038300,4,creep,Static,685
2026-06-01 03:11:26,-0.060040,0.000000,0.095238,1.187950,0.000600,74.030000,48.715200,2.087500,101.687300,4,creep,Static,686
2026-06-01 03:11:27,0.040000,0.000000,0.095238,0.825820,0.000420,74.030000,48.761400,1.351800,65.914200,4,creep,Static,687
2026-06-01 03:11:28,0.100000,0.000000,0.000000,1.978600,0.001000,74.024000,48.708200,1.960900,95.511400,4,creep,Static,688
2026-06-01 03:11:29,0.100000,0.000000,0.000000,1.978600,0.001000,74.020000,48.685400,2.231100,108.621500,4,creep,Static,689
2026-06-01 03:11:30,0.100000,0.000000,0.000000,1.978600,0.001000,74.020000,48.689100,2.354200,114.623400,4,creep,Static,690
2026-06-01 03:11:31,0.060000,0.200000,-0.095238,1.136710,0.000600,74.020000,48.665700,2.429900,118.250100,4,creep,Static,691
2026-06-01 03:11:32,0.000000,0.500000,0.000000,0.000000,0.000000,74.018000,48.692100,2.773200,135.031400,4,creep,Static,692
2026-06-01 03:11:33,0.000000,0.500000,0.000000,0.000000,0.000000,74.010000,48.654200,2.943900,143.233000,4,creep,Static,693
2026-06-01 03:11:34,0.010000,0.450000,0.095238,0.232240,0.000120,74.010000,48.652700,2.961400,144.080400,4,creep,Static,694
2026-06-01 03:11:35,0.100000,0.000000,0.000000,1.978600,0.001000,74.010000,48.685700,2.672500,130.111600,4,creep,Static,695
2026-06-01 03:11:36,0.100000,0.000000,0.000000,1.978600,0.001000,74.005000,48.675600,2.476300,120.534100,4,creep,Static,696
2026-06-01 03:11:37,0.100000,0.000000,0.000000,1.978600,0.001000,74.000000,48.690500,2.421600,117.908700,4,creep,Static,697
2026-06-01 03:11:38,0.100000,0.000000,0.000000,1.978600,0.001000,74.000000,48.687000,2.381400,115.942600,4,creep,Static,698
2026-06-01 03:11:39,0.000000,0.500000,-0.119048,-0.063070,0.000000,74.000000,48.680500,2.667600,129.859400,4,creep,Static,699
2026-06-01 03:11:40,0.000000,0.500000,0.000000,0.000000,0.000000,73.996000,48.656500,2.904600,141.326800,4,creep,Static,700
2026-06-01 03:11:41,0.000000,0.500000,0.000000,0.000000,0.000000,73.990000,48.655200,2.940600,143.075600,4,creep,Static,701
2026-06-01 03:11:42,0.080000,0.100000,0.095238,1.617260,0.000820,73.990000,48.656900,2.778800,135.203600,4,creep,Static,702
2026-06-01 03:11:43,0.100000,0.000000,0.000000,1.978600,0.001000,73.990000,48.698500,2.520300,122.735200,4,creep,Static,703
2026-06-01 03:11:44,0.100000,0.000000,0.000000,1.978600,0.001000,73.985000,48.679000,2.449700,119.248600,4,creep,Static,704
2026-06-01 03:11:45,0.100000,0.000000,0.000000,1.978600,0.001000,73.980000,48.691200,2.373100,115.548700,4,creep,Static,705
2026-06-01 03:11:46,0.030000,0.350000,-0.095238,0.543130,0.000300,73.980000,48.672500,2.553600,124.287900,4,creep,Static,706
2026-06-01 03:11:47,0.000000,0.500000,0.000000,0.000000,0.000000,73.980000,48.656500,2.821700,137.294500,4,creep,Static,707
2026-06-01 03:11:48,0.000000,0.500000,0.000000,0.000000,0.000000,73.975000,48.655700,2.917000,141.927700,4,creep,Static,708
2026-06-01 03:11:49,0.050000,0.250000,0.119048,1.032270,0.000520,73.970000,48.669400,2.843100,138.369600,4,creep,Static,709
2026-06-01 03:11:50,0.100000,0.000000,0.000000,1.978600,0.001000,73.970000,48.693400,2.553800,124.353200,4,creep,Static,710
2026-06-01 03:11:51,0.100000,0.000000,0.000000,1.978600,0.001000,73.970000,48.685900,2.424900,118.058000,4,creep,Static,711
2026-06-01 03:11:52,0.100000,0.000000,0.000000,1.978600,0.001000,73.965000,48.689100,2.391300,116.429600,4,creep,Static,712
2026-06-01 03:11:53,0.050000,0.250000,-0.095238,0.938850,0.000500,73.960000,48.686800,2.511600,122.282500,4,creep,Static,713
2026-06-01 03:11:54,0.000000,0.500000,0.000000,0.000000,0.000000,73.960000,48.664200,2.820700,137.267200,4,creep,Static,714
2026-06-01 03:11:55,0.000000,0.500000,0.000000,0.000000,0.000000,73.960000,48.662700,2.907000,141.461900,4,creep,Static,715
2026-06-01 03:11:56,0.020000,0.400000,0.095238,0.430100,0.000220,73.953000,48.674700,2.945700,143.381200,4,creep,Static,716
2026-06-01 03:11:57,0.100000,0.000000,0.000000,1.978600,0.001000,73.950000,48.677400,2.621400,127.601500,4,creep,Static,717
2026-06-01 03:11:58,0.100000,0.000000,0.000000,1.978600,0.001000,73.950000,48.678700,2.471000,120.283600,4,creep,Static,718
2026-06-01 03:11:59,0.090000,0.000000,-0.095238,1.780740,0.000900,73.950000,48.678700,2.313000,112.593900,4,creep,Static,719
2026-06-01 03:12:00,0.000000,0.000000,0.000000,0.000000,0.000000,73.948000,48.736800,1.445500,70.444500,4,creep,Static,720
2026-06-01 03:12:01,-0.100000,0.000000,-0.095238,1.944220,0.000980,73.940000,48.720700,1.705800,83.103200,4,creep,Static,721
2026-06-01 03:12:02,-0.100000,0.000000,0.000000,1.978600,0.001000,73.940000,48.702500,2.097600,102.158400,4,creep,Static,722
2026-06-01 03:12:03,-0.100000,0.000000,0.000000,1.978600,0.001000,73.940000,48.679600,2.261200,110.075100,4,creep,Static,723
2026-06-01 03:12:04,-0.009940,0.000000,0.095238,0.196820,0.000100,73.940000,48.735400,1.567400,76.385000,4,creep,Static,724
2026-06-01 03:12:05,0.080060,0.000000,0.095381,1.618300,0.000820,73.940000,48.728100,1.559800,76.002700,4,creep,Static,725
2026-06-01 03:12:06,0.100000,0.000000,0.000000,1.978600,0.001000,73.937000,48.696900,2.086400,101.599300,4,creep,Static,726
2026-06-01 03:12:07,0.100000,0.000000,0.000000,1.978600,0.001000,73.930000,48.684100,2.279000,110.951300,4,creep,Static,727
2026-06-01 03:12:08,0.100000,0.000000,0.000000,1.978600,0.001000,73.930000,48.672900,2.381300,115.904500,4,creep,Static,728
2026-06-01 03:12:09,0.020000,0.400000,-0.095238,0.345270,0.000200,73.970000,48.676400,2.536000,123.443600,4,creep,Static,729
2026-06-01 03:12:10,0.000000,0.500000,0.000000,0.000000,0.000000,73.985000,48.668700,2.834900,137.971000,4,creep,Static,730
2026-06-01 03:12:11,0.000000,0.500000,0.000000,0.000000,0.000000,73.986000,48.673900,2.963800,144.260000,4,creep,Static,731
2026-06-01 03:12:12,0.053300,0.200000,0.095238,1.085110,0.000550,73.936000,48.667100,2.867400,139.547900,4,creep,Static,732
2026-06-01 03:12:13,0.100000,0.000000,0.000000,1.978600,0.001000,73.920000,48.681700,2.551600,124.216300,4,creep,Static,733
2026-06-01 03:12:14,0.100000,0.000000,0.000000,1.978600,0.001000,73.917000,48.700400,2.450900,119.359200,4,creep,Static,734
2026-06-01 03:12:15,0.100000,0.000000,0.000000,1.978600,0.001000,73.918000,48.673400,2.439300,118.729100,4,creep,Static,735
2026-06-01 03:12:16,0.052000,0.240000,-0.095238,0.978420,0.000500,73.910000,48.670600,2.463000,119.873800,4,creep,Static,736
2026-06-01 03:12:17,0.000000,0.500000,0.000000,0.000000,0.000000,73.974000,48.663900,2.796200,136.073100,4,creep,Static,737
2026-06-01 03:12:18,0.000000,0.500000,0.000000,0.000000,0.000000,73.958000,48.642100,2.913700,141.728100,4,creep,Static,738
2026-06-01 03:12:19,0.011680,0.415000,0.099238,0.263600,0.000130,73.958000,48.642300,2.965100,144.228800,4,creep,Static,739
2026-06-01 03:12:20,0.100000,0.000000,0.000000,1.978600,0.001000,73.908000,48.646500,2.691700,130.942400,4,creep,Static,740
2026-06-01 03:12:21,0.100000,0.000000,0.000000,1.978600,0.001000,73.908000,48.666800,2.474600,120.430900,4,creep,Static,741
2026-06-01 03:12:22,0.100000,0.000000,0.000000,1.978600,0.001000,73.896000,48.685200,2.390500,116.381400,4,creep,Static,742
2026-06-01 03:12:23,0.080000,0.100000,-0.095238,1.532430,0.000800,73.898000,48.671100,2.410800,117.336800,4,creep,Static,743
2026-06-01 03:12:24,0.000000,0.500000,0.000000,0.000000,0.000000,73.914000,48.654200,2.681300,130.454600,4,creep,Static,744
2026-06-01 03:12:25,0.000000,0.500000,0.000000,0.000000,0.000000,73.946000,48.666600,2.899600,141.113200,4,creep,Static,745
2026-06-01 03:12:26,0.000000,0.500000,0.000000,0.000000,0.000000,73.962000,48.667900,2.931600,142.674200,4,creep,Static,746
2026-06-01 03:12:27,0.091680,0.015000,0.095238,1.847090,0.000930,73.960000,48.680700,2.728100,132.805400,4,creep,Static,747
2026-06-01 03:12:28,0.100000,0.000000,0.000000,1.978600,0.001000,73.960000,48.687900,2.485500,121.013400,4,creep,Static,748
2026-06-01 03:12:29,0.100000,0.000000,0.000000,1.978600,0.001000,73.960000,48.685700,2.395300,116.616700,4,creep,Static,749
2026-06-01 03:12:30,0.100000,0.000000,0.000000,1.978600,0.001000,73.960000,48.685300,2.383500,116.040800,4,creep,Static,750
2026-06-01 03:12:31,0.000000,0.500000,-0.095238,-0.050450,0.000000,73.879000,48.655800,2.654300,129.146200,4,creep,Static,751
2026-06-01 03:12:32,0.000000,0.500000,0.000000,0.000000,0.000000,73.934000,48.664600,2.852000,138.792000,4,creep,Static,752
2026-06-01 03:12:33,0.000000,0.500000,0.000000,0.000000,0.000000,73.910000,48.654500,2.953900,143.720100,4,creep,Static,753
2026-06-01 03:12:34,0.063900,0.150000,0.095238,1.298700,0.000660,73.949000,48.656100,2.807400,136.596300,4,creep,Static,754
2026-06-01 03:12:35,0.100000,0.000000,0.000000,1.978600,0.001000,73.940000,48.661500,2.538400,123.521400,4,creep,Static,755
2026-06-01 03:12:36,0.100000,0.000000,0.000000,1.978600,0.001000,73.940000,48.672400,2.436700,118.599500,4,creep,Static,756
2026-06-01 03:12:37,0.044000,0.000000,-0.109524,0.870580,0.000440,73.940000,48.719800,2.057000,100.213400,4,creep,Static,757
2026-06-01 03:12:38,-0.059000,0.000000,-0.095238,1.132990,0.000570,73.940000,48.727500,1.442100,70.269800,4,creep,Static,758
2026-06-01 03:12:39,-0.100000,0.000000,0.000000,1.978600,0.001000,73.940000,48.683800,2.006800,97.697700,4,creep,Static,759
2026-06-01 03:12:40,-0.100000,0.000000,0.000000,1.978600,0.001000,73.930000,48.683889,2.239444,109.025000,4,creep,Static,760
2026-06-01 03:12:41,-0.054300,0.000000,0.095238,1.074380,0.000540,73.914000,48.700300,2.065300,100.581900,4,creep,Static,761
2026-06-01 03:12:42,0.037480,0.000000,0.113048,0.782380,0.000390,73.898000,48.740600,1.326600,64.657300,4,creep,Static,762
2026-06-01 03:12:43,0.100000,0.000000,0.000000,1.978600,0.001000,73.866000,48.715000,1.920400,93.550200,4,creep,Static,763
2026-06-01 03:12:44,0.100000,0.000000,0.000000,1.978600,0.001000,73.864000,48.700200,2.222700,108.245000,4,creep,Static,764
2026-06-01 03:12:45,0.100000,0.000000,0.000000,1.978600,0.001000,73.848000,48.678900,2.306600,112.282400,4,creep,Static,765
2026-06-01 03:12:46,0.060000,0.200000,-0.095238,1.136710,0.000600,73.856000,48.661300,2.419800,117.751300,4,creep,Static,766
2026-06-01 03:12:47,0.000000,0.500000,0.000000,0.000000,0.000000,73.904000,48.669400,2.719400,132.351100,4,creep,Static,767
2026-06-01 03:12:48,0.000000,0.500000,0.000000,0.000000,0.000000,73.864000,48.652300,2.845900,138.459500,4,creep,Static,768
2026-06-01 03:12:49,0.009700,0.450000,0.092381,0.225270,0.000110,73.866000,48.672600,2.942900,143.238500,4,creep,Static,769
2026-06-01 03:12:50,0.100000,0.000000,0.002857,1.979630,0.001000,73.830000,48.650000,2.662100,129.509700,4,creep,Static,770
2026-06-01 03:12:51,0.100000,0.000000,0.000000,1.978600,0.001000,73.830000,48.677000,2.469800,120.222000,4,creep,Static,771
2026-06-01 03:12:52,0.100000,0.000000,0.000000,1.978600,0.001000,73.836000,48.683900,2.398100,116.749300,4,creep,Static,772
2026-06-01 03:12:53,0.090000,0.050000,-0.119048,1.717670,0.000900,73.820000,48.673100,2.410800,117.341500,4,creep,Static,773
2026-06-01 03:12:54,0.000000,0.500000,0.000000,0.000000,0.000000,73.876000,48.666000,2.696400,131.223400,4,creep,Static,774
2026-06-01 03:12:55,0.000000,0.500000,0.000000,0.000000,0.000000,73.836000,48.639200,2.888900,140.513400,4,creep,Static,775
2026-06-01 03:12:56,0.000000,0.500000,0.000000,0.000000,0.000000,73.857000,48.663500,2.959100,144.000500,4,creep,Static,776
2026-06-01 03:12:57,0.080000,0.100000,0.095238,1.617260,0.000820,73.819000,48.667000,2.808900,136.699600,4,creep,Static,777
2026-06-01 03:12:58,0.100000,0.000000,0.000000,1.978600,0.001000,73.810000,48.654000,2.493400,121.314400,4,creep,Static,778
2026-06-01 03:12:59,0.100000,0.000000,0.000000,1.978600,0.001000,73.818000,48.653300,2.415700,117.530600,4,creep,Static,779
2026-06-01 03:13:00,0.100000,0.000000,0.000000,1.978600,0.001000,73.807000,48.677900,2.384200,116.057400,4,creep,Static,780
2026-06-01 03:13:01,0.020000,0.400000,-0.095238,0.345270,0.000200,73.833000,48.656700,2.564300,124.770500,4,creep,Static,781
2026-06-01 03:13:02,0.000000,0.500000,0.000000,0.000000,0.000000,73.856000,48.656700,2.829200,137.659300,4,creep,Static,782
2026-06-01 03:13:03,0.000000,0.500000,0.000000,0.000000,0.000000,73.824000,48.649700,2.962600,144.129200,4,creep,Static,783
2026-06-01 03:13:04,0.058860,0.200000,0.116333,1.206600,0.000610,73.829000,48.650200,2.856600,138.971700,4,creep,Static,784
2026-06-01 03:13:05,0.100000,0.000000,0.000000,1.978600,0.001000,73.790000,48.642400,2.517100,122.438500,4,creep,Static,785
2026-06-01 03:13:06,0.100000,0.000000,0.000000,1.978600,0.001000,73.790000,48.670500,2.442300,118.867600,4,creep,Static,786
2026-06-01 03:13:07,0.100000,0.000000,0.000000,1.978600,0.001000,73.790000,48.659900,2.379100,115.766600,4,creep,Static,787
2026-06-01 03:13:08,0.040000,0.300000,-0.095238,0.740990,0.000400,73.786000,48.657300,2.551700,124.158200,4,creep,Static,788
2026-06-01 03:13:09,0.000000,0.500000,0.000000,0.000000,0.000000,73.844000,48.666500,2.787200,135.643200,4,creep,Static,789
2026-06-01 03:13:10,0.000000,0.500000,0.000000,0.000000,0.000000,73.796000,48.636500,2.926700,142.344400,4,creep,Static,790
2026-06-01 03:13:11,0.029860,0.350000,0.095238,0.625190,0.000310,73.820000,48.642600,2.921900,142.129400,4,creep,Static,791
2026-06-01 03:13:12,0.100000,0.000000,0.000000,1.978600,0.001000,73.799000,48.652000,2.641500,128.514400,4,creep,Static,792
2026-06-01 03:13:13,0.100000,0.000000,0.000000,1.978600,0.001000,73.802000,48.666600,2.465900,120.007700,4,creep,Static,793
2026-06-01 03:13:14,0.080000,0.000000,-0.095238,1.582880,0.000800,73.786000,48.663600,2.336000,113.678300,4,creep,Static,794
2026-06-01 03:13:15,-0.010000,0.000000,-0.095238,0.163480,0.000080,73.770000,48.700400,1.409100,68.621800,4,creep,Static,795
2026-06-01 03:13:16,-0.100000,0.000000,0.000000,1.978600,0.001000,73.770000,48.704600,1.774500,86.426300,4,creep,Static,796
2026-06-01 03:13:17,-0.100000,0.000000,0.000000,1.978600,0.001000,73.764000,48.680500,2.154300,104.871800,4,creep,Static,797
2026-06-01 03:13:18,-0.100000,0.000000,0.000000,1.978600,0.001000,73.760000,48.663700,2.306900,112.261500,4,creep,Static,798
2026-06-01 03:13:19,0.000000,0.000000,0.095238,0.000000,0.000000,73.760000,48.725100,1.449800,70.631400,4,creep,Static,799
2026-06-01 03:13:20,0.090000,0.000000,0.095238,1.815120,0.000920,73.760000,48.696900,1.591500,77.499200,4,creep,Static,800
2026-06-01 03:13:21,0.100000,0.000000,0.000000,1.978600,0.001000,73.760000,48.669900,2.103300,102.366400,4,creep,Static,801
2026-06-01 03:13:22,0.100000,0.000000,0.000000,1.978600,0.001000,73.759000,48.671700,2.295800,111.740800,4,creep,Static,802
2026-06-01 03:13:23,0.100000,0.000000,0.000000,1.978600,0.001000,73.750000,48.679600,2.349700,114.382200,4,creep,Static,803
2026-06-01 03:13:24,0.006000,0.470000,-0.109524,0.060690,0.000050,73.758000,48.652700,2.625500,127.736100,4,creep,Static,804
2026-06-01 03:13:25,0.000000,0.500000,0.000000,0.000000,0.000000,73.750000,48.644300,2.849700,138.621700,4,creep,Static,805
2026-06-01 03:13:26,0.000000,0.500000,0.000000,0.000000,0.000000,73.764000,48.633300,2.967800,144.333100,4,creep,Static,806
2026-06-01 03:13:27,0.070180,0.140000,0.095238,1.422490,0.000720,73.740000,48.642400,2.791600,135.789400,4,creep,Static,807
2026-06-01 03:13:28,0.100000,0.000000,0.000000,1.978600,0.001000,73.740000,48.650700,2.502700,121.757200,4,creep,Static,808
2026-06-01 03:13:29,0.100000,0.000000,0.000000,1.978600,0.001000,73.740000,48.656800,2.422500,117.871700,4,creep,Static,809
2026-06-01 03:13:30,0.100000,0.000000,0.000000,1.978600,0.001000,73.739000,48.655000,2.392100,116.387000,4,creep,Static,810
2026-06-01 03:13:31,0.035000,0.325000,-0.107143,0.635750,0.000330,73.754000,48.641400,2.535400,123.324500,4,creep,Static,811
2026-06-01 03:13:32,0.000000,0.500000,0.000000,0.000000,0.000000,73.770000,48.647000,2.818500,137.111300,4,creep,Static,812
2026-06-01 03:13:33,0.000000,0.500000,0.000000,0.000000,0.000000,73.778000,48.635600,2.958500,143.888800,4,creep,Static,813
2026-06-01 03:13:34,0.047480,0.250000,0.101238,0.974960,0.000490,73.810000,48.638400,2.868700,139.528800,4,creep,Static,814
2026-06-01 03:13:35,0.100000,0.000000,0.000000,1.978600,0.001000,73.801000,48.669100,2.594900,126.291400,4,creep,Static,815
2026-06-01 03:13:36,0.100000,0.000000,0.000000,1.978600,0.001000,73.800000,48.669800,2.445100,119.001500,4,creep,Static,816
2026-06-01 03:13:37,0.100000,0.000000,0.000000,1.978600,0.001000,73.800000,48.669500,2.394600,116.543600,4,creep,Static,817
2026-06-01 03:13:38,0.055556,0.222222,-0.105820,1.043167,0.000556,73.800000,48.672111,2.454667,119.473667,4,creep,Static,818
2026-06-01 03:13:39,0.000000,0.500000,0.000000,0.000000,0.000000,73.793636,48.645091,2.749364,133.742818,4,creep,Static,819
2026-06-01 03:13:40,0.000000,0.500000,0.000000,0.000000,0.000000,73.790000,48.652889,2.904111,141.293111,4,creep,Static,820
2026-06-01 03:13:41,0.013727,0.409091,0.097619,0.306045,0.000155,73.790000,48.653273,2.987727,145.361818,4,creep,Static,821
2026-06-01 03:13:42,0.100000,0.000000,0.000000,1.978600,0.001000,73.789000,48.677900,2.662800,129.619100,4,creep,Static,822
2026-06-01 03:13:43,0.100000,0.000000,0.000000,1.978600,0.001000,73.780000,48.675222,2.497000,121.543000,4,creep,Static,823
2026-06-01 03:13:44,0.100000,0.000000,0.000000,1.978600,0.001000,73.780000,48.684400,2.413300,117.489500,4,creep,Static,824
2026-06-01 03:13:45,0.100000,0.000000,0.000000,1.978600,0.001000,73.780000,48.659700,2.401200,116.842700,4,creep,Static,825
2026-06-01 03:13:46,0.000000,0.500000,-0.095238,-0.050450,0.000000,73.780000,48.646800,2.635000,128.185300,4,creep,Static,826
2026-06-01 03:13:47,0.000000,0.500000,0.000000,0.000000,0.000000,73.771818,48.636364,2.891818,140.646909,4,creep,Static,827
2026-06-01 03:13:48,0.000000,0.500000,0.000000,0.000000,0.000000,73.770000,48.626111,2.943333,143.122667,4,creep,Static,828
2026-06-01 03:13:49,0.076900,0.100000,0.095238,1.555920,0.000780,73.770000,48.648900,2.817200,137.053100,4,creep,Static,829
2026-06-01 03:13:50,0.100000,0.000000,0.000000,1.978600,0.001000,73.770000,48.658500,2.522400,122.734800,4,creep,Static,830
2026-06-01 03:13:51,0.100000,0.000000,0.000000,1.978600,0.001000,73.760000,48.639000,2.406400,117.044400,4,creep,Static,831
2026-06-01 03:13:52,0.020000,0.000000,-0.095238,0.395720,0.000200,73.760000,48.686700,1.836900,89.428800,4,creep,Static,832
2026-06-01 03:13:53,-0.070000,0.000000,-0.095238,1.350640,0.000680,73.760000,48.720600,1.442200,70.263400,4,creep,Static,833
2026-06-01 03:13:54,-0.100000,0.000000,0.000000,1.978600,0.001000,73.752000,48.673100,2.022100,98.419500,4,creep,Static,834
2026-06-01 03:13:55,-0.100000,0.000000,0.000000,1.978600,0.001000,73.760000,48.688600,2.236600,108.896300,4,creep,Static,835
2026-06-01 03:13:56,-0.042000,0.000000,0.095238,0.831010,0.000420,73.753000,48.674500,1.993000,96.999600,4,creep,Static,836
2026-06-01 03:13:57,0.059727,0.000000,0.098918,1.217473,0.000618,73.742727,48.715091,1.431000,69.709364,4,creep,Static,837
2026-06-01 03:13:58,0.100000,0.000000,0.000000,1.978600,0.001000,73.750000,48.696000,2.015222,98.132333,4,creep,Static,838
2026-06-01 03:13:59,0.100000,0.000000,0.000000,1.978600,0.001000,73.750000,48.679100,2.205700,107.370900,4,creep,Static,839
2026-06-01 03:14:00,0.100000,0.000000,0.000000,1.978600,0.001000,73.742000,48.675700,2.324500,113.146700,4,creep,Static,840
2026-06-01 03:14:01,0.036364,0.318182,-0.086580,0.673627,0.000364,73.745455,48.667273,2.468909,120.153000,4,creep,Static,841
2026-06-01 03:14:02,0.000000,0.500000,0.000000,0.000000,0.000000,73.740000,48.657333,2.810111,136.732444,4,creep,Static,842
2026-06-01 03:14:03,0.000000,0.500000,0.000000,0.000000,0.000000,73.740000,48.639727,2.912000,141.639545,4,creep,Static,843
2026-06-01 03:14:04,0.029889,0.333333,0.105820,0.629578,0.000311,73.740000,48.633111,2.935333,142.754889,4,creep,Static,844
2026-06-01 03:14:05,0.100000,0.000000,0.000000,1.978600,0.001000,73.733000,48.657500,2.629100,127.924600,4,creep,Static,845
2026-06-01 03:14:06,0.100000,0.000000,0.000000,1.978600,0.001000,73.730000,48.662300,2.420500,117.786600,4,creep,Static,846
2026-06-01 03:14:07,0.100000,0.000000,0.000000,1.978600,0.001000,73.730000,48.684300,2.426100,118.113700,4,creep,Static,847
2026-06-01 03:14:08,0.070000,0.150000,-0.095238,1.334570,0.000700,73.730000,48.678700,2.413300,117.475800,4,creep,Static,848
2026-06-01 03:14:09,0.000000,0.500000,0.000000,0.000000,0.000000,73.725000,48.652600,2.759400,134.250900,4,creep,Static,849
2026-06-01 03:14:10,0.000000,0.500000,0.000000,0.000000,0.000000,73.720000,48.616818,2.894455,140.718636,4,creep,Static,850
2026-06-01 03:14:11,0.000000,0.500000,0.000000,0.000000,0.000000,73.720000,48.652444,2.927444,142.427778,4,creep,Static,851
2026-06-01 03:14:12,0.098460,0.000000,0.098905,1.983830,0.001000,73.720000,48.649200,2.734200,133.014900,4,creep,Static,852
2026-06-01 03:14:13,0.100000,0.000000,0.000000,1.978600,0.001000,73.712000,48.668200,2.494000,121.377400,4,creep,Static,853
2026-06-01 03:14:14,0.100000,0.000000,0.000000,1.978600,0.001000,73.710000,48.672000,2.398300,116.730400,4,creep,Static,854
2026-06-01 03:14:15,0.100000,0.000000,0.000000,1.978600,0.001000,73.710000,48.654300,2.403200,116.926500,4,creep,Static,855
2026-06-01 03:14:16,0.009091,0.454545,-0.086580,0.134009,0.000091,73.688182,48.660091,2.618182,127.401273,4,creep,Static,856
2026-06-01 03:14:17,0.000000,0.500000,0.000000,0.000000,0.000000,73.666667,48.643000,2.848889,138.577778,4,creep,Static,857
2026-06-01 03:14:18,0.000000,0.500000,0.000000,0.000000,0.000000,73.678182,48.636727,2.944182,143.195000,4,creep,Static,858
2026-06-01 03:14:19,0.076067,0.111111,0.128201,1.551333,0.000778,73.620000,48.607111,2.780889,135.170444,4,creep,Static,859
2026-06-01 03:14:20,0.100000,0.000000,0.000000,1.978600,0.001000,73.614000,48.642000,2.542900,123.691300,4,creep,Static,860
2026-06-01 03:14:21,0.100000,0.000000,0.000000,1.978600,0.001000,73.610000,48.656600,2.468600,120.113800,4,creep,Static,861
2026-06-01 03:14:22,0.100000,0.000000,0.000000,1.978600,0.001000,73.610000,48.640500,2.416900,117.559200,4,creep,Static,862
2026-06-01 03:14:23,0.040000,0.300000,-0.095238,0.740990,0.000400,73.610000,48.644400,2.475000,120.395100,4,creep,Static,863
2026-06-01 03:14:24,0.000000,0.500000,0.000000,0.000000,0.000000,73.606000,48.621300,2.824600,137.336200,4,creep,Static,864
2026-06-01 03:14:25,0.000000,0.500000,0.000000,0.000000,0.000000,73.600000,48.621100,2.956900,143.767100,4,creep,Static,865
2026-06-01 03:14:26,0.030000,0.350000,0.095238,0.627960,0.000320,73.600000,48.635900,2.925900,142.303400,4,creep,Static,866
2026-06-01 03:14:27,0.100000,0.000000,0.000000,1.978600,0.001000,73.600000,48.635400,2.618300,127.342000,4,creep,Static,867
2026-06-01 03:14:28,0.100000,0.000000,0.000000,1.978600,0.001000,73.593000,48.659600,2.423500,117.926600,4,creep,Static,868
2026-06-01 03:14:29,0.070000,0.000000,-0.095238,1.385020,0.000700,73.590000,48.636700,2.259400,109.884700,4,creep,Static,869
2026-06-01 03:14:30,-0.020000,0.000000,-0.095238,0.361340,0.000180,73.590000,48.698800,1.298900,63.254200,4,creep,Static,870
2026-06-01 03:14:31,-0.100000,0.000000,0.000000,1.978600,0.001000,73.590000,48.686200,1.851200,90.127900,4,creep,Static,871
2026-06-01 03:14:32,-0.100000,0.000000,0.000000,1.978600,0.001000,73.590000,48.650900,2.193400,106.710900,4,creep,Static,872
2026-06-01 03:14:33,-0.080000,0.000000,0.095238,1.582880,0.000800,73.586000,48.655600,2.209700,107.511300,4,creep,Static,873
2026-06-01 03:14:34,0.010000,0.000000,0.095238,0.232240,0.000120,73.580000,48.705000,1.322300,64.400400,4,creep,Static,874
2026-06-01 03:14:35,0.100000,0.000000,0.000000,1.978600,0.001000,73.580000,48.664700,1.759800,85.637400,4,creep,Static,875
2026-06-01 03:14:36,0.100000,0.000000,0.000000,1.978600,0.001000,73.580000,48.655100,2.180300,106.082400,4,creep,Static,876
2026-06-01 03:14:37,0.100000,0.000000,0.000000,1.978600,0.001000,73.580000,48.658100,2.298900,111.860900,4,creep,Static,877
2026-06-01 03:14:38,0.100000,0.000000,0.000000,1.978600,0.001000,73.580000,48.650900,2.325500,113.137000,4,creep,Static,878
2026-06-01 03:14:39,0.000000,0.500000,-0.119048,-0.063070,0.000000,73.570000,48.650600,2.650300,128.938000,4,creep,Static,879
2026-06-01 03:14:40,0.000000,0.500000,0.000000,0.000000,0.000000,73.570000,48.630600,2.885100,140.303400,4,creep,Static,880
2026-06-01 03:14:41,0.000000,0.500000,0.000000,0.000000,0.000000,73.570000,48.616200,2.976300,144.695600,4,creep,Static,881
2026-06-01 03:14:42,0.070000,0.150000,0.095238,1.419400,0.000720,73.566000,48.636100,2.852400,138.730000,4,creep,Static,882
2026-06-01 03:14:43,0.100000,0.000000,0.000000,1.978600,0.001000,73.560000,48.646600,2.539500,123.538000,4,creep,Static,883
2026-06-01 03:14:44,0.100000,0.000000,0.000000,1.978600,0.001000,73.560000,48.656600,2.413900,117.452900,4,creep,Static,884
2026-06-01 03:14:45,0.100000,0.000000,0.000000,1.978600,0.001000,73.560000,48.646300,2.391500,116.338200,4,creep,Static,885
2026-06-01 03:14:46,0.030000,0.350000,-0.095238,0.543130,0.000300,73.558000,48.626700,2.556100,124.293800,4,creep,Static,886
2026-06-01 03:14:47,0.000000,0.500000,0.000000,0.000000,0.000000,73.550000,48.631500,2.876400,139.883500,4,creep,Static,887
2026-06-01 03:14:48,0.000000,0.500000,0.000000,0.000000,0.000000,73.550000,48.626300,2.940700,142.995700,4,creep,Static,888
2026-06-01 03:14:49,0.040000,0.300000,0.095238,0.825820,0.000420,73.550000,48.625400,2.878700,139.979200,4,creep,Static,889
2026-06-01 03:14:50,0.100000,0.000000,0.000000,1.978600,0.001000,73.545000,48.636400,2.595000,126.211100,4,creep,Static,890
2026-06-01 03:14:51,0.100000,0.000000,0.000000,1.978600,0.001000,73.540000,48.660700,2.461300,119.768800,4,creep,Static,891
2026-06-01 03:14:52,0.100000,0.000000,0.000000,1.978600,0.001000,73.540000,48.663300,2.389800,116.295500,4,creep,Static,892
2026-06-01 03:14:53,0.066000,0.170000,-0.109524,1.247850,0.000650,73.540000,48.661900,2.454600,119.445800,4,creep,Static,893
2026-06-01 03:14:54,0.000000,0.500000,0.000000,0.000000,0.000000,73.537000,48.618500,2.766400,134.497700,4,creep,Static,894
2026-06-01 03:14:55,0.000000,0.500000,0.000000,0.000000,0.000000,73.530000,48.636500,2.909100,141.488900,4,creep,Static,895
2026-06-01 03:14:56,0.000600,0.480000,0.005714,0.012120,0.000010,73.530000,48.600400,2.966600,144.178200,4,creep,Static,896
2026-06-01 03:14:57,0.100000,0.000000,0.089524,2.010920,0.001020,73.530000,48.624000,2.705300,131.540900,4,creep,Static,897
2026-06-01 03:14:58,0.100000,0.000000,0.000000,1.978600,0.001000,73.524000,48.656200,2.500800,121.679100,4,creep,Static,898
2026-06-01 03:14:59,0.100000,0.000000,0.000000,1.978600,0.001000,73.520000,48.641600,2.401700,116.822600,4,creep,Static,899
2026-06-01 03:15:00,0.100000,0.000000,0.000000,1.978600,0.001000,73.520000,48.646000,2.380600,115.806400,4,creep,Static,900
2026-06-01 03:15:01,0.008000,0.460000,-0.095238,0.107840,0.000070,73.520000,48.640000,2.616800,127.279800,4,creep,Static,901
2026-06-01 03:15:02,0.000000,0.500000,0.000000,0.000000,0.000000,73.515000,48.622900,2.835600,137.875200,4,creep,Static,902
2026-06-01 03:15:03,0.000000,0.500000,0.000000,0.000000,0.000000,73.518000,48.620300,2.974500,144.621600,4,creep,Static,903
2026-06-01 03:15:04,0.060060,0.195000,0.095238,1.222550,0.000620,73.510000,48.630000,2.826700,137.462500,4,creep,Static,904
2026-06-01 03:15:05,0.100000,0.000000,0.000000,1.978600,0.001000,73.510000,48.638800,2.529900,123.050100,4,creep,Static,905
2026-06-01 03:15:06,0.100000,0.000000,0.000000,1.978600,0.001000,73.503000,48.639900,2.426800,118.040200,4,creep,Static,906
2026-06-01 03:15:07,0.038000,0.000000,-0.095238,0.751870,0.000380,73.500000,48.642700,1.971000,95.863800,4,creep,Static,907
2026-06-01 03:15:08,-0.050000,0.000000,-0.095238,0.954920,0.000480,73.500000,48.689600,1.345000,65.483000,4,creep,Static,908
2026-06-01 03:15:09,-0.100000,0.000000,0.000000,1.978600,0.001000,73.500000,48.664900,1.980900,96.400900,4,creep,Static,909
2026-06-01 03:15:10,-0.100000,0.000000,0.000000,1.978600,0.001000,73.500000,48.661600,2.212400,107.658700,4,creep,Static,910
2026-06-01 03:15:11,-0.059820,0.000000,0.095238,1.184070,0.000600,73.497000,48.658900,2.072700,100.849900,4,creep,Static,911
2026-06-01 03:15:12,0.030000,0.000000,0.095238,0.627960,0.000320,73.490000,48.708200,1.300800,63.360300,4,creep,Static,912
2026-06-01 03:15:13,0.100000,0.000000,0.000000,1.978600,0.001000,73.490000,48.661800,1.849800,90.013100,4,creep,Static,913
2026-06-01 03:15:14,0.100000,0.000000,0.000000,1.978600,0.001000,73.490000,48.642800,2.192400,106.644400,4,creep,Static,914
2026-06-01 03:15:15,0.100000,0.000000,0.000000,1.978600,0.001000,73.490000,48.648000,2.299000,111.842600,4,creep,Static,915
2026-06-01 03:15:16,0.074000,0.130000,-0.104762,1.408660,0.000720,73.490000,48.634500,2.397900,116.618800,4,creep,Static,916
2026-06-01 03:15:17,0.000000,0.500000,0.000000,0.000000,0.000000,73.490000,48.638400,2.720500,132.320100,4,creep,Static,917
2026-06-01 03:15:18,0.000000,0.500000,0.000000,0.000000,0.000000,73.488000,48.606200,2.917300,141.799200,4,creep,Static,918
2026-06-01 03:15:19,0.000360,0.485000,0.003429,0.007420,0.000000,73.488000,48.606700,2.947300,143.258400,4,creep,Static,919
2026-06-01 03:15:20,0.100000,0.000000,0.091810,2.011740,0.001020,73.477000,48.625500,2.698800,131.229800,4,creep,Static,920
2026-06-01 03:15:21,0.100000,0.000000,0.000000,1.978600,0.001000,73.470000,48.636900,2.464700,119.874800,4,creep,Static,921
2026-06-01 03:15:22,0.100000,0.000000,0.000000,1.978600,0.001000,73.470000,48.641200,2.406500,117.055200,4,creep,Static,922
2026-06-01 03:15:23,0.100000,0.000000,0.000000,1.978600,0.001000,73.470000,48.640800,2.405000,116.980800,4,creep,Static,923
2026-06-01 03:15:24,0.008000,0.460000,-0.095238,0.107840,0.000070,73.469000,48.649200,2.626200,127.760100,4,creep,Static,924
2026-06-01 03:15:25,0.000000,0.500000,0.000000,0.000000,0.000000,73.468000,48.601400,2.876500,139.802100,4,creep,Static,925
2026-06-01 03:15:26,0.000000,0.500000,0.000000,0.000000,0.000000,73.468000,48.615700,2.954100,143.615600,4,creep,Static,926
2026-06-01 03:15:27,0.071260,0.120000,0.116048,1.450110,0.000730,73.484000,48.619800,2.813100,136.772600,4,creep,Static,927
2026-06-01 03:15:28,0.100000,0.000000,0.000000,1.978600,0.001000,73.472000,48.643900,2.522000,122.680200,4,creep,Static,928
2026-06-01 03:15:29,0.100000,0.000000,0.000000,1.978600,0.001000,73.474000,48.643000,2.429300,118.169400,4,creep,Static,929
2026-06-01 03:15:30,0.100000,0.000000,0.000000,1.978600,0.001000,73.506000,48.630200,2.401200,116.770600,4,creep,Static,930
2026-06-01 03:15:31,0.022000,0.390000,-0.095238,0.384840,0.000200,73.474000,48.629500,2.537800,123.413200,4,creep,Static,931
2026-06-01 03:15:32,0.000000,0.500000,0.000000,0.000000,0.000000,73.514000,48.621300,2.844800,138.317000,4,creep,Static,932
2026-06-01 03:15:33,0.000000,0.500000,0.000000,0.000000,0.000000,73.499000,48.610800,2.957800,143.780600,4,creep,Static,933
2026-06-01 03:15:34,0.043300,0.250000,0.095238,0.891110,0.000450,73.520000,48.637900,2.888300,140.481100,4,creep,Static,934
2026-06-01 03:15:35,0.100000,0.000000,0.000000,1.978600,0.001000,73.520000,48.633000,2.598500,126.372800,4,creep,Static,935
2026-06-01 03:15:36,0.100000,0.000000,0.000000,1.978600,0.001000,73.520000,48.634800,2.458600,119.572300,4,creep,Static,936
2026-06-01 03:15:37,0.100000,0.000000,0.000000,1.978600,0.001000,73.511000,48.628100,2.400700,116.740500,4,creep,Static,937
2026-06-01 03:15:38,0.050000,0.250000,-0.095238,0.938850,0.000500,73.510000,48.639500,2.498100,121.504500,4,creep,Static,938
2026-06-01 03:15:39,0.000000,0.500000,0.000000,0.000000,0.000000,73.486000,48.617800,2.761000,134.233800,4,creep,Static,939
2026-06-01 03:15:40,0.000000,0.500000,0.000000,0.000000,0.000000,73.501000,48.612300,2.910400,141.480600,4,creep,Static,940
2026-06-01 03:15:41,0.014500,0.400000,0.095238,0.321280,0.000160,73.500000,48.609900,2.958900,143.831600,4,creep,Static,941
2026-06-01 03:15:42,0.100000,0.000000,0.000000,1.978600,0.001000,73.500000,48.630556,2.679667,130.311333,4,creep,Static,942
2026-06-01 03:15:43,0.100000,0.000000,0.000000,1.978600,0.001000,73.500000,48.643545,2.514091,122.294727,4,creep,Static,943
2026-06-01 03:15:44,0.088889,0.000000,-0.105820,1.758756,0.000889,73.500000,48.635000,2.405000,116.968222,4,creep,Static,944
2026-06-01 03:15:45,0.000000,0.000000,0.000000,0.000000,0.000000,73.483000,48.696100,1.480300,72.082800,4,creep,Static,945
2026-06-01 03:15:46,-0.100000,0.000000,-0.095238,1.944220,0.000980,73.490000,48.694100,1.615200,78.649500,4,creep,Static,946
2026-06-01 03:15:47,-0.100000,0.000000,0.000000,1.978600,0.001000,73.490000,48.661900,2.110900,102.719900,4,creep,Static,947
2026-06-01 03:15:48,-0.100000,0.000000,0.000000,1.978600,0.001000,73.490000,48.660900,2.308600,112.337900,4,creep,Static,948
2026-06-01 03:15:49,-0.003100,0.000000,0.095238,0.061340,0.000030,73.490000,48.690600,1.576300,76.740100,4,creep,Static,949
2026-06-01 03:15:50,0.098460,0.000000,0.098905,1.983830,0.001000,73.490000,48.692100,1.640000,79.851500,4,creep,Static,950
2026-06-01 03:15:51,0.100000,0.000000,0.000000,1.978600,0.001000,73.482000,48.656200,2.151500,104.683800,4,creep,Static,951
2026-06-01 03:15:52,0.100000,0.000000,0.000000,1.978600,0.001000,73.480000,48.650000,2.290200,111.417700,4,creep,Static,952
2026-06-01 03:15:53,0.100000,0.000000,0.000000,1.978600,0.001000,73.480000,48.634900,2.346400,114.115900,4,creep,Static,953
2026-06-01 03:15:54,0.000000,0.500000,-0.086580,-0.045864,0.000000,73.480000,48.620000,2.628182,127.782273,4,creep,Static,954
2026-06-01 03:15:55,0.000000,0.500000,0.000000,0.000000,0.000000,73.474444,48.607333,2.866778,139.346444,4,creep,Static,955
2026-06-01 03:15:56,0.000000,0.500000,0.000000,0.000000,0.000000,73.470000,48.609300,2.974900,144.607000,4,creep,Static,956
2026-06-01 03:15:57,0.066300,0.150000,0.095238,1.346190,0.000680,73.470000,48.610900,2.838900,138.000900,4,creep,Static,957
2026-06-01 03:15:58,0.100000,0.000000,0.000000,1.978600,0.001000,73.461000,48.638800,2.504600,121.821000,4,creep,Static,958
2026-06-01 03:15:59,0.100000,0.000000,0.000000,1.978600,0.001000,73.463000,48.638700,2.424400,117.919400,4,creep,Static,959
2026-06-01 03:16:00,0.100000,0.000000,0.000000,1.978600,0.001000,73.460000,48.623200,2.376600,115.558300,4,creep,Static,960
2026-06-01 03:16:01,0.027273,0.363636,-0.086580,0.493755,0.000273,73.460000,48.624273,2.492091,121.173818,4,creep,Static,961
2026-06-01 03:16:02,0.000000,0.500000,0.000000,0.000000,0.000000,73.460000,48.621889,2.847667,138.459667,4,creep,Static,962
2026-06-01 03:16:03,0.000000,0.500000,0.000000,0.000000,0.000000,73.453636,48.609091,2.946091,143.206455,4,creep,Static,963
2026-06-01 03:16:04,0.042222,0.277778,0.105820,0.873600,0.000433,73.450000,48.627111,2.923778,142.174333,4,creep,Static,964
2026-06-01 03:16:05,0.100000,0.000000,0.000000,1.978600,0.001000,73.442000,48.625700,2.590200,125.951100,4,creep,Static,965
2026-06-01 03:16:06,0.100000,0.000000,0.000000,1.978600,0.001000,73.450000,48.627900,2.466800,119.954200,4,creep,Static,966
2026-06-01 03:16:07,0.100000,0.000000,0.000000,1.978600,0.001000,73.443000,48.639800,2.408900,117.167900,4,creep,Static,967
2026-06-01 03:16:08,0.054545,0.227273,-0.108225,1.021900,0.000545,73.440000,48.628273,2.436636,118.490818,4,creep,Static,968
2026-06-01 03:16:09,0.000000,0.500000,0.000000,0.000000,0.000000,73.440000,48.612100,2.824300,137.296400,4,creep,Static,969
2026-06-01 03:16:10,0.000000,0.500000,0.000000,0.000000,0.000000,73.440000,48.613000,2.934300,142.645100,4,creep,Static,970
2026-06-01 03:16:11,0.015100,0.400000,0.107381,0.337530,0.000170,73.431000,48.607200,2.960900,143.921400,4,creep,Static,971
2026-06-01 03:16:12,0.100000,0.000000,0.000000,1.978600,0.001000,73.430000,48.610000,2.661778,129.388889,4,creep,Static,972
2026-06-01 03:16:13,0.100000,0.000000,0.000000,1.978600,0.001000,73.430000,48.647300,2.488800,121.073200,4,creep,Static,973
2026-06-01 03:16:14,0.100000,0.000000,0.000000,1.978600,0.001000,73.430000,48.639000,2.390700,116.281400,4,creep,Static,974
2026-06-01 03:16:15,0.100000,0.000000,0.000000,1.978600,0.001000,73.406000,48.634000,2.414700,117.435800,4,creep,Static,975
2026-06-01 03:16:16,0.000000,0.500000,-0.086580,-0.045864,0.000000,73.369091,48.603818,2.682909,130.399091,4,creep,Static,976
2026-06-01 03:16:17,0.000000,0.500000,0.000000,0.000000,0.000000,73.393333,48.614667,2.878556,139.939000,4,creep,Static,977
2026-06-01 03:16:18,0.000000,0.500000,0.000000,0.000000,0.000000,73.370000,48.599000,2.970000,144.338800,4,creep,Static,978
2026-06-01 03:16:19,0.069700,0.150000,0.095238,1.413460,0.000710,73.354000,48.619900,2.825600,137.380300,4,creep,Static,979
2026-06-01 03:16:20,0.100000,0.000000,0.000000,1.978600,0.001000,73.330000,48.628600,2.526000,122.835800,4,creep,Static,980
2026-06-01 03:16:21,0.100000,0.000000,0.000000,1.978600,0.001000,73.330000,48.641800,2.416700,117.552400,4,creep,Static,981
2026-06-01 03:16:22,0.030000,0.000000,-0.095238,0.593580,0.000300,73.325000,48.659500,1.869700,90.971900,4,creep,Static,982
2026-06-01 03:16:23,-0.060000,0.000000,-0.095238,1.152780,0.000580,73.320000,48.690000,1.424800,69.373300,4,creep,Static,983
2026-06-01 03:16:24,-0.100000,0.000000,0.000000,1.978600,0.001000,73.320000,48.653100,2.014200,97.997100,4,creep,Static,984
2026-06-01 03:16:25,-0.100000,0.000000,0.000000,1.978600,0.001000,73.320000,48.640700,2.265700,110.204000,4,creep,Static,985
2026-06-01 03:16:26,-0.040000,0.000000,0.095238,0.791440,0.000400,73.320000,48.642000,1.893400,92.098300,4,creep,Static,986
2026-06-01 03:16:27,0.050060,0.000000,0.118905,1.033220,0.000520,73.320000,48.680600,1.348300,65.632100,4,creep,Static,987
2026-06-01 03:16:28,0.100000,0.000000,0.000000,1.978600,0.001000,73.316000,48.652600,1.974300,96.054100,4,creep,Static,988
2026-06-01 03:16:29,0.100000,0.000000,0.000000,1.978600,0.001000,73.310000,48.621700,2.275700,110.647400,4,creep,Static,989
2026-06-01 03:16:30,0.100000,0.000000,0.000000,1.978600,0.001000,73.310000,48.620500,2.336700,113.610900,4,creep,Static,990
2026-06-01 03:16:31,0.060000,0.200000,-0.095238,1.136710,0.000600,73.310000,48.615400,2.447400,118.981100,4,creep,Static,991
2026-06-01 03:16:32,0.000000,0.500000,0.000000,0.000000,0.000000,73.309000,48.607300,2.790300,135.629200,4,creep,Static,992
2026-06-01 03:16:33,0.000000,0.500000,0.000000,0.000000,0.000000,73.300000,48.602200,2.919800,141.908300,4,creep,Static,993
2026-06-01 03:16:34,0.020000,0.400000,0.095238,0.430100,0.000220,73.300000,48.589400,2.952800,143.475600,4,creep,Static,994
2026-06-01 03:16:35,0.100000,0.000000,0.000000,1.978600,0.001000,73.300000,48.610100,2.624900,127.596200,4,creep,Static,995
2026-06-01 03:16:36,0.100000,0.000000,0.000000,1.978600,0.001000,73.297000,48.625100,2.477300,120.458700,4,creep,Static,996
2026-06-01 03:16:37,0.100000,0.000000,0.000000,1.978600,0.001000,73.290000,48.611800,2.408900,117.100100,4,creep,Static,997
2026-06-01 03:16:38,0.090000,0.050000,-0.095238,1.730290,0.000900,73.290000,48.624200,2.390800,116.250900,4,creep,Static,998
2026-06-01 03:16:39,0.000000,0.500000,0.000000,0.000000,0.000000,73.290000,48.616600,2.681300,130.355900,4,creep,Static,999
2026-06-01 03:16:40,0.000000,0.500000,0.000000,0.000000,0.000000,73.288000,48.576500,2.928200,142.242400,4,creep,Static,1000
2026-06-01 03:16:41,0.000000,0.500000,0.000000,0.000000,0.000000,73.280000,48.592100,2.935300,142.631800,4,creep,Static,1001
2026-06-01 03:16:42,0.080060,0.095000,0.118905,1.627090,0.000820,73.280000,48.600100,2.783100,135.257100,4,creep,Static,1002
2026-06-01 03:16:43,0.100000,0.000000,0.000000,1.978600,0.001000,73.280000,48.624800,2.481300,120.653100,4,creep,Static,1003
2026-06-01 03:16:44,0.100000,0.000000,0.000000,1.978600,0.001000,73.276000,48.643000,2.413200,117.385200,4,creep,Static,1004
2026-06-01 03:16:45,0.100000,0.000000,0.000000,1.978600,0.001000,73.270000,48.615400,2.378600,115.636700,4,creep,Static,1005
2026-06-01 03:16:46,0.029000,0.355000,-0.095238,0.524940,0.000290,73.270000,48.623900,2.571300,125.027400,4,creep,Static,1006
2026-06-01 03:16:47,0.000000,0.500000,0.000000,0.000000,0.000000,73.270000,48.600500,2.828000,137.441900,4,creep,Static,1007
2026-06-01 03:16:48,0.000000,0.500000,0.000000,0.000000,0.000000,73.266000,48.589000,2.934900,142.603500,4,creep,Static,1008
2026-06-01 03:16:49,0.040000,0.300000,0.095238,0.825820,0.000420,73.260000,48.592500,2.875000,139.703700,4,creep,Static,1009
2026-06-01 03:16:50,0.100000,0.000000,0.000000,1.978600,0.001000,73.260000,48.608200,2.601300,126.443900,4,creep,Static,1010
2026-06-01 03:16:51,0.100000,0.000000,0.000000,1.978600,0.001000,73.260000,48.621000,2.464300,119.817200,4,creep,Static,1011
2026-06-01 03:16:52,0.100000,0.000000,0.000000,1.978600,0.001000,73.256000,48.622400,2.401800,116.780900,4,creep,Static,1012
2026-06-01 03:16:53,0.060000,0.200000,-0.095238,1.136710,0.000600,73.250000,48.609100,2.481900,120.641900,4,creep,Static,1013
2026-06-01 03:16:54,0.000000,0.500000,0.000000,0.000000,0.000000,73.250000,48.615200,2.774100,134.862700,4,creep,Static,1014
2026-06-01 03:16:55,0.000000,0.500000,0.000000,0.000000,0.000000,73.250000,48.607700,2.951000,143.440500,4,creep,Static,1015
2026-06-01 03:16:56,0.010180,0.440000,0.118619,0.243840,0.000120,73.244000,48.603600,2.951600,143.458400,4,creep,Static,1016
2026-06-01 03:16:57,0.100000,0.000000,0.000000,1.978600,0.001000,73.240000,48.603800,2.667500,129.650800,4,creep,Static,1017
2026-06-01 03:16:58,0.100000,0.000000,0.000000,1.978600,0.001000,73.240000,48.604500,2.500000,121.510700,4,creep,Static,1018
2026-06-01 03:16:59,0.100000,0.000000,0.000000,1.978600,0.001000,73.240000,48.609900,2.389700,116.163500,4,creep,Static,1019
2026-06-01 03:17:00,0.000000,0.000000,-0.095238,0.000000,0.000000,73.237000,48.672800,1.557100,75.783300,4,creep,Static,1020
2026-06-01 03:17:01,-0.100000,0.000000,-0.095238,1.944220,0.000980,73.230000,48.622300,1.717900,83.526400,4,creep,Static,1021
2026-06-01 03:17:02,-0.100000,0.000000,0.000000,1.978600,0.001000,73.230000,48.631700,2.167100,105.390800,4,creep,Static,1022
2026-06-01 03:17:03,-0.100000,0.000000,0.000000,1.978600,0.001000,73.230000,48.620700,2.320200,112.809200,4,creep,Static,1023
2026-06-01 03:17:04,-0.010000,0.000000,0.095238,0.197860,0.000100,73.230000,48.658100,1.568300,76.302400,4,creep,Static,1024
2026-06-01 03:17:05,0.090000,0.000000,0.095238,1.815120,0.000920,73.230000,48.648000,1.632300,79.404500,4,creep,Static,1025
2026-06-01 03:17:06,0.100000,0.000000,0.000000,1.978600,0.001000,73.225000,48.639300,2.166400,105.371100,4,creep,Static,1026
2026-06-01 03:17:07,0.100000,0.000000,0.000000,1.978600,0.001000,73.220000,48.632100,2.304300,112.062100,4,creep,Static,1027
2026-06-01 03:17:08,0.100000,0.000000,0.000000,1.978600,0.001000,73.220000,48.628400,2.330700,113.338300,4,creep,Static,1028
2026-06-01 03:17:09,0.010000,0.450000,-0.095238,0.147410,0.000100,73.220000,48.597800,2.600300,126.368300,4,creep,Static,1029
2026-06-01 03:17:10,0.000000,0.500000,0.000000,0.000000,0.000000,73.217000,48.591300,2.857200,138.836400,4,creep,Static,1030
2026-06-01 03:17:11,0.000000,0.500000,0.000000,0.000000,0.000000,73.210000,48.580600,2.965300,144.055600,4,creep,Static,1031
2026-06-01 03:17:12,0.060060,0.195000,0.118905,1.231130,0.000620,73.210000,48.590200,2.862800,139.105000,4,creep,Static,1032
2026-06-01 03:17:13,0.100000,0.000000,0.000000,1.978600,0.001000,73.210000,48.587500,2.544300,123.620500,4,creep,Static,1033
2026-06-01 03:17:14,0.100000,0.000000,0.000000,1.978600,0.001000,73.205000,48.612300,2.424800,117.876300,4,creep,Static,1034
2026-06-01 03:17:15,0.100000,0.000000,0.000000,1.978600,0.001000,73.200000,48.614600,2.415200,117.413700,4,creep,Static,1035
2026-06-01 03:17:16,0.050000,0.250000,-0.095238,0.938850,0.000500,73.200000,48.619500,2.499700,121.531900,4,creep,Static,1036
2026-06-01 03:17:17,0.000000,0.500000,0.000000,0.000000,0.000000,73.200000,48.587500,2.797000,135.898600,4,creep,Static,1037
2026-06-01 03:17:18,0.000000,0.500000,0.000000,0.000000,0.000000,73.195000,48.568800,2.936200,142.608000,4,creep,Static,1038
2026-06-01 03:17:19,0.020000,0.400000,0.095238,0.430100,0.000220,73.190000,48.583700,2.948100,143.228900,4,creep,Static,1039
2026-06-01 03:17:20,0.100000,0.000000,0.000000,1.978600,0.001000,73.190000,48.607600,2.606400,126.689900,4,creep,Static,1040
2026-06-01 03:17:21,0.100000,0.000000,0.000000,1.978600,0.001000,73.190000,48.621400,2.502100,121.655300,4,creep,Static,1041
2026-06-01 03:17:22,0.100000,0.000000,0.000000,1.978600,0.001000,73.184000,48.611700,2.390400,116.200900,4,creep,Static,1042
2026-06-01 03:17:23,0.080000,0.100000,-0.095238,1.532430,0.000800,73.180000,48.607100,2.430900,118.158500,4,creep,Static,1043
2026-06-01 03:17:24,0.000000,0.500000,0.000000,0.000000,0.000000,73.180000,48.583400,2.703300,131.335900,4,creep,Static,1044
2026-06-01 03:17:25,0.000000,0.500000,0.000000,0.000000,0.000000,73.180000,48.603400,2.921500,141.995100,4,creep,Static,1045
2026-06-01 03:17:26,0.000000,0.500000,0.000000,0.000000,0.000000,73.174000,48.579800,2.934100,142.538400,4,creep,Static,1046
2026-06-01 03:17:27,0.090180,0.040000,0.118619,1.826690,0.000920,73.170000,48.591600,2.723000,132.313600,4,creep,Static,1047
2026-06-01 03:17:28,0.100000,0.000000,0.000000,1.978600,0.001000,73.170000,48.593800,2.524900,122.694700,4,creep,Static,1048
2026-06-01 03:17:29,0.100000,0.000000,0.000000,1.978600,0.001000,73.170000,48.624500,2.415800,117.466300,4,creep,Static,1049
2026-06-01 03:17:30,0.100000,0.000000,0.000000,1.978600,0.001000,73.164000,48.599700,2.369700,115.166900,4,creep,Static,1050
2026-06-01 03:17:31,0.018000,0.410000,-0.095238,0.305700,0.000170,73.176000,48.610400,2.563300,124.600800,4,creep,Static,1051
2026-06-01 03:17:32,0.000000,0.500000,0.000000,0.000000,0.000000,73.232000,48.585700,2.867000,139.295100,4,creep,Static,1052
2026-06-01 03:17:33,0.000000,0.500000,0.000000,0.000000,0.000000,73.176000,48.588000,2.929900,142.357800,4,creep,Static,1053
2026-06-01 03:17:34,0.052700,0.205000,0.095238,1.076730,0.000540,73.230000,48.601000,2.895500,140.723600,4,creep,Static,1054
2026-06-01 03:17:35,0.100000,0.000000,0.000000,1.978600,0.001000,73.230000,48.611000,2.545000,123.713600,4,creep,Static,1055
2026-06-01 03:17:36,0.100000,0.000000,0.000000,1.978600,0.001000,73.230000,48.611333,2.477778,120.448444,4,creep,Static,1056
2026-06-01 03:17:37,0.045455,0.000000,-0.086580,0.899364,0.000455,73.230000,48.615182,2.107909,102.472636,4,creep,Static,1057
2026-06-01 03:17:38,-0.059000,0.000000,-0.116667,1.125250,0.000570,73.230000,48.676600,1.430700,69.640800,4,creep,Static,1058
2026-06-01 03:17:39,-0.100000,0.000000,0.000000,1.978600,0.001000,73.228000,48.620200,1.973200,95.938500,4,creep,Static,1059
2026-06-01 03:17:40,-0.100000,0.000000,0.000000,1.978600,0.001000,73.220000,48.633200,2.250400,109.445700,4,creep,Static,1060
2026-06-01 03:17:41,-0.055500,0.000000,0.095238,1.098120,0.000550,73.220000,48.637200,2.074200,100.876900,4,creep,Static,1061
2026-06-01 03:17:42,0.039667,0.000000,0.117196,0.827156,0.000422,73.220000,48.669000,1.333333,64.891889,4,creep,Static,1062
2026-06-01 03:17:43,0.100000,0.000000,0.000000,1.978600,0.001000,73.220000,48.638700,1.908800,92.840500,4,creep,Static,1063
2026-06-01 03:17:44,0.100000,0.000000,0.000000,1.978600,0.001000,73.220000,48.614700,2.251600,109.461400,4,creep,Static,1064
2026-06-01 03:17:45,0.100000,0.000000,0.000000,1.978600,0.001000,73.213000,48.612000,2.340700,113.786300,4,creep,Static,1065
2026-06-01 03:17:46,0.070000,0.150000,-0.095238,1.334570,0.000700,73.210000,48.611900,2.393300,116.341600,4,creep,Static,1066
2026-06-01 03:17:47,0.000000,0.500000,0.000000,0.000000,0.000000,73.210000,48.590455,2.748364,133.541818,4,creep,Static,1067
2026-06-01 03:17:48,0.000000,0.500000,0.000000,0.000000,0.000000,73.201000,48.601100,2.894800,140.689800,4,creep,Static,1068
2026-06-01 03:17:49,0.004333,0.444444,0.051587,0.104367,0.000056,73.183333,48.599444,2.957222,143.718444,4,creep,Static,1069
2026-06-01 03:17:50,0.100000,0.000000,0.052814,1.997664,0.001009,73.200000,48.603091,2.683000,130.402455,4,creep,Static,1070
2026-06-01 03:17:51,0.100000,0.000000,0.000000,1.978600,0.001000,73.200000,48.599000,2.472333,120.152778,4,creep,Static,1071
2026-06-01 03:17:52,0.100000,0.000000,0.000000,1.978600,0.001000,73.200000,48.612900,2.378800,115.640400,4,creep,Static,1072
2026-06-01 03:17:53,0.081818,0.090909,-0.086580,1.572991,0.000818,73.192727,48.621182,2.415364,117.437455,4,creep,Static,1073
2026-06-01 03:17:54,0.000000,0.500000,0.000000,0.000000,0.000000,73.190000,48.606000,2.707100,131.580400,4,creep,Static,1074
2026-06-01 03:17:55,0.000000,0.500000,0.000000,0.000000,0.000000,73.190000,48.571111,2.895444,140.634222,4,creep,Static,1075
2026-06-01 03:17:56,0.000000,0.500000,0.000000,0.000000,0.000000,73.189091,48.586091,2.986909,145.122091,4,creep,Static,1076
2026-06-01 03:17:57,0.094500,0.000000,0.095238,1.900750,0.000960,73.172000,48.581500,2.763100,134.235300,4,creep,Static,1077
2026-06-01 03:17:58,0.100000,0.000000,0.000000,1.978600,0.001000,73.164000,48.604700,2.483400,120.704400,4,creep,Static,1078
2026-06-01 03:17:59,0.100000,0.000000,0.000000,1.978600,0.001000,73.172000,48.608000,2.398300,116.575900,4,creep,Static,1079
2026-06-01 03:18:00,0.100000,0.000000,0.000000,1.978600,0.001000,73.180000,48.603200,2.381700,115.757400,4,creep,Static,1080
2026-06-01 03:18:01,0.000000,0.500000,-0.105820,-0.056056,0.000000,73.171111,48.584111,2.624000,127.484222,4,creep,Static,1081
2026-06-01 03:18:02,0.000000,0.500000,0.000000,0.000000,0.000000,73.170000,48.601100,2.876100,139.781700,4,creep,Static,1082
2026-06-01 03:18:03,0.000000,0.500000,0.000000,0.000000,0.000000,73.170000,48.590091,2.940091,142.859545,4,creep,Static,1083
2026-06-01 03:18:04,0.065700,0.150000,0.095238,1.330000,0.000670,73.167000,48.595600,2.824300,137.246800,4,creep,Static,1084
2026-06-01 03:18:05,0.100000,0.000000,0.000000,1.978600,0.001000,73.160000,48.585500,2.559200,124.339400,4,creep,Static,1085
2026-06-01 03:18:06,0.100000,0.000000,0.000000,1.978600,0.001000,73.160000,48.628100,2.439900,118.647700,4,creep,Static,1086
2026-06-01 03:18:07,0.100000,0.000000,0.000000,1.978600,0.001000,73.160000,48.615444,2.406778,117.006222,4,creep,Static,1087
2026-06-01 03:18:08,0.040000,0.300000,-0.119048,0.728370,0.000400,73.151000,48.607000,2.498800,121.456500,4,creep,Static,1088
2026-06-01 03:18:09,0.000000,0.500000,0.000000,0.000000,0.000000,73.135000,48.575900,2.831100,137.523500,4,creep,Static,1089
2026-06-01 03:18:10,0.000000,0.500000,0.000000,0.000000,0.000000,73.094000,48.583500,2.974600,144.516800,4,creep,Static,1090
2026-06-01 03:18:11,0.029700,0.350000,0.118333,0.630360,0.000320,73.134000,48.593900,2.966100,144.133500,4,creep,Static,1091
2026-06-01 03:18:12,0.100000,0.000000,0.000000,1.978600,0.001000,73.138000,48.597100,2.627500,127.687300,4,creep,Static,1092
2026-06-01 03:18:13,0.100000,0.000000,0.000000,1.978600,0.001000,73.132000,48.599800,2.466400,119.866000,4,creep,Static,1093
2026-06-01 03:18:14,0.080000,0.000000,-0.095238,1.582880,0.000800,73.132000,48.600800,2.370000,115.182900,4,creep,Static,1094
2026-06-01 03:18:15,-0.010000,0.000000,-0.119048,0.154880,0.000080,73.108000,48.658700,1.429100,69.535100,4,creep,Static,1095
2026-06-01 03:18:16,-0.100000,0.000000,0.000000,1.978600,0.001000,73.068000,48.647200,1.774900,86.339900,4,creep,Static,1096
2026-06-01 03:18:17,-0.100000,0.000000,0.000000,1.978600,0.001000,73.059000,48.615500,2.181000,106.030000,4,creep,Static,1097
2026-06-01 03:18:18,-0.100000,0.000000,0.000000,1.978600,0.001000,73.074000,48.607700,2.259900,109.848000,4,creep,Static,1098
2026-06-01 03:18:19,0.000000,0.000000,0.095238,0.000000,0.000000,73.058000,48.653500,1.527400,74.312600,4,creep,Static,1099
2026-06-01 03:18:20,0.100000,0.000000,0.095238,2.012980,0.001020,73.058000,48.635200,1.714400,83.379500,4,creep,Static,1100
2026-06-01 03:18:21,0.100000,0.000000,0.000000,1.978600,0.001000,73.074000,48.626100,2.148400,104.465800,4,creep,Static,1101
2026-06-01 03:18:22,0.100000,0.000000,0.000000,1.978600,0.001000,73.044000,48.603800,2.279200,110.778400,4,creep,Static,1102
2026-06-01 03:18:23,0.100000,0.000000,0.000000,1.978600,0.001000,73.048000,48.609300,2.331100,113.312800,4,creep,Static,1103
2026-06-01 03:18:24,0.000000,0.500000,-0.095238,-0.050450,0.000000,73.040000,48.566900,2.641200,128.273900,4,creep,Static,1104
2026-06-01 03:18:25,0.000000,0.500000,0.000000,0.000000,0.000000,73.040000,48.556800,2.884700,140.071700,4,creep,Static,1105
2026-06-01 03:18:26,0.000000,0.500000,0.000000,0.000000,0.000000,73.034000,48.581200,2.968200,144.196900,4,creep,Static,1106
2026-06-01 03:18:27,0.070000,0.150000,0.119048,1.427990,0.000720,73.030000,48.576600,2.804100,136.211300,4,creep,Static,1107
2026-06-01 03:18:28,0.100000,0.000000,0.000000,1.978600,0.001000,73.030000,48.586900,2.507300,121.821300,4,creep,Static,1108
2026-06-01 03:18:29,0.100000,0.000000,0.000000,1.978600,0.001000,73.030000,48.608300,2.435400,118.380800,4,creep,Static,1109
2026-06-01 03:18:30,0.100000,0.000000,0.000000,1.978600,0.001000,73.024000,48.585600,2.419200,117.537900,4,creep,Static,1110
2026-06-01 03:18:31,0.040000,0.300000,-0.095238,0.740990,0.000400,73.020000,48.571000,2.532600,123.011400,4,creep,Static,1111
2026-06-01 03:18:32,0.000000,0.500000,0.000000,0.000000,0.000000,73.020000,48.575000,2.828800,137.409100,4,creep,Static,1112
2026-06-01 03:18:33,0.000000,0.500000,0.000000,0.000000,0.000000,73.020000,48.569800,2.952300,143.391700,4,creep,Static,1113
2026-06-01 03:18:34,0.030000,0.350000,0.095238,0.627960,0.000320,73.012000,48.571200,2.908300,141.260800,4,creep,Static,1114
2026-06-01 03:18:35,0.100000,0.000000,0.000000,1.978600,0.001000,73.010000,48.591900,2.591500,125.926800,4,creep,Static,1115
2026-06-01 03:18:36,0.100000,0.000000,0.000000,1.978600,0.001000,73.010000,48.582400,2.428000,117.958100,4,creep,Static,1116
2026-06-01 03:18:37,0.100000,0.000000,0.000000,1.978600,0.001000,73.010000,48.592200,2.394400,116.349400,4,creep,Static,1117
2026-06-01 03:18:38,0.080000,0.100000,-0.095238,1.532430,0.000800,73.004000,48.603100,2.391600,116.238400,4,creep,Static,1118
2026-06-01 03:18:39,0.000000,0.500000,0.000000,0.000000,0.000000,73.000000,48.561700,2.741800,133.147000,4,creep,Static,1119
2026-06-01 03:18:40,0.000000,0.500000,0.000000,0.000000,0.000000,73.000000,48.562800,2.911300,141.380500,4,creep,Static,1120
2026-06-01 03:18:41,0.000060,0.495000,0.000571,0.001250,0.000000,73.000000,48.566800,2.938400,142.707700,4,creep,Static,1121
2026-06-01 03:18:42,0.100000,0.000000,0.118333,2.021320,0.001020,72.991000,48.577700,2.703500,131.328100,4,creep,Static,1122
2026-06-01 03:18:43,0.100000,0.000000,0.000000,1.978600,0.001000,72.990000,48.604600,2.477500,120.418100,4,creep,Static,1123
2026-06-01 03:18:44,0.100000,0.000000,0.000000,1.978600,0.001000,72.990000,48.587200,2.416700,117.421000,4,creep,Static,1124
2026-06-01 03:18:45,0.100000,0.000000,0.000000,1.978600,0.001000,72.990000,48.601000,2.413900,117.317900,4,creep,Static,1125
2026-06-01 03:18:46,0.010000,0.450000,-0.095238,0.147410,0.000100,72.983000,48.575200,2.604500,126.512700,4,creep,Static,1126
2026-06-01 03:18:47,0.000000,0.500000,0.000000,0.000000,0.000000,72.980000,48.576800,2.859700,138.915200,4,creep,Static,1127
2026-06-01 03:18:48,0.000000,0.500000,0.000000,0.000000,0.000000,72.980000,48.552800,2.965300,143.974000,4,creep,Static,1128
2026-06-01 03:18:49,0.070000,0.150000,0.095238,1.419400,0.000720,72.980000,48.572300,2.800900,136.044100,4,creep,Static,1129
2026-06-01 03:18:50,0.100000,0.000000,0.000000,1.978600,0.001000,72.970000,48.587700,2.559500,124.359900,4,creep,Static,1130
2026-06-01 03:18:51,0.100000,0.000000,0.000000,1.978600,0.001000,72.970000,48.586800,2.408700,117.030000,4,creep,Static,1131
2026-06-01 03:18:52,0.040000,0.000000,-0.095238,0.791440,0.000400,72.970000,48.619700,1.977300,96.127000,4,creep,Static,1132
2026-06-01 03:18:53,-0.060000,0.000000,-0.095238,1.152780,0.000580,72.970000,48.641100,1.479900,71.982400,4,creep,Static,1133
2026-06-01 03:18:54,-0.100000,0.000000,0.000000,1.978600,0.001000,72.970000,48.610200,2.028400,98.600300,4,creep,Static,1134
2026-06-01 03:18:55,-0.100000,0.000000,0.000000,1.978600,0.001000,72.961000,48.595000,2.282500,110.918200,4,creep,Static,1135
2026-06-01 03:18:56,-0.050000,0.000000,0.095238,0.989300,0.000500,72.960000,48.601500,2.000800,97.240300,4,creep,Static,1136
2026-06-01 03:18:57,0.040000,0.000000,0.095238,0.825820,0.000420,72.960000,48.655100,1.300200,63.260700,4,creep,Static,1137
2026-06-01 03:18:58,0.100000,0.000000,0.000000,1.978600,0.001000,72.960000,48.599600,1.948600,94.698900,4,creep,Static,1138
2026-06-01 03:18:59,0.100000,0.000000,0.000000,1.978600,0.001000,72.960000,48.577400,2.237900,108.711600,4,creep,Static,1139
2026-06-01 03:19:00,0.100000,0.000000,0.000000,1.978600,0.001000,72.955000,48.591500,2.335300,113.475100,4,creep,Static,1140
2026-06-01 03:19:01,0.060000,0.200000,-0.095238,1.136710,0.000600,72.950000,48.581700,2.450000,119.024900,4,creep,Static,1141
2026-06-01 03:19:02,0.000000,0.500000,0.000000,0.000000,0.000000,72.950000,48.574800,2.813700,136.675000,4,creep,Static,1142
2026-06-01 03:19:03,0.000000,0.500000,0.000000,0.000000,0.000000,72.950000,48.558600,2.891200,140.391900,4,creep,Static,1143
2026-06-01 03:19:04,0.020000,0.400000,0.095238,0.430100,0.000220,72.943000,48.574600,2.935400,142.585800,4,creep,Static,1144
2026-06-01 03:19:05,0.100000,0.000000,0.000000,1.978600,0.001000,72.940000,48.578800,2.644900,128.484600,4,creep,Static,1145
2026-06-01 03:19:06,0.100000,0.000000,0.000000,1.978600,0.001000,72.940000,48.580200,2.476400,120.304700,4,creep,Static,1146
2026-06-01 03:19:07,0.100000,0.000000,0.000000,1.978600,0.001000,72.940000,48.584200,2.397500,116.480600,4,creep,Static,1147
2026-06-01 03:19:08,0.090000,0.050000,-0.095238,1.730290,0.000900,72.934000,48.579100,2.397700,116.478200,4,creep,Static,1148
2026-06-01 03:19:09,0.000000,0.500000,0.000000,0.000000,0.000000,72.930000,48.573300,2.712300,131.745200,4,creep,Static,1149
2026-06-01 03:19:10,0.000000,0.500000,0.000000,0.000000,0.000000,72.930000,48.557900,2.910000,141.302100,4,creep,Static,1150
2026-06-01 03:19:11,0.000000,0.500000,0.000000,0.000000,0.000000,72.930000,48.571500,2.968100,144.164700,4,creep,Static,1151
2026-06-01 03:19:12,0.090000,0.050000,0.095238,1.815120,0.000920,72.921000,48.567400,2.747000,133.414900,4,creep,Static,1152
2026-06-01 03:19:13,0.100000,0.000000,0.000000,1.978600,0.001000,72.920000,48.585100,2.441300,118.610100,4,creep,Static,1153
2026-06-01 03:19:14,0.100000,0.000000,0.000000,1.978600,0.001000,72.920000,48.583300,2.394200,116.318000,4,creep,Static,1154
2026-06-01 03:19:15,0.100000,0.000000,0.000000,1.978600,0.001000,72.920000,48.587700,2.393700,116.304500,4,creep,Static,1155
2026-06-01 03:19:16,0.020000,0.400000,-0.095238,0.345270,0.000200,72.914000,48.570400,2.577800,125.205200,4,creep,Static,1156
2026-06-01 03:19:17,0.000000,0.500000,0.000000,0.000000,0.000000,72.910000,48.551600,2.854500,138.590100,4,creep,Static,1157
2026-06-01 03:19:18,0.000000,0.500000,0.000000,0.000000,0.000000,72.910000,48.552200,2.983300,144.845000,4,creep,Static,1158
2026-06-01 03:19:19,0.060000,0.200000,0.095238,1.221540,0.000620,72.910000,48.572100,2.829200,137.419100,4,creep,Static,1159
2026-06-01 03:19:20,0.100000,0.000000,0.000000,1.978600,0.001000,72.900000,48.573200,2.564900,124.584100,4,creep,Static,1160
2026-06-01 03:19:21,0.100000,0.000000,0.000000,1.978600,0.001000,72.900000,48.585400,2.435100,118.310400,4,creep,Static,1161
2026-06-01 03:19:22,0.100000,0.000000,0.000000,1.978600,0.001000,72.900000,48.578900,2.426800,117.891700,4,creep,Static,1162
2026-06-01 03:19:23,0.040000,0.300000,-0.095238,0.740990,0.000400,72.900000,48.595800,2.505400,121.752200,4,creep,Static,1163
2026-06-01 03:19:24,0.000000,0.500000,0.000000,0.000000,0.000000,72.892000,48.568400,2.823300,137.122300,4,creep,Static,1164
2026-06-01 03:19:25,0.000000,0.500000,0.000000,0.000000,0.000000,72.890000,48.571200,2.957000,143.625000,4,creep,Static,1165
2026-06-01 03:19:26,0.030000,0.350000,0.095238,0.627960,0.000320,72.890000,48.572300,2.886200,140.189500,4,creep,Static,1166
2026-06-01 03:19:27,0.100000,0.000000,0.000000,1.978600,0.001000,72.889000,48.576600,2.623200,127.424700,4,creep,Static,1167
2026-06-01 03:19:28,0.100000,0.000000,0.000000,1.978600,0.001000,72.880000,48.584000,2.472900,120.143400,4,creep,Static,1168
2026-06-01 03:19:29,0.080000,0.000000,-0.119048,1.582880,0.000800,72.880000,48.592200,2.272400,110.418400,4,creep,Static,1169
2026-06-01 03:19:30,-0.010000,0.000000,-0.095238,0.163480,0.000080,72.880000,48.651900,1.393000,67.769000,4,creep,Static,1170
2026-06-01 03:19:31,-0.100000,0.000000,0.000000,1.978600,0.001000,72.880000,48.622300,1.776000,86.350700,4,creep,Static,1171
2026-06-01 03:19:32,-0.100000,0.000000,0.000000,1.978600,0.001000,72.880000,48.611700,2.141800,104.115500,4,creep,Static,1172
2026-06-01 03:19:33,-0.100000,0.000000,0.000000,1.978600,0.001000,72.872000,48.577700,2.287000,111.096200,4,creep,Static,1173
2026-06-01 03:19:34,0.000000,0.000000,0.119048,0.000000,0.000000,72.870000,48.643600,1.458500,70.944500,4,creep,Static,1174
2026-06-01 03:19:35,0.090000,0.000000,0.095238,1.815120,0.000920,72.870000,48.619200,1.623700,78.936300,4,creep,Static,1175
2026-06-01 03:19:36,0.100000,0.000000,0.000000,1.978600,0.001000,72.870000,48.596900,2.112400,102.656400,4,creep,Static,1176
2026-06-01 03:19:37,0.100000,0.000000,0.000000,1.978600,0.001000,72.870000,48.575500,2.299800,111.713700,4,creep,Static,1177
2026-06-01 03:19:38,0.100000,0.000000,0.000000,1.978600,0.001000,72.866000,48.589400,2.354800,114.419100,4,creep,Static,1178
2026-06-01 03:19:39,0.020000,0.400000,-0.095238,0.345270,0.000200,72.868000,48.577800,2.618600,127.204300,4,creep,Static,1179
2026-06-01 03:19:40,0.000000,0.500000,0.000000,0.000000,0.000000,72.860000,48.548300,2.862900,138.988800,4,creep,Static,1180
2026-06-01 03:19:41,0.000000,0.500000,0.000000,0.000000,0.000000,72.860000,48.563400,2.934300,142.499600,4,creep,Static,1181
2026-06-01 03:19:42,0.060180,0.190000,0.118619,1.233110,0.000620,72.853000,48.560700,2.831500,137.497800,4,creep,Static,1182
2026-06-01 03:19:43,0.100000,0.000000,0.000000,1.978600,0.001000,72.850000,48.569000,2.573800,125.007400,4,creep,Static,1183
2026-06-01 03:19:44,0.100000,0.000000,0.000000,1.978600,0.001000,72.858000,48.567300,2.434800,118.252100,4,creep,Static,1184
2026-06-01 03:19:45,0.100000,0.000000,0.000000,1.978600,0.001000,72.850000,48.588300,2.393600,116.299800,4,creep,Static,1185
2026-06-01 03:19:46,0.040000,0.300000,-0.095238,0.740990,0.000400,72.881000,48.590500,2.470800,120.058700,4,creep,Static,1186
2026-06-01 03:19:47,0.000000,0.500000,0.000000,0.000000,0.000000,72.915000,48.573100,2.807400,136.362700,4,creep,Static,1187
2026-06-01 03:19:48,0.000000,0.500000,0.000000,0.000000,0.000000,72.872000,48.560900,2.913500,141.483100,4,creep,Static,1188
2026-06-01 03:19:49,0.023900,0.350000,0.095238,0.506730,0.000260,72.912000,48.569500,2.939200,142.756400,4,creep,Static,1189
2026-06-01 03:19:50,0.100000,0.000000,0.000000,1.978600,0.001000,72.919000,48.594700,2.633400,127.968600,4,creep,Static,1190
2026-06-01 03:19:51,0.100000,0.000000,0.000000,1.978600,0.001000,72.910000,48.592100,2.449900,119.044800,4,creep,Static,1191
2026-06-01 03:19:52,0.100000,0.000000,0.000000,1.978600,0.001000,72.910000,48.591500,2.380400,115.667300,4,creep,Static,1192
2026-06-01 03:19:53,0.070000,0.150000,-0.095238,1.334570,0.000700,72.894000,48.581900,2.415500,117.348800,4,creep,Static,1193
2026-06-01 03:19:54,0.000000,0.500000,0.000000,0.000000,0.000000,72.894000,48.565300,2.758700,133.977700,4,creep,Static,1194
2026-06-01 03:19:55,0.000000,0.500000,0.000000,0.000000,0.000000,72.853000,48.558600,2.891300,140.397600,4,creep,Static,1195
2026-06-01 03:19:56,0.003900,0.450000,0.037143,0.090570,0.000050,72.884000,48.552200,2.952600,143.356200,4,creep,Static,1196
2026-06-01 03:19:57,0.100000,0.000000,0.058095,1.999570,0.001010,72.900000,48.579600,2.706400,131.476000,4,creep,Static,1197
2026-06-01 03:19:58,0.100000,0.000000,0.000000,1.978600,0.001000,72.899000,48.585200,2.476200,120.306300,4,creep,Static,1198
2026-06-01 03:19:59,0.100000,0.000000,0.000000,1.978600,0.001000,72.890000,48.589300,2.398100,116.522400,4,creep,Static,1199
2026-06-01 03:20:00,0.100000,0.000000,0.000000,1.978600,0.001000,72.890000,48.601600,2.387600,116.040900,4,creep,Static,1200
2026-06-01 03:20:01,0.001000,0.495000,-0.095238,-0.030670,0.000000,72.874000,48.579400,2.644600,128.472300,4,creep,Static,1201
2026-06-01 03:20:02,0.000000,0.500000,0.000000,0.000000,0.000000,72.872000,48.551900,2.855700,138.649900,4,creep,Static,1202
2026-06-01 03:20:03,0.000000,0.500000,0.000000,0.000000,0.000000,72.832000,48.552700,2.935000,142.501700,4,creep,Static,1203
2026-06-01 03:20:04,0.075700,0.100000,0.105476,1.535880,0.000780,72.880000,48.570300,2.801500,136.070100,4,creep,Static,1204
2026-06-01 03:20:05,0.100000,0.000000,0.000000,1.978600,0.001000,72.880000,48.587300,2.525700,122.716700,4,creep,Static,1205
2026-06-01 03:20:06,0.100000,0.000000,0.000000,1.978600,0.001000,72.878000,48.592300,2.451900,119.143400,4,creep,Static,1206
2026-06-01 03:20:07,0.030000,0.000000,-0.095238,0.593580,0.000300,72.870000,48.590900,1.975600,95.995700,4,creep,Static,1207
2026-06-01 03:20:08,-0.070000,0.000000,-0.095238,1.350640,0.000680,72.870000,48.622900,1.451600,70.581300,4,creep,Static,1208
2026-06-01 03:20:09,-0.100000,0.000000,0.000000,1.978600,0.001000,72.870000,48.617400,2.001000,97.283300,4,creep,Static,1209
2026-06-01 03:20:10,-0.100000,0.000000,0.000000,1.978600,0.001000,72.870000,48.599700,2.275500,110.588900,4,creep,Static,1210
2026-06-01 03:20:11,-0.038778,0.000000,0.118783,0.767256,0.000389,72.870000,48.605556,1.969000,95.694667,4,creep,Static,1211
2026-06-01 03:20:12,0.049545,0.000000,0.086580,1.011564,0.000509,72.867273,48.646636,1.329455,64.671182,4,creep,Static,1212
2026-06-01 03:20:13,0.100000,0.000000,0.000000,1.978600,0.001000,72.860000,48.604800,1.968300,95.668600,4,creep,Static,1213
2026-06-01 03:20:14,0.100000,0.000000,0.000000,1.978600,0.001000,72.860000,48.601000,2.209000,107.358500,4,creep,Static,1214
2026-06-01 03:20:15,0.100000,0.000000,0.000000,1.978600,0.001000,72.851111,48.582333,2.325333,112.970333,4,creep,Static,1215
2026-06-01 03:20:16,0.054545,0.227273,-0.108225,1.021900,0.000545,72.844545,48.579909,2.404727,116.822455,4,creep,Static,1216
2026-06-01 03:20:17,0.000000,0.500000,0.000000,0.000000,0.000000,72.854444,48.562889,2.825556,137.216444,4,creep,Static,1217
2026-06-01 03:20:18,0.000000,0.500000,0.000000,0.000000,0.000000,72.850000,48.546727,2.921364,141.822364,4,creep,Static,1218
2026-06-01 03:20:19,0.020956,0.388889,0.108836,0.453911,0.000222,72.850000,48.551889,2.931444,142.326333,4,creep,Static,1219
2026-06-01 03:20:20,0.100000,0.000000,0.000000,1.978600,0.001000,72.780000,48.564500,2.648700,128.632600,4,creep,Static,1220
2026-06-01 03:20:21,0.100000,0.000000,0.000000,1.978600,0.001000,72.768000,48.577000,2.450500,119.037300,4,creep,Static,1221
2026-06-01 03:20:22,0.100000,0.000000,0.000000,1.978600,0.001000,72.768000,48.582500,2.403800,116.782300,4,creep,Static,1222
2026-06-01 03:20:23,0.080000,0.100000,-0.095238,1.532430,0.000800,72.760000,48.559700,2.387500,115.936300,4,creep,Static,1223
2026-06-01 03:20:24,0.000000,0.500000,0.000000,0.000000,0.000000,72.800000,48.557700,2.747900,133.431200,4,creep,Static,1224
2026-06-01 03:20:25,0.000000,0.500000,0.000000,0.000000,0.000000,72.750000,48.545800,2.884100,140.010800,4,creep,Static,1225
2026-06-01 03:20:26,0.000000,0.500000,0.000000,0.000000,0.000000,72.830000,48.563100,2.982100,144.820500,4,creep,Static,1226
2026-06-01 03:20:27,0.100000,0.000000,0.095238,2.012980,0.001020,72.750000,48.556700,2.712800,131.722100,4,creep,Static,1227
2026-06-01 03:20:28,0.100000,0.000000,0.000000,1.978600,0.001000,72.742000,48.572600,2.474800,120.207300,4,creep,Static,1228
2026-06-01 03:20:29,0.100000,0.000000,0.000000,1.978600,0.001000,72.740000,48.578800,2.405600,116.860700,4,creep,Static,1229
2026-06-01 03:20:30,0.100000,0.000000,0.000000,1.978600,0.001000,72.740000,48.577900,2.371200,115.187800,4,creep,Static,1230
2026-06-01 03:20:31,0.010000,0.450000,-0.095238,0.147410,0.000100,72.740000,48.568500,2.617900,127.144600,4,creep,Static,1231
2026-06-01 03:20:32,0.000000,0.500000,0.000000,0.000000,0.000000,72.784000,48.571900,2.857600,138.798800,4,creep,Static,1232
2026-06-01 03:20:33,0.000000,0.500000,0.000000,0.000000,0.000000,72.762000,48.535100,2.942600,142.819200,4,creep,Static,1233
2026-06-01 03:20:34,0.069480,0.150000,0.095238,1.409110,0.000710,72.810000,48.557300,2.844400,138.113600,4,creep,Static,1234
2026-06-01 03:20:35,0.100000,0.000000,0.000000,1.978600,0.001000,72.794000,48.572300,2.584400,125.529900,4,creep,Static,1235
2026-06-01 03:20:36,0.100000,0.000000,0.000000,1.978600,0.001000,72.810000,48.552400,2.448200,118.866000,4,creep,Static,1236
2026-06-01 03:20:37,0.100000,0.000000,0.000000,1.978600,0.001000,72.801000,48.578400,2.380500,115.639500,4,creep,Static,1237
2026-06-01 03:20:38,0.040000,0.300000,-0.119048,0.728370,0.000400,72.768000,48.566500,2.508900,121.847400,4,creep,Static,1238
2026-06-01 03:20:39,0.000000,0.500000,0.000000,0.000000,0.000000,72.752000,48.553600,2.823900,137.111400,4,creep,Static,1239
2026-06-01 03:20:40,0.000000,0.500000,0.000000,0.000000,0.000000,72.720000,48.544900,2.934100,142.434800,4,creep,Static,1240
2026-06-01 03:20:41,0.030000,0.350000,0.095238,0.627960,0.000320,72.782000,48.546000,2.973200,144.335700,4,creep,Static,1241
2026-06-01 03:20:42,0.100000,0.000000,0.000000,1.978600,0.001000,72.790000,48.574800,2.612500,126.901600,4,creep,Static,1242
2026-06-01 03:20:43,0.100000,0.000000,0.000000,1.978600,0.001000,72.790000,48.558600,2.467800,119.832600,4,creep,Static,1243
2026-06-01 03:20:44,0.080000,0.000000,-0.095238,1.582880,0.000800,72.790000,48.568800,2.378100,115.501300,4,creep,Static,1244
2026-06-01 03:20:45,-0.010000,0.000000,-0.095238,0.163480,0.000080,72.764000,48.624700,1.447700,70.388700,4,creep,Static,1245
2026-06-01 03:20:46,-0.100000,0.000000,0.000000,1.978600,0.001000,72.756000,48.612800,1.709200,83.084900,4,creep,Static,1246
2026-06-01 03:20:47,-0.100000,0.000000,0.000000,1.978600,0.001000,72.724000,48.594900,2.135200,103.758800,4,creep,Static,1247
2026-06-01 03:20:48,-0.090300,0.000000,0.115476,1.786680,0.000900,72.708000,48.598900,2.209400,107.374500,4,creep,Static,1248
2026-06-01 03:20:49,0.000000,0.000000,0.002857,0.000000,0.000000,72.740000,48.613100,1.418500,68.955000,4,creep,Static,1249
2026-06-01 03:20:50,0.100000,0.000000,0.095238,2.012980,0.001020,72.717000,48.612200,1.646800,80.051700,4,creep,Static,1250
2026-06-01 03:20:51,0.100000,0.000000,0.000000,1.978600,0.001000,72.723000,48.576600,2.098700,101.947500,4,creep,Static,1251
2026-06-01 03:20:52,0.100000,0.000000,0.000000,1.978600,0.001000,72.722000,48.569500,2.284300,110.947100,4,creep,Static,1252
2026-06-01 03:20:53,0.100000,0.000000,0.000000,1.978600,0.001000,72.714000,48.577300,2.309400,112.184600,4,creep,Static,1253
2026-06-01 03:20:54,0.010000,0.450000,-0.095238,0.147410,0.000100,72.688000,48.568600,2.613200,126.919300,4,creep,Static,1254
2026-06-01 03:20:55,0.000000,0.500000,0.000000,0.000000,0.000000,72.689000,48.543800,2.839800,137.855100,4,creep,Static,1255
2026-06-01 03:20:56,0.000000,0.500000,0.000000,0.000000,0.000000,72.680000,48.550700,2.960300,143.724700,4,creep,Static,1256
2026-06-01 03:20:57,0.070600,0.130000,0.117619,1.437420,0.000730,72.680000,48.554800,2.825100,137.170400,4,creep,Static,1257
2026-06-01 03:20:58,0.100000,0.000000,0.000000,1.978600,0.001000,72.675000,48.557500,2.540400,123.354800,4,creep,Static,1258
2026-06-01 03:20:59,0.100000,0.000000,0.000000,1.978600,0.001000,72.670000,48.570400,2.416600,117.375000,4,creep,Static,1259
2026-06-01 03:21:00,0.100000,0.000000,0.000000,1.978600,0.001000,72.670000,48.565200,2.407800,116.935000,4,creep,Static,1260
2026-06-01 03:21:01,0.035000,0.325000,-0.095238,0.642050,0.000340,72.670000,48.557700,2.524400,122.577300,4,creep,Static,1261
2026-06-01 03:21:02,0.000000,0.500000,0.000000,0.000000,0.000000,72.700000,48.544500,2.846000,138.158000,4,creep,Static,1262
2026-06-01 03:21:03,0.000000,0.500000,0.000000,0.000000,0.000000,72.684000,48.537800,2.938800,142.643100,4,creep,Static,1263
2026-06-01 03:21:04,0.030900,0.325000,0.095238,0.643600,0.000320,72.668000,48.547900,2.926700,142.084600,4,creep,Static,1264
2026-06-01 03:21:05,0.100000,0.000000,0.000000,1.978600,0.001000,72.660000,48.542800,2.630000,127.666300,4,creep,Static,1265
2026-06-01 03:21:06,0.100000,0.000000,0.000000,1.978600,0.001000,72.654000,48.562500,2.430300,118.020800,4,creep,Static,1266
2026-06-01 03:21:07,0.100000,0.000000,0.000000,1.978600,0.001000,72.650000,48.571700,2.414500,117.276500,4,creep,Static,1267
2026-06-01 03:21:08,0.077000,0.115000,-0.095238,1.473060,0.000760,72.650000,48.568800,2.403200,116.720000,4,creep,Static,1268
2026-06-01 03:21:09,0.000000,0.500000,0.000000,0.000000,0.000000,72.666000,48.532200,2.741300,133.039500,4,creep,Static,1269
2026-06-01 03:21:10,0.000000,0.500000,0.000000,0.000000,0.000000,72.669000,48.540400,2.926900,142.072700,4,creep,Static,1270
2026-06-01 03:21:11,0.000000,0.500000,0.000000,0.000000,0.000000,72.680000,48.539700,2.965500,143.944400,4,creep,Static,1271
2026-06-01 03:21:12,0.090180,0.040000,0.095667,1.818340,0.000920,72.640000,48.542400,2.710400,131.569900,4,creep,Static,1272
2026-06-01 03:21:13,0.100000,0.000000,0.000000,1.978600,0.001000,72.640000,48.556900,2.521200,122.420400,4,creep,Static,1273
2026-06-01 03:21:14,0.100000,0.000000,0.000000,1.978600,0.001000,72.633000,48.547000,2.449100,118.896200,4,creep,Static,1274
2026-06-01 03:21:15,0.100000,0.000000,0.000000,1.978600,0.001000,72.630000,48.561300,2.358400,114.526600,4,creep,Static,1275
2026-06-01 03:21:16,0.004000,0.480000,-0.095238,0.028690,0.000020,72.638000,48.559900,2.629800,127.702100,4,creep,Static,1276
2026-06-01 03:21:17,0.000000,0.500000,0.000000,0.000000,0.000000,72.654000,48.557600,2.858800,138.817100,4,creep,Static,1277
2026-06-01 03:21:18,0.000000,0.500000,0.000000,0.000000,0.000000,72.623000,48.521500,2.961700,143.705000,4,creep,Static,1278
2026-06-01 03:21:19,0.060900,0.175000,0.095238,1.238290,0.000620,72.660000,48.534600,2.882600,139.904500,4,creep,Static,1279
2026-06-01 03:21:20,0.100000,0.000000,0.000000,1.978600,0.001000,72.644000,48.566700,2.537100,123.217800,4,creep,Static,1280
2026-06-01 03:21:21,0.100000,0.000000,0.000000,1.978600,0.001000,72.668000,48.578500,2.414300,117.283200,4,creep,Static,1281
2026-06-01 03:21:22,0.034000,0.000000,-0.095238,0.672720,0.000340,72.656000,48.584600,1.950200,94.743600,4,creep,Static,1282
2026-06-01 03:21:23,-0.062000,0.000000,-0.100000,1.190630,0.000610,72.626000,48.605500,1.461600,71.042200,4,creep,Static,1283
2026-06-01 03:21:24,-0.100000,0.000000,0.000000,1.978600,0.001000,72.658000,48.591400,2.018900,98.101000,4,creep,Static,1284
2026-06-01 03:21:25,-0.100000,0.000000,0.000000,1.978600,0.001000,72.650000,48.564800,2.218400,107.735600,4,creep,Static,1285
2026-06-01 03:21:26,-0.049400,0.000000,0.095238,0.978130,0.000490,72.634000,48.592500,2.006600,97.504600,4,creep,Static,1286
2026-06-01 03:21:27,0.040060,0.000000,0.095381,0.826940,0.000420,72.642000,48.630200,1.294500,62.951900,4,creep,Static,1287
2026-06-01 03:21:28,0.100000,0.000000,0.000000,1.978600,0.001000,72.655000,48.585500,1.941800,94.344900,4,creep,Static,1288
2026-06-01 03:21:29,0.100000,0.000000,0.000000,1.978600,0.001000,72.641000,48.592900,2.201300,106.967600,4,creep,Static,1289
2026-06-01 03:21:30,0.100000,0.000000,0.000000,1.978600,0.001000,72.632000,48.554700,2.296200,111.490800,4,creep,Static,1290
2026-06-01 03:21:31,0.056000,0.220000,-0.095238,1.057560,0.000550,72.624000,48.556400,2.431100,118.046300,4,creep,Static,1291
2026-06-01 03:21:32,0.000000,0.500000,0.000000,0.000000,0.000000,72.615000,48.540100,2.789000,135.378000,4,creep,Static,1292
2026-06-01 03:21:33,0.000000,0.500000,0.000000,0.000000,0.000000,72.648000,48.535700,2.887100,140.127600,4,creep,Static,1293
2026-06-01 03:21:34,0.005667,0.444444,0.053968,0.131600,0.000067,72.670000,48.556778,2.969556,144.192000,4,creep,Static,1294
2026-06-01 03:21:35,0.100000,0.000000,0.046667,1.995440,0.001010,72.670000,48.539000,2.691000,130.617200,4,creep,Static,1295
2026-06-01 03:21:36,0.100000,0.000000,0.000000,1.978600,0.001000,72.644000,48.533500,2.487000,120.702400,4,creep,Static,1296
2026-06-01 03:21:37,0.100000,0.000000,0.000000,1.978600,0.001000,72.629000,48.553700,2.401000,116.576800,4,creep,Static,1297
2026-06-01 03:21:38,0.100000,0.000000,0.000000,1.978600,0.001000,72.636000,48.557400,2.421300,117.572200,4,creep,Static,1298
2026-06-01 03:21:39,0.000000,0.500000,-0.108225,-0.057336,0.000000,72.652727,48.555091,2.657818,129.049545,4,creep,Static,1299
2026-06-01 03:21:40,0.000000,0.500000,0.000000,0.000000,0.000000,72.650000,48.539889,2.846667,138.176333,4,creep,Static,1300
2026-06-01 03:21:41,0.000000,0.500000,0.000000,0.000000,0.000000,72.652000,48.530900,2.964600,143.874900,4,creep,Static,1301
2026-06-01 03:21:42,0.078860,0.100000,0.097952,1.595680,0.000800,72.634000,48.548100,2.807100,136.277200,4,creep,Static,1302
2026-06-01 03:21:43,0.100000,0.000000,0.000000,1.978600,0.001000,72.650000,48.556500,2.555200,124.071400,4,creep,Static,1303
2026-06-01 03:21:44,0.100000,0.000000,0.000000,1.978600,0.001000,72.634000,48.567500,2.453900,119.179800,4,creep,Static,1304
2026-06-01 03:21:45,0.100000,0.000000,0.000000,1.978600,0.001000,72.576000,48.566400,2.378000,115.490100,4,creep,Static,1305
2026-06-01 03:21:46,0.030000,0.350000,-0.095238,0.543130,0.000300,72.584000,48.537200,2.543900,123.474200,4,creep,Static,1306
2026-06-01 03:21:47,0.000000,0.500000,0.000000,0.000000,0.000000,72.624000,48.541700,2.810300,136.416900,4,creep,Static,1307
2026-06-01 03:21:48,0.000000,0.500000,0.000000,0.000000,0.000000,72.606000,48.519300,2.970500,144.126300,4,creep,Static,1308
2026-06-01 03:21:49,0.048000,0.250000,0.114286,0.990980,0.000500,72.598000,48.532700,2.853300,138.479100,4,creep,Static,1309
2026-06-01 03:21:50,0.100000,0.000000,0.000000,1.978600,0.001000,72.566000,48.564300,2.554800,124.071300,4,creep,Static,1310
2026-06-01 03:21:51,0.100000,0.000000,0.000000,1.978600,0.001000,72.582000,48.547300,2.438000,118.358400,4,creep,Static,1311
2026-06-01 03:21:52,0.100000,0.000000,0.000000,1.978600,0.001000,72.569000,48.544400,2.406500,116.821600,4,creep,Static,1312
2026-06-01 03:21:53,0.060000,0.200000,-0.095238,1.136710,0.000600,72.556000,48.550500,2.474400,120.132900,4,creep,Static,1313
2026-06-01 03:21:54,0.000000,0.500000,0.000000,0.000000,0.000000,72.605455,48.532455,2.783273,135.078000,4,creep,Static,1314
2026-06-01 03:21:55,0.000000,0.500000,0.000000,0.000000,0.000000,72.575556,48.537556,2.939333,142.668556,4,creep,Static,1315
2026-06-01 03:21:56,0.019200,0.400000,0.095238,0.414270,0.000210,72.593000,48.522200,2.939900,142.651100,4,creep,Static,1316
2026-06-01 03:21:57,0.100000,0.000000,0.000000,1.978600,0.001000,72.586000,48.541500,2.648500,128.560800,4,creep,Static,1317
2026-06-01 03:21:58,0.100000,0.000000,0.000000,1.978600,0.001000,72.602000,48.562300,2.461500,119.535100,4,creep,Static,1318
2026-06-01 03:21:59,0.080000,0.000000,-0.095238,1.582880,0.000800,72.610000,48.559200,2.340500,113.652800,4,creep,Static,1319
2026-06-01 03:22:00,-0.020000,0.000000,-0.119048,0.352740,0.000180,72.585000,48.594800,1.444600,70.196100,4,creep,Static,1320
2026-06-01 03:22:01,-0.100000,0.000000,0.000000,1.978600,0.001000,72.582000,48.587300,1.833800,89.096700,4,creep,Static,1321
2026-06-01 03:22:02,-0.100000,0.000000,0.000000,1.978600,0.001000,72.584000,48.545800,2.194200,106.519100,4,creep,Static,1322
2026-06-01 03:22:03,-0.090800,0.000000,0.087619,1.796570,0.000910,72.600000,48.573600,2.288200,111.146700,4,creep,Static,1323
2026-06-01 03:22:04,0.000000,0.000000,0.007619,0.000000,0.000000,72.600000,48.591400,1.466500,71.257800,4,creep,Static,1324
2026-06-01 03:22:05,0.098000,0.000000,0.114286,1.980280,0.001000,72.592000,48.606600,1.623400,78.904900,4,creep,Static,1325
2026-06-01 03:22:06,0.100000,0.000000,0.000000,1.978600,0.001000,72.600000,48.571000,2.116200,102.785000,4,creep,Static,1326
2026-06-01 03:22:07,0.100000,0.000000,0.000000,1.978600,0.001000,72.585000,48.573100,2.255900,109.575700,4,creep,Static,1327
2026-06-01 03:22:08,0.100000,0.000000,0.000000,1.978600,0.001000,72.590000,48.546600,2.343400,113.764000,4,creep,Static,1328
2026-06-01 03:22:09,0.000000,0.500000,-0.095238,-0.050450,0.000000,72.526000,48.528100,2.665600,129.356800,4,creep,Static,1329
2026-06-01 03:22:10,0.000000,0.500000,0.000000,0.000000,0.000000,72.581000,48.537900,2.874800,139.536700,4,creep,Static,1330
2026-06-01 03:22:11,0.000000,0.500000,0.000000,0.000000,0.000000,72.516000,48.537500,2.939900,142.694700,4,creep,Static,1331
2026-06-01 03:22:12,0.078000,0.100000,0.114286,1.584560,0.000800,72.580000,48.532000,2.790700,135.438800,4,creep,Static,1332
2026-06-01 03:22:13,0.100000,0.000000,0.000000,1.978600,0.001000,72.580000,48.539500,2.551200,123.834700,4,creep,Static,1333
2026-06-01 03:22:14,0.100000,0.000000,0.000000,1.978600,0.001000,72.580000,48.555545,2.445727,118.753455,4,creep,Static,1334
2026-06-01 03:22:15,0.100000,0.000000,0.000000,1.978600,0.001000,72.572222,48.538889,2.403111,116.644444,4,creep,Static,1335
2026-06-01 03:22:16,0.020000,0.400000,-0.095238,0.345270,0.000200,72.538000,48.534600,2.561900,124.340600,4,creep,Static,1336
2026-06-01 03:22:17,0.000000,0.500000,0.000000,0.000000,0.000000,72.530000,48.535400,2.832100,137.456800,4,creep,Static,1337
2026-06-01 03:22:18,0.000000,0.500000,0.000000,0.000000,0.000000,72.509000,48.521800,2.968400,144.032000,4,creep,Static,1338
2026-06-01 03:22:19,0.050000,0.250000,0.095238,1.023680,0.000520,72.512000,48.531100,2.911100,141.278700,4,creep,Static,1339
2026-06-01 03:22:20,0.100000,0.000000,0.000000,1.978600,0.001000,72.480000,48.557700,2.542600,123.461500,4,creep,Static,1340
2026-06-01 03:22:21,0.100000,0.000000,0.000000,1.978600,0.001000,72.488000,48.560800,2.405100,116.793200,4,creep,Static,1341
2026-06-01 03:22:22,0.100000,0.000000,0.000000,1.978600,0.001000,72.475000,48.543500,2.411300,117.051400,4,creep,Static,1342
2026-06-01 03:22:23,0.050000,0.250000,-0.119048,0.926230,0.000500,72.470000,48.530600,2.479800,120.344600,4,creep,Static,1343
2026-06-01 03:22:24,0.000000,0.500000,0.000000,0.000000,0.000000,72.470000,48.522000,2.800900,135.904900,4,creep,Static,1344
2026-06-01 03:22:25,0.000000,0.500000,0.000000,0.000000,0.000000,72.470000,48.525800,2.908700,141.146900,4,creep,Static,1345
2026-06-01 03:22:26,0.020000,0.400000,0.095238,0.430100,0.000220,72.463000,48.521400,2.923000,141.827500,4,creep,Static,1346
2026-06-01 03:22:27,0.100000,0.000000,0.000000,1.978600,0.001000,72.460000,48.542900,2.635900,127.954500,4,creep,Static,1347
2026-06-01 03:22:28,0.100000,0.000000,0.000000,1.978600,0.001000,72.460000,48.544000,2.494700,121.102200,4,creep,Static,1348
2026-06-01 03:22:29,0.100000,0.000000,0.000000,1.978600,0.001000,72.460000,48.547100,2.408700,116.934700,4,creep,Static,1349
2026-06-01 03:22:30,0.090000,0.050000,-0.095238,1.730290,0.000900,72.454000,48.566700,2.415200,117.298300,4,creep,Static,1350
2026-06-01 03:22:31,0.000000,0.500000,0.000000,0.000000,0.000000,72.450000,48.516100,2.698300,130.910500,4,creep,Static,1351
2026-06-01 03:22:32,0.000000,0.500000,0.000000,0.000000,0.000000,72.458000,48.537400,2.903100,140.908100,4,creep,Static,1352
2026-06-01 03:22:33,0.000000,0.500000,0.000000,0.000000,0.000000,72.450000,48.528300,2.989200,145.061500,4,creep,Static,1353
2026-06-01 03:22:34,0.090000,0.050000,0.095238,1.815120,0.000920,72.441000,48.524900,2.712100,131.602700,4,creep,Static,1354
2026-06-01 03:22:35,0.100000,0.000000,0.000000,1.978600,0.001000,72.440000,48.546300,2.466900,119.758000,4,creep,Static,1355
2026-06-01 03:22:36,0.100000,0.000000,0.000000,1.978600,0.001000,72.440000,48.524900,2.429900,117.910300,4,creep,Static,1356
2026-06-01 03:22:37,0.010000,0.000000,-0.095238,0.197860,0.000100,72.440000,48.579300,1.591000,77.288700,4,creep,Static,1357
2026-06-01 03:22:38,-0.080000,0.000000,-0.119048,1.539900,0.000780,72.440000,48.579400,1.535100,74.571500,4,creep,Static,1358
2026-06-01 03:22:39,-0.100000,0.000000,0.000000,1.978600,0.001000,72.431000,48.560200,2.093200,101.646300,4,creep,Static,1359
2026-06-01 03:22:40,-0.100000,0.000000,0.000000,1.978600,0.001000,72.430000,48.544200,2.302500,111.772200,4,creep,Static,1360
2026-06-01 03:22:41,-0.030000,0.000000,0.095238,0.593580,0.000300,72.430000,48.558100,1.848800,89.767200,4,creep,Static,1361
2026-06-01 03:22:42,0.060000,0.000000,0.119048,1.230130,0.000620,72.430000,48.610600,1.402200,68.159000,4,creep,Static,1362
2026-06-01 03:22:43,0.100000,0.000000,0.000000,1.978600,0.001000,72.430000,48.557700,1.965100,95.420400,4,creep,Static,1363
2026-06-01 03:22:44,0.100000,0.000000,0.000000,1.978600,0.001000,72.426000,48.566500,2.236300,108.609400,4,creep,Static,1364
2026-06-01 03:22:45,0.100000,0.000000,0.000000,1.978600,0.001000,72.420000,48.537800,2.307700,112.010600,4,creep,Static,1365
2026-06-01 03:22:46,0.040000,0.300000,-0.095238,0.740990,0.000400,72.420000,48.542200,2.533100,122.963200,4,creep,Static,1366
2026-06-01 03:22:47,0.000000,0.500000,0.000000,0.000000,0.000000,72.420000,48.513100,2.809300,136.287700,4,creep,Static,1367
2026-06-01 03:22:48,0.000000,0.500000,0.000000,0.000000,0.000000,72.417000,48.513800,2.924800,141.892400,4,creep,Static,1368
2026-06-01 03:22:49,0.030000,0.350000,0.095238,0.627960,0.000320,72.410000,48.522900,2.921600,141.763000,4,creep,Static,1369
2026-06-01 03:22:50,0.100000,0.000000,0.000000,1.978600,0.001000,72.410000,48.539700,2.582000,125.329200,4,creep,Static,1370
2026-06-01 03:22:51,0.100000,0.000000,0.000000,1.978600,0.001000,72.410000,48.544600,2.438700,118.385200,4,creep,Static,1371
2026-06-01 03:22:52,0.100000,0.000000,0.000000,1.978600,0.001000,72.407000,48.535100,2.396200,116.298700,4,creep,Static,1372
2026-06-01 03:22:53,0.067000,0.165000,-0.111905,1.266370,0.000660,72.400000,48.549800,2.427100,117.835900,4,creep,Static,1373
2026-06-01 03:22:54,0.000000,0.500000,0.000000,0.000000,0.000000,72.400000,48.536700,2.778500,134.858300,4,creep,Static,1374
2026-06-01 03:22:55,0.000000,0.500000,0.000000,0.000000,0.000000,72.400000,48.505200,2.923600,141.810700,4,creep,Static,1375
2026-06-01 03:22:56,0.000180,0.490000,0.001714,0.003820,0.000000,72.395000,48.501200,2.957200,143.427500,4,creep,Static,1376
2026-06-01 03:22:57,0.100000,0.000000,0.093524,2.012360,0.001020,72.390000,48.514500,2.723300,132.118700,4,creep,Static,1377
2026-06-01 03:22:58,0.100000,0.000000,0.000000,1.978600,0.001000,72.390000,48.535700,2.467300,119.752300,4,creep,Static,1378
2026-06-01 03:22:59,0.100000,0.000000,0.000000,1.978600,0.001000,72.390000,48.532600,2.451500,118.977200,4,creep,Static,1379
2026-06-01 03:23:00,0.100000,0.000000,0.000000,1.978600,0.001000,72.386000,48.545100,2.420200,117.488900,4,creep,Static,1380
2026-06-01 03:23:01,0.009000,0.455000,-0.095238,0.127620,0.000090,72.380000,48.530500,2.628400,127.555100,4,creep,Static,1381
2026-06-01 03:23:02,0.000000,0.500000,0.000000,0.000000,0.000000,72.380000,48.519600,2.893300,140.381500,4,creep,Static,1382
2026-06-01 03:23:03,0.000000,0.500000,0.000000,0.000000,0.000000,72.380000,48.509800,2.964000,143.782700,4,creep,Static,1383
2026-06-01 03:23:04,0.060000,0.200000,0.095238,1.221540,0.000620,72.373000,48.519200,2.869700,139.233400,4,creep,Static,1384
2026-06-01 03:23:05,0.100000,0.000000,0.000000,1.978600,0.001000,72.370000,48.526100,2.555900,124.027100,4,creep,Static,1385
2026-06-01 03:23:06,0.100000,0.000000,0.000000,1.978600,0.001000,72.370000,48.544300,2.434600,118.185400,4,creep,Static,1386
2026-06-01 03:23:07,0.100000,0.000000,0.000000,1.978600,0.001000,72.370000,48.534500,2.356400,114.366200,4,creep,Static,1387
2026-06-01 03:23:08,0.037000,0.315000,-0.111905,0.672790,0.000360,72.365000,48.526400,2.523400,122.449500,4,creep,Static,1388
2026-06-01 03:23:09,0.000000,0.500000,0.000000,0.000000,0.000000,72.360000,48.515500,2.842800,137.918600,4,creep,Static,1389
2026-06-01 03:23:10,0.000000,0.500000,0.000000,0.000000,0.000000,72.360000,48.516600,2.944100,142.837800,4,creep,Static,1390
2026-06-01 03:23:11,0.030360,0.335000,0.095238,0.634360,0.000320,72.360000,48.508000,2.911100,141.210300,4,creep,Static,1391
2026-06-01 03:23:12,0.100000,0.000000,0.000000,1.978600,0.001000,72.351000,48.529700,2.612000,126.757400,4,creep,Static,1392
2026-06-01 03:23:13,0.100000,0.000000,0.000000,1.978600,0.001000,72.350000,48.534200,2.455400,119.170600,4,creep,Static,1393
2026-06-01 03:23:14,0.066000,0.000000,-0.109524,1.305870,0.000660,72.350000,48.549700,2.226900,108.113000,4,creep,Static,1394
2026-06-01 03:23:15,-0.030000,0.000000,-0.095238,0.559200,0.000280,72.374000,48.583200,1.405200,68.264000,4,creep,Static,1395
2026-06-01 03:23:16,-0.100000,0.000000,0.000000,1.978600,0.001000,72.374000,48.566300,1.907800,92.655300,4,creep,Static,1396
2026-06-01 03:23:17,-0.100000,0.000000,0.000000,1.978600,0.001000,72.360000,48.543400,2.214100,107.479400,4,creep,Static,1397
2026-06-01 03:23:18,-0.079400,0.000000,0.095238,1.571710,0.000790,72.372000,48.552300,2.243400,108.921600,4,creep,Static,1398
2026-06-01 03:23:19,0.021260,0.000000,0.116048,0.461070,0.000230,72.340000,48.574000,1.387300,67.385100,4,creep,Static,1399
2026-06-01 03:23:20,0.100000,0.000000,0.000000,1.978600,0.001000,72.364000,48.561800,1.844500,89.568600,4,creep,Static,1400
2026-06-01 03:23:21,0.100000,0.000000,0.000000,1.978600,0.001000,72.356000,48.548200,2.199600,106.787400,4,creep,Static,1401
2026-06-01 03:23:22,0.100000,0.000000,0.000000,1.978600,0.001000,72.378000,48.535000,2.327000,112.941000,4,creep,Static,1402
2026-06-01 03:23:23,0.077000,0.115000,-0.095238,1.473060,0.000760,72.338000,48.522300,2.406800,116.783700,4,creep,Static,1403
2026-06-01 03:23:24,0.000000,0.500000,0.000000,0.000000,0.000000,72.330000,48.519900,2.732700,132.589700,4,creep,Static,1404
2026-06-01 03:23:25,0.000000,0.500000,0.000000,0.000000,0.000000,72.338000,48.511500,2.905800,140.964800,4,creep,Static,1405
2026-06-01 03:23:26,0.000060,0.495000,0.000714,0.001250,0.000000,72.324000,48.504300,2.927400,141.990500,4,creep,Static,1406
2026-06-01 03:23:27,0.100000,0.000000,0.094667,2.012770,0.001020,72.320000,48.519000,2.672900,129.684300,4,creep,Static,1407
2026-06-01 03:23:28,0.100000,0.000000,0.000000,1.978600,0.001000,72.320000,48.522600,2.495300,121.079300,4,creep,Static,1408
2026-06-01 03:23:29,0.100000,0.000000,0.000000,1.978600,0.001000,72.320000,48.532700,2.425800,117.730800,4,creep,Static,1409
2026-06-01 03:23:30,0.100000,0.000000,0.000000,1.978600,0.001000,72.315000,48.536800,2.427000,117.797800,4,creep,Static,1410
2026-06-01 03:23:31,0.004000,0.480000,-0.104762,0.023640,0.000020,72.310000,48.512700,2.621600,127.181200,4,creep,Static,1411
2026-06-01 03:23:32,0.000000,0.500000,0.000000,0.000000,0.000000,72.310000,48.506500,2.853800,138.427500,4,creep,Static,1412
2026-06-01 03:23:33,0.000000,0.500000,0.000000,0.000000,0.000000,72.318000,48.509200,2.937800,142.509800,4,creep,Static,1413
2026-06-01 03:23:34,0.060900,0.175000,0.095238,1.236990,0.000620,72.302000,48.503800,2.861200,138.779000,4,creep,Static,1414
2026-06-01 03:23:35,0.100000,0.000000,0.000000,1.978600,0.001000,72.300000,48.519900,2.562900,124.350200,4,creep,Static,1415
2026-06-01 03:23:36,0.100000,0.000000,0.000000,1.978600,0.001000,72.300000,48.524400,2.467300,119.724300,4,creep,Static,1416
2026-06-01 03:23:37,0.100000,0.000000,0.000000,1.978600,0.001000,72.300000,48.529200,2.385500,115.766300,4,creep,Static,1417
2026-06-01 03:23:38,0.039000,0.305000,-0.097619,0.719940,0.000390,72.303000,48.534500,2.531800,122.879100,4,creep,Static,1418
2026-06-01 03:23:39,0.000000,0.500000,0.000000,0.000000,0.000000,72.306000,48.523200,2.831500,137.392200,4,creep,Static,1419
2026-06-01 03:23:40,0.000000,0.500000,0.000000,0.000000,0.000000,72.306000,48.490500,2.947700,142.934700,4,creep,Static,1420
2026-06-01 03:23:41,0.030060,0.345000,0.095381,0.629010,0.000320,72.290000,48.508700,2.969200,144.030900,4,creep,Static,1421
2026-06-01 03:23:42,0.100000,0.000000,0.000000,1.978600,0.001000,72.280000,48.511400,2.612400,126.731700,4,creep,Static,1422
2026-06-01 03:23:43,0.100000,0.000000,0.000000,1.978600,0.001000,72.280000,48.522200,2.427100,117.769300,4,creep,Static,1423
2026-06-01 03:23:44,0.100000,0.000000,0.000000,1.978600,0.001000,72.280000,48.542600,2.416300,117.293200,4,creep,Static,1424
2026-06-01 03:23:45,0.066000,0.170000,-0.095238,1.255420,0.000650,72.280000,48.525400,2.478500,120.269700,4,creep,Static,1425
2026-06-01 03:23:46,0.000000,0.500000,0.000000,0.000000,0.000000,72.281000,48.505000,2.771400,134.426400,4,creep,Static,1426
2026-06-01 03:23:47,0.000000,0.500000,0.000000,0.000000,0.000000,72.278000,48.516700,2.938500,142.565900,4,creep,Static,1427
2026-06-01 03:23:48,0.000600,0.480000,0.005714,0.012370,0.000010,72.278000,48.517600,2.973000,144.243100,4,creep,Static,1428
2026-06-01 03:23:49,0.100000,0.000000,0.089524,2.010920,0.001020,72.269000,48.521100,2.710400,131.509700,4,creep,Static,1429
2026-06-01 03:23:50,0.100000,0.000000,0.000000,1.978600,0.001000,72.260000,48.509700,2.499600,121.255400,4,creep,Static,1430
2026-06-01 03:23:51,0.095000,0.000000,-0.047619,1.879670,0.000950,72.260000,48.530600,2.390000,115.987500,4,creep,Static,1431
2026-06-01 03:23:52,-0.007000,0.000000,-0.114286,0.114430,0.000060,72.260000,48.572700,1.539100,74.752900,4,creep,Static,1432
2026-06-01 03:23:53,-0.100000,0.000000,-0.035714,1.965710,0.000990,72.260000,48.560900,1.761200,85.525500,4,creep,Static,1433
2026-06-01 03:23:54,-0.100000,0.000000,0.000000,1.978600,0.001000,72.260000,48.532200,2.109100,102.359400,4,creep,Static,1434
2026-06-01 03:23:55,-0.099940,0.000000,0.000714,1.977610,0.001000,72.250000,48.534100,2.299300,111.594600,4,creep,Static,1435
2026-06-01 03:23:56,0.000600,0.000000,0.100381,0.012370,0.000010,72.250000,48.577400,1.487400,72.248800,4,creep,Static,1436
2026-06-01 03:23:57,0.100000,0.000000,0.089524,2.010920,0.001020,72.250000,48.554700,1.720200,83.519500,4,creep,Static,1437
2026-06-01 03:23:58,0.100000,0.000000,0.000000,1.978600,0.001000,72.250000,48.527900,2.165400,105.081700,4,creep,Static,1438
2026-06-01 03:23:59,0.100000,0.000000,0.000000,1.978600,0.001000,72.250000,48.529400,2.302200,111.722700,4,creep,Static,1439
2026-06-01 03:24:00,0.100000,0.000000,0.000000,1.978600,0.001000,72.243000,48.537100,2.378400,115.440600,4,creep,Static,1440
2026-06-01 03:24:01,0.008000,0.460000,-0.095238,0.107840,0.000070,72.240000,48.521400,2.615000,126.882400,4,creep,Static,1441
2026-06-01 03:24:02,0.000000,0.500000,0.000000,0.000000,0.000000,72.256000,48.496500,2.902700,140.770300,4,creep,Static,1442
2026-06-01 03:24:03,0.000000,0.500000,0.000000,0.000000,0.000000,72.248000,48.496400,2.977600,144.402800,4,creep,Static,1443
2026-06-01 03:24:04,0.071260,0.120000,0.116048,1.448550,0.000730,72.231000,48.489400,2.788100,135.193000,4,creep,Static,1444
2026-06-01 03:24:05,0.100000,0.000000,0.000000,1.978600,0.001000,72.230000,48.529300,2.535400,123.041100,4,creep,Static,1445
2026-06-01 03:24:06,0.100000,0.000000,0.000000,1.978600,0.001000,72.230000,48.529400,2.415000,117.197500,4,creep,Static,1446
2026-06-01 03:24:07,0.100000,0.000000,0.000000,1.978600,0.001000,72.230000,48.529900,2.386000,115.792500,4,creep,Static,1447
2026-06-01 03:24:08,0.027000,0.365000,-0.095238,0.483760,0.000260,72.223000,48.508000,2.551200,123.751700,4,creep,Static,1448
2026-06-01 03:24:09,0.000000,0.500000,0.000000,0.000000,0.000000,72.236000,48.519700,2.820600,136.854100,4,creep,Static,1449
2026-06-01 03:24:10,0.000000,0.500000,0.000000,0.000000,0.000000,72.228000,48.489800,2.961100,143.582600,4,creep,Static,1450
2026-06-01 03:24:11,0.040180,0.290000,0.095238,0.828910,0.000420,72.219000,48.493000,2.894600,140.368500,4,creep,Static,1451
2026-06-01 03:24:12,0.100000,0.000000,0.000000,1.978600,0.001000,72.210000,48.516200,2.573400,124.851700,4,creep,Static,1452
2026-06-01 03:24:13,0.100000,0.000000,0.000000,1.978600,0.001000,72.210000,48.514100,2.467100,119.689200,4,creep,Static,1453
2026-06-01 03:24:14,0.100000,0.000000,0.000000,1.978600,0.001000,72.210000,48.536000,2.380500,115.540300,4,creep,Static,1454
2026-06-01 03:24:15,0.053000,0.235000,-0.102381,0.994420,0.000510,72.210000,48.512400,2.458300,119.257300,4,creep,Static,1455
2026-06-01 03:24:16,0.000000,0.500000,0.000000,0.000000,0.000000,72.254000,48.507900,2.771700,134.449800,4,creep,Static,1456
2026-06-01 03:24:17,0.000000,0.500000,0.000000,0.000000,0.000000,72.240000,48.506200,2.941700,142.690400,4,creep,Static,1457
2026-06-01 03:24:18,0.021680,0.365000,0.095238,0.462410,0.000230,72.280000,48.500600,2.924200,141.824400,4,creep,Static,1458
2026-06-01 03:24:19,0.100000,0.000000,0.000000,1.978600,0.001000,72.280000,48.524222,2.647111,128.446444,4,creep,Static,1459
2026-06-01 03:24:20,0.100000,0.000000,0.000000,1.978600,0.001000,72.277000,48.530800,2.461100,119.439000,4,creep,Static,1460
2026-06-01 03:24:21,0.100000,0.000000,0.000000,1.978600,0.001000,72.254000,48.525600,2.427600,117.800700,4,creep,Static,1461
2026-06-01 03:24:22,0.090000,0.050000,-0.119048,1.717670,0.000900,72.262000,48.522400,2.392800,116.105000,4,creep,Static,1462
2026-06-01 03:24:23,0.000000,0.500000,0.000000,0.000000,0.000000,72.270000,48.513000,2.687100,130.359200,4,creep,Static,1463
2026-06-01 03:24:24,0.000000,0.500000,0.000000,0.000000,0.000000,72.205000,48.498100,2.929300,142.066200,4,creep,Static,1464
2026-06-01 03:24:25,0.000000,0.500000,0.000000,0.000000,0.000000,72.236000,48.497500,2.940000,142.581500,4,creep,Static,1465
2026-06-01 03:24:26,0.078000,0.100000,0.114286,1.584560,0.000800,72.196000,48.492700,2.782500,134.929500,4,creep,Static,1466
2026-06-01 03:24:27,0.100000,0.000000,0.000000,1.978600,0.001000,72.194000,48.525700,2.493200,120.984300,4,creep,Static,1467
2026-06-01 03:24:28,0.100000,0.000000,0.000000,1.978600,0.001000,72.195000,48.510200,2.428000,117.782700,4,creep,Static,1468
2026-06-01 03:24:29,0.020000,0.000000,-0.119048,0.395720,0.000200,72.186000,48.559300,1.765800,85.735400,4,creep,Static,1469
2026-06-01 03:24:30,-0.070000,0.000000,-0.095238,1.350640,0.000680,72.194000,48.571600,1.427700,69.342700,4,creep,Static,1470
2026-06-01 03:24:31,-0.100000,0.000000,0.000000,1.978600,0.001000,72.170000,48.517500,2.054900,99.698800,4,creep,Static,1471
2026-06-01 03:24:32,-0.100000,0.000000,0.000000,1.978600,0.001000,72.170000,48.536700,2.273600,110.353000,4,creep,Static,1472
2026-06-01 03:24:33,-0.041540,0.000000,0.115381,0.821910,0.000420,72.170000,48.538900,1.941600,94.239000,4,creep,Static,1473
2026-06-01 03:24:34,0.059200,0.000000,0.095238,1.205710,0.000610,72.168000,48.565200,1.426400,69.272000,4,creep,Static,1474
2026-06-01 03:24:35,0.100000,0.000000,0.000000,1.978600,0.001000,72.160000,48.543900,2.025700,98.334400,4,creep,Static,1475
2026-06-01 03:24:36,0.100000,0.000000,0.000000,1.978600,0.001000,72.184000,48.528300,2.245400,108.963500,4,creep,Static,1476
2026-06-01 03:24:37,0.100000,0.000000,0.000000,1.978600,0.001000,72.184000,48.528900,2.344200,113.761700,4,creep,Static,1477
2026-06-01 03:24:38,0.050000,0.250000,-0.095238,0.938850,0.000500,72.197000,48.529600,2.438800,118.352500,4,creep,Static,1478
2026-06-01 03:24:39,0.000000,0.500000,0.000000,0.000000,0.000000,72.224000,48.523000,2.779400,134.865100,4,creep,Static,1479
2026-06-01 03:24:40,0.000000,0.500000,0.000000,0.000000,0.000000,72.190000,48.496400,2.946800,142.909000,4,creep,Static,1480
2026-06-01 03:24:41,0.018460,0.400000,0.115381,0.406900,0.000200,72.182000,48.479700,2.915700,141.351500,4,creep,Static,1481
2026-06-01 03:24:42,0.100000,0.000000,0.000000,1.978600,0.001000,72.159000,48.516100,2.622300,127.222000,4,creep,Static,1482
2026-06-01 03:24:43,0.100000,0.000000,0.000000,1.978600,0.001000,72.148000,48.533300,2.455400,119.169300,4,creep,Static,1483
2026-06-01 03:24:44,0.100000,0.000000,0.000000,1.978600,0.001000,72.148000,48.516900,2.388700,115.891300,4,creep,Static,1484
2026-06-01 03:24:45,0.090000,0.050000,-0.095238,1.730290,0.000900,72.156000,48.516300,2.431900,117.986000,4,creep,Static,1485
2026-06-01 03:24:46,0.000000,0.500000,0.000000,0.000000,0.000000,72.204000,48.512700,2.688700,130.435000,4,creep,Static,1486
2026-06-01 03:24:47,0.000000,0.500000,0.000000,0.000000,0.000000,72.163000,48.499400,2.917200,141.482900,4,creep,Static,1487
2026-06-01 03:24:48,0.000000,0.500000,0.000000,0.000000,0.000000,72.194000,48.485800,2.956600,143.352500,4,creep,Static,1488
2026-06-01 03:24:49,0.079700,0.100000,0.095952,1.611580,0.000810,72.137000,48.492000,2.773700,134.501500,4,creep,Static,1489
2026-06-01 03:24:50,0.100000,0.000000,0.000000,1.978600,0.001000,72.138000,48.519300,2.512000,121.880100,4,creep,Static,1490
2026-06-01 03:24:51,0.100000,0.000000,0.000000,1.978600,0.001000,72.136000,48.510800,2.444900,118.604200,4,creep,Static,1491
2026-06-01 03:24:52,0.100000,0.000000,0.000000,1.978600,0.001000,72.120000,48.515400,2.374000,115.175500,4,creep,Static,1492
2026-06-01 03:24:53,0.030000,0.350000,-0.095238,0.543130,0.000300,72.136000,48.511200,2.578500,125.086100,4,creep,Static,1493
2026-06-01 03:24:54,0.000000,0.500000,0.000000,0.000000,0.000000,72.182000,48.507900,2.787300,135.207000,4,creep,Static,1494
2026-06-01 03:24:55,0.000000,0.500000,0.000000,0.000000,0.000000,72.134000,48.491700,2.970900,144.063900,4,creep,Static,1495
2026-06-01 03:24:56,0.048460,0.250000,0.115381,1.000480,0.000500,72.150000,48.504600,2.874600,139.430600,4,creep,Static,1496
2026-06-01 03:24:57,0.100000,0.000000,0.000000,1.978600,0.001000,72.132000,48.502400,2.561100,124.218500,4,creep,Static,1497
2026-06-01 03:24:58,0.100000,0.000000,0.000000,1.978600,0.001000,72.109000,48.518200,2.457600,119.238300,4,creep,Static,1498
2026-06-01 03:24:59,0.100000,0.000000,0.000000,1.978600,0.001000,72.116000,48.513600,2.389800,115.936800,4,creep,Static,1499
2026-06-01 03:25:00,0.060000,0.200000,-0.095238,1.136710,0.000600,72.100000,48.511500,2.464900,119.575700,4,creep,Static,1500
2026-06-01 03:25:01,0.000000,0.500000,0.000000,0.000000,0.000000,72.158182,48.498273,2.778000,134.727364,4,creep,Static,1501
2026-06-01 03:25:02,0.000000,0.500000,0.000000,0.000000,0.000000,72.137778,48.499000,2.907556,141.013778,4,creep,Static,1502
2026-06-01 03:25:03,0.019200,0.400000,0.095238,0.414270,0.000210,72.154000,48.496800,2.932500,142.216100,4,creep,Static,1503
2026-06-01 03:25:04,0.100000,0.000000,0.000000,1.978600,0.001000,72.170000,48.491600,2.670600,129.501500,4,creep,Static,1504
2026-06-01 03:25:05,0.100000,0.000000,0.000000,1.978600,0.001000,72.170000,48.517500,2.463100,119.502500,4,creep,Static,1505
2026-06-01 03:25:06,0.090000,0.000000,-0.095238,1.780740,0.000900,72.167000,48.528900,2.384700,115.726900,4,creep,Static,1506
2026-06-01 03:25:07,0.000000,0.000000,0.000000,0.000000,0.000000,72.160000,48.563500,1.506900,73.176200,4,creep,Static,1507
2026-06-01 03:25:08,-0.100000,0.000000,-0.086580,1.947345,0.000982,72.160000,48.553091,1.656000,80.401000,4,creep,Static,1508
2026-06-01 03:25:09,-0.100000,0.000000,0.000000,1.978600,0.001000,72.160000,48.548111,2.091556,101.540444,4,creep,Static,1509
2026-06-01 03:25:10,-0.100000,0.000000,0.000000,1.978600,0.001000,72.160000,48.519900,2.298800,111.537300,4,creep,Static,1510
2026-06-01 03:25:11,-0.000520,0.000000,0.095238,0.010290,0.000010,72.160000,48.560900,1.580300,76.736000,4,creep,Static,1511
2026-06-01 03:25:12,0.098000,0.000000,0.114286,1.980280,0.001000,72.156000,48.569200,1.651700,80.221300,4,creep,Static,1512
2026-06-01 03:25:13,0.100000,0.000000,0.000000,1.978600,0.001000,72.150000,48.534000,2.154000,104.543200,4,creep,Static,1513
2026-06-01 03:25:14,0.100000,0.000000,0.000000,1.978600,0.001000,72.150000,48.530900,2.299500,111.596900,4,creep,Static,1514
2026-06-01 03:25:15,0.100000,0.000000,0.000000,1.978600,0.001000,72.150000,48.527300,2.344800,113.787100,4,creep,Static,1515
2026-06-01 03:25:16,0.000000,0.500000,-0.095238,-0.050450,0.000000,72.080000,48.491900,2.671500,129.546700,4,creep,Static,1516
2026-06-01 03:25:17,0.000000,0.500000,0.000000,0.000000,0.000000,72.141000,48.497600,2.891200,140.215200,4,creep,Static,1517
2026-06-01 03:25:18,0.000000,0.500000,0.000000,0.000000,0.000000,72.068000,48.495200,2.961400,143.613100,4,creep,Static,1518
2026-06-01 03:25:19,0.069200,0.150000,0.095238,1.403570,0.000710,72.140000,48.492800,2.818300,136.666300,4,creep,Static,1519
2026-06-01 03:25:20,0.100000,0.000000,0.000000,1.978600,0.001000,72.137273,48.510455,2.551182,123.758273,4,creep,Static,1520
2026-06-01 03:25:21,0.100000,0.000000,0.000000,1.978600,0.001000,72.130000,48.526667,2.465667,119.650222,4,creep,Static,1521
2026-06-01 03:25:22,0.100000,0.000000,0.000000,1.978600,0.001000,72.130000,48.506400,2.396500,116.245500,4,creep,Static,1522
2026-06-01 03:25:23,0.030000,0.350000,-0.095238,0.543130,0.000300,72.098000,48.501200,2.559800,124.151600,4,creep,Static,1523
2026-06-01 03:25:24,0.000000,0.500000,0.000000,0.000000,0.000000,72.097273,48.469000,2.850545,138.162909,4,creep,Static,1524
2026-06-01 03:25:25,0.000000,0.500000,0.000000,0.000000,0.000000,72.075556,48.501667,2.907889,141.037556,4,creep,Static,1525
2026-06-01 03:25:26,0.039860,0.300000,0.095572,0.823170,0.000410,72.088000,48.490100,2.915900,141.392600,4,creep,Static,1526
2026-06-01 03:25:27,0.100000,0.000000,0.000000,1.978600,0.001000,72.120000,48.518100,2.588300,125.578500,4,creep,Static,1527
2026-06-01 03:25:28,0.100000,0.000000,0.000000,1.978600,0.001000,72.117000,48.531900,2.445500,118.684700,4,creep,Static,1528
2026-06-01 03:25:29,0.100000,0.000000,0.000000,1.978600,0.001000,72.110000,48.501900,2.425700,117.650900,4,creep,Static,1529
2026-06-01 03:25:30,0.060000,0.200000,-0.095238,1.136710,0.000600,72.102000,48.506400,2.477000,120.150600,4,creep,Static,1530
2026-06-01 03:25:31,0.000000,0.500000,0.000000,0.000000,0.000000,72.038000,48.498000,2.776900,134.674200,4,creep,Static,1531
2026-06-01 03:25:32,0.000000,0.500000,0.000000,0.000000,0.000000,72.099000,48.471900,2.902000,140.665000,4,creep,Static,1532
2026-06-01 03:25:33,0.009200,0.450000,0.109524,0.221570,0.000110,72.036000,48.485500,2.931300,142.125600,4,creep,Static,1533
2026-06-01 03:25:34,0.100000,0.000000,0.007619,1.981350,0.001000,72.028000,48.483800,2.683900,130.124400,4,creep,Static,1534
2026-06-01 03:25:35,0.100000,0.000000,0.000000,1.978600,0.001000,72.018000,48.505600,2.475700,120.084900,4,creep,Static,1535
2026-06-01 03:25:36,0.100000,0.000000,0.000000,1.978600,0.001000,72.010000,48.502400,2.378600,115.367800,4,creep,Static,1536
2026-06-01 03:25:37,0.098000,0.010000,-0.019048,1.928940,0.000970,72.010000,48.499400,2.379100,115.384800,4,creep,Static,1537
2026-06-01 03:25:38,0.000000,0.500000,-0.076191,-0.040360,0.000000,72.010000,48.490000,2.692500,130.558300,4,creep,Static,1538
2026-06-01 03:25:39,0.000000,0.500000,0.000000,0.000000,0.000000,72.009000,48.496600,2.893100,140.306000,4,creep,Static,1539
2026-06-01 03:25:40,0.000000,0.500000,0.000000,0.000000,0.000000,72.008000,48.476900,2.969300,143.941800,4,creep,Static,1540
2026-06-01 03:25:41,0.080180,0.090000,0.095238,1.620610,0.000820,72.008000,48.479000,2.743100,132.982000,4,creep,Static,1541
2026-06-01 03:25:42,0.100000,0.000000,0.000000,1.978600,0.001000,72.016000,48.498400,2.514600,121.953000,4,creep,Static,1542
2026-06-01 03:25:43,0.100000,0.000000,0.000000,1.978600,0.001000,71.998000,48.487100,2.392400,116.000200,4,creep,Static,1543
2026-06-01 03:25:44,0.016000,0.000000,-0.095238,0.316570,0.000160,72.016000,48.555700,1.735600,84.265600,4,creep,Static,1544
2026-06-01 03:25:45,-0.088000,0.000000,-0.100000,1.705060,0.000860,72.022000,48.554100,1.552100,75.360800,4,creep,Static,1545
2026-06-01 03:25:46,-0.100000,0.000000,0.000000,1.978600,0.001000,72.022000,48.511200,2.074600,100.638600,4,creep,Static,1546
2026-06-01 03:25:47,-0.100000,0.000000,0.000000,1.978600,0.001000,72.030000,48.516400,2.293600,111.276400,4,creep,Static,1547
2026-06-01 03:25:48,-0.029640,0.000000,0.095238,0.586800,0.000300,72.030000,48.548700,1.815800,88.149100,4,creep,Static,1548
2026-06-01 03:25:49,0.062160,0.000000,0.113905,1.268040,0.000640,72.030000,48.556100,1.427000,69.287800,4,creep,Static,1549
2026-06-01 03:25:50,0.100000,0.000000,0.000000,1.978600,0.001000,72.039000,48.523100,1.997200,96.910100,4,creep,Static,1550
2026-06-01 03:25:51,0.100000,0.000000,0.000000,1.978600,0.001000,72.028000,48.519700,2.262700,109.785100,4,creep,Static,1551
2026-06-01 03:25:52,0.100000,0.000000,0.000000,1.978600,0.001000,72.004000,48.522200,2.310800,112.125300,4,creep,Static,1552
2026-06-01 03:25:53,0.036000,0.320000,-0.095238,0.661840,0.000350,71.996000,48.484800,2.518300,122.098600,4,creep,Static,1553
2026-06-01 03:25:54,0.000000,0.500000,0.000000,0.000000,0.000000,72.001000,48.476600,2.836500,137.503800,4,creep,Static,1554
2026-06-01 03:25:55,0.000000,0.500000,0.000000,0.000000,0.000000,71.970000,48.469700,2.949800,142.976200,4,creep,Static,1555
2026-06-01 03:25:56,0.030360,0.335000,0.095238,0.635080,0.000320,72.034000,48.483200,2.935800,142.335300,4,creep,Static,1556
2026-06-01 03:25:57,0.100000,0.000000,0.000000,1.978600,0.001000,72.002000,48.491800,2.637400,127.890400,4,creep,Static,1557
2026-06-01 03:25:58,0.100000,0.000000,0.000000,1.978600,0.001000,72.012000,48.511500,2.482900,120.448000,4,creep,Static,1558
2026-06-01 03:25:59,0.100000,0.000000,0.000000,1.978600,0.001000,72.016000,48.502900,2.420700,117.410700,4,creep,Static,1559
2026-06-01 03:26:00,0.063000,0.185000,-0.102381,1.192280,0.000610,72.000000,48.515800,2.446200,118.679000,4,creep,Static,1560
2026-06-01 03:26:01,0.000000,0.500000,0.000000,0.000000,0.000000,71.984000,48.492700,2.801300,135.843900,4,creep,Static,1561
2026-06-01 03:26:02,0.000000,0.500000,0.000000,0.000000,0.000000,71.978000,48.469300,2.959300,143.434500,4,creep,Static,1562
2026-06-01 03:26:03,0.001260,0.470000,0.012000,0.027790,0.000010,71.974000,48.466600,2.949400,142.947400,4,creep,Static,1563
2026-06-01 03:26:04,0.100000,0.000000,0.083238,2.008650,0.001010,71.982000,48.480400,2.702400,131.011600,4,creep,Static,1564
2026-06-01 03:26:05,0.100000,0.000000,0.000000,1.978600,0.001000,71.997000,48.504500,2.498500,121.188100,4,creep,Static,1565
2026-06-01 03:26:06,0.100000,0.000000,0.000000,1.978600,0.001000,72.008000,48.491900,2.382600,115.536300,4,creep,Static,1566
2026-06-01 03:26:07,0.097000,0.015000,-0.035714,1.900320,0.000960,71.964000,48.496800,2.398400,116.314800,4,creep,Static,1567
2026-06-01 03:26:08,0.000000,0.500000,-0.066667,-0.035320,0.000000,71.956000,48.487200,2.660300,128.990200,4,creep,Static,1568
2026-06-01 03:26:09,0.000000,0.500000,0.000000,0.000000,0.000000,72.004000,48.467500,2.899400,140.526600,4,creep,Static,1569
2026-06-01 03:26:10,0.000000,0.500000,0.000000,0.000000,0.000000,71.938000,48.474800,2.955500,143.267100,4,creep,Static,1570
2026-06-01 03:26:11,0.082111,0.055556,0.121958,1.667178,0.000833,72.010000,48.497778,2.785556,135.093889,4,creep,Static,1571
2026-06-01 03:26:12,0.100000,0.000000,0.000000,1.978600,0.001000,72.010000,48.516300,2.499700,121.276700,4,creep,Static,1572
2026-06-01 03:26:13,0.100000,0.000000,0.000000,1.978600,0.001000,72.010000,48.497200,2.454700,119.046200,4,creep,Static,1573
2026-06-01 03:26:14,0.100000,0.000000,0.000000,1.978600,0.001000,72.006000,48.491300,2.398600,116.311600,4,creep,Static,1574
2026-06-01 03:26:15,0.030000,0.350000,-0.095238,0.543130,0.000300,71.976000,48.504100,2.524300,122.438000,4,creep,Static,1575
2026-06-01 03:26:16,0.000000,0.500000,0.000000,0.000000,0.000000,71.976000,48.485500,2.859300,138.634200,4,creep,Static,1576
2026-06-01 03:26:17,0.000000,0.500000,0.000000,0.000000,0.000000,71.956364,48.454182,2.970000,143.908909,4,creep,Static,1577
2026-06-01 03:26:18,0.054289,0.222222,0.129259,1.120822,0.000567,71.993333,48.483333,2.850444,138.197333,4,creep,Static,1578
2026-06-01 03:26:19,0.100000,0.000000,0.000000,1.978600,0.001000,71.990000,48.487600,2.598300,125.983800,4,creep,Static,1579
2026-06-01 03:26:20,0.100000,0.000000,0.000000,1.978600,0.001000,71.990000,48.509600,2.464900,119.570600,4,creep,Static,1580
2026-06-01 03:26:21,0.060000,0.000000,-0.095238,1.187160,0.000600,71.990000,48.511600,2.205200,106.973900,4,creep,Static,1581
2026-06-01 03:26:22,-0.030000,0.000000,-0.119048,0.550600,0.000280,71.990000,48.549300,1.333800,64.752200,4,creep,Static,1582
2026-06-01 03:26:23,-0.100000,0.000000,0.000000,1.978600,0.001000,71.982000,48.540400,1.855600,90.069900,4,creep,Static,1583
2026-06-01 03:26:24,-0.100000,0.000000,0.000000,1.978600,0.001000,71.980000,48.517200,2.169300,105.246800,4,creep,Static,1584
2026-06-01 03:26:25,-0.080300,0.000000,0.095238,1.588820,0.000800,71.980000,48.522000,2.295500,111.382100,4,creep,Static,1585
2026-06-01 03:26:26,0.008860,0.000000,0.105476,0.213380,0.000110,71.980000,48.541000,1.404600,68.177000,4,creep,Static,1586
2026-06-01 03:26:27,0.100000,0.000000,0.010857,1.982520,0.001000,71.980000,48.518200,1.707900,82.860900,4,creep,Static,1587
2026-06-01 03:26:28,0.100000,0.000000,0.000000,1.978600,0.001000,71.978000,48.521600,2.127300,103.219000,4,creep,Static,1588
2026-06-01 03:26:29,0.100000,0.000000,0.000000,1.978600,0.001000,71.970000,48.510900,2.317100,112.403700,4,creep,Static,1589
2026-06-01 03:26:30,0.090000,0.050000,-0.095238,1.730290,0.000900,71.962000,48.504700,2.380800,115.479800,4,creep,Static,1590
2026-06-01 03:26:31,0.000000,0.500000,0.000000,0.000000,0.000000,71.914000,48.484500,2.693600,130.598800,4,creep,Static,1591
2026-06-01 03:26:32,0.000000,0.500000,0.000000,0.000000,0.000000,71.925000,48.481100,2.865900,138.940500,4,creep,Static,1592
2026-06-01 03:26:33,0.000000,0.500000,0.000000,0.000000,0.000000,71.936000,48.456800,2.983700,144.581200,4,creep,Static,1593
2026-06-01 03:26:34,0.079480,0.100000,0.095238,1.606970,0.000810,71.960000,48.486700,2.800400,135.781200,4,creep,Static,1594
2026-06-01 03:26:35,0.100000,0.000000,0.000000,1.978600,0.001000,71.960000,48.479800,2.531800,122.741700,4,creep,Static,1595
2026-06-01 03:26:36,0.100000,0.000000,0.000000,1.978600,0.001000,71.958000,48.497200,2.463000,119.447700,4,creep,Static,1596
2026-06-01 03:26:37,0.100000,0.000000,0.000000,1.978600,0.001000,71.950000,48.512100,2.401600,116.504900,4,creep,Static,1597
2026-06-01 03:26:38,0.030000,0.350000,-0.095238,0.543130,0.000300,71.902000,48.484100,2.569700,124.586500,4,creep,Static,1598
2026-06-01 03:26:39,0.000000,0.500000,0.000000,0.000000,0.000000,71.926000,48.473200,2.802100,135.826700,4,creep,Static,1599
2026-06-01 03:26:40,0.000000,0.500000,0.000000,0.000000,0.000000,71.870000,48.484400,2.960400,143.533200,4,creep,Static,1600
2026-06-01 03:26:41,0.049860,0.250000,0.095572,1.021030,0.000510,71.940000,48.485600,2.909800,141.082900,4,creep,Static,1601
2026-06-01 03:26:42,0.100000,0.000000,0.000000,1.978600,0.001000,71.940000,48.491600,2.543400,123.334000,4,creep,Static,1602
2026-06-01 03:26:43,0.100000,0.000000,0.000000,1.978600,0.001000,71.940000,48.489400,2.452600,118.924400,4,creep,Static,1603
2026-06-01 03:26:44,0.100000,0.000000,0.000000,1.978600,0.001000,71.937000,48.496800,2.409300,116.843100,4,creep,Static,1604
2026-06-01 03:26:45,0.060000,0.200000,-0.095238,1.136710,0.000600,71.930000,48.488600,2.410500,116.883000,4,creep,Static,1605
2026-06-01 03:26:46,0.000000,0.500000,0.000000,0.000000,0.000000,71.850000,48.472300,2.790000,135.235700,4,creep,Static,1606
2026-06-01 03:26:47,0.000000,0.500000,0.000000,0.000000,0.000000,71.874000,48.451700,2.925300,141.735800,4,creep,Static,1607
2026-06-01 03:26:48,0.010000,0.450000,0.095238,0.232240,0.000120,71.840000,48.464700,2.942700,142.616800,4,creep,Static,1608
2026-06-01 03:26:49,0.100000,0.000000,0.000000,1.978600,0.001000,71.840000,48.479300,2.664400,129.168500,4,creep,Static,1609
2026-06-01 03:26:50,0.100000,0.000000,0.000000,1.978600,0.001000,71.840000,48.499000,2.474800,120.024200,4,creep,Static,1610
2026-06-01 03:26:51,0.100000,0.000000,0.000000,1.978600,0.001000,71.840000,48.493600,2.389700,115.884500,4,creep,Static,1611
2026-06-01 03:26:52,0.088000,0.060000,-0.114286,1.680630,0.000870,71.830000,48.498100,2.420900,117.410200,4,creep,Static,1612
2026-06-01 03:26:53,0.000000,0.500000,0.000000,0.000000,0.000000,71.830000,48.477700,2.735000,132.585700,4,creep,Static,1613
2026-06-01 03:26:54,0.000000,0.500000,0.000000,0.000000,0.000000,71.830000,48.445200,2.906000,140.781500,4,creep,Static,1614
2026-06-01 03:26:55,0.000000,0.500000,0.000000,0.000000,0.000000,71.828000,48.462800,2.915100,141.273900,4,creep,Static,1615
2026-06-01 03:26:56,0.080180,0.090000,0.095238,1.620280,0.000820,71.820000,48.488100,2.797000,135.620600,4,creep,Static,1616
2026-06-01 03:26:57,0.100000,0.000000,0.000000,1.978600,0.001000,71.820000,48.469900,2.522500,122.264100,4,creep,Static,1617
2026-06-01 03:26:58,0.100000,0.000000,0.000000,1.978600,0.001000,71.820000,48.484200,2.396700,116.201700,4,creep,Static,1618
2026-06-01 03:26:59,0.030000,0.000000,-0.095238,0.593580,0.000300,71.820000,48.510700,1.851100,89.785300,4,creep,Static,1619
2026-06-01 03:27:00,-0.070000,0.000000,-0.095238,1.350640,0.000680,71.813000,48.539900,1.538600,74.683100,4,creep,Static,1620
2026-06-01 03:27:01,-0.100000,0.000000,0.000000,1.978600,0.001000,71.810000,48.508100,2.064200,100.129800,4,creep,Static,1621
2026-06-01 03:27:02,-0.100000,0.000000,0.000000,1.978600,0.001000,71.810000,48.501200,2.295900,111.353500,4,creep,Static,1622
2026-06-01 03:27:03,-0.029940,0.000000,0.095238,0.592570,0.000300,71.810000,48.506200,1.788900,86.769100,4,creep,Static,1623
2026-06-01 03:27:04,0.070600,0.000000,0.117619,1.437540,0.000730,71.810000,48.526300,1.512200,73.382000,4,creep,Static,1624
2026-06-01 03:27:05,0.100000,0.000000,0.000000,1.978600,0.001000,71.810000,48.514200,2.030500,98.507700,4,creep,Static,1625
2026-06-01 03:27:06,0.100000,0.000000,0.000000,1.978600,0.001000,71.800000,48.492700,2.262500,109.715100,4,creep,Static,1626
2026-06-01 03:27:07,0.100000,0.000000,0.000000,1.978600,0.001000,71.800000,48.479900,2.328100,112.865600,4,creep,Static,1627
2026-06-01 03:27:08,0.030000,0.350000,-0.095238,0.543130,0.000300,71.800000,48.488000,2.558700,124.065200,4,creep,Static,1628
2026-06-01 03:27:09,0.000000,0.500000,0.000000,0.000000,0.000000,71.800000,48.466700,2.855300,138.387200,4,creep,Static,1629
2026-06-01 03:27:10,0.000000,0.500000,0.000000,0.000000,0.000000,71.791000,48.449300,2.922500,141.593000,4,creep,Static,1630
2026-06-01 03:27:11,0.040000,0.300000,0.095238,0.825820,0.000420,71.790000,48.456300,2.901800,140.609800,4,creep,Static,1631
2026-06-01 03:27:12,0.100000,0.000000,0.000000,1.978600,0.001000,71.790000,48.471600,2.585700,125.332300,4,creep,Static,1632
2026-06-01 03:27:13,0.100000,0.000000,0.000000,1.978600,0.001000,71.790000,48.497000,2.439400,118.304000,4,creep,Static,1633
2026-06-01 03:27:14,0.100000,0.000000,0.000000,1.978600,0.001000,71.780000,48.496100,2.409500,116.851000,4,creep,Static,1634
2026-06-01 03:27:15,0.057000,0.215000,-0.111905,1.068510,0.000560,71.780000,48.478000,2.469400,119.709300,4,creep,Static,1635
2026-06-01 03:27:16,0.000000,0.500000,0.000000,0.000000,0.000000,71.780000,48.474800,2.775600,134.546200,4,creep,Static,1636
2026-06-01 03:27:17,0.000000,0.500000,0.000000,0.000000,0.000000,71.779000,48.447900,2.930600,141.981400,4,creep,Static,1637
2026-06-01 03:27:18,0.010360,0.435000,0.095238,0.238870,0.000120,71.778000,48.453500,2.974400,144.119400,4,creep,Static,1638
2026-06-01 03:27:19,0.100000,0.000000,0.000000,1.978600,0.001000,71.770000,48.466400,2.646800,128.279800,4,creep,Static,1639
2026-06-01 03:27:20,0.100000,0.000000,0.000000,1.978600,0.001000,71.770000,48.488100,2.491500,120.807400,4,creep,Static,1640
2026-06-01 03:27:21,0.100000,0.000000,0.000000,1.978600,0.001000,71.777000,48.494400,2.384200,115.619500,4,creep,Static,1641
2026-06-01 03:27:22,0.090000,0.050000,-0.095238,1.730290,0.000900,71.760000,48.474300,2.420900,117.351200,4,creep,Static,1642
2026-06-01 03:27:23,0.000000,0.500000,0.000000,0.000000,0.000000,71.760000,48.449800,2.702100,130.916800,4,creep,Static,1643
2026-06-01 03:27:24,0.000000,0.500000,0.000000,0.000000,0.000000,71.760000,48.451800,2.912100,141.096500,4,creep,Static,1644
2026-06-01 03:27:25,0.000000,0.500000,0.000000,0.000000,0.000000,71.757000,48.447600,2.967400,143.763500,4,creep,Static,1645
2026-06-01 03:27:26,0.080000,0.100000,0.095238,1.617260,0.000820,71.750000,48.462600,2.794200,135.412600,4,creep,Static,1646
2026-06-01 03:27:27,0.100000,0.000000,0.000000,1.978600,0.001000,71.750000,48.446900,2.514200,121.804000,4,creep,Static,1647
2026-06-01 03:27:28,0.100000,0.000000,0.000000,1.978600,0.001000,71.750000,48.464300,2.426400,117.594100,4,creep,Static,1648
2026-06-01 03:27:29,0.100000,0.000000,0.000000,1.978600,0.001000,71.748000,48.479800,2.400500,116.375700,4,creep,Static,1649
2026-06-01 03:27:30,0.026000,0.370000,-0.109524,0.456410,0.000250,71.740000,48.460500,2.572100,124.644500,4,creep,Static,1650
2026-06-01 03:27:31,0.000000,0.500000,0.000000,0.000000,0.000000,71.740000,48.452000,2.816900,136.483200,4,creep,Static,1651
2026-06-01 03:27:32,0.000000,0.500000,0.000000,0.000000,0.000000,71.740000,48.434500,2.937700,142.286700,4,creep,Static,1652
2026-06-01 03:27:33,0.040360,0.285000,0.095238,0.832590,0.000420,71.753000,48.445300,2.903600,140.664200,4,creep,Static,1653
2026-06-01 03:27:34,0.100000,0.000000,0.000000,1.978600,0.001000,71.738000,48.465600,2.607700,126.383300,4,creep,Static,1654
2026-06-01 03:27:35,0.100000,0.000000,0.000000,1.978600,0.001000,71.762000,48.497400,2.449500,118.794000,4,creep,Static,1655
2026-06-01 03:27:36,0.067000,0.000000,-0.102381,1.325660,0.000670,71.794000,48.497300,2.260300,109.616200,4,creep,Static,1656
2026-06-01 03:27:37,-0.036000,0.000000,-0.095238,0.677920,0.000340,71.802000,48.558700,1.417200,68.819300,4,creep,Static,1657
2026-06-01 03:27:38,-0.100000,0.000000,0.000000,1.978600,0.001000,71.810000,48.500800,1.916900,92.968800,4,creep,Static,1658
2026-06-01 03:27:39,-0.100000,0.000000,0.000000,1.978600,0.001000,71.802000,48.484300,2.257000,109.428100,4,creep,Static,1659
2026-06-01 03:27:40,-0.072000,0.000000,0.100000,1.424590,0.000720,71.800000,48.487800,2.238400,108.537400,4,creep,Static,1660
2026-06-01 03:27:41,0.016300,0.000000,0.095238,0.356890,0.000180,71.800000,48.540900,1.324000,64.267500,4,creep,Static,1661
2026-06-01 03:27:42,0.100000,0.000000,0.000000,1.978600,0.001000,71.800000,48.521111,1.748778,84.852222,4,creep,Static,1662
2026-06-01 03:27:43,0.100000,0.000000,0.000000,1.978600,0.001000,71.800000,48.502600,2.160200,104.774600,4,creep,Static,1663
2026-06-01 03:27:44,0.100000,0.000000,0.000000,1.978600,0.001000,71.797000,48.492000,2.289400,111.016900,4,creep,Static,1664
2026-06-01 03:27:45,0.100000,0.000000,0.000000,1.978600,0.001000,71.758000,48.486500,2.350000,113.943100,4,creep,Static,1665
2026-06-01 03:27:46,0.000000,0.500000,-0.086580,-0.045864,0.000000,71.775455,48.452636,2.663455,129.050273,4,creep,Static,1666
2026-06-01 03:27:47,0.000000,0.500000,0.000000,0.000000,0.000000,71.763333,48.453667,2.894667,140.256333,4,creep,Static,1667
2026-06-01 03:27:48,0.000000,0.500000,0.000000,0.000000,0.000000,71.778000,48.451400,2.941800,142.533700,4,creep,Static,1668
2026-06-01 03:27:49,0.067480,0.150000,0.113048,1.375960,0.000690,71.772000,48.450100,2.824000,136.824100,4,creep,Static,1669
2026-06-01 03:27:50,0.100000,0.000000,0.000000,1.978600,0.001000,71.740000,48.481300,2.534200,122.861100,4,creep,Static,1670
2026-06-01 03:27:51,0.100000,0.000000,0.000000,1.978600,0.001000,71.732000,48.477000,2.413600,117.004300,4,creep,Static,1671
2026-06-01 03:27:52,0.100000,0.000000,0.000000,1.978600,0.001000,71.733000,48.493500,2.378600,115.346500,4,creep,Static,1672
2026-06-01 03:27:53,0.027273,0.363636,-0.086580,0.493755,0.000273,71.762727,48.467000,2.555364,123.848636,4,creep,Static,1673
2026-06-01 03:27:54,0.000000,0.500000,0.000000,0.000000,0.000000,71.752222,48.445111,2.856444,138.380333,4,creep,Static,1674
2026-06-01 03:27:55,0.000000,0.500000,0.000000,0.000000,0.000000,71.762000,48.463700,2.910600,141.058900,4,creep,Static,1675
2026-06-01 03:27:56,0.048000,0.250000,0.095238,0.984100,0.000490,71.747000,48.454100,2.900800,140.554400,4,creep,Static,1676
2026-06-01 03:27:57,0.100000,0.000000,0.000000,1.978600,0.001000,71.704000,48.470500,2.555300,123.855800,4,creep,Static,1677
2026-06-01 03:27:58,0.100000,0.000000,0.000000,1.978600,0.001000,71.736000,48.481800,2.412200,116.947100,4,creep,Static,1678
2026-06-01 03:27:59,0.100000,0.000000,0.000000,1.978600,0.001000,71.728000,48.481100,2.411100,116.892300,4,creep,Static,1679
2026-06-01 03:28:00,0.050000,0.250000,-0.095238,0.938850,0.000500,71.730000,48.476800,2.459300,119.220200,4,creep,Static,1680
2026-06-01 03:28:01,0.000000,0.500000,0.000000,0.000000,0.000000,71.735455,48.462182,2.789545,135.186727,4,creep,Static,1681
2026-06-01 03:28:02,0.000000,0.500000,0.000000,0.000000,0.000000,71.714444,48.422111,2.913222,141.063778,4,creep,Static,1682
2026-06-01 03:28:03,0.028000,0.350000,0.095238,0.588380,0.000290,71.750000,48.466300,2.949800,142.965100,4,creep,Static,1683
2026-06-01 03:28:04,0.100000,0.000000,0.000000,1.978600,0.001000,71.742000,48.486500,2.636900,127.851900,4,creep,Static,1684
2026-06-01 03:28:05,0.100000,0.000000,0.000000,1.978600,0.001000,71.740000,48.480700,2.481900,120.324300,4,creep,Static,1685
2026-06-01 03:28:06,0.100000,0.000000,0.000000,1.978600,0.001000,71.740000,48.479200,2.382800,115.516100,4,creep,Static,1686
2026-06-01 03:28:07,0.080000,0.100000,-0.119048,1.519810,0.000800,71.731000,48.467000,2.412600,116.931300,4,creep,Static,1687
2026-06-01 03:28:08,0.000000,0.500000,0.000000,0.000000,0.000000,71.702727,48.467091,2.736000,132.604455,4,creep,Static,1688
2026-06-01 03:28:09,0.000000,0.500000,0.000000,0.000000,0.000000,71.730000,48.463111,2.889333,140.026333,4,creep,Static,1689
2026-06-01 03:28:10,0.000000,0.500000,0.000000,0.000000,0.000000,71.698000,48.462500,2.957000,143.303200,4,creep,Static,1690
2026-06-01 03:28:11,0.099273,0.000000,0.088312,1.996091,0.001009,71.730000,48.461636,2.704091,131.041364,4,creep,Static,1691
2026-06-01 03:28:12,0.100000,0.000000,0.000000,1.978600,0.001000,71.721000,48.475600,2.509800,121.664200,4,creep,Static,1692
2026-06-01 03:28:13,0.090000,0.000000,-0.095238,1.780740,0.000900,71.720000,48.482400,2.373700,115.082700,4,creep,Static,1693
2026-06-01 03:28:14,-0.010000,0.000000,-0.095238,0.163480,0.000080,71.720000,48.534500,1.510600,73.312400,4,creep,Static,1694
2026-06-01 03:28:15,-0.100000,0.000000,0.000000,1.978600,0.001000,71.720000,48.512600,1.788200,86.745900,4,creep,Static,1695
2026-06-01 03:28:16,-0.100000,0.000000,0.000000,1.978600,0.001000,71.720000,48.478222,2.139444,103.715667,4,creep,Static,1696
2026-06-01 03:28:17,-0.100000,0.000000,0.000000,1.978600,0.001000,71.713000,48.489500,2.305100,111.772600,4,creep,Static,1697
2026-06-01 03:28:18,-0.010300,0.000000,0.095238,0.203800,0.000100,71.710000,48.518100,1.670400,81.041300,4,creep,Static,1698
2026-06-01 03:28:19,0.088860,0.000000,0.116333,1.800180,0.000910,71.710000,48.524300,1.570200,76.192800,4,creep,Static,1699
2026-06-01 03:28:20,0.100000,0.000000,0.000000,1.978600,0.001000,71.670000,48.486500,2.102700,101.951800,4,creep,Static,1700
2026-06-01 03:28:21,0.100000,0.000000,0.000000,1.978600,0.001000,71.646000,48.470800,2.331000,112.985600,4,creep,Static,1701
2026-06-01 03:28:22,0.100000,0.000000,0.000000,1.978600,0.001000,71.628000,48.469600,2.320200,112.459300,4,creep,Static,1702
2026-06-01 03:28:23,0.010000,0.450000,-0.095238,0.147410,0.000100,71.620000,48.466800,2.614700,126.724500,4,creep,Static,1703
2026-06-01 03:28:24,0.000000,0.500000,0.000000,0.000000,0.000000,71.620000,48.443600,2.861300,138.610800,4,creep,Static,1704
2026-06-01 03:28:25,0.000000,0.500000,0.000000,0.000000,0.000000,71.619000,48.432500,2.957700,143.249100,4,creep,Static,1705
2026-06-01 03:28:26,0.060000,0.200000,0.095238,1.221540,0.000620,71.610000,48.439700,2.836600,137.404100,4,creep,Static,1706
2026-06-01 03:28:27,0.100000,0.000000,0.000000,1.978600,0.001000,71.610000,48.459600,2.547000,123.426200,4,creep,Static,1707
2026-06-01 03:28:28,0.100000,0.000000,0.000000,1.978600,0.001000,71.610000,48.457300,2.454400,118.932400,4,creep,Static,1708
2026-06-01 03:28:29,0.100000,0.000000,0.000000,1.978600,0.001000,71.609000,48.472300,2.371100,114.932800,4,creep,Static,1709
2026-06-01 03:28:30,0.050000,0.250000,-0.119048,0.926230,0.000500,71.600000,48.450100,2.480800,120.193600,4,creep,Static,1710
2026-06-01 03:28:31,0.000000,0.500000,0.000000,0.000000,0.000000,71.600000,48.453300,2.817500,136.517900,4,creep,Static,1711
2026-06-01 03:28:32,0.000000,0.500000,0.000000,0.000000,0.000000,71.600000,48.431300,2.912800,141.070200,4,creep,Static,1712
2026-06-01 03:28:33,0.030000,0.350000,0.095238,0.627960,0.000320,71.597000,48.430100,2.900800,140.484500,4,creep,Static,1713
2026-06-01 03:28:34,0.100000,0.000000,0.000000,1.978600,0.001000,71.590000,48.471500,2.602300,126.136000,4,creep,Static,1714
2026-06-01 03:28:35,0.100000,0.000000,0.000000,1.978600,0.001000,71.590000,48.460200,2.449100,118.683800,4,creep,Static,1715
2026-06-01 03:28:36,0.100000,0.000000,0.000000,1.978600,0.001000,71.590000,48.460300,2.385600,115.606400,4,creep,Static,1716
2026-06-01 03:28:37,0.080000,0.100000,-0.095238,1.532430,0.000800,71.589000,48.469700,2.424300,117.504500,4,creep,Static,1717
2026-06-01 03:28:38,0.000000,0.500000,0.000000,0.000000,0.000000,71.580000,48.444500,2.749500,133.197300,4,creep,Static,1718
2026-06-01 03:28:39,0.000000,0.500000,0.000000,0.000000,0.000000,71.580000,48.438100,2.927600,141.807300,4,creep,Static,1719
2026-06-01 03:28:40,0.000000,0.500000,0.000000,0.000000,0.000000,71.580000,48.445400,2.961900,143.490300,4,creep,Static,1720
2026-06-01 03:28:41,0.100000,0.000000,0.119048,2.021570,0.001020,71.575000,48.457300,2.700200,130.844400,4,creep,Static,1721
2026-06-01 03:28:42,0.100000,0.000000,0.000000,1.978600,0.001000,71.570000,48.462700,2.482200,120.293700,4,creep,Static,1722
2026-06-01 03:28:43,0.100000,0.000000,0.000000,1.978600,0.001000,71.570000,48.478600,2.401100,116.401900,4,creep,Static,1723
2026-06-01 03:28:44,0.100000,0.000000,0.000000,1.978600,0.001000,71.570000,48.456300,2.410500,116.803800,4,creep,Static,1724
2026-06-01 03:28:45,0.000000,0.500000,-0.095238,-0.050450,0.000000,71.568000,48.439000,2.664000,129.040500,4,creep,Static,1725
2026-06-01 03:28:46,0.000000,0.500000,0.000000,0.000000,0.000000,71.560000,48.430800,2.884600,139.703000,4,creep,Static,1726
2026-06-01 03:28:47,0.000000,0.500000,0.000000,0.000000,0.000000,71.560000,48.432200,2.954200,143.078100,4,creep,Static,1727
2026-06-01 03:28:48,0.070000,0.150000,0.095238,1.419400,0.000720,71.560000,48.437900,2.839800,137.554100,4,creep,Static,1728
2026-06-01 03:28:49,0.100000,0.000000,0.000000,1.978600,0.001000,71.554000,48.455100,2.538900,123.020700,4,creep,Static,1729
2026-06-01 03:28:50,0.100000,0.000000,0.000000,1.978600,0.001000,71.550000,48.462500,2.428200,117.675000,4,creep,Static,1730
2026-06-01 03:28:51,0.040000,0.000000,-0.095238,0.791440,0.000400,71.550000,48.483000,1.989000,96.429000,4,creep,Static,1731
2026-06-01 03:28:52,-0.060000,0.000000,-0.095238,1.152780,0.000580,71.550000,48.523200,1.473200,71.482300,4,creep,Static,1732
2026-06-01 03:28:53,-0.100000,0.000000,0.000000,1.978600,0.001000,71.550000,48.475500,1.999000,96.900800,4,creep,Static,1733
2026-06-01 03:28:54,-0.100000,0.000000,0.000000,1.978600,0.001000,71.546000,48.480300,2.233900,108.300100,4,creep,Static,1734
2026-06-01 03:28:55,-0.040000,0.000000,0.095238,0.791440,0.000400,71.540000,48.486600,1.899700,92.103900,4,creep,Static,1735
2026-06-01 03:28:56,0.050000,0.000000,0.119048,1.032270,0.000520,71.540000,48.514200,1.364600,66.198200,4,creep,Static,1736
2026-06-01 03:28:57,0.100000,0.000000,0.000000,1.978600,0.001000,71.540000,48.469000,1.976000,95.773400,4,creep,Static,1737
2026-06-01 03:28:58,0.100000,0.000000,0.000000,1.978600,0.001000,71.540000,48.483300,2.254200,109.291100,4,creep,Static,1738
2026-06-01 03:28:59,0.100000,0.000000,0.000000,1.978600,0.001000,71.540000,48.455400,2.343900,113.575300,4,creep,Static,1739
2026-06-01 03:29:00,0.050000,0.250000,-0.095238,0.938850,0.000500,71.530000,48.463000,2.474600,119.925500,4,creep,Static,1740
2026-06-01 03:29:01,0.000000,0.500000,0.000000,0.000000,0.000000,71.530000,48.449400,2.780600,134.717300,4,creep,Static,1741
2026-06-01 03:29:02,0.000000,0.500000,0.000000,0.000000,0.000000,71.530000,48.431200,2.933700,142.082700,4,creep,Static,1742
2026-06-01 03:29:03,0.020000,0.400000,0.095238,0.430100,0.000220,71.527000,48.428300,2.952900,143.004100,4,creep,Static,1743
2026-06-01 03:29:04,0.100000,0.000000,0.000000,1.978600,0.001000,71.520000,48.466100,2.631100,127.519600,4,creep,Static,1744
2026-06-01 03:29:05,0.100000,0.000000,0.000000,1.978600,0.001000,71.520000,48.459500,2.467800,119.588100,4,creep,Static,1745
2026-06-01 03:29:06,0.100000,0.000000,0.000000,1.978600,0.001000,71.520000,48.466500,2.393700,116.014200,4,creep,Static,1746
2026-06-01 03:29:07,0.080000,0.100000,-0.119048,1.519810,0.000800,71.520000,48.464700,2.389800,115.820600,4,creep,Static,1747
2026-06-01 03:29:08,0.000000,0.500000,0.000000,0.000000,0.000000,71.510000,48.434100,2.759600,133.658800,4,creep,Static,1748
2026-06-01 03:29:09,0.000000,0.500000,0.000000,0.000000,0.000000,71.510000,48.440400,2.902500,140.599200,4,creep,Static,1749
2026-06-01 03:29:10,0.000000,0.500000,0.000000,0.000000,0.000000,71.510000,48.431800,2.953800,143.057800,4,creep,Static,1750
2026-06-01 03:29:11,0.100000,0.000000,0.095238,2.012980,0.001020,71.506000,48.446300,2.685800,130.116200,4,creep,Static,1751
2026-06-01 03:29:12,0.100000,0.000000,0.000000,1.978600,0.001000,71.500000,48.468900,2.504200,121.376200,4,creep,Static,1752
2026-06-01 03:29:13,0.100000,0.000000,0.000000,1.978600,0.001000,71.500000,48.448400,2.421800,117.332700,4,creep,Static,1753
2026-06-01 03:29:14,0.100000,0.000000,0.000000,1.978600,0.001000,71.500000,48.458500,2.403300,116.460600,4,creep,Static,1754
2026-06-01 03:29:15,0.010000,0.450000,-0.095238,0.147410,0.000100,71.498000,48.436600,2.637300,127.740200,4,creep,Static,1755
2026-06-01 03:29:16,0.000000,0.500000,0.000000,0.000000,0.000000,71.490000,48.425400,2.872700,139.110600,4,creep,Static,1756
2026-06-01 03:29:17,0.000000,0.500000,0.000000,0.000000,0.000000,71.490000,48.425500,2.948600,142.788300,4,creep,Static,1757
2026-06-01 03:29:18,0.060000,0.200000,0.095238,1.221540,0.000620,71.490000,48.436400,2.836700,137.399600,4,creep,Static,1758
2026-06-01 03:29:19,0.100000,0.000000,0.000000,1.978600,0.001000,71.485000,48.442100,2.546400,123.353700,4,creep,Static,1759
2026-06-01 03:29:20,0.100000,0.000000,0.000000,1.978600,0.001000,71.480000,48.452100,2.426700,117.578600,4,creep,Static,1760
2026-06-01 03:29:21,0.100000,0.000000,0.000000,1.978600,0.001000,71.480000,48.453700,2.402500,116.409900,4,creep,Static,1761
2026-06-01 03:29:22,0.050000,0.250000,-0.119048,0.926230,0.000500,71.480000,48.471200,2.502100,121.278500,4,creep,Static,1762
2026-06-01 03:29:23,0.000000,0.500000,0.000000,0.000000,0.000000,71.477000,48.436400,2.804200,135.824100,4,creep,Static,1763
2026-06-01 03:29:24,0.000000,0.500000,0.000000,0.000000,0.000000,71.470000,48.435500,2.966400,143.678700,4,creep,Static,1764
2026-06-01 03:29:25,0.030000,0.350000,0.095238,0.627960,0.000320,71.470000,48.418300,2.939800,142.340200,4,creep,Static,1765
2026-06-01 03:29:26,0.100000,0.000000,0.000000,1.978600,0.001000,71.470000,48.449000,2.601900,126.059100,4,creep,Static,1766
2026-06-01 03:29:27,0.100000,0.000000,0.000000,1.978600,0.001000,71.464000,48.439500,2.448200,118.590000,4,creep,Static,1767
2026-06-01 03:29:28,0.080000,0.000000,-0.119048,1.582880,0.000800,71.460000,48.471200,2.280600,110.538000,4,creep,Static,1768
2026-06-01 03:29:29,-0.010000,0.000000,-0.095238,0.163480,0.000080,71.460000,48.507900,1.370700,66.490000,4,creep,Static,1769
2026-06-01 03:29:30,-0.100000,0.000000,0.000000,1.978600,0.001000,71.460000,48.493400,1.801800,87.372600,4,creep,Static,1770
2026-06-01 03:29:31,-0.100000,0.000000,0.000000,1.978600,0.001000,71.460000,48.466600,2.158000,104.591600,4,creep,Static,1771
2026-06-01 03:29:32,-0.099940,0.000000,0.000571,1.977620,0.001000,71.457000,48.447200,2.262400,109.605500,4,creep,Static,1772
2026-06-01 03:29:33,0.000000,0.000000,0.118333,0.000000,0.000000,71.450000,48.484700,1.478900,71.701500,4,creep,Static,1773
2026-06-01 03:29:34,0.100000,0.000000,0.095238,2.012980,0.001020,71.450000,48.486400,1.698200,82.339000,4,creep,Static,1774
2026-06-01 03:29:35,0.100000,0.000000,0.000000,1.978600,0.001000,71.450000,48.464300,2.171800,105.255700,4,creep,Static,1775
2026-06-01 03:29:36,0.100000,0.000000,0.000000,1.978600,0.001000,71.450000,48.482800,2.310900,112.038000,4,creep,Static,1776
2026-06-01 03:29:37,0.100000,0.000000,0.000000,1.978600,0.001000,71.450000,48.457500,2.358800,114.301900,4,creep,Static,1777
2026-06-01 03:29:38,0.008000,0.460000,-0.114286,0.100960,0.000080,71.440000,48.437000,2.599300,125.903500,4,creep,Static,1778
2026-06-01 03:29:39,0.000000,0.500000,0.000000,0.000000,0.000000,71.440000,48.420700,2.886600,139.770900,4,creep,Static,1779
2026-06-01 03:29:40,0.000000,0.500000,0.000000,0.000000,0.000000,71.440000,48.410900,2.927200,141.708400,4,creep,Static,1780
2026-06-01 03:29:41,0.070000,0.150000,0.095238,1.419400,0.000720,71.437000,48.431100,2.828200,136.974100,4,creep,Static,1781
2026-06-01 03:29:42,0.100000,0.000000,0.000000,1.978600,0.001000,71.430000,48.437100,2.560000,123.999700,4,creep,Static,1782
2026-06-01 03:29:43,0.100000,0.000000,0.000000,1.978600,0.001000,71.430000,48.459900,2.430200,117.767400,4,creep,Static,1783
2026-06-01 03:29:44,0.100000,0.000000,0.000000,1.978600,0.001000,71.430000,48.461400,2.410800,116.830800,4,creep,Static,1784
2026-06-01 03:29:45,0.040000,0.300000,-0.095238,0.740990,0.000400,71.429000,48.443200,2.529300,122.526700,4,creep,Static,1785
2026-06-01 03:29:46,0.000000,0.500000,0.000000,0.000000,0.000000,71.420000,48.422800,2.836100,137.331500,4,creep,Static,1786
2026-06-01 03:29:47,0.000000,0.500000,0.000000,0.000000,0.000000,71.420000,48.425400,2.957000,143.194400,4,creep,Static,1787
2026-06-01 03:29:48,0.030000,0.350000,0.095238,0.627960,0.000320,71.420000,48.424300,2.912400,141.030900,4,creep,Static,1788
2026-06-01 03:29:49,0.100000,0.000000,0.000000,1.978600,0.001000,71.415000,48.433100,2.590000,125.441900,4,creep,Static,1789
2026-06-01 03:29:50,0.100000,0.000000,0.000000,1.978600,0.001000,71.410000,48.451400,2.462400,119.307000,4,creep,Static,1790
2026-06-01 03:29:51,0.100000,0.000000,0.000000,1.978600,0.001000,71.410000,48.447400,2.359200,114.296600,4,creep,Static,1791
2026-06-01 03:29:52,0.077000,0.115000,-0.111905,1.464230,0.000760,71.410000,48.451600,2.416100,117.064400,4,creep,Static,1792
2026-06-01 03:29:53,0.000000,0.500000,0.000000,0.000000,0.000000,71.408000,48.444300,2.715000,131.525500,4,creep,Static,1793
2026-06-01 03:29:54,0.000000,0.500000,0.000000,0.000000,0.000000,71.400000,48.441400,2.937000,142.272000,4,creep,Static,1794
2026-06-01 03:29:55,0.000000,0.500000,0.000000,0.000000,0.000000,71.400000,48.410900,2.981300,144.326800,4,creep,Static,1795
2026-06-01 03:29:56,0.090060,0.045000,0.118905,1.824950,0.000920,71.400000,48.429500,2.744200,132.900000,4,creep,Static,1796
2026-06-01 03:29:57,0.100000,0.000000,0.000000,1.978600,0.001000,71.394000,48.443800,2.502600,121.235500,4,creep,Static,1797
2026-06-01 03:29:58,0.100000,0.000000,0.000000,1.978600,0.001000,71.390000,48.444600,2.422900,117.376000,4,creep,Static,1798
2026-06-01 03:29:59,0.100000,0.000000,0.000000,1.978600,0.001000,71.390000,48.443400,2.381200,115.353900,4,creep,Static,1799
