_time,linear_velocity_ms,angular_velocity_rads,linear_acceleration_ms2,motor_power_total_W,motor_load_ratio,battery_SOC_percent,battery_voltage_V,battery_current_A,battery_power_draw_W,condition_id,condition_name,condition_class,timestep
2026-06-01 01:59:20,0.120000,0.300000,-0.357143,2.185080,0.001200,91.786000,50.169900,5.472100,274.519700,2,high_load,Dynamic,0
2026-06-01 01:59:21,0.000000,0.500000,0.000000,0.000000,0.000000,91.729000,50.251700,3.952000,198.588800,2,high_load,Dynamic,1
2026-06-01 01:59:22,0.000000,0.500000,0.000000,0.000000,0.000000,91.768000,50.283700,3.325500,167.215500,2,high_load,Dynamic,2
2026-06-01 01:59:23,0.095820,0.300000,0.289714,2.164760,0.001090,91.711000,50.270300,3.405800,171.212900,2,high_load,Dynamic,3
2026-06-01 01:59:24,0.300000,0.000000,0.000000,5.935700,0.003000,91.718000,50.176500,4.980900,249.921800,2,high_load,Dynamic,4
2026-06-01 01:59:25,0.300000,0.000000,0.000000,5.935700,0.003000,91.703000,50.156300,5.757800,288.789400,2,high_load,Dynamic,5
2026-06-01 01:59:26,0.210000,0.150000,-0.357143,3.965790,0.002100,91.716000,50.152500,5.836700,292.720400,2,high_load,Dynamic,6
2026-06-01 01:59:27,0.000000,0.500000,0.000000,0.000000,0.000000,91.717000,50.238600,4.270700,214.546500,2,high_load,Dynamic,7
2026-06-01 01:59:28,0.000000,0.500000,0.000000,0.000000,0.000000,91.706000,50.264400,3.430700,172.440200,2,high_load,Dynamic,8
2026-06-01 01:59:29,0.008100,0.450000,0.077143,0.187000,0.000090,91.711000,50.278000,3.194300,160.602400,2,high_load,Dynamic,9
2026-06-01 01:59:30,0.058740,0.000000,-0.074143,1.391350,0.000690,91.680000,50.274800,2.945800,148.094400,2,high_load,Dynamic,10
2026-06-01 01:59:31,0.000000,0.000000,0.000000,0.000000,0.000000,91.680000,50.369500,1.394100,70.212600,2,high_load,Dynamic,11
2026-06-01 01:59:32,0.000000,0.000000,0.000000,0.000000,0.000000,91.680000,50.388900,0.845900,42.624000,2,high_load,Dynamic,12
2026-06-01 01:59:33,0.000000,0.000000,0.000000,0.000000,0.000000,91.680000,50.410700,0.616700,31.088100,2,high_load,Dynamic,13
2026-06-01 01:59:34,0.000000,0.000000,0.000000,0.000000,0.000000,91.680000,50.410800,0.539300,27.185700,2,high_load,Dynamic,14
2026-06-01 01:59:35,0.000000,0.000000,0.000000,0.000000,0.000000,91.680000,50.412600,0.537400,27.091400,2,high_load,Dynamic,15
2026-06-01 01:59:36,0.000000,0.000000,0.000000,0.000000,0.000000,91.680000,50.418600,0.485100,24.458200,2,high_load,Dynamic,16
2026-06-01 01:59:37,0.000000,0.000000,0.000000,0.000000,0.000000,91.680000,50.400500,0.530500,26.738200,2,high_load,Dynamic,17
2026-06-01 01:59:38,0.000000,0.000000,0.000000,0.000000,0.000000,91.680000,50.409300,0.536900,27.065000,2,high_load,Dynamic,18
2026-06-01 01:59:39,0.000000,0.000000,0.000000,0.000000,0.000000,91.680000,50.386900,0.531400,26.776400,2,high_load,Dynamic,19
2026-06-01 01:59:40,0.000000,0.000000,0.000000,0.000000,0.000000,91.680000,50.426700,0.471100,23.756200,2,high_load,Dynamic,20
2026-06-01 01:59:41,0.000000,0.000000,0.000000,0.000000,0.000000,91.680000,50.402100,0.497300,25.064900,2,high_load,Dynamic,21
2026-06-01 01:59:42,0.000000,0.000000,0.000000,0.000000,0.000000,91.680000,50.416800,0.508600,25.641800,2,high_load,Dynamic,22
2026-06-01 01:59:43,0.000000,0.000000,0.000000,0.000000,0.000000,91.673000,50.412200,0.469400,23.663100,2,high_load,Dynamic,23
2026-06-01 01:59:44,0.000000,0.000000,0.000000,0.000000,0.000000,91.670000,50.397600,0.500700,25.234800,2,high_load,Dynamic,24
2026-06-01 01:59:45,0.000000,0.000000,0.000000,0.000000,0.000000,91.670000,50.409100,0.520900,26.257700,2,high_load,Dynamic,25
2026-06-01 01:59:46,0.000000,0.000000,0.000000,0.000000,0.000000,91.670000,50.416100,0.483100,24.355200,2,high_load,Dynamic,26
2026-06-01 01:59:47,0.000000,0.000000,0.000000,0.000000,0.000000,91.670000,50.390600,0.516700,26.036500,2,high_load,Dynamic,27
2026-06-01 01:59:48,0.000000,0.000000,0.000000,0.000000,0.000000,91.670000,50.423200,0.506900,25.559500,2,high_load,Dynamic,28
2026-06-01 01:59:49,0.000000,0.000000,0.000000,0.000000,0.000000,91.670000,50.417800,0.473100,23.852500,2,high_load,Dynamic,29
2026-06-01 01:59:50,0.000000,0.000000,0.000000,0.000000,0.000000,91.670000,50.410800,0.469400,23.662400,2,high_load,Dynamic,30
2026-06-01 01:59:51,0.000000,0.000000,0.000000,0.000000,0.000000,91.670000,50.403400,0.496300,25.015300,2,high_load,Dynamic,31
2026-06-01 01:59:52,0.000000,0.000000,0.000000,0.000000,0.000000,91.670000,50.422400,0.516700,26.052300,2,high_load,Dynamic,32
2026-06-01 01:59:53,0.000000,0.000000,0.000000,0.000000,0.000000,91.670000,50.411000,0.514000,25.912100,2,high_load,Dynamic,33
2026-06-01 01:59:54,0.000000,0.000000,0.000000,0.000000,0.000000,91.670000,50.411100,0.532700,26.853900,2,high_load,Dynamic,34
2026-06-01 01:59:55,0.000000,0.000000,0.000000,0.000000,0.000000,91.670000,50.413600,0.492300,24.818600,2,high_load,Dynamic,35
2026-06-01 01:59:56,0.156580,0.000000,0.682619,4.249560,0.002120,91.670000,50.361600,1.681300,84.532200,2,high_load,Dynamic,36
2026-06-01 01:59:57,0.700000,0.000000,0.024000,13.910740,0.006930,91.673000,50.009800,8.587500,429.342400,2,high_load,Dynamic,37
2026-06-01 01:59:58,0.490000,0.000000,-0.666667,9.695070,0.004830,91.653000,49.889600,11.130900,555.291000,2,high_load,Dynamic,38
2026-06-01 01:59:59,0.000000,0.375000,0.000000,0.000000,0.000000,91.677000,50.140200,5.975100,299.525100,2,high_load,Dynamic,39
2026-06-01 02:00:00,0.000000,0.500000,0.000000,0.000000,0.000000,91.672000,50.240100,4.009600,201.441300,2,high_load,Dynamic,40
2026-06-01 02:00:01,0.000000,0.500000,0.000000,0.000000,0.000000,91.687000,50.274600,3.335500,167.690400,2,high_load,Dynamic,41
2026-06-01 02:00:02,0.000000,0.500000,0.000000,0.000000,0.000000,91.648000,50.273700,3.115400,156.622700,2,high_load,Dynamic,42
2026-06-01 02:00:03,0.000000,0.500000,0.000000,0.000000,0.000000,91.694000,50.272400,3.027300,152.189400,2,high_load,Dynamic,43
2026-06-01 02:00:04,0.000000,0.500000,0.000000,0.000000,0.000000,91.645000,50.275300,3.020000,151.831100,2,high_load,Dynamic,44
2026-06-01 02:00:05,0.000000,0.365000,0.000000,0.000000,0.000000,91.665000,50.275100,2.913300,146.465000,2,high_load,Dynamic,45
2026-06-01 02:00:06,0.401680,0.000000,0.687333,9.134210,0.004560,91.653000,50.181300,5.027900,252.036800,2,high_load,Dynamic,46
2026-06-01 02:00:07,0.700000,0.000000,0.000000,13.850100,0.006900,91.660000,49.903800,10.535800,525.711400,2,high_load,Dynamic,47
2026-06-01 02:00:08,0.266000,0.025000,-0.700000,5.263030,0.002620,91.607000,49.908600,10.092500,503.468100,2,high_load,Dynamic,48
2026-06-01 02:00:09,0.000000,0.500000,0.000000,0.000000,0.000000,91.631000,50.172400,5.161000,258.909300,2,high_load,Dynamic,49
2026-06-01 02:00:10,0.000000,0.500000,0.000000,0.000000,0.000000,91.629000,50.239400,3.747900,188.289500,2,high_load,Dynamic,50
2026-06-01 02:00:11,0.000000,0.500000,0.000000,0.000000,0.000000,91.634000,50.260300,3.253000,163.496300,2,high_load,Dynamic,51
2026-06-01 02:00:12,0.000000,0.500000,0.000000,0.000000,0.000000,91.615000,50.263800,3.087600,155.193900,2,high_load,Dynamic,52
2026-06-01 02:00:13,0.000000,0.500000,0.000000,0.000000,0.000000,91.652000,50.283400,3.013500,151.528300,2,high_load,Dynamic,53
2026-06-01 02:00:14,0.000000,0.500000,0.000000,0.000000,0.000000,91.581000,50.279600,3.046100,153.157000,2,high_load,Dynamic,54
2026-06-01 02:00:15,0.001000,0.172222,0.011905,0.024167,0.000011,91.660000,50.299222,2.675000,134.540889,2,high_load,Dynamic,55
2026-06-01 02:00:16,0.616900,0.000000,0.658095,13.434070,0.006700,91.650000,50.070400,7.453600,373.043100,2,high_load,Dynamic,56
2026-06-01 02:00:17,0.630000,0.000000,-0.666667,12.465090,0.006210,91.641000,49.852900,11.385800,567.592500,2,high_load,Dynamic,57
2026-06-01 02:00:18,0.000000,0.250000,0.000000,0.000000,0.000000,91.621000,50.071600,7.004700,350.633000,2,high_load,Dynamic,58
2026-06-01 02:00:19,0.000000,0.500000,0.000000,0.000000,0.000000,91.601000,50.235200,4.276100,214.810500,2,high_load,Dynamic,59
2026-06-01 02:00:20,0.000000,0.500000,0.000000,0.000000,0.000000,91.580000,50.260900,3.430400,172.414100,2,high_load,Dynamic,60
2026-06-01 02:00:21,0.000000,0.500000,0.000000,0.000000,0.000000,91.539000,50.251000,3.156800,158.632000,2,high_load,Dynamic,61
2026-06-01 02:00:22,0.000000,0.500000,0.000000,0.000000,0.000000,91.530000,50.267600,3.028400,152.230700,2,high_load,Dynamic,62
2026-06-01 02:00:23,0.000000,0.500000,0.000000,0.000000,0.000000,91.530000,50.263200,3.020800,151.834600,2,high_load,Dynamic,63
2026-06-01 02:00:24,0.000000,0.500000,0.000000,0.000000,0.000000,91.521000,50.248500,2.999300,150.708900,2,high_load,Dynamic,64
2026-06-01 02:00:25,0.238700,0.000000,0.706667,5.954110,0.002970,91.520000,50.255500,3.684700,185.036400,2,high_load,Dynamic,65
2026-06-01 02:00:26,0.700000,0.000000,0.000000,13.850100,0.006900,91.514000,49.955300,9.579700,478.482700,2,high_load,Dynamic,66
2026-06-01 02:00:27,0.420000,0.000000,-0.666667,8.310060,0.004140,91.502000,49.854900,10.994700,548.065800,2,high_load,Dynamic,67
2026-06-01 02:00:28,0.000000,0.450000,0.000000,0.000000,0.000000,91.491000,50.104900,5.946300,297.902000,2,high_load,Dynamic,68
2026-06-01 02:00:29,0.000000,0.500000,0.000000,0.000000,0.000000,91.490000,50.213200,4.034300,202.567800,2,high_load,Dynamic,69
2026-06-01 02:00:30,0.000000,0.500000,0.000000,0.000000,0.000000,91.483000,50.239200,3.349900,168.294000,2,high_load,Dynamic,70
2026-06-01 02:00:31,0.000000,0.500000,0.000000,0.000000,0.000000,91.480000,50.252600,3.108600,156.214700,2,high_load,Dynamic,71
2026-06-01 02:00:32,0.000000,0.500000,0.000000,0.000000,0.000000,91.480000,50.264300,3.051300,153.370200,2,high_load,Dynamic,72
2026-06-01 02:00:33,0.000000,0.500000,0.000000,0.000000,0.000000,91.476000,50.247600,3.044700,152.988500,2,high_load,Dynamic,73
2026-06-01 02:00:34,0.000000,0.300000,0.000000,0.000000,0.000000,91.479000,50.284200,2.822100,141.902400,2,high_load,Dynamic,74
2026-06-01 02:00:35,0.450500,0.000000,0.706667,10.068250,0.005030,91.470000,50.140800,5.253600,263.129600,2,high_load,Dynamic,75
2026-06-01 02:00:36,0.700000,0.000000,0.000000,13.850100,0.006900,91.459000,49.881300,10.644400,530.927300,2,high_load,Dynamic,76
2026-06-01 02:00:37,0.210000,0.100000,-0.666667,4.155030,0.002070,91.448000,49.929900,9.627100,480.466500,2,high_load,Dynamic,77
2026-06-01 02:00:38,0.000000,0.500000,0.000000,0.000000,0.000000,91.440000,50.172900,5.130400,257.390300,2,high_load,Dynamic,78
2026-06-01 02:00:39,0.000000,0.500000,0.000000,0.000000,0.000000,91.438000,50.228100,3.721100,186.900000,2,high_load,Dynamic,79
2026-06-01 02:00:40,0.000000,0.500000,0.000000,0.000000,0.000000,91.430000,50.268200,3.216700,161.695700,2,high_load,Dynamic,80
2026-06-01 02:00:41,0.000000,0.500000,0.000000,0.000000,0.000000,91.430000,50.262000,3.095700,155.596200,2,high_load,Dynamic,81
2026-06-01 02:00:42,0.000000,0.500000,0.000000,0.000000,0.000000,91.430000,50.260900,3.059800,153.788200,2,high_load,Dynamic,82
2026-06-01 02:00:43,0.000000,0.500000,0.000000,0.000000,0.000000,91.421000,50.258700,3.020500,151.807000,2,high_load,Dynamic,83
2026-06-01 02:00:44,0.046200,0.150000,0.340000,1.274960,0.000640,91.420000,50.273000,2.783900,139.941200,2,high_load,Dynamic,84
2026-06-01 02:00:45,0.682500,0.000000,0.366667,14.340880,0.007150,91.416000,49.996400,8.076800,403.700500,2,high_load,Dynamic,85
2026-06-01 02:00:46,0.560000,0.000000,-0.666667,11.080080,0.005520,91.405000,49.851300,11.338700,565.240000,2,high_load,Dynamic,86
2026-06-01 02:00:47,0.000000,0.300000,0.000000,0.000000,0.000000,91.394000,50.075500,6.485500,324.657400,2,high_load,Dynamic,87
2026-06-01 02:00:48,0.000000,0.500000,0.000000,0.000000,0.000000,91.390000,50.219700,4.188200,210.320600,2,high_load,Dynamic,88
2026-06-01 02:00:49,0.000000,0.500000,0.000000,0.000000,0.000000,91.388000,50.223600,3.425800,172.054600,2,high_load,Dynamic,89
2026-06-01 02:00:50,0.000000,0.500000,0.000000,0.000000,0.000000,91.380000,50.227300,3.131700,157.296200,2,high_load,Dynamic,90
2026-06-01 02:00:51,0.000000,0.500000,0.000000,0.000000,0.000000,91.380000,50.255900,3.053900,153.477200,2,high_load,Dynamic,91
2026-06-01 02:00:52,0.000000,0.500000,0.000000,0.000000,0.000000,91.380000,50.253000,3.013000,151.412600,2,high_load,Dynamic,92
2026-06-01 02:00:53,0.000000,0.450000,0.000000,0.000000,0.000000,91.371000,50.251900,2.957500,148.619000,2,high_load,Dynamic,93
2026-06-01 02:00:54,0.316500,0.000000,0.706667,7.491560,0.003740,91.370000,50.197400,4.164800,208.907200,2,high_load,Dynamic,94
2026-06-01 02:00:55,0.700000,0.000000,0.000000,13.850100,0.006900,91.363000,49.901400,10.019000,499.917800,2,high_load,Dynamic,95
2026-06-01 02:00:56,0.350000,0.000000,-0.666667,6.925050,0.003450,91.351000,49.887500,10.661900,531.757600,2,high_load,Dynamic,96
2026-06-01 02:00:57,0.000000,0.450000,0.000000,0.000000,0.000000,91.340000,50.135100,5.427400,272.068200,2,high_load,Dynamic,97
2026-06-01 02:00:58,0.000000,0.500000,0.000000,0.000000,0.000000,91.340000,50.188900,3.841500,192.796000,2,high_load,Dynamic,98
2026-06-01 02:00:59,0.000000,0.500000,0.000000,0.000000,0.000000,91.333000,50.235000,3.302600,165.906900,2,high_load,Dynamic,99
2026-06-01 02:01:00,0.000000,0.500000,0.000000,0.000000,0.000000,91.330000,50.248200,3.121900,156.871100,2,high_load,Dynamic,100
2026-06-01 02:01:01,0.000000,0.500000,0.000000,0.000000,0.000000,91.330000,50.240800,3.027600,152.108600,2,high_load,Dynamic,101
2026-06-01 02:01:02,0.000000,0.500000,0.000000,0.000000,0.000000,91.327000,50.254700,2.992200,150.372500,2,high_load,Dynamic,102
2026-06-01 02:01:03,0.000000,0.250000,0.000000,0.000000,0.000000,91.320000,50.250100,2.646000,132.952700,2,high_load,Dynamic,103
2026-06-01 02:01:04,0.522300,0.000000,0.706667,11.569000,0.005770,91.320000,50.099300,5.947500,297.684600,2,high_load,Dynamic,104
2026-06-01 02:01:05,0.700000,0.000000,0.000000,13.850100,0.006900,91.308000,49.859400,10.951600,546.009800,2,high_load,Dynamic,105
2026-06-01 02:01:06,0.140000,0.150000,-0.666667,2.770020,0.001380,91.297000,49.948100,9.069900,452.798700,2,high_load,Dynamic,106
2026-06-01 02:01:07,0.000000,0.500000,0.000000,0.000000,0.000000,91.290000,50.154900,4.922600,246.869100,2,high_load,Dynamic,107
2026-06-01 02:01:08,0.000000,0.500000,0.000000,0.000000,0.000000,91.289000,50.217600,3.667400,184.169700,2,high_load,Dynamic,108
2026-06-01 02:01:09,0.000000,0.500000,0.000000,0.000000,0.000000,91.280000,50.239000,3.221500,161.846000,2,high_load,Dynamic,109
2026-06-01 02:01:10,0.000000,0.500000,0.000000,0.000000,0.000000,91.280000,50.262600,3.074600,154.536500,2,high_load,Dynamic,110
2026-06-01 02:01:11,0.000000,0.500000,0.000000,0.000000,0.000000,91.280000,50.246400,3.057800,153.643300,2,high_load,Dynamic,111
2026-06-01 02:01:12,0.000000,0.500000,0.000000,0.000000,0.000000,91.272000,50.262000,3.030600,152.323700,2,high_load,Dynamic,112
2026-06-01 02:01:13,0.104700,0.100000,0.545714,2.907830,0.001450,91.270000,50.231300,3.030000,152.166200,2,high_load,Dynamic,113
2026-06-01 02:01:14,0.700000,0.000000,0.160952,14.256820,0.007110,91.265000,49.964500,8.656300,432.398900,2,high_load,Dynamic,114
2026-06-01 02:01:15,0.490000,0.000000,-0.666667,9.695070,0.004830,91.254000,49.827900,11.181800,557.117900,2,high_load,Dynamic,115
2026-06-01 02:01:16,0.000000,0.350000,0.000000,0.000000,0.000000,91.244000,50.100900,6.074900,304.288000,2,high_load,Dynamic,116
2026-06-01 02:01:17,0.000000,0.500000,0.000000,0.000000,0.000000,91.240000,50.189800,4.033300,202.428200,2,high_load,Dynamic,117
2026-06-01 02:01:18,0.000000,0.500000,0.000000,0.000000,0.000000,91.246000,50.238000,3.345500,168.071400,2,high_load,Dynamic,118
2026-06-01 02:01:19,0.000000,0.500000,0.000000,0.000000,0.000000,91.230000,50.239900,3.139000,157.702900,2,high_load,Dynamic,119
2026-06-01 02:01:20,0.000000,0.500000,0.000000,0.000000,0.000000,91.230000,50.227800,3.046700,153.029500,2,high_load,Dynamic,120
2026-06-01 02:01:21,0.000000,0.500000,0.000000,0.000000,0.000000,91.230000,50.252200,3.006300,151.073200,2,high_load,Dynamic,121
2026-06-01 02:01:22,0.000000,0.400000,0.000000,0.000000,0.000000,91.221000,50.249200,2.945600,148.013800,2,high_load,Dynamic,122
2026-06-01 02:01:23,0.390700,0.000000,0.695476,8.906460,0.004450,91.220000,50.176400,4.708700,236.036600,2,high_load,Dynamic,123
2026-06-01 02:01:24,0.700000,0.000000,0.000000,13.850100,0.006900,91.212000,49.877000,10.364900,516.924400,2,high_load,Dynamic,124
2026-06-01 02:01:25,0.280000,0.000000,-0.666667,5.540040,0.002760,91.201000,49.890200,10.124100,504.911800,2,high_load,Dynamic,125
2026-06-01 02:01:26,0.000000,0.500000,0.000000,0.000000,0.000000,91.190000,50.124200,5.233700,262.314400,2,high_load,Dynamic,126
2026-06-01 02:01:27,0.000000,0.500000,0.000000,0.000000,0.000000,91.190000,50.205400,3.772400,189.396100,2,high_load,Dynamic,127
2026-06-01 02:01:28,0.000000,0.500000,0.000000,0.000000,0.000000,91.183000,50.222700,3.271400,164.296800,2,high_load,Dynamic,128
2026-06-01 02:01:29,0.000000,0.500000,0.000000,0.000000,0.000000,91.180000,50.234300,3.067700,154.102900,2,high_load,Dynamic,129
2026-06-01 02:01:30,0.000000,0.500000,0.000000,0.000000,0.000000,91.180000,50.255900,3.013000,151.420800,2,high_load,Dynamic,130
2026-06-01 02:01:31,0.000000,0.500000,0.000000,0.000000,0.000000,91.177000,50.243300,3.030500,152.262000,2,high_load,Dynamic,131
2026-06-01 02:01:32,0.000000,0.250000,0.000000,0.000000,0.000000,91.170000,50.250400,2.690700,135.207600,2,high_load,Dynamic,132
2026-06-01 02:01:33,0.598300,0.000000,0.706667,13.066950,0.006520,91.169000,50.055800,6.806900,340.525600,2,high_load,Dynamic,133
2026-06-01 02:01:34,0.700000,0.000000,0.000000,13.850100,0.006900,91.157000,49.818000,11.240400,559.938300,2,high_load,Dynamic,134
2026-06-01 02:01:35,0.000000,0.200000,-0.666667,0.000000,0.000000,91.148000,50.015200,7.568700,378.384100,2,high_load,Dynamic,135
2026-06-01 02:01:36,0.000000,0.500000,0.000000,0.000000,0.000000,91.140000,50.180300,4.428100,222.195900,2,high_load,Dynamic,136
2026-06-01 02:01:37,0.000000,0.500000,0.000000,0.000000,0.000000,91.140000,50.204700,3.478400,174.633200,2,high_load,Dynamic,137
2026-06-01 02:01:38,0.000000,0.500000,0.000000,0.000000,0.000000,91.133000,50.236400,3.174500,159.474700,2,high_load,Dynamic,138
2026-06-01 02:01:39,0.000000,0.500000,0.000000,0.000000,0.000000,91.130000,50.221800,3.089500,155.161200,2,high_load,Dynamic,139
2026-06-01 02:01:40,0.000000,0.500000,0.000000,0.000000,0.000000,91.130000,50.235900,3.041900,152.812100,2,high_load,Dynamic,140
2026-06-01 02:01:41,0.000000,0.500000,0.000000,0.000000,0.000000,91.127000,50.225400,3.018700,151.615400,2,high_load,Dynamic,141
2026-06-01 02:01:42,0.180700,0.050000,0.695476,4.799190,0.002390,91.120000,50.223100,3.334000,167.363200,2,high_load,Dynamic,142
2026-06-01 02:01:43,0.700000,0.000000,0.000000,13.850100,0.006900,91.116000,49.908800,9.164400,457.270300,2,high_load,Dynamic,143
2026-06-01 02:01:44,0.490000,0.000000,-0.666667,9.695070,0.004830,91.112000,49.816600,11.245700,560.142000,2,high_load,Dynamic,144
2026-06-01 02:01:45,0.000000,0.400000,0.000000,0.000000,0.000000,91.094000,50.076900,6.279100,314.375600,2,high_load,Dynamic,145
2026-06-01 02:01:46,0.000000,0.500000,0.000000,0.000000,0.000000,91.107000,50.183400,4.106500,206.074300,2,high_load,Dynamic,146
2026-06-01 02:01:47,0.000000,0.500000,0.000000,0.000000,0.000000,91.087000,50.215400,3.385200,169.988700,2,high_load,Dynamic,147
2026-06-01 02:01:48,0.000000,0.500000,0.000000,0.000000,0.000000,91.098000,50.238500,3.128400,157.164800,2,high_load,Dynamic,148
2026-06-01 02:01:49,0.000000,0.500000,0.000000,0.000000,0.000000,91.088000,50.225000,3.053100,153.341200,2,high_load,Dynamic,149
2026-06-01 02:01:50,0.000000,0.500000,0.000000,0.000000,0.000000,91.088000,50.245700,3.023700,151.928200,2,high_load,Dynamic,150
2026-06-01 02:01:51,0.000000,0.340000,0.000000,0.000000,0.000000,91.089000,50.248600,2.793100,140.345100,2,high_load,Dynamic,151
2026-06-01 02:01:52,0.393700,0.000000,0.706667,9.089060,0.004540,91.148000,50.132700,5.247100,262.793000,2,high_load,Dynamic,152
2026-06-01 02:01:53,0.700000,0.000000,0.000000,13.850100,0.006900,91.146000,49.862100,10.671300,532.060800,2,high_load,Dynamic,153
2026-06-01 02:01:54,0.259000,0.075000,-0.666667,5.124530,0.002550,91.134000,49.891000,9.621700,479.827200,2,high_load,Dynamic,154
2026-06-01 02:01:55,0.000000,0.500000,0.000000,0.000000,0.000000,91.121000,50.128200,5.144100,257.855000,2,high_load,Dynamic,155
2026-06-01 02:01:56,0.000000,0.500000,0.000000,0.000000,0.000000,91.120000,50.195000,3.782444,189.857333,2,high_load,Dynamic,156
2026-06-01 02:01:57,0.000000,0.500000,0.000000,0.000000,0.000000,91.120000,50.226545,3.287364,165.111364,2,high_load,Dynamic,157
2026-06-01 02:01:58,0.000000,0.500000,0.000000,0.000000,0.000000,91.120000,50.218111,3.096556,155.502556,2,high_load,Dynamic,158
2026-06-01 02:01:59,0.000000,0.500000,0.000000,0.000000,0.000000,91.112000,50.223000,3.019300,151.638300,2,high_load,Dynamic,159
2026-06-01 02:02:00,0.000000,0.500000,0.000000,0.000000,0.000000,91.110000,50.217727,3.015455,151.429545,2,high_load,Dynamic,160
2026-06-01 02:02:01,0.025260,0.150000,0.225143,0.695430,0.000340,91.101000,50.236300,2.808000,141.040900,2,high_load,Dynamic,161
2026-06-01 02:02:02,0.669200,0.000000,0.458333,14.202510,0.007080,91.102000,49.988800,8.105700,405.060800,2,high_load,Dynamic,162
2026-06-01 02:02:03,0.644000,0.000000,-0.666667,12.742090,0.006350,91.092000,49.805700,11.554400,575.465700,2,high_load,Dynamic,163
2026-06-01 02:02:04,0.000000,0.300000,-0.133333,0.000000,0.000000,91.080000,50.020900,7.213300,360.715200,2,high_load,Dynamic,164
2026-06-01 02:02:05,0.000000,0.500000,0.000000,0.000000,0.000000,91.075000,50.150800,4.402100,220.754700,2,high_load,Dynamic,165
2026-06-01 02:02:06,0.000000,0.500000,0.000000,0.000000,0.000000,91.070000,50.193100,3.472100,174.274400,2,high_load,Dynamic,166
2026-06-01 02:02:07,0.000000,0.500000,0.000000,0.000000,0.000000,91.070000,50.213900,3.141200,157.731700,2,high_load,Dynamic,167
2026-06-01 02:02:08,0.000000,0.500000,0.000000,0.000000,0.000000,91.065556,50.223111,3.059889,153.677111,2,high_load,Dynamic,168
2026-06-01 02:02:09,0.000000,0.500000,0.000000,0.000000,0.000000,91.060000,50.215818,3.031545,152.230909,2,high_load,Dynamic,169
2026-06-01 02:02:10,0.000000,0.450000,0.000000,0.000000,0.000000,91.060000,50.222700,2.966000,148.959800,2,high_load,Dynamic,170
2026-06-01 02:02:11,0.274460,0.000000,0.671810,6.567590,0.003280,91.049000,50.159800,4.032100,202.045600,2,high_load,Dynamic,171
2026-06-01 02:02:12,0.700000,0.000000,0.000000,13.850100,0.006900,91.048000,49.874700,10.014000,499.397000,2,high_load,Dynamic,172
2026-06-01 02:02:13,0.364000,0.000000,-0.800000,7.202050,0.003590,91.035000,49.839000,10.628500,529.570900,2,high_load,Dynamic,173
2026-06-01 02:02:14,0.000000,0.444444,0.000000,0.000000,0.000000,91.030000,50.110778,5.559444,278.554778,2,high_load,Dynamic,174
2026-06-01 02:02:15,0.000000,0.500000,0.000000,0.000000,0.000000,91.021818,50.175364,3.897273,195.543909,2,high_load,Dynamic,175
2026-06-01 02:02:16,0.000000,0.500000,0.000000,0.000000,0.000000,91.020000,50.213000,3.298444,165.625000,2,high_load,Dynamic,176
2026-06-01 02:02:17,0.000000,0.500000,0.000000,0.000000,0.000000,91.020000,50.218909,3.111364,156.249636,2,high_load,Dynamic,177
2026-06-01 02:02:18,0.000000,0.500000,0.000000,0.000000,0.000000,91.011000,50.221800,3.016300,151.484100,2,high_load,Dynamic,178
2026-06-01 02:02:19,0.000000,0.500000,0.000000,0.000000,0.000000,91.010000,50.238889,3.035889,152.519222,2,high_load,Dynamic,179
2026-06-01 02:02:20,0.000000,0.318182,0.000000,0.000000,0.000000,91.001818,50.225455,2.793727,140.308273,2,high_load,Dynamic,180
2026-06-01 02:02:21,0.419800,0.000000,0.706667,9.514750,0.004740,91.005000,50.109500,5.249300,262.752700,2,high_load,Dynamic,181
2026-06-01 02:02:22,0.700000,0.000000,0.000000,13.850100,0.006900,90.995000,49.840200,10.671800,531.832000,2,high_load,Dynamic,182
2026-06-01 02:02:23,0.140000,0.150000,-0.833333,2.770020,0.001380,90.983000,49.913000,8.934700,445.747300,2,high_load,Dynamic,183
2026-06-01 02:02:24,0.000000,0.500000,0.000000,0.000000,0.000000,90.980000,50.110444,4.958111,248.433778,2,high_load,Dynamic,184
2026-06-01 02:02:25,0.000000,0.500000,0.000000,0.000000,0.000000,90.970909,50.191455,3.694727,185.437909,2,high_load,Dynamic,185
2026-06-01 02:02:26,0.000000,0.500000,0.000000,0.000000,0.000000,90.970000,50.212556,3.241222,162.748667,2,high_load,Dynamic,186
2026-06-01 02:02:27,0.000000,0.500000,0.000000,0.000000,0.000000,90.970000,50.220636,3.073364,154.345273,2,high_load,Dynamic,187
2026-06-01 02:02:28,0.000000,0.500000,0.000000,0.000000,0.000000,90.933333,50.203778,3.025778,151.905111,2,high_load,Dynamic,188
2026-06-01 02:02:29,0.000000,0.500000,0.000000,0.000000,0.000000,90.960000,50.204800,3.024600,151.848900,2,high_load,Dynamic,189
2026-06-01 02:02:30,0.007500,0.150000,0.089286,0.204480,0.000100,90.879000,50.221400,2.542700,127.684200,2,high_load,Dynamic,190
2026-06-01 02:02:31,0.637480,0.000000,0.596476,13.768030,0.006870,90.868000,49.983500,7.419900,370.691600,2,high_load,Dynamic,191
2026-06-01 02:02:32,0.630000,0.000000,-0.666667,12.465090,0.006210,90.857000,49.796800,11.339200,564.626100,2,high_load,Dynamic,192
2026-06-01 02:02:33,0.000000,0.300000,0.000000,0.000000,0.000000,90.856000,50.004900,7.115600,355.699300,2,high_load,Dynamic,193
2026-06-01 02:02:34,0.000000,0.500000,0.000000,0.000000,0.000000,90.849000,50.138400,4.382400,219.716100,2,high_load,Dynamic,194
2026-06-01 02:02:35,0.000000,0.500000,0.000000,0.000000,0.000000,90.848000,50.184300,3.501800,175.733800,2,high_load,Dynamic,195
2026-06-01 02:02:36,0.000000,0.500000,0.000000,0.000000,0.000000,90.833000,50.199900,3.167700,159.016900,2,high_load,Dynamic,196
2026-06-01 02:02:37,0.000000,0.500000,0.000000,0.000000,0.000000,90.848000,50.195000,3.071000,154.148800,2,high_load,Dynamic,197
2026-06-01 02:02:38,0.000000,0.500000,0.000000,0.000000,0.000000,90.830000,50.195400,3.029900,152.086400,2,high_load,Dynamic,198
2026-06-01 02:02:39,0.000000,0.450000,0.000000,0.000000,0.000000,90.826000,50.214400,2.998700,150.578100,2,high_load,Dynamic,199
2026-06-01 02:02:40,0.232700,0.000000,0.690238,5.813790,0.002910,90.820000,50.174800,3.559400,178.454700,2,high_load,Dynamic,200
2026-06-01 02:02:41,0.700000,0.000000,0.000000,13.850100,0.006900,90.815000,49.881100,9.563300,476.969000,2,high_load,Dynamic,201
2026-06-01 02:02:42,0.350000,0.000000,-0.666667,6.925050,0.003450,90.803000,49.836400,10.475300,521.937800,2,high_load,Dynamic,202
2026-06-01 02:02:43,0.000000,0.500000,0.000000,0.000000,0.000000,90.795000,50.098100,5.583300,279.686000,2,high_load,Dynamic,203
2026-06-01 02:02:44,0.000000,0.500000,0.000000,0.000000,0.000000,90.808000,50.158400,3.926200,196.928800,2,high_load,Dynamic,204
2026-06-01 02:02:45,0.000000,0.500000,0.000000,0.000000,0.000000,90.790000,50.183200,3.333400,167.280200,2,high_load,Dynamic,205
2026-06-01 02:02:46,0.000000,0.500000,0.000000,0.000000,0.000000,90.781000,50.196900,3.107500,155.986600,2,high_load,Dynamic,206
2026-06-01 02:02:47,0.000000,0.500000,0.000000,0.000000,0.000000,90.780000,50.198700,3.034200,152.312000,2,high_load,Dynamic,207
2026-06-01 02:02:48,0.000000,0.500000,0.000000,0.000000,0.000000,90.780000,50.201400,3.007700,150.990800,2,high_load,Dynamic,208
2026-06-01 02:02:49,0.000000,0.250000,0.000000,0.000000,0.000000,90.775000,50.212500,2.712200,136.179500,2,high_load,Dynamic,209
2026-06-01 02:02:50,0.591100,0.000000,0.706667,12.875250,0.006420,90.770000,50.007300,6.811700,340.420400,2,high_load,Dynamic,210
2026-06-01 02:02:51,0.700000,0.000000,0.000000,13.850100,0.006900,90.760000,49.796500,11.223600,558.870900,2,high_load,Dynamic,211
2026-06-01 02:02:52,0.070000,0.150000,-0.666667,1.385010,0.000690,90.750000,49.921100,8.364700,417.374000,2,high_load,Dynamic,212
2026-06-01 02:02:53,0.000000,0.500000,0.000000,0.000000,0.000000,90.740000,50.121600,4.614600,231.274300,2,high_load,Dynamic,213
2026-06-01 02:02:54,0.000000,0.500000,0.000000,0.000000,0.000000,90.740000,50.156800,3.551800,178.147400,2,high_load,Dynamic,214
2026-06-01 02:02:55,0.000000,0.500000,0.000000,0.000000,0.000000,90.737000,50.163400,3.217400,161.395500,2,high_load,Dynamic,215
2026-06-01 02:02:56,0.000000,0.500000,0.000000,0.000000,0.000000,90.730000,50.208200,3.070800,154.178800,2,high_load,Dynamic,216
2026-06-01 02:02:57,0.000000,0.500000,0.000000,0.000000,0.000000,90.730000,50.199700,2.981900,149.690700,2,high_load,Dynamic,217
2026-06-01 02:02:58,0.000000,0.500000,0.000000,0.000000,0.000000,90.730000,50.205200,3.013900,151.313600,2,high_load,Dynamic,218
2026-06-01 02:02:59,0.098700,0.100000,0.540000,2.735220,0.001370,90.721000,50.181200,2.998800,150.442000,2,high_load,Dynamic,219
2026-06-01 02:03:00,0.700000,0.000000,0.166667,14.271260,0.007110,90.718000,49.913300,8.630600,430.673400,2,high_load,Dynamic,220
2026-06-01 02:03:01,0.560000,0.000000,-0.666667,11.080080,0.005520,90.706000,49.751300,11.520100,573.117900,2,high_load,Dynamic,221
2026-06-01 02:03:02,0.000000,0.300000,0.000000,0.000000,0.000000,90.697000,50.014200,6.547300,327.369700,2,high_load,Dynamic,222
2026-06-01 02:03:03,0.000000,0.500000,0.000000,0.000000,0.000000,90.690000,50.132000,4.164400,208.768000,2,high_load,Dynamic,223
2026-06-01 02:03:04,0.000000,0.500000,0.000000,0.000000,0.000000,90.690000,50.189500,3.419400,171.617200,2,high_load,Dynamic,224
2026-06-01 02:03:05,0.000000,0.500000,0.000000,0.000000,0.000000,90.683000,50.177400,3.186000,159.865200,2,high_load,Dynamic,225
2026-06-01 02:03:06,0.000000,0.500000,0.000000,0.000000,0.000000,90.680000,50.203200,3.050600,153.150400,2,high_load,Dynamic,226
2026-06-01 02:03:07,0.000000,0.500000,0.000000,0.000000,0.000000,90.688000,50.203500,3.049700,153.105300,2,high_load,Dynamic,227
2026-06-01 02:03:08,0.000000,0.400000,0.000000,0.000000,0.000000,90.736000,50.183500,2.848100,142.925600,2,high_load,Dynamic,228
2026-06-01 02:03:09,0.325260,0.000000,0.706667,7.695610,0.003840,90.750000,50.101500,4.617300,231.108300,2,high_load,Dynamic,229
2026-06-01 02:03:10,0.700000,0.000000,0.000000,13.850100,0.006900,90.740000,49.832800,10.293700,512.915700,2,high_load,Dynamic,230
2026-06-01 02:03:11,0.245000,0.045000,-0.666667,4.847530,0.002420,90.737000,49.888300,9.467100,472.077600,2,high_load,Dynamic,231
2026-06-01 02:03:12,0.000000,0.500000,0.000000,0.000000,0.000000,90.695000,50.074100,5.013700,251.044900,2,high_load,Dynamic,232
2026-06-01 02:03:13,0.000000,0.500000,0.000000,0.000000,0.000000,90.711000,50.145700,3.711800,186.128200,2,high_load,Dynamic,233
2026-06-01 02:03:14,0.000000,0.500000,0.000000,0.000000,0.000000,90.648000,50.176400,3.289700,165.064900,2,high_load,Dynamic,234
2026-06-01 02:03:15,0.000000,0.500000,0.000000,0.000000,0.000000,90.720000,50.194800,3.071800,154.188700,2,high_load,Dynamic,235
2026-06-01 02:03:16,0.000000,0.500000,0.000000,0.000000,0.000000,90.693000,50.187100,3.035100,152.322500,2,high_load,Dynamic,236
2026-06-01 02:03:17,0.000000,0.500000,0.000000,0.000000,0.000000,90.679000,50.188400,3.027500,151.944900,2,high_load,Dynamic,237
2026-06-01 02:03:18,0.000000,0.220000,0.000000,0.000000,0.000000,90.686000,50.210300,2.569000,128.975900,2,high_load,Dynamic,238
2026-06-01 02:03:19,0.548400,0.000000,0.706667,12.092260,0.006030,90.708000,50.022600,6.683400,334.126500,2,high_load,Dynamic,239
2026-06-01 02:03:20,0.700000,0.000000,0.000000,13.850100,0.006900,90.696000,49.780900,11.233100,559.177200,2,high_load,Dynamic,240
2026-06-01 02:03:21,0.014000,0.200000,-0.666667,0.277000,0.000140,90.685000,49.956100,7.569100,377.944800,2,high_load,Dynamic,241
2026-06-01 02:03:22,0.000000,0.500000,0.000000,0.000000,0.000000,90.635000,50.104800,4.498900,225.409200,2,high_load,Dynamic,242
2026-06-01 02:03:23,0.000000,0.500000,0.000000,0.000000,0.000000,90.678000,50.182300,3.505800,175.926700,2,high_load,Dynamic,243
2026-06-01 02:03:24,0.000000,0.500000,0.000000,0.000000,0.000000,90.630000,50.190600,3.192000,160.208900,2,high_load,Dynamic,244
2026-06-01 02:03:25,0.000000,0.500000,0.000000,0.000000,0.000000,90.670000,50.197300,3.035900,152.393600,2,high_load,Dynamic,245
2026-06-01 02:03:26,0.000000,0.500000,0.000000,0.000000,0.000000,90.634000,50.178900,3.032200,152.151900,2,high_load,Dynamic,246
2026-06-01 02:03:27,0.000000,0.500000,0.000000,0.000000,0.000000,90.630000,50.180300,3.009900,151.037200,2,high_load,Dynamic,247
2026-06-01 02:03:28,0.126060,0.065000,0.620000,3.459410,0.001730,90.602000,50.181100,3.106200,155.810600,2,high_load,Dynamic,248
2026-06-01 02:03:29,0.700000,0.000000,0.086667,14.069100,0.007010,90.612000,49.872900,8.918100,444.662800,2,high_load,Dynamic,249
2026-06-01 02:03:30,0.504000,0.000000,-0.666667,9.972070,0.004970,90.583000,49.773000,11.337800,564.271000,2,high_load,Dynamic,250
2026-06-01 02:03:31,0.000000,0.400000,0.000000,0.000000,0.000000,90.606000,50.006900,6.475600,323.715700,2,high_load,Dynamic,251
2026-06-01 02:03:32,0.000000,0.500000,0.000000,0.000000,0.000000,90.603000,50.129000,4.181300,209.599500,2,high_load,Dynamic,252
2026-06-01 02:03:33,0.000000,0.500000,0.000000,0.000000,0.000000,90.614000,50.158000,3.417900,171.432600,2,high_load,Dynamic,253
2026-06-01 02:03:34,0.000000,0.500000,0.000000,0.000000,0.000000,90.579000,50.168200,3.153100,158.184000,2,high_load,Dynamic,254
2026-06-01 02:03:35,0.000000,0.500000,0.000000,0.000000,0.000000,90.620000,50.192000,3.023600,151.760700,2,high_load,Dynamic,255
2026-06-01 02:03:36,0.000000,0.500000,0.000000,0.000000,0.000000,90.596667,50.183556,3.034222,152.268667,2,high_load,Dynamic,256
2026-06-01 02:03:37,0.000000,0.345455,0.000000,0.000000,0.000000,90.595455,50.205455,2.813818,141.263727,2,high_load,Dynamic,257
2026-06-01 02:03:38,0.407980,0.000000,0.706667,9.285490,0.004640,90.557000,50.106600,4.770400,238.761300,2,high_load,Dynamic,258
2026-06-01 02:03:39,0.700000,0.000000,0.000000,13.850100,0.006900,90.557000,49.800500,10.481400,521.945800,2,high_load,Dynamic,259
2026-06-01 02:03:40,0.231000,0.095000,-0.666667,4.570530,0.002280,90.547000,49.857200,9.742400,485.520500,2,high_load,Dynamic,260
2026-06-01 02:03:41,0.000000,0.500000,0.000000,0.000000,0.000000,90.564000,50.065200,5.197100,260.177700,2,high_load,Dynamic,261
2026-06-01 02:03:42,0.000000,0.500000,0.000000,0.000000,0.000000,90.562000,50.126400,3.749000,187.921900,2,high_load,Dynamic,262
2026-06-01 02:03:43,0.000000,0.500000,0.000000,0.000000,0.000000,90.570000,50.167400,3.252500,163.168700,2,high_load,Dynamic,263
2026-06-01 02:03:44,0.000000,0.500000,0.000000,0.000000,0.000000,90.531111,50.165222,3.105000,155.762222,2,high_load,Dynamic,264
2026-06-01 02:03:45,0.000000,0.500000,0.000000,0.000000,0.000000,90.570000,50.174700,3.001400,150.594900,2,high_load,Dynamic,265
2026-06-01 02:03:46,0.000000,0.500000,0.000000,0.000000,0.000000,90.563000,50.184900,2.990200,150.063300,2,high_load,Dynamic,266
2026-06-01 02:03:47,0.003900,0.200000,0.037143,0.090840,0.000050,90.560000,50.195900,2.695100,135.279200,2,high_load,Dynamic,267
2026-06-01 02:03:48,0.623500,0.000000,0.669524,13.624030,0.006790,90.557000,49.959000,7.434300,371.238400,2,high_load,Dynamic,268
2026-06-01 02:03:49,0.700000,0.000000,0.000000,13.850100,0.006900,90.546000,49.759300,11.461800,570.307100,2,high_load,Dynamic,269
2026-06-01 02:03:50,0.000000,0.227273,-0.606061,0.000000,0.000000,90.533636,49.947091,7.439364,371.377455,2,high_load,Dynamic,270
2026-06-01 02:03:51,0.000000,0.500000,0.000000,0.000000,0.000000,90.530000,50.099700,4.337100,217.278200,2,high_load,Dynamic,271
2026-06-01 02:03:52,0.000000,0.500000,0.000000,0.000000,0.000000,90.524000,50.154700,3.446600,172.864100,2,high_load,Dynamic,272
2026-06-01 02:03:53,0.000000,0.500000,0.000000,0.000000,0.000000,90.520000,50.183000,3.162222,158.689222,2,high_load,Dynamic,273
2026-06-01 02:03:54,0.000000,0.500000,0.000000,0.000000,0.000000,90.520000,50.182000,3.078182,154.469364,2,high_load,Dynamic,274
2026-06-01 02:03:55,0.000000,0.500000,0.000000,0.000000,0.000000,90.517778,50.183111,3.034778,152.292778,2,high_load,Dynamic,275
2026-06-01 02:03:56,0.000000,0.500000,0.000000,0.000000,0.000000,90.510000,50.175900,3.028700,151.967600,2,high_load,Dynamic,276
2026-06-01 02:03:57,0.190727,0.000000,0.642424,4.936700,0.002464,90.510000,50.149273,3.479273,174.338727,2,high_load,Dynamic,277
2026-06-01 02:03:58,0.700000,0.000000,0.000000,13.850100,0.006900,90.503333,49.865000,9.325889,464.960333,2,high_load,Dynamic,278
2026-06-01 02:03:59,0.420000,0.000000,-0.833333,8.310060,0.004140,90.492000,49.770600,10.873400,541.092300,2,high_load,Dynamic,279
2026-06-01 02:04:00,0.000000,0.409091,0.000000,0.000000,0.000000,90.481818,50.048364,5.595636,280.006455,2,high_load,Dynamic,280
2026-06-01 02:04:01,0.000000,0.500000,0.000000,0.000000,0.000000,90.480000,50.128667,3.901556,195.579444,2,high_load,Dynamic,281
2026-06-01 02:04:02,0.000000,0.500000,0.000000,0.000000,0.000000,90.474545,50.148818,3.315545,166.270545,2,high_load,Dynamic,282
2026-06-01 02:04:03,0.000000,0.500000,0.000000,0.000000,0.000000,90.470000,50.162333,3.084556,154.726444,2,high_load,Dynamic,283
2026-06-01 02:04:04,0.000000,0.500000,0.000000,0.000000,0.000000,90.461818,50.174273,3.045818,152.821455,2,high_load,Dynamic,284
2026-06-01 02:04:05,0.000000,0.500000,0.000000,0.000000,0.000000,90.468889,50.187778,3.030111,152.074000,2,high_load,Dynamic,285
2026-06-01 02:04:06,0.000000,0.272727,0.000000,0.000000,0.000000,90.460000,50.183364,2.724000,136.695182,2,high_load,Dynamic,286
2026-06-01 02:04:07,0.489200,0.000000,0.675476,10.822400,0.005410,90.460000,50.018300,5.938100,296.761600,2,high_load,Dynamic,287
2026-06-01 02:04:08,0.700000,0.000000,0.000000,13.850100,0.006900,90.448000,49.763900,10.940200,544.388300,2,high_load,Dynamic,288
2026-06-01 02:04:09,0.077000,0.200000,-0.816667,1.523510,0.000760,90.439000,49.899700,8.323300,415.096400,2,high_load,Dynamic,289
2026-06-01 02:04:10,0.000000,0.500000,0.000000,0.000000,0.000000,90.430000,50.087900,4.679600,234.375500,2,high_load,Dynamic,290
2026-06-01 02:04:11,0.000000,0.500000,0.000000,0.000000,0.000000,90.430000,50.142778,3.609889,181.008333,2,high_load,Dynamic,291
2026-06-01 02:04:12,0.000000,0.500000,0.000000,0.000000,0.000000,90.424545,50.156455,3.221273,161.566636,2,high_load,Dynamic,292
2026-06-01 02:04:13,0.000000,0.500000,0.000000,0.000000,0.000000,90.420000,50.161556,3.097444,155.372222,2,high_load,Dynamic,293
2026-06-01 02:04:14,0.000000,0.500000,0.000000,0.000000,0.000000,90.411818,50.167273,3.009273,150.967091,2,high_load,Dynamic,294
2026-06-01 02:04:15,0.000000,0.500000,0.000000,0.000000,0.000000,90.417778,50.149333,3.036778,152.292333,2,high_load,Dynamic,295
2026-06-01 02:04:16,0.064636,0.090909,0.392857,1.800336,0.000900,90.410000,50.167727,2.873818,144.136909,2,high_load,Dynamic,296
2026-06-01 02:04:17,0.695222,0.000000,0.279101,14.457633,0.007211,90.407778,49.903444,8.382889,418.236000,2,high_load,Dynamic,297
2026-06-01 02:04:18,0.560000,0.000000,-0.666667,11.080080,0.005520,90.396000,49.760900,11.309000,562.715800,2,high_load,Dynamic,298
2026-06-01 02:04:19,0.000000,0.363636,0.000000,0.000000,0.000000,90.387273,49.995909,6.442182,321.999727,2,high_load,Dynamic,299
2026-06-01 02:04:20,0.000000,0.500000,0.000000,0.000000,0.000000,90.371000,50.113100,4.117900,206.357700,2,high_load,Dynamic,300
2026-06-01 02:04:21,0.000000,0.500000,0.000000,0.000000,0.000000,90.370000,50.122778,3.408889,170.863667,2,high_load,Dynamic,301
2026-06-01 02:04:22,0.000000,0.500000,0.000000,0.000000,0.000000,90.314000,50.147100,3.143400,157.633000,2,high_load,Dynamic,302
2026-06-01 02:04:23,0.000000,0.500000,0.000000,0.000000,0.000000,90.321000,50.164700,3.030500,152.024600,2,high_load,Dynamic,303
2026-06-01 02:04:24,0.000000,0.500000,0.000000,0.000000,0.000000,90.343000,50.165800,3.010200,151.008800,2,high_load,Dynamic,304
2026-06-01 02:04:25,0.000000,0.350000,0.000000,0.000000,0.000000,90.307000,50.150700,2.880000,144.434000,2,high_load,Dynamic,305
2026-06-01 02:04:26,0.366960,0.000000,0.706667,8.506820,0.004240,90.279000,50.065700,4.612400,230.692700,2,high_load,Dynamic,306
2026-06-01 02:04:27,0.700000,0.000000,0.000000,13.850100,0.006900,90.268000,49.797400,10.298600,512.781100,2,high_load,Dynamic,307
2026-06-01 02:04:28,0.210000,0.050000,-0.666667,4.155030,0.002070,90.256000,49.838600,9.488000,472.675900,2,high_load,Dynamic,308
2026-06-01 02:04:29,0.000000,0.500000,0.000000,0.000000,0.000000,90.292000,50.063900,4.924800,246.536500,2,high_load,Dynamic,309
2026-06-01 02:04:30,0.000000,0.500000,0.000000,0.000000,0.000000,90.264000,50.127200,3.672900,184.106100,2,high_load,Dynamic,310
2026-06-01 02:04:31,0.000000,0.500000,0.000000,0.000000,0.000000,90.321000,50.143400,3.238200,162.373400,2,high_load,Dynamic,311
2026-06-01 02:04:32,0.000000,0.500000,0.000000,0.000000,0.000000,90.248000,50.147000,3.087100,154.808900,2,high_load,Dynamic,312
2026-06-01 02:04:33,0.000000,0.500000,0.000000,0.000000,0.000000,90.272000,50.155000,2.999900,150.459400,2,high_load,Dynamic,313
2026-06-01 02:04:34,0.000000,0.500000,0.000000,0.000000,0.000000,90.284000,50.151100,3.017600,151.335500,2,high_load,Dynamic,314
2026-06-01 02:04:35,0.009300,0.150000,0.088571,0.220460,0.000110,90.320000,50.170000,2.601100,130.484100,2,high_load,Dynamic,315
2026-06-01 02:04:36,0.635400,0.000000,0.618095,13.729530,0.006840,90.302000,49.947600,7.384800,368.640200,2,high_load,Dynamic,316
2026-06-01 02:04:37,0.630000,0.000000,-0.666667,12.465090,0.006210,90.301000,49.746600,11.300700,562.156700,2,high_load,Dynamic,317
2026-06-01 02:04:38,0.000000,0.250000,0.000000,0.000000,0.000000,90.245000,49.963100,6.977600,348.522700,2,high_load,Dynamic,318
2026-06-01 02:04:39,0.000000,0.500000,0.000000,0.000000,0.000000,90.232000,50.087600,4.292200,214.978800,2,high_load,Dynamic,319
2026-06-01 02:04:40,0.000000,0.500000,0.000000,0.000000,0.000000,90.205000,50.123200,3.428500,171.844100,2,high_load,Dynamic,320
2026-06-01 02:04:41,0.000000,0.500000,0.000000,0.000000,0.000000,90.271000,50.147100,3.143700,157.647800,2,high_load,Dynamic,321
2026-06-01 02:04:42,0.000000,0.500000,0.000000,0.000000,0.000000,90.206000,50.159500,3.075800,154.280900,2,high_load,Dynamic,322
2026-06-01 02:04:43,0.000000,0.500000,0.000000,0.000000,0.000000,90.230000,50.162000,3.044000,152.692700,2,high_load,Dynamic,323
2026-06-01 02:04:44,0.000000,0.500000,0.000000,0.000000,0.000000,90.225000,50.147100,2.977100,149.292900,2,high_load,Dynamic,324
2026-06-01 02:04:45,0.159160,0.000000,0.695809,4.306710,0.002160,90.261000,50.136100,3.165100,158.603000,2,high_load,Dynamic,325
2026-06-01 02:04:46,0.700000,0.000000,0.010857,13.877530,0.006920,90.259000,49.855700,9.072100,452.216000,2,high_load,Dynamic,326
2026-06-01 02:04:47,0.420000,0.000000,-0.666667,8.310060,0.004140,90.222000,49.762800,10.832300,538.960800,2,high_load,Dynamic,327
2026-06-01 02:04:48,0.000000,0.400000,0.000000,0.000000,0.000000,90.204000,50.014200,5.712200,285.653700,2,high_load,Dynamic,328
2026-06-01 02:04:49,0.000000,0.500000,0.000000,0.000000,0.000000,90.166000,50.085500,3.926500,196.660600,2,high_load,Dynamic,329
2026-06-01 02:04:50,0.000000,0.500000,0.000000,0.000000,0.000000,90.155000,50.118000,3.318000,166.290100,2,high_load,Dynamic,330
2026-06-01 02:04:51,0.000000,0.500000,0.000000,0.000000,0.000000,90.203000,50.161500,3.110100,156.007200,2,high_load,Dynamic,331
2026-06-01 02:04:52,0.000000,0.500000,0.000000,0.000000,0.000000,90.140000,50.140100,3.017100,151.278700,2,high_load,Dynamic,332
2026-06-01 02:04:53,0.000000,0.500000,0.000000,0.000000,0.000000,90.180000,50.140400,2.974600,149.147800,2,high_load,Dynamic,333
2026-06-01 02:04:54,0.000000,0.350000,0.000000,0.000000,0.000000,90.167000,50.154700,2.864500,143.666800,2,high_load,Dynamic,334
2026-06-01 02:04:55,0.367100,0.000000,0.706667,8.441030,0.004210,90.183000,50.067700,4.576900,228.902200,2,high_load,Dynamic,335
2026-06-01 02:04:56,0.700000,0.000000,0.000000,13.850100,0.006900,90.190000,49.780200,10.286900,512.015200,2,high_load,Dynamic,336
2026-06-01 02:04:57,0.280000,0.000000,-0.666667,5.540040,0.002760,90.161000,49.793300,10.138700,504.630600,2,high_load,Dynamic,337
2026-06-01 02:04:58,0.000000,0.500000,0.000000,0.000000,0.000000,90.154000,50.037600,5.202400,260.295000,2,high_load,Dynamic,338
2026-06-01 02:04:59,0.000000,0.500000,0.000000,0.000000,0.000000,90.116000,50.092300,3.774500,189.068400,2,high_load,Dynamic,339
2026-06-01 02:05:00,0.000000,0.500000,0.000000,0.000000,0.000000,90.110000,50.124300,3.249500,162.879000,2,high_load,Dynamic,340
2026-06-01 02:05:01,0.000000,0.500000,0.000000,0.000000,0.000000,90.144000,50.137300,3.093300,155.088500,2,high_load,Dynamic,341
2026-06-01 02:05:02,0.000000,0.500000,0.000000,0.000000,0.000000,90.108000,50.150100,2.993700,150.134100,2,high_load,Dynamic,342
2026-06-01 02:05:03,0.000000,0.500000,0.000000,0.000000,0.000000,90.120000,50.157900,2.986000,149.772100,2,high_load,Dynamic,343
2026-06-01 02:05:04,0.000000,0.250000,0.000000,0.000000,0.000000,90.080000,50.139900,2.675100,134.119700,2,high_load,Dynamic,344
2026-06-01 02:05:05,0.579180,0.000000,0.706667,12.691470,0.006340,90.079000,49.931900,6.818900,340.287000,2,high_load,Dynamic,345
2026-06-01 02:05:06,0.700000,0.000000,0.000000,13.850100,0.006900,90.067000,49.733100,11.258000,559.866500,2,high_load,Dynamic,346
2026-06-01 02:05:07,0.000000,0.200000,-0.666667,0.000000,0.000000,90.067000,49.907300,7.615900,379.930200,2,high_load,Dynamic,347
2026-06-01 02:05:08,0.000000,0.500000,0.000000,0.000000,0.000000,90.104000,50.059600,4.414500,220.977400,2,high_load,Dynamic,348
2026-06-01 02:05:09,0.000000,0.500000,0.000000,0.000000,0.000000,90.058000,50.107100,3.466400,173.690500,2,high_load,Dynamic,349
2026-06-01 02:05:10,0.000000,0.500000,0.000000,0.000000,0.000000,90.052000,50.121900,3.186000,159.688400,2,high_load,Dynamic,350
2026-06-01 02:05:11,0.000000,0.500000,0.000000,0.000000,0.000000,90.103000,50.139300,3.066500,153.751500,2,high_load,Dynamic,351
2026-06-01 02:05:12,0.000000,0.500000,0.000000,0.000000,0.000000,90.040000,50.129800,3.026200,151.703000,2,high_load,Dynamic,352
2026-06-01 02:05:13,0.000000,0.500000,0.000000,0.000000,0.000000,90.069000,50.147400,3.000900,150.486900,2,high_load,Dynamic,353
2026-06-01 02:05:14,0.233360,0.000000,0.705619,5.888410,0.002960,90.030000,50.097300,3.692000,184.816100,2,high_load,Dynamic,354
2026-06-01 02:05:15,0.700000,0.000000,0.000000,13.850100,0.006900,90.025000,49.780300,9.602500,477.937300,2,high_load,Dynamic,355
2026-06-01 02:05:16,0.420000,0.000000,-0.666667,8.310060,0.004140,90.013000,49.735600,11.033400,548.641700,2,high_load,Dynamic,356
2026-06-01 02:05:17,0.000000,0.450000,0.000000,0.000000,0.000000,90.013000,49.988800,5.951900,297.511000,2,high_load,Dynamic,357
2026-06-01 02:05:18,0.000000,0.500000,0.000000,0.000000,0.000000,90.052000,50.080000,3.985500,199.588200,2,high_load,Dynamic,358
2026-06-01 02:05:19,0.000000,0.500000,0.000000,0.000000,0.000000,90.016000,50.113600,3.368600,168.812200,2,high_load,Dynamic,359
2026-06-01 02:05:20,0.000000,0.500000,0.000000,0.000000,0.000000,89.999000,50.122900,3.132000,156.985200,2,high_load,Dynamic,360
2026-06-01 02:05:21,0.000000,0.500000,0.000000,0.000000,0.000000,90.034000,50.129000,3.024800,151.629700,2,high_load,Dynamic,361
2026-06-01 02:05:22,0.000000,0.500000,0.000000,0.000000,0.000000,90.006000,50.131100,3.015800,151.185200,2,high_load,Dynamic,362
2026-06-01 02:05:23,0.000000,0.300000,0.000000,0.000000,0.000000,90.054000,50.134300,2.792800,140.007500,2,high_load,Dynamic,363
2026-06-01 02:05:24,0.511160,0.000000,0.706095,11.326370,0.005660,90.032000,49.979400,6.077000,303.467800,2,high_load,Dynamic,364
2026-06-01 02:05:25,0.700000,0.000000,0.000000,13.850100,0.006900,90.029000,49.728200,10.965800,545.270600,2,high_load,Dynamic,365
2026-06-01 02:05:26,0.140000,0.150000,-0.666667,2.770020,0.001380,90.019000,49.820200,9.083200,452.279700,2,high_load,Dynamic,366
2026-06-01 02:05:27,0.000000,0.500000,0.000000,0.000000,0.000000,89.959000,50.026900,4.925000,246.371300,2,high_load,Dynamic,367
2026-06-01 02:05:28,0.000000,0.500000,0.000000,0.000000,0.000000,89.982000,50.086300,3.667100,183.667100,2,high_load,Dynamic,368
2026-06-01 02:05:29,0.000000,0.500000,0.000000,0.000000,0.000000,89.960000,50.126200,3.249300,162.875000,2,high_load,Dynamic,369
2026-06-01 02:05:30,0.000000,0.500000,0.000000,0.000000,0.000000,89.958000,50.127100,3.103000,155.544500,2,high_load,Dynamic,370
2026-06-01 02:05:31,0.000000,0.500000,0.000000,0.000000,0.000000,89.996000,50.145500,3.002800,150.576800,2,high_load,Dynamic,371
2026-06-01 02:05:32,0.000000,0.500000,0.000000,0.000000,0.000000,89.936000,50.143300,3.051900,153.032200,2,high_load,Dynamic,372
2026-06-01 02:05:33,0.090900,0.050000,0.510714,2.499620,0.001250,89.930000,50.113900,2.868400,143.693400,2,high_load,Dynamic,373
2026-06-01 02:05:34,0.699960,0.000000,0.178190,14.299590,0.007130,89.927000,49.843200,8.592800,428.197400,2,high_load,Dynamic,374
2026-06-01 02:05:35,0.560000,0.000000,-0.833333,11.080080,0.005520,89.915000,49.710200,11.467400,570.018200,2,high_load,Dynamic,375
2026-06-01 02:05:36,0.000000,0.350000,0.000000,0.000000,0.000000,89.931000,49.957300,6.696100,334.430700,2,high_load,Dynamic,376
2026-06-01 02:05:37,0.000000,0.500000,0.000000,0.000000,0.000000,89.908000,50.049000,4.254500,212.928900,2,high_load,Dynamic,377
2026-06-01 02:05:38,0.000000,0.500000,0.000000,0.000000,0.000000,89.938000,50.100700,3.450200,172.856500,2,high_load,Dynamic,378
2026-06-01 02:05:39,0.000000,0.500000,0.000000,0.000000,0.000000,89.899000,50.105200,3.145300,157.597800,2,high_load,Dynamic,379
2026-06-01 02:05:40,0.000000,0.500000,0.000000,0.000000,0.000000,89.908000,50.130200,3.045300,152.661800,2,high_load,Dynamic,380
2026-06-01 02:05:41,0.000000,0.500000,0.000000,0.000000,0.000000,89.946000,50.138600,3.051600,153.003800,2,high_load,Dynamic,381
2026-06-01 02:05:42,0.000000,0.400000,0.000000,0.000000,0.000000,89.889000,50.119700,2.947200,147.710500,2,high_load,Dynamic,382
2026-06-01 02:05:43,0.298900,0.000000,0.706429,7.198340,0.003590,89.880000,50.055100,4.050900,202.572700,2,high_load,Dynamic,383
2026-06-01 02:05:44,0.700000,0.000000,0.000000,13.850100,0.006900,89.873000,49.790500,9.964100,496.067600,2,high_load,Dynamic,384
2026-06-01 02:05:45,0.280000,0.000000,-0.833333,5.540040,0.002760,89.861000,49.763300,10.020300,498.452100,2,high_load,Dynamic,385
2026-06-01 02:05:46,0.000000,0.500000,0.000000,0.000000,0.000000,89.906000,50.017100,5.176500,258.888300,2,high_load,Dynamic,386
2026-06-01 02:05:47,0.000000,0.500000,0.000000,0.000000,0.000000,89.858000,50.080600,3.781200,189.361800,2,high_load,Dynamic,387
2026-06-01 02:05:48,0.000000,0.500000,0.000000,0.000000,0.000000,89.896000,50.100100,3.302300,165.445100,2,high_load,Dynamic,388
2026-06-01 02:05:49,0.000000,0.500000,0.000000,0.000000,0.000000,89.849000,50.111100,3.085400,154.612700,2,high_load,Dynamic,389
2026-06-01 02:05:50,0.000000,0.500000,0.000000,0.000000,0.000000,89.867000,50.127200,3.040900,152.432200,2,high_load,Dynamic,390
2026-06-01 02:05:51,0.000000,0.500000,0.000000,0.000000,0.000000,89.872000,50.113500,3.026100,151.648600,2,high_load,Dynamic,391
2026-06-01 02:05:52,0.000000,0.250000,0.000000,0.000000,0.000000,89.857000,50.137000,2.683400,134.525000,2,high_load,Dynamic,392
2026-06-01 02:05:53,0.578960,0.000000,0.687714,12.648240,0.006310,89.830000,49.914700,6.792600,338.873200,2,high_load,Dynamic,393
2026-06-01 02:05:54,0.700000,0.000000,0.000000,13.850100,0.006900,89.818000,49.699100,11.245200,558.849000,2,high_load,Dynamic,394
2026-06-01 02:05:55,0.000000,0.200000,-0.666667,0.000000,0.000000,89.810000,49.877000,7.604600,379.149000,2,high_load,Dynamic,395
2026-06-01 02:05:56,0.000000,0.500000,0.000000,0.000000,0.000000,89.800000,50.030900,4.428400,221.544900,2,high_load,Dynamic,396
2026-06-01 02:05:57,0.000000,0.500000,0.000000,0.000000,0.000000,89.800000,50.082700,3.501300,175.353200,2,high_load,Dynamic,397
2026-06-01 02:05:58,0.000000,0.500000,0.000000,0.000000,0.000000,89.805000,50.103300,3.150500,157.849700,2,high_load,Dynamic,398
2026-06-01 02:05:59,0.000000,0.500000,0.000000,0.000000,0.000000,89.790000,50.103100,3.055400,153.085100,2,high_load,Dynamic,399
2026-06-01 02:06:00,0.000000,0.500000,0.000000,0.000000,0.000000,89.790000,50.102700,3.017500,151.184200,2,high_load,Dynamic,400
2026-06-01 02:06:01,0.000000,0.500000,0.000000,0.000000,0.000000,89.790000,50.117800,2.996500,150.177300,2,high_load,Dynamic,401
2026-06-01 02:06:02,0.175300,0.000000,0.700238,4.634790,0.002320,89.781000,50.107000,3.152700,157.881000,2,high_load,Dynamic,402
2026-06-01 02:06:03,0.700000,0.000000,0.000000,13.850100,0.006900,89.777000,49.809900,9.076700,451.986700,2,high_load,Dynamic,403
2026-06-01 02:06:04,0.490000,0.000000,-0.833333,9.695070,0.004830,89.765000,49.694000,11.295400,561.268800,2,high_load,Dynamic,404
2026-06-01 02:06:05,0.000000,0.405000,0.000000,0.000000,0.000000,89.756000,49.955100,6.290700,314.208300,2,high_load,Dynamic,405
2026-06-01 02:06:06,0.000000,0.500000,0.000000,0.000000,0.000000,89.750000,50.056800,4.128500,206.653000,2,high_load,Dynamic,406
2026-06-01 02:06:07,0.000000,0.500000,0.000000,0.000000,0.000000,89.750000,50.086700,3.387600,169.673800,2,high_load,Dynamic,407
2026-06-01 02:06:08,0.000000,0.500000,0.000000,0.000000,0.000000,89.742000,50.090500,3.141300,157.348900,2,high_load,Dynamic,408
2026-06-01 02:06:09,0.000000,0.500000,0.000000,0.000000,0.000000,89.740000,50.101400,3.056500,153.134600,2,high_load,Dynamic,409
2026-06-01 02:06:10,0.000000,0.500000,0.000000,0.000000,0.000000,89.740000,50.106100,2.999100,150.272300,2,high_load,Dynamic,410
2026-06-01 02:06:11,0.000000,0.350000,0.000000,0.000000,0.000000,89.736000,50.129800,2.837900,142.259500,2,high_load,Dynamic,411
2026-06-01 02:06:12,0.459500,0.000000,0.706667,10.266030,0.005120,89.730000,49.997400,5.300500,264.730500,2,high_load,Dynamic,412
2026-06-01 02:06:13,0.700000,0.000000,0.000000,13.850100,0.006900,89.723000,49.718300,10.705800,532.232600,2,high_load,Dynamic,413
2026-06-01 02:06:14,0.210000,0.050000,-0.666667,4.155030,0.002070,89.711000,49.788400,9.593400,477.392600,2,high_load,Dynamic,414
2026-06-01 02:06:15,0.000000,0.500000,0.000000,0.000000,0.000000,89.720000,50.007200,4.986700,249.338300,2,high_load,Dynamic,415
2026-06-01 02:06:16,0.000000,0.500000,0.000000,0.000000,0.000000,89.718000,50.059200,3.696000,185.015300,2,high_load,Dynamic,416
2026-06-01 02:06:17,0.000000,0.500000,0.000000,0.000000,0.000000,89.722000,50.093000,3.264800,163.542400,2,high_load,Dynamic,417
2026-06-01 02:06:18,0.000000,0.500000,0.000000,0.000000,0.000000,89.690000,50.084800,3.078200,154.171300,2,high_load,Dynamic,418
2026-06-01 02:06:19,0.000000,0.500000,0.000000,0.000000,0.000000,89.708000,50.084900,3.054000,152.958800,2,high_load,Dynamic,419
2026-06-01 02:06:20,0.000000,0.500000,0.000000,0.000000,0.000000,89.706000,50.101400,2.994300,150.018800,2,high_load,Dynamic,420
2026-06-01 02:06:21,0.020460,0.150000,0.191429,0.568220,0.000280,89.735000,50.133300,2.479300,124.284300,2,high_load,Dynamic,421
2026-06-01 02:06:22,0.654800,0.000000,0.515238,14.039730,0.007010,89.723000,49.875800,7.728900,385.349900,2,high_load,Dynamic,422
2026-06-01 02:06:23,0.672000,0.000000,-0.266667,13.296090,0.006630,89.719000,49.663200,11.611500,576.656800,2,high_load,Dynamic,423
2026-06-01 02:06:24,0.000000,0.200000,-0.400000,0.000000,0.000000,89.716000,49.899800,7.277300,362.959200,2,high_load,Dynamic,424
2026-06-01 02:06:25,0.000000,0.500000,0.000000,0.000000,0.000000,89.668000,50.040800,4.423400,221.332900,2,high_load,Dynamic,425
2026-06-01 02:06:26,0.000000,0.500000,0.000000,0.000000,0.000000,89.682000,50.079200,3.493100,174.927300,2,high_load,Dynamic,426
2026-06-01 02:06:27,0.000000,0.500000,0.000000,0.000000,0.000000,89.697000,50.109400,3.162800,158.486000,2,high_load,Dynamic,427
2026-06-01 02:06:28,0.000000,0.500000,0.000000,0.000000,0.000000,89.658000,50.091700,3.061800,153.370800,2,high_load,Dynamic,428
2026-06-01 02:06:29,0.000000,0.500000,0.000000,0.000000,0.000000,89.688000,50.077700,3.018600,151.164900,2,high_load,Dynamic,429
2026-06-01 02:06:30,0.000000,0.500000,0.000000,0.000000,0.000000,89.663000,50.077300,3.004700,150.467000,2,high_load,Dynamic,430
2026-06-01 02:06:31,0.119760,0.025000,0.580143,3.376330,0.001690,89.720000,50.093000,3.145700,157.524900,2,high_load,Dynamic,431
2026-06-01 02:06:32,0.700000,0.000000,0.108333,14.123850,0.007040,89.712000,49.799200,9.101500,453.140900,2,high_load,Dynamic,432
2026-06-01 02:06:33,0.427000,0.000000,-0.683333,8.448560,0.004210,89.701000,49.708300,10.872800,540.382900,2,high_load,Dynamic,433
2026-06-01 02:06:34,0.000000,0.420000,0.000000,0.000000,0.000000,89.690000,49.974500,5.850600,292.350900,2,high_load,Dynamic,434
2026-06-01 02:06:35,0.000000,0.500000,0.000000,0.000000,0.000000,89.690000,50.031444,4.058333,203.037889,2,high_load,Dynamic,435
2026-06-01 02:06:36,0.000000,0.500000,0.000000,0.000000,0.000000,89.680909,50.094000,3.394273,170.031364,2,high_load,Dynamic,436
2026-06-01 02:06:37,0.000000,0.500000,0.000000,0.000000,0.000000,89.680000,50.091900,3.112900,155.931300,2,high_load,Dynamic,437
2026-06-01 02:06:38,0.000000,0.500000,0.000000,0.000000,0.000000,89.671000,50.100000,3.002100,150.404900,2,high_load,Dynamic,438
2026-06-01 02:06:39,0.000000,0.500000,0.000000,0.000000,0.000000,89.672000,50.103300,2.990500,149.834600,2,high_load,Dynamic,439
2026-06-01 02:06:40,0.000000,0.305000,0.000000,0.000000,0.000000,89.670000,50.136200,2.789700,139.862600,2,high_load,Dynamic,440
2026-06-01 02:06:41,0.483200,0.000000,0.706667,10.740600,0.005360,89.660000,49.956600,6.000800,299.544800,2,high_load,Dynamic,441
2026-06-01 02:06:42,0.700000,0.000000,0.000000,13.850100,0.006900,89.640000,49.705000,10.908000,542.158500,2,high_load,Dynamic,442
2026-06-01 02:06:43,0.084000,0.150000,-0.666667,1.662010,0.000830,89.638000,49.810400,8.321200,414.278000,2,high_load,Dynamic,443
2026-06-01 02:06:44,0.000000,0.500000,0.000000,0.000000,0.000000,89.640000,50.009500,4.603400,230.196800,2,high_load,Dynamic,444
2026-06-01 02:06:45,0.000000,0.500000,0.000000,0.000000,0.000000,89.630000,50.065778,3.586778,179.573889,2,high_load,Dynamic,445
2026-06-01 02:06:46,0.000000,0.500000,0.000000,0.000000,0.000000,89.630000,50.090091,3.207636,160.670545,2,high_load,Dynamic,446
2026-06-01 02:06:47,0.000000,0.500000,0.000000,0.000000,0.000000,89.630000,50.101000,3.068900,153.754800,2,high_load,Dynamic,447
2026-06-01 02:06:48,0.000000,0.500000,0.000000,0.000000,0.000000,89.630000,50.090300,3.016200,151.081900,2,high_load,Dynamic,448
2026-06-01 02:06:49,0.000000,0.500000,0.000000,0.000000,0.000000,89.622222,50.078889,2.998222,150.147667,2,high_load,Dynamic,449
2026-06-01 02:06:50,0.065727,0.136364,0.402597,1.798936,0.000900,89.620000,50.085636,3.040364,152.236091,2,high_load,Dynamic,450
2026-06-01 02:06:51,0.693300,0.000000,0.263809,14.368290,0.007160,89.615000,49.800500,8.627300,429.524700,2,high_load,Dynamic,451
2026-06-01 02:06:52,0.490000,0.000000,-0.666667,9.695070,0.004830,89.604000,49.676900,11.196200,556.139300,2,high_load,Dynamic,452
2026-06-01 02:06:53,0.000000,0.333333,0.000000,0.000000,0.000000,89.594444,49.927222,6.248444,311.912778,2,high_load,Dynamic,453
2026-06-01 02:06:54,0.000000,0.500000,0.000000,0.000000,0.000000,89.590000,50.046727,4.076091,203.988818,2,high_load,Dynamic,454
2026-06-01 02:06:55,0.000000,0.500000,0.000000,0.000000,0.000000,89.578889,50.082111,3.339000,167.221889,2,high_load,Dynamic,455
2026-06-01 02:06:56,0.000000,0.500000,0.000000,0.000000,0.000000,89.580000,50.086727,3.106909,155.615182,2,high_load,Dynamic,456
2026-06-01 02:06:57,0.000000,0.500000,0.000000,0.000000,0.000000,89.580000,50.100667,3.035111,152.061222,2,high_load,Dynamic,457
2026-06-01 02:06:58,0.000000,0.500000,0.000000,0.000000,0.000000,89.571818,50.077818,3.012545,150.861364,2,high_load,Dynamic,458
2026-06-01 02:06:59,0.000000,0.405000,0.000000,0.000000,0.000000,89.572000,50.096200,2.922000,146.377300,2,high_load,Dynamic,459
2026-06-01 02:07:00,0.225778,0.000000,0.785185,5.871478,0.002933,89.570000,50.048000,3.668667,183.436333,2,high_load,Dynamic,460
2026-06-01 02:07:01,0.700000,0.000000,0.000000,13.850100,0.006900,89.564000,49.777500,9.559500,475.759900,2,high_load,Dynamic,461
2026-06-01 02:07:02,0.420000,0.000000,-0.666667,8.310060,0.004140,89.553000,49.690000,11.007900,546.902100,2,high_load,Dynamic,462
2026-06-01 02:07:03,0.000000,0.454545,0.000000,0.000000,0.000000,89.541818,49.943727,5.806909,289.980182,2,high_load,Dynamic,463
2026-06-01 02:07:04,0.000000,0.500000,0.000000,0.000000,0.000000,89.540000,50.049300,3.929600,196.674200,2,high_load,Dynamic,464
2026-06-01 02:07:05,0.000000,0.500000,0.000000,0.000000,0.000000,89.534444,50.078111,3.336000,167.059556,2,high_load,Dynamic,465
2026-06-01 02:07:06,0.000000,0.500000,0.000000,0.000000,0.000000,89.506000,50.091000,3.131100,156.840200,2,high_load,Dynamic,466
2026-06-01 02:07:07,0.000000,0.500000,0.000000,0.000000,0.000000,89.485000,50.063200,3.042000,152.291500,2,high_load,Dynamic,467
2026-06-01 02:07:08,0.000000,0.500000,0.000000,0.000000,0.000000,89.492000,50.078500,3.028000,151.637000,2,high_load,Dynamic,468
2026-06-01 02:07:09,0.000000,0.250000,0.000000,0.000000,0.000000,89.464000,50.100800,2.661700,133.343700,2,high_load,Dynamic,469
2026-06-01 02:07:10,0.511160,0.000000,0.706095,11.384230,0.005690,89.433000,49.931100,5.939600,296.285400,2,high_load,Dynamic,470
2026-06-01 02:07:11,0.700000,0.000000,0.000000,13.850100,0.006900,89.424000,49.683200,10.944900,543.762000,2,high_load,Dynamic,471
2026-06-01 02:07:12,0.140000,0.100000,-0.666667,2.770020,0.001380,89.412000,49.769100,9.001200,447.700500,2,high_load,Dynamic,472
2026-06-01 02:07:13,0.000000,0.500000,0.000000,0.000000,0.000000,89.406000,49.984000,4.774100,238.615600,2,high_load,Dynamic,473
2026-06-01 02:07:14,0.000000,0.500000,0.000000,0.000000,0.000000,89.400000,50.035700,3.594600,179.857000,2,high_load,Dynamic,474
2026-06-01 02:07:15,0.000000,0.500000,0.000000,0.000000,0.000000,89.400000,50.062000,3.207300,160.564700,2,high_load,Dynamic,475
2026-06-01 02:07:16,0.000000,0.500000,0.000000,0.000000,0.000000,89.412000,50.069300,3.087300,154.578800,2,high_load,Dynamic,476
2026-06-01 02:07:17,0.000000,0.500000,0.000000,0.000000,0.000000,89.390000,50.072700,3.022900,151.364400,2,high_load,Dynamic,477
2026-06-01 02:07:18,0.000000,0.500000,0.000000,0.000000,0.000000,89.390000,50.086100,2.988100,149.662400,2,high_load,Dynamic,478
2026-06-01 02:07:19,0.110700,0.090000,0.551429,3.008980,0.001510,89.389000,50.085900,2.999700,150.199100,2,high_load,Dynamic,479
2026-06-01 02:07:20,0.700000,0.000000,0.144048,14.214100,0.007080,89.380000,49.793500,8.660500,431.159000,2,high_load,Dynamic,480
2026-06-01 02:07:21,0.560000,0.000000,-0.666667,11.080080,0.005520,89.368000,49.634400,11.509400,571.250800,2,high_load,Dynamic,481
2026-06-01 02:07:22,0.000000,0.350000,0.000000,0.000000,0.000000,89.360000,49.882600,6.733900,335.823600,2,high_load,Dynamic,482
2026-06-01 02:07:23,0.000000,0.500000,0.000000,0.000000,0.000000,89.359000,50.014900,4.243400,212.225800,2,high_load,Dynamic,483
2026-06-01 02:07:24,0.000000,0.500000,0.000000,0.000000,0.000000,89.358000,50.060600,3.451000,172.757400,2,high_load,Dynamic,484
2026-06-01 02:07:25,0.000000,0.500000,0.000000,0.000000,0.000000,89.350000,50.072600,3.133100,156.883100,2,high_load,Dynamic,485
2026-06-01 02:07:26,0.000000,0.500000,0.000000,0.000000,0.000000,89.340000,50.075200,3.051900,152.824200,2,high_load,Dynamic,486
2026-06-01 02:07:27,0.000000,0.500000,0.000000,0.000000,0.000000,89.340000,50.068400,3.007300,150.571000,2,high_load,Dynamic,487
2026-06-01 02:07:28,0.000000,0.395000,0.000000,0.000000,0.000000,89.348000,50.076500,2.930200,146.731800,2,high_load,Dynamic,488
2026-06-01 02:07:29,0.322500,0.000000,0.694048,7.559240,0.003780,89.335000,50.015200,4.051000,202.390600,2,high_load,Dynamic,489
2026-06-01 02:07:30,0.700000,0.000000,0.000000,13.850100,0.006900,89.327000,49.726900,9.971000,495.746000,2,high_load,Dynamic,490
2026-06-01 02:07:31,0.266000,0.000000,-0.800000,4.926100,0.002460,89.314000,49.712400,10.005500,497.220900,2,high_load,Dynamic,491
2026-06-01 02:07:32,0.000000,0.500000,0.000000,0.000000,0.000000,89.310000,49.945700,5.163600,257.867600,2,high_load,Dynamic,492
2026-06-01 02:07:33,0.000000,0.500000,0.000000,0.000000,0.000000,89.300000,50.035700,3.708600,185.561900,2,high_load,Dynamic,493
2026-06-01 02:07:34,0.000000,0.500000,0.000000,0.000000,0.000000,89.308000,50.047800,3.268500,163.581200,2,high_load,Dynamic,494
2026-06-01 02:07:35,0.000000,0.500000,0.000000,0.000000,0.000000,89.300000,50.049000,3.114300,155.867300,2,high_load,Dynamic,495
2026-06-01 02:07:36,0.000000,0.500000,0.000000,0.000000,0.000000,89.299000,50.061200,3.039400,152.156300,2,high_load,Dynamic,496
2026-06-01 02:07:37,0.000000,0.500000,0.000000,0.000000,0.000000,89.308000,50.056700,3.023400,151.341000,2,high_load,Dynamic,497
2026-06-01 02:07:38,0.000000,0.240000,0.000000,0.000000,0.000000,89.290000,50.080400,2.674300,133.922800,2,high_load,Dynamic,498
2026-06-01 02:07:39,0.530100,0.000000,0.706667,11.700380,0.005830,89.284000,49.928400,5.925600,295.560900,2,high_load,Dynamic,499
2026-06-01 02:07:40,0.700000,0.000000,0.000000,13.850100,0.006900,89.274000,49.650700,10.968600,544.563400,2,high_load,Dynamic,500
2026-06-01 02:07:41,0.070000,0.150000,-0.666667,1.385010,0.000690,89.262000,49.805700,8.267800,411.535200,2,high_load,Dynamic,501
2026-06-01 02:07:42,0.000000,0.500000,0.000000,0.000000,0.000000,89.259000,49.975200,4.568600,228.301700,2,high_load,Dynamic,502
2026-06-01 02:07:43,0.000000,0.500000,0.000000,0.000000,0.000000,89.250000,50.028800,3.555500,177.876400,2,high_load,Dynamic,503
2026-06-01 02:07:44,0.000000,0.500000,0.000000,0.000000,0.000000,89.258000,50.067900,3.183800,159.405700,2,high_load,Dynamic,504
2026-06-01 02:07:45,0.000000,0.500000,0.000000,0.000000,0.000000,89.250000,50.069100,3.069700,153.696700,2,high_load,Dynamic,505
2026-06-01 02:07:46,0.000000,0.500000,0.000000,0.000000,0.000000,89.268000,50.052200,3.040300,152.174200,2,high_load,Dynamic,506
2026-06-01 02:07:47,0.000000,0.500000,0.000000,0.000000,0.000000,89.240000,50.054600,3.063600,153.347200,2,high_load,Dynamic,507
2026-06-01 02:07:48,0.179080,0.040000,0.702667,4.771790,0.002390,89.272000,50.050900,3.353000,167.716800,2,high_load,Dynamic,508
2026-06-01 02:07:49,0.700000,0.000000,0.000000,13.850100,0.006900,89.257000,49.736100,9.284900,461.686700,2,high_load,Dynamic,509
2026-06-01 02:07:50,0.469000,0.000000,-0.783333,9.279560,0.004620,89.235000,49.643100,11.255300,558.705000,2,high_load,Dynamic,510
2026-06-01 02:07:51,0.000000,0.350000,0.000000,0.000000,0.000000,89.210000,49.889900,6.147200,306.614400,2,high_load,Dynamic,511
2026-06-01 02:07:52,0.000000,0.500000,0.000000,0.000000,0.000000,89.205000,49.999300,4.004300,200.205500,2,high_load,Dynamic,512
2026-06-01 02:07:53,0.000000,0.500000,0.000000,0.000000,0.000000,89.200000,50.028100,3.357500,167.967700,2,high_load,Dynamic,513
2026-06-01 02:07:54,0.000000,0.500000,0.000000,0.000000,0.000000,89.208000,50.041300,3.106100,155.433600,2,high_load,Dynamic,514
2026-06-01 02:07:55,0.000000,0.500000,0.000000,0.000000,0.000000,89.212000,50.052100,3.014400,150.876100,2,high_load,Dynamic,515
2026-06-01 02:07:56,0.000000,0.500000,0.000000,0.000000,0.000000,89.253000,50.050100,2.973200,148.809500,2,high_load,Dynamic,516
2026-06-01 02:07:57,0.000000,0.340000,0.000000,0.000000,0.000000,89.198000,50.086200,2.824800,141.481400,2,high_load,Dynamic,517
2026-06-01 02:07:58,0.392500,0.000000,0.666667,8.918070,0.004450,89.205000,49.977700,4.763200,237.826600,2,high_load,Dynamic,518
2026-06-01 02:07:59,0.700000,0.000000,0.000000,13.850100,0.006900,89.203000,49.676300,10.396000,516.393800,2,high_load,Dynamic,519
2026-06-01 02:08:00,0.273000,0.050000,-0.683333,5.401530,0.002690,89.225000,49.716500,9.829900,488.445800,2,high_load,Dynamic,520
2026-06-01 02:08:01,0.000000,0.500000,0.000000,0.000000,0.000000,89.241000,49.967300,5.010400,250.336600,2,high_load,Dynamic,521
2026-06-01 02:08:02,0.000000,0.500000,0.000000,0.000000,0.000000,89.240000,50.030889,3.747000,187.463333,2,high_load,Dynamic,522
2026-06-01 02:08:03,0.000000,0.500000,0.000000,0.000000,0.000000,89.229091,50.055455,3.271091,163.735182,2,high_load,Dynamic,523
2026-06-01 02:08:04,0.000000,0.500000,0.000000,0.000000,0.000000,89.230000,50.062889,3.072000,153.791778,2,high_load,Dynamic,524
2026-06-01 02:08:05,0.000000,0.500000,0.000000,0.000000,0.000000,89.230000,50.065500,3.028900,151.642500,2,high_load,Dynamic,525
2026-06-01 02:08:06,0.000000,0.500000,0.000000,0.000000,0.000000,89.230000,50.073700,3.005900,150.515800,2,high_load,Dynamic,526
2026-06-01 02:08:07,0.000000,0.227273,0.000000,0.000000,0.000000,89.220909,50.067091,2.597091,130.017636,2,high_load,Dynamic,527
2026-06-01 02:08:08,0.562200,0.000000,0.706667,12.337800,0.006160,89.220000,49.876100,6.684300,333.155700,2,high_load,Dynamic,528
2026-06-01 02:08:09,0.700000,0.000000,0.000000,13.850100,0.006900,89.208000,49.653700,11.222100,557.201800,2,high_load,Dynamic,529
2026-06-01 02:08:10,0.070000,0.150000,-0.666667,1.385010,0.000690,89.198000,49.787100,8.356600,415.851700,2,high_load,Dynamic,530
2026-06-01 02:08:11,0.000000,0.500000,0.000000,0.000000,0.000000,89.190000,49.971889,4.691778,234.446000,2,high_load,Dynamic,531
2026-06-01 02:08:12,0.000000,0.500000,0.000000,0.000000,0.000000,89.190000,50.021182,3.637455,181.944545,2,high_load,Dynamic,532
2026-06-01 02:08:13,0.000000,0.500000,0.000000,0.000000,0.000000,89.183333,50.043556,3.217333,161.007000,2,high_load,Dynamic,533
2026-06-01 02:08:14,0.000000,0.500000,0.000000,0.000000,0.000000,89.180000,50.050600,3.058900,153.099900,2,high_load,Dynamic,534
2026-06-01 02:08:15,0.000000,0.500000,0.000000,0.000000,0.000000,89.171818,50.068818,3.002545,150.333727,2,high_load,Dynamic,535
2026-06-01 02:08:16,0.000000,0.500000,0.000000,0.000000,0.000000,89.167778,50.058111,3.000111,150.179889,2,high_load,Dynamic,536
2026-06-01 02:08:17,0.007500,0.150000,0.071429,0.183980,0.000090,89.114000,50.077800,2.568300,128.605500,2,high_load,Dynamic,537
2026-06-01 02:08:18,0.630100,0.000000,0.635238,13.672310,0.006830,89.134000,49.824600,7.356500,366.355300,2,high_load,Dynamic,538
2026-06-01 02:08:19,0.630000,0.000000,-0.666667,12.465090,0.006210,89.098000,49.636700,11.306500,561.191900,2,high_load,Dynamic,539
2026-06-01 02:08:20,0.000000,0.272727,0.000000,0.000000,0.000000,89.139091,49.858636,6.803545,339.081364,2,high_load,Dynamic,540
2026-06-01 02:08:21,0.000000,0.500000,0.000000,0.000000,0.000000,89.140000,49.980556,4.197889,209.807000,2,high_load,Dynamic,541
2026-06-01 02:08:22,0.000000,0.500000,0.000000,0.000000,0.000000,89.122000,50.027300,3.453700,172.779100,2,high_load,Dynamic,542
2026-06-01 02:08:23,0.000000,0.500000,0.000000,0.000000,0.000000,89.127000,50.046900,3.167000,158.498300,2,high_load,Dynamic,543
2026-06-01 02:08:24,0.000000,0.500000,0.000000,0.000000,0.000000,89.122000,50.058600,3.059500,153.154400,2,high_load,Dynamic,544
2026-06-01 02:08:25,0.000000,0.500000,0.000000,0.000000,0.000000,89.097273,50.045091,3.000091,150.140182,2,high_load,Dynamic,545
2026-06-01 02:08:26,0.000000,0.444444,0.000000,0.000000,0.000000,89.090000,50.053556,2.989889,149.655778,2,high_load,Dynamic,546
2026-06-01 02:08:27,0.215200,0.000000,0.706667,5.542080,0.002760,89.080000,50.020100,3.554700,177.678500,2,high_load,Dynamic,547
2026-06-01 02:08:28,0.700000,0.000000,0.000000,13.850100,0.006900,89.064000,49.728600,9.556000,475.147700,2,high_load,Dynamic,548
2026-06-01 02:08:29,0.420000,0.000000,-0.666667,8.310060,0.004140,89.086000,49.654900,10.993400,545.811000,2,high_load,Dynamic,549
2026-06-01 02:08:30,0.000000,0.454545,0.000000,0.000000,0.000000,89.070909,49.897273,5.776091,288.166182,2,high_load,Dynamic,550
2026-06-01 02:08:31,0.000000,0.500000,0.000000,0.000000,0.000000,89.060000,50.004000,3.981444,199.084778,2,high_load,Dynamic,551
2026-06-01 02:08:32,0.000000,0.500000,0.000000,0.000000,0.000000,89.072000,50.011000,3.337900,166.931600,2,high_load,Dynamic,552
2026-06-01 02:08:33,0.000000,0.500000,0.000000,0.000000,0.000000,89.040000,50.017700,3.134800,156.795700,2,high_load,Dynamic,553
2026-06-01 02:08:34,0.000000,0.500000,0.000000,0.000000,0.000000,89.072000,50.034200,3.046900,152.448500,2,high_load,Dynamic,554
2026-06-01 02:08:35,0.000000,0.500000,0.000000,0.000000,0.000000,89.063636,50.042273,3.052545,152.755636,2,high_load,Dynamic,555
2026-06-01 02:08:36,0.000000,0.200000,0.000000,0.000000,0.000000,89.073000,50.067500,2.575400,128.932700,2,high_load,Dynamic,556
2026-06-01 02:08:37,0.569400,0.000000,0.706667,12.479620,0.006220,89.070000,49.868300,6.692500,333.511400,2,high_load,Dynamic,557
2026-06-01 02:08:38,0.700000,0.000000,0.000000,13.850100,0.006900,89.060000,49.626700,11.213800,556.477300,2,high_load,Dynamic,558
2026-06-01 02:08:39,0.000000,0.222222,-0.925926,0.000000,0.000000,89.040000,49.804111,7.917667,394.197889,2,high_load,Dynamic,559
2026-06-01 02:08:40,0.000000,0.500000,0.000000,0.000000,0.000000,89.027273,49.954727,4.629636,231.263000,2,high_load,Dynamic,560
2026-06-01 02:08:41,0.000000,0.500000,0.000000,0.000000,0.000000,89.020000,50.002111,3.550000,177.504778,2,high_load,Dynamic,561
2026-06-01 02:08:42,0.000000,0.500000,0.000000,0.000000,0.000000,89.021818,50.031727,3.210091,160.606818,2,high_load,Dynamic,562
2026-06-01 02:08:43,0.000000,0.500000,0.000000,0.000000,0.000000,88.994444,50.033667,3.023111,151.257444,2,high_load,Dynamic,563
2026-06-01 02:08:44,0.000000,0.500000,0.000000,0.000000,0.000000,89.021000,50.027100,2.988200,149.491600,2,high_load,Dynamic,564
2026-06-01 02:08:45,0.000000,0.500000,0.000000,0.000000,0.000000,88.967000,50.024400,3.018200,150.983100,2,high_load,Dynamic,565
2026-06-01 02:08:46,0.087300,0.050000,0.477143,2.372210,0.001180,89.017000,50.036400,2.851300,142.618900,2,high_load,Dynamic,566
2026-06-01 02:08:47,0.699700,0.000000,0.190238,14.324890,0.007150,88.994000,49.765500,8.596400,427.675000,2,high_load,Dynamic,567
2026-06-01 02:08:48,0.560000,0.000000,-0.666667,11.080080,0.005520,88.956000,49.594100,11.491500,569.892800,2,high_load,Dynamic,568
2026-06-01 02:08:49,0.000000,0.350000,0.000000,0.000000,0.000000,88.955000,49.831800,6.690400,333.324300,2,high_load,Dynamic,569
2026-06-01 02:08:50,0.000000,0.500000,0.000000,0.000000,0.000000,88.908000,49.959300,4.279000,213.760400,2,high_load,Dynamic,570
2026-06-01 02:08:51,0.000000,0.500000,0.000000,0.000000,0.000000,88.900000,50.019000,3.413900,170.758800,2,high_load,Dynamic,571
2026-06-01 02:08:52,0.000000,0.500000,0.000000,0.000000,0.000000,88.900000,50.018400,3.147300,157.422800,2,high_load,Dynamic,572
2026-06-01 02:08:53,0.000000,0.500000,0.000000,0.000000,0.000000,88.908000,50.019300,3.033200,151.718200,2,high_load,Dynamic,573
2026-06-01 02:08:54,0.000000,0.500000,0.000000,0.000000,0.000000,88.890000,50.031000,3.019800,151.084700,2,high_load,Dynamic,574
2026-06-01 02:08:55,0.000000,0.400000,0.000000,0.000000,0.000000,88.890000,50.031800,2.931900,146.684800,2,high_load,Dynamic,575
2026-06-01 02:08:56,0.374500,0.000000,0.691667,8.548450,0.004270,88.889000,49.928300,4.716000,235.218000,2,high_load,Dynamic,576
2026-06-01 02:08:57,0.700000,0.000000,0.000000,13.850100,0.006900,88.878000,49.642700,10.370300,514.766600,2,high_load,Dynamic,577
2026-06-01 02:08:58,0.280000,0.000000,-0.833333,5.540040,0.002760,88.883000,49.664100,10.133200,503.083100,2,high_load,Dynamic,578
2026-06-01 02:08:59,0.000000,0.500000,0.000000,0.000000,0.000000,88.868000,49.902300,5.241300,261.522700,2,high_load,Dynamic,579
2026-06-01 02:09:00,0.000000,0.500000,0.000000,0.000000,0.000000,88.854000,49.995700,3.778400,188.897600,2,high_load,Dynamic,580
2026-06-01 02:09:01,0.000000,0.500000,0.000000,0.000000,0.000000,88.850000,50.002200,3.268000,163.406300,2,high_load,Dynamic,581
2026-06-01 02:09:02,0.000000,0.500000,0.000000,0.000000,0.000000,88.850000,50.015100,3.064600,153.275100,2,high_load,Dynamic,582
2026-06-01 02:09:03,0.000000,0.500000,0.000000,0.000000,0.000000,88.846000,50.002600,3.043500,152.181800,2,high_load,Dynamic,583
2026-06-01 02:09:04,0.000000,0.500000,0.000000,0.000000,0.000000,88.840000,50.028300,3.017800,150.976000,2,high_load,Dynamic,584
2026-06-01 02:09:05,0.000000,0.250000,0.000000,0.000000,0.000000,88.840000,50.050600,2.666300,133.445800,2,high_load,Dynamic,585
2026-06-01 02:09:06,0.519600,0.000000,0.703333,11.529120,0.005760,88.836000,49.875800,5.949900,296.483800,2,high_load,Dynamic,586
2026-06-01 02:09:07,0.700000,0.000000,0.000000,13.850100,0.006900,88.826000,49.642900,10.908900,541.503900,2,high_load,Dynamic,587
2026-06-01 02:09:08,0.070000,0.150000,-0.833333,1.385010,0.000690,88.814000,49.758400,8.266800,411.142600,2,high_load,Dynamic,588
2026-06-01 02:09:09,0.000000,0.500000,0.000000,0.000000,0.000000,88.818000,49.944200,4.593900,229.436700,2,high_load,Dynamic,589
2026-06-01 02:09:10,0.000000,0.500000,0.000000,0.000000,0.000000,88.804000,49.981200,3.568700,178.367500,2,high_load,Dynamic,590
2026-06-01 02:09:11,0.000000,0.500000,0.000000,0.000000,0.000000,88.800000,50.002000,3.201700,160.091500,2,high_load,Dynamic,591
2026-06-01 02:09:12,0.000000,0.500000,0.000000,0.000000,0.000000,88.808000,49.996600,3.087000,154.339200,2,high_load,Dynamic,592
2026-06-01 02:09:13,0.000000,0.500000,0.000000,0.000000,0.000000,88.796000,50.026800,3.023500,151.256300,2,high_load,Dynamic,593
2026-06-01 02:09:14,0.000000,0.500000,0.000000,0.000000,0.000000,88.790000,50.014400,3.044900,152.288600,2,high_load,Dynamic,594
2026-06-01 02:09:15,0.099900,0.050000,0.517143,2.777210,0.001390,88.790000,50.014100,2.875100,143.748500,2,high_load,Dynamic,595
2026-06-01 02:09:16,0.699700,0.000000,0.186190,14.314660,0.007140,88.784000,49.737100,8.599700,427.608400,2,high_load,Dynamic,596
2026-06-01 02:09:17,0.560000,0.000000,-0.666667,11.080080,0.005520,88.773000,49.566800,11.466700,568.345900,2,high_load,Dynamic,597
2026-06-01 02:09:18,0.000000,0.300000,0.000000,0.000000,0.000000,88.761000,49.833900,6.581800,327.901500,2,high_load,Dynamic,598
2026-06-01 02:09:19,0.000000,0.500000,0.000000,0.000000,0.000000,88.760000,49.960300,4.208800,210.267500,2,high_load,Dynamic,599
2026-06-01 02:09:20,0.000000,0.500000,0.000000,0.000000,0.000000,88.750000,49.975200,3.406400,170.232600,2,high_load,Dynamic,600
2026-06-01 02:09:21,0.000000,0.500000,0.000000,0.000000,0.000000,88.750000,50.006300,3.141900,157.114800,2,high_load,Dynamic,601
2026-06-01 02:09:22,0.000000,0.500000,0.000000,0.000000,0.000000,88.750000,50.029400,3.020800,151.128000,2,high_load,Dynamic,602
2026-06-01 02:09:23,0.000000,0.500000,0.000000,0.000000,0.000000,88.742000,50.029900,2.982400,149.209400,2,high_load,Dynamic,603
2026-06-01 02:09:24,0.000000,0.400000,0.000000,0.000000,0.000000,88.740000,50.014600,2.920900,146.086200,2,high_load,Dynamic,604
2026-06-01 02:09:25,0.311560,0.000000,0.702286,7.352530,0.003670,88.740000,49.962800,4.015000,200.398200,2,high_load,Dynamic,605
2026-06-01 02:09:26,0.700000,0.000000,0.000000,13.850100,0.006900,88.731000,49.667700,9.924600,492.857700,2,high_load,Dynamic,606
2026-06-01 02:09:27,0.280000,0.000000,-0.833333,5.540040,0.002760,88.718000,49.654200,10.011500,496.905400,2,high_load,Dynamic,607
2026-06-01 02:09:28,0.000000,0.500000,0.000000,0.000000,0.000000,88.710000,49.911200,5.176200,258.336700,2,high_load,Dynamic,608
2026-06-01 02:09:29,0.000000,0.500000,0.000000,0.000000,0.000000,88.710000,49.965700,3.773600,188.545200,2,high_load,Dynamic,609
2026-06-01 02:09:30,0.000000,0.500000,0.000000,0.000000,0.000000,88.700000,49.977200,3.254000,162.624800,2,high_load,Dynamic,610
2026-06-01 02:09:31,0.000000,0.500000,0.000000,0.000000,0.000000,88.700000,49.997500,3.108400,155.412500,2,high_load,Dynamic,611
2026-06-01 02:09:32,0.000000,0.500000,0.000000,0.000000,0.000000,88.700000,50.010200,3.010300,150.544600,2,high_load,Dynamic,612
2026-06-01 02:09:33,0.000000,0.500000,0.000000,0.000000,0.000000,88.693000,50.012900,3.030100,151.543000,2,high_load,Dynamic,613
2026-06-01 02:09:34,0.000000,0.250000,0.000000,0.000000,0.000000,88.690000,50.021200,2.699300,135.011500,2,high_load,Dynamic,614
2026-06-01 02:09:35,0.588100,0.000000,0.666667,12.800110,0.006380,88.688000,49.821100,6.781500,337.629200,2,high_load,Dynamic,615
2026-06-01 02:09:36,0.700000,0.000000,0.000000,13.850100,0.006900,88.677000,49.601000,11.256200,558.295600,2,high_load,Dynamic,616
2026-06-01 02:09:37,0.070000,0.200000,-0.666667,1.385010,0.000690,88.665000,49.719300,8.464300,420.654800,2,high_load,Dynamic,617
2026-06-01 02:09:38,0.000000,0.500000,0.000000,0.000000,0.000000,88.660000,49.918400,4.682800,233.748700,2,high_load,Dynamic,618
2026-06-01 02:09:39,0.000000,0.500000,0.000000,0.000000,0.000000,88.655000,49.976200,3.601800,180.004000,2,high_load,Dynamic,619
2026-06-01 02:09:40,0.000000,0.500000,0.000000,0.000000,0.000000,88.650000,50.000200,3.207700,160.385300,2,high_load,Dynamic,620
2026-06-01 02:09:41,0.000000,0.500000,0.000000,0.000000,0.000000,88.650000,50.009800,3.095200,154.790700,2,high_load,Dynamic,621
2026-06-01 02:09:42,0.000000,0.500000,0.000000,0.000000,0.000000,88.648000,50.002200,3.007400,150.377100,2,high_load,Dynamic,622
2026-06-01 02:09:43,0.000000,0.500000,0.000000,0.000000,0.000000,88.640000,50.010500,2.983000,149.181100,2,high_load,Dynamic,623
2026-06-01 02:09:44,0.166300,0.050000,0.693095,4.500610,0.002250,88.640000,49.987800,3.310500,165.399700,2,high_load,Dynamic,624
2026-06-01 02:09:45,0.700000,0.000000,0.000000,13.850100,0.006900,88.642000,49.701800,9.228600,458.597700,2,high_load,Dynamic,625
2026-06-01 02:09:46,0.476000,0.000000,-0.800000,9.418060,0.004690,88.630000,49.584800,11.219800,556.296300,2,high_load,Dynamic,626
2026-06-01 02:09:47,0.000000,0.400000,0.000000,0.000000,0.000000,88.610000,49.829300,6.288900,313.323100,2,high_load,Dynamic,627
2026-06-01 02:09:48,0.000000,0.500000,0.000000,0.000000,0.000000,88.618000,49.966500,4.126000,206.157900,2,high_load,Dynamic,628
2026-06-01 02:09:49,0.000000,0.500000,0.000000,0.000000,0.000000,88.600000,49.979600,3.423600,171.109200,2,high_load,Dynamic,629
2026-06-01 02:09:50,0.000000,0.500000,0.000000,0.000000,0.000000,88.608000,50.009700,3.136400,156.851200,2,high_load,Dynamic,630
2026-06-01 02:09:51,0.000000,0.500000,0.000000,0.000000,0.000000,88.600000,49.998700,3.066400,153.316500,2,high_load,Dynamic,631
2026-06-01 02:09:52,0.000000,0.500000,0.000000,0.000000,0.000000,88.592000,49.996300,3.003400,150.158000,2,high_load,Dynamic,632
2026-06-01 02:09:53,0.000000,0.350000,0.000000,0.000000,0.000000,88.590000,50.000500,2.883600,144.181800,2,high_load,Dynamic,633
2026-06-01 02:09:54,0.461360,0.000000,0.706667,10.371200,0.005170,88.606000,49.879600,5.474700,272.793300,2,high_load,Dynamic,634
2026-06-01 02:09:55,0.700000,0.000000,0.000000,13.850100,0.006900,88.586000,49.616300,10.738100,532.739300,2,high_load,Dynamic,635
2026-06-01 02:09:56,0.203000,0.115000,-0.666667,4.016520,0.002000,88.593000,49.663300,9.483700,470.733800,2,high_load,Dynamic,636
2026-06-01 02:09:57,0.000000,0.500000,0.000000,0.000000,0.000000,88.560000,49.880800,5.153000,257.009800,2,high_load,Dynamic,637
2026-06-01 02:09:58,0.000000,0.500000,0.000000,0.000000,0.000000,88.554000,49.956500,3.783400,189.005300,2,high_load,Dynamic,638
2026-06-01 02:09:59,0.000000,0.500000,0.000000,0.000000,0.000000,88.550000,49.980100,3.238200,161.844700,2,high_load,Dynamic,639
2026-06-01 02:10:00,0.000000,0.500000,0.000000,0.000000,0.000000,88.558000,49.988100,3.085500,154.237800,2,high_load,Dynamic,640
2026-06-01 02:10:01,0.000000,0.500000,0.000000,0.000000,0.000000,88.546000,49.988200,3.018600,150.894700,2,high_load,Dynamic,641
2026-06-01 02:10:02,0.000000,0.500000,0.000000,0.000000,0.000000,88.540000,49.991400,3.029100,151.427700,2,high_load,Dynamic,642
2026-06-01 02:10:03,0.053400,0.150000,0.374286,1.471390,0.000730,88.540000,50.005300,2.808100,140.408500,2,high_load,Dynamic,643
2026-06-01 02:10:04,0.686100,0.000000,0.332381,14.351460,0.007160,88.534000,49.733400,8.114600,403.480100,2,high_load,Dynamic,644
2026-06-01 02:10:05,0.630000,0.000000,-0.666667,12.465090,0.006210,88.523000,49.582100,11.572600,573.781900,2,high_load,Dynamic,645
2026-06-01 02:10:06,0.000000,0.305000,0.000000,0.000000,0.000000,88.511000,49.785100,7.154300,356.075000,2,high_load,Dynamic,646
2026-06-01 02:10:07,0.000000,0.500000,0.000000,0.000000,0.000000,88.509000,49.917800,4.377300,218.496500,2,high_load,Dynamic,647
2026-06-01 02:10:08,0.000000,0.500000,0.000000,0.000000,0.000000,88.509000,49.971300,3.473600,173.578400,2,high_load,Dynamic,648
2026-06-01 02:10:09,0.000000,0.500000,0.000000,0.000000,0.000000,88.500000,49.976200,3.161900,158.019700,2,high_load,Dynamic,649
2026-06-01 02:10:10,0.000000,0.500000,0.000000,0.000000,0.000000,88.508000,49.986500,3.075700,153.744100,2,high_load,Dynamic,650
2026-06-01 02:10:11,0.000000,0.500000,0.000000,0.000000,0.000000,88.491000,49.995600,2.998500,149.912000,2,high_load,Dynamic,651
2026-06-01 02:10:12,0.000000,0.450000,0.000000,0.000000,0.000000,88.517000,49.992600,2.978400,148.898700,2,high_load,Dynamic,652
2026-06-01 02:10:13,0.251360,0.000000,0.706667,6.153380,0.003070,88.490000,49.967200,3.556600,177.587100,2,high_load,Dynamic,653
2026-06-01 02:10:14,0.700000,0.000000,0.000000,13.850100,0.006900,88.481000,49.671000,9.542700,473.920200,2,high_load,Dynamic,654
2026-06-01 02:10:15,0.413000,0.000000,-0.666667,8.003090,0.003990,88.468000,49.606700,11.031100,547.149500,2,high_load,Dynamic,655
2026-06-01 02:10:16,0.000000,0.400000,0.000000,0.000000,0.000000,88.460000,49.838500,5.759700,287.009900,2,high_load,Dynamic,656
2026-06-01 02:10:17,0.000000,0.500000,0.000000,0.000000,0.000000,88.464000,49.949300,3.966000,198.092700,2,high_load,Dynamic,657
2026-06-01 02:10:18,0.000000,0.500000,0.000000,0.000000,0.000000,88.450000,49.958200,3.328800,166.297300,2,high_load,Dynamic,658
2026-06-01 02:10:19,0.000000,0.500000,0.000000,0.000000,0.000000,88.466000,49.980700,3.149600,157.419400,2,high_load,Dynamic,659
2026-06-01 02:10:20,0.000000,0.500000,0.000000,0.000000,0.000000,88.464000,49.969100,3.038300,151.821100,2,high_load,Dynamic,660
2026-06-01 02:10:21,0.000000,0.500000,0.000000,0.000000,0.000000,88.440000,49.999900,3.033100,151.654300,2,high_load,Dynamic,661
2026-06-01 02:10:22,0.000000,0.300000,0.000000,0.000000,0.000000,88.466000,50.003900,2.761300,138.065200,2,high_load,Dynamic,662
2026-06-01 02:10:23,0.531360,0.000000,0.706667,11.786160,0.005880,88.512000,49.781900,6.703500,333.485500,2,high_load,Dynamic,663
2026-06-01 02:10:24,0.700000,0.000000,0.000000,13.850100,0.006900,88.510000,49.582700,11.205100,555.567300,2,high_load,Dynamic,664
2026-06-01 02:10:25,0.084000,0.150000,-0.666667,1.662010,0.000830,88.500000,49.718100,8.384800,416.633400,2,high_load,Dynamic,665
2026-06-01 02:10:26,0.000000,0.500000,0.000000,0.000000,0.000000,88.490000,49.930800,4.654900,232.408000,2,high_load,Dynamic,666
2026-06-01 02:10:27,0.000000,0.500000,0.000000,0.000000,0.000000,88.480000,49.972000,3.571444,178.471444,2,high_load,Dynamic,667
2026-06-01 02:10:28,0.000000,0.500000,0.000000,0.000000,0.000000,88.463000,49.974700,3.224900,161.162200,2,high_load,Dynamic,668
2026-06-01 02:10:29,0.000000,0.500000,0.000000,0.000000,0.000000,88.456000,49.990700,3.089600,154.450500,2,high_load,Dynamic,669
2026-06-01 02:10:30,0.000000,0.500000,0.000000,0.000000,0.000000,88.444000,49.993500,3.021100,151.034700,2,high_load,Dynamic,670
2026-06-01 02:10:31,0.000000,0.500000,0.000000,0.000000,0.000000,88.453000,49.975400,3.018900,150.870500,2,high_load,Dynamic,671
2026-06-01 02:10:32,0.037200,0.100000,0.277143,1.024050,0.000510,88.448000,50.005100,2.686400,134.313700,2,high_load,Dynamic,672
2026-06-01 02:10:33,0.672800,0.000000,0.429524,14.286130,0.007120,88.409000,49.709800,7.995500,397.313200,2,high_load,Dynamic,673
2026-06-01 02:10:34,0.560000,0.000000,-0.666667,11.080080,0.005520,88.391000,49.567400,11.313900,560.778900,2,high_load,Dynamic,674
2026-06-01 02:10:35,0.000000,0.300000,0.000000,0.000000,0.000000,88.387000,49.809300,6.489500,323.137500,2,high_load,Dynamic,675
2026-06-01 02:10:36,0.000000,0.500000,0.000000,0.000000,0.000000,88.424000,49.929800,4.142800,206.843800,2,high_load,Dynamic,676
2026-06-01 02:10:37,0.000000,0.500000,0.000000,0.000000,0.000000,88.386000,49.947500,3.426700,171.153900,2,high_load,Dynamic,677
2026-06-01 02:10:38,0.000000,0.500000,0.000000,0.000000,0.000000,88.413000,49.971800,3.145000,157.161900,2,high_load,Dynamic,678
2026-06-01 02:10:39,0.000000,0.500000,0.000000,0.000000,0.000000,88.398000,49.981700,3.066100,153.248500,2,high_load,Dynamic,679
2026-06-01 02:10:40,0.000000,0.500000,0.000000,0.000000,0.000000,88.403000,49.985000,3.017500,150.830200,2,high_load,Dynamic,680
2026-06-01 02:10:41,0.000000,0.450000,0.000000,0.000000,0.000000,88.403000,50.007800,2.941900,147.117300,2,high_load,Dynamic,681
2026-06-01 02:10:42,0.220000,0.000000,0.706667,5.537440,0.002760,88.423000,49.956900,3.551600,177.301700,2,high_load,Dynamic,682
2026-06-01 02:10:43,0.700000,0.000000,0.000000,13.850100,0.006900,88.417000,49.660600,9.549700,474.164700,2,high_load,Dynamic,683
2026-06-01 02:10:44,0.420000,0.000000,-0.666667,8.310060,0.004140,88.405000,49.588100,11.035600,547.122900,2,high_load,Dynamic,684
2026-06-01 02:10:45,0.000000,0.400000,0.000000,0.000000,0.000000,88.346000,49.840200,5.796200,288.832800,2,high_load,Dynamic,685
2026-06-01 02:10:46,0.000000,0.500000,0.000000,0.000000,0.000000,88.358000,49.907700,3.988800,199.069800,2,high_load,Dynamic,686
2026-06-01 02:10:47,0.000000,0.500000,0.000000,0.000000,0.000000,88.336000,49.966400,3.332400,166.508200,2,high_load,Dynamic,687
2026-06-01 02:10:48,0.000000,0.500000,0.000000,0.000000,0.000000,88.349000,49.987700,3.130800,156.501700,2,high_load,Dynamic,688
2026-06-01 02:10:49,0.000000,0.500000,0.000000,0.000000,0.000000,88.316000,49.964000,3.042100,151.995200,2,high_load,Dynamic,689
2026-06-01 02:10:50,0.000000,0.500000,0.000000,0.000000,0.000000,88.353000,49.983900,3.030300,151.466400,2,high_load,Dynamic,690
2026-06-01 02:10:51,0.000000,0.300000,0.000000,0.000000,0.000000,88.306000,49.994100,2.754700,137.718800,2,high_load,Dynamic,691
2026-06-01 02:10:52,0.432760,0.000000,0.706667,9.761570,0.004870,88.353000,49.871300,5.234500,260.802700,2,high_load,Dynamic,692
2026-06-01 02:10:53,0.700000,0.000000,0.000000,13.850100,0.006900,88.302000,49.581300,10.643700,527.691000,2,high_load,Dynamic,693
2026-06-01 02:10:54,0.140000,0.100000,-0.666667,2.770020,0.001380,88.308000,49.692500,8.925100,443.253700,2,high_load,Dynamic,694
2026-06-01 02:10:55,0.000000,0.500000,0.000000,0.000000,0.000000,88.296000,49.878400,4.774200,238.111400,2,high_load,Dynamic,695
2026-06-01 02:10:56,0.000000,0.500000,0.000000,0.000000,0.000000,88.308000,49.940600,3.650500,182.304400,2,high_load,Dynamic,696
2026-06-01 02:10:57,0.000000,0.500000,0.000000,0.000000,0.000000,88.286000,49.959400,3.237100,161.724400,2,high_load,Dynamic,697
2026-06-01 02:10:58,0.000000,0.500000,0.000000,0.000000,0.000000,88.299000,49.974800,3.073000,153.572300,2,high_load,Dynamic,698
2026-06-01 02:10:59,0.000000,0.500000,0.000000,0.000000,0.000000,88.258000,49.959400,3.058000,152.775700,2,high_load,Dynamic,699
2026-06-01 02:11:00,0.000000,0.500000,0.000000,0.000000,0.000000,88.312000,49.974100,3.015800,150.711500,2,high_load,Dynamic,700
2026-06-01 02:11:01,0.039600,0.100000,0.288571,1.070230,0.000530,88.240000,49.974500,2.679000,133.866500,2,high_load,Dynamic,701
2026-06-01 02:11:02,0.675100,0.000000,0.418095,14.298430,0.007130,88.236000,49.716600,8.005200,397.856500,2,high_load,Dynamic,702
2026-06-01 02:11:03,0.630000,0.000000,-0.666667,12.465090,0.006210,88.224000,49.533600,11.528300,571.030600,2,high_load,Dynamic,703
2026-06-01 02:11:04,0.000000,0.300000,0.000000,0.000000,0.000000,88.213000,49.774600,7.175900,357.052700,2,high_load,Dynamic,704
2026-06-01 02:11:05,0.000000,0.500000,0.000000,0.000000,0.000000,88.259000,49.902400,4.401500,219.638300,2,high_load,Dynamic,705
2026-06-01 02:11:06,0.000000,0.500000,0.000000,0.000000,0.000000,88.248000,49.945900,3.452200,172.420900,2,high_load,Dynamic,706
2026-06-01 02:11:07,0.000000,0.500000,0.000000,0.000000,0.000000,88.245000,49.948700,3.167900,158.232000,2,high_load,Dynamic,707
2026-06-01 02:11:08,0.000000,0.500000,0.000000,0.000000,0.000000,88.256000,49.956200,3.078300,153.780900,2,high_load,Dynamic,708
2026-06-01 02:11:09,0.000000,0.500000,0.000000,0.000000,0.000000,88.204000,49.965800,3.014800,150.637000,2,high_load,Dynamic,709
2026-06-01 02:11:10,0.000000,0.450000,0.000000,0.000000,0.000000,88.271000,49.986600,2.980300,148.977000,2,high_load,Dynamic,710
2026-06-01 02:11:11,0.222760,0.000000,0.706667,5.649860,0.002820,88.206000,49.932400,3.521200,175.702300,2,high_load,Dynamic,711
2026-06-01 02:11:12,0.700000,0.000000,0.000000,13.850100,0.006900,88.190000,49.635400,9.524500,472.673400,2,high_load,Dynamic,712
2026-06-01 02:11:13,0.350000,0.000000,-0.666667,6.925050,0.003450,88.179000,49.583600,10.441300,517.566100,2,high_load,Dynamic,713
2026-06-01 02:11:14,0.000000,0.450000,0.000000,0.000000,0.000000,88.169000,49.841900,5.410500,269.641800,2,high_load,Dynamic,714
2026-06-01 02:11:15,0.000000,0.500000,0.000000,0.000000,0.000000,88.168000,49.912100,3.876000,193.460100,2,high_load,Dynamic,715
2026-06-01 02:11:16,0.000000,0.500000,0.000000,0.000000,0.000000,88.153000,49.943300,3.273200,163.474000,2,high_load,Dynamic,716
2026-06-01 02:11:17,0.000000,0.500000,0.000000,0.000000,0.000000,88.159000,49.947500,3.092200,154.448300,2,high_load,Dynamic,717
2026-06-01 02:11:18,0.000000,0.500000,0.000000,0.000000,0.000000,88.150000,49.956100,3.034500,151.591400,2,high_load,Dynamic,718
2026-06-01 02:11:19,0.000000,0.500000,0.000000,0.000000,0.000000,88.146000,49.965600,3.038300,151.810200,2,high_load,Dynamic,719
2026-06-01 02:11:20,0.000000,0.250000,0.000000,0.000000,0.000000,88.140000,49.965800,2.670700,133.434900,2,high_load,Dynamic,720
2026-06-01 02:11:21,0.597100,0.000000,0.698333,13.003090,0.006490,88.139000,49.764000,6.789200,337.637500,2,high_load,Dynamic,721
2026-06-01 02:11:22,0.700000,0.000000,0.000000,13.850100,0.006900,88.127000,49.535200,11.251300,557.309200,2,high_load,Dynamic,722
2026-06-01 02:11:23,0.070000,0.160000,-0.666667,1.385010,0.000690,88.116000,49.681700,8.357400,414.976200,2,high_load,Dynamic,723
2026-06-01 02:11:24,0.000000,0.500000,0.000000,0.000000,0.000000,88.160000,49.880200,4.532500,226.065900,2,high_load,Dynamic,724
2026-06-01 02:11:25,0.000000,0.500000,0.000000,0.000000,0.000000,88.118000,49.956800,3.547500,177.218100,2,high_load,Dynamic,725
2026-06-01 02:11:26,0.000000,0.500000,0.000000,0.000000,0.000000,88.145000,49.944800,3.186300,159.139300,2,high_load,Dynamic,726
2026-06-01 02:11:27,0.000000,0.500000,0.000000,0.000000,0.000000,88.124000,49.962000,3.089500,154.356500,2,high_load,Dynamic,727
2026-06-01 02:11:28,0.000000,0.500000,0.000000,0.000000,0.000000,88.132000,49.949100,3.038600,151.775900,2,high_load,Dynamic,728
2026-06-01 02:11:29,0.000000,0.500000,0.000000,0.000000,0.000000,88.137000,49.975800,3.010600,150.457400,2,high_load,Dynamic,729
2026-06-01 02:11:30,0.119760,0.100000,0.580000,3.258480,0.001630,88.099000,49.974900,3.007900,150.270200,2,high_load,Dynamic,730
2026-06-01 02:11:31,0.700000,0.000000,0.108333,14.123850,0.007040,88.085000,49.657300,8.657400,429.797500,2,high_load,Dynamic,731
2026-06-01 02:11:32,0.560000,0.000000,-0.666667,11.080080,0.005520,88.074000,49.536400,11.508300,570.071400,2,high_load,Dynamic,732
2026-06-01 02:11:33,0.000000,0.320000,0.000000,0.000000,0.000000,88.063000,49.775800,6.566100,326.764900,2,high_load,Dynamic,733
2026-06-01 02:11:34,0.000000,0.500000,0.000000,0.000000,0.000000,88.100000,49.915100,4.134000,206.340300,2,high_load,Dynamic,734
2026-06-01 02:11:35,0.000000,0.500000,0.000000,0.000000,0.000000,88.071000,49.921900,3.418500,170.655600,2,high_load,Dynamic,735
2026-06-01 02:11:36,0.000000,0.500000,0.000000,0.000000,0.000000,88.104000,49.948700,3.131800,156.428400,2,high_load,Dynamic,736
2026-06-01 02:11:37,0.000000,0.500000,0.000000,0.000000,0.000000,88.074000,49.948900,3.065900,153.138100,2,high_load,Dynamic,737
2026-06-01 02:11:38,0.000000,0.500000,0.000000,0.000000,0.000000,88.079000,49.966900,3.044700,152.133800,2,high_load,Dynamic,738
2026-06-01 02:11:39,0.000000,0.450000,0.000000,0.000000,0.000000,88.076000,49.964300,2.941600,146.971600,2,high_load,Dynamic,739
2026-06-01 02:11:40,0.325560,0.000000,0.706667,7.713730,0.003860,88.099000,49.869600,4.374200,217.839600,2,high_load,Dynamic,740
2026-06-01 02:11:41,0.700000,0.000000,0.000000,13.850100,0.006900,88.081000,49.597700,10.157300,503.731600,2,high_load,Dynamic,741
2026-06-01 02:11:42,0.343000,0.000000,-0.666667,6.786540,0.003380,88.053000,49.571800,10.396800,515.233000,2,high_load,Dynamic,742
2026-06-01 02:11:43,0.000000,0.470000,0.000000,0.000000,0.000000,88.037000,49.823300,5.359600,267.014700,2,high_load,Dynamic,743
2026-06-01 02:11:44,0.000000,0.500000,0.000000,0.000000,0.000000,88.050000,49.900300,3.848100,192.013700,2,high_load,Dynamic,744
2026-06-01 02:11:45,0.000000,0.500000,0.000000,0.000000,0.000000,88.018000,49.932900,3.303200,164.937600,2,high_load,Dynamic,745
2026-06-01 02:11:46,0.000000,0.500000,0.000000,0.000000,0.000000,88.069000,49.949900,3.071700,153.430700,2,high_load,Dynamic,746
2026-06-01 02:11:47,0.000000,0.500000,0.000000,0.000000,0.000000,88.024000,49.957000,3.036400,151.689500,2,high_load,Dynamic,747
2026-06-01 02:11:48,0.000000,0.500000,0.000000,0.000000,0.000000,88.045000,49.941400,2.993600,149.504000,2,high_load,Dynamic,748
2026-06-01 02:11:49,0.000000,0.245000,0.000000,0.000000,0.000000,88.053000,49.977300,2.561100,127.985200,2,high_load,Dynamic,749
2026-06-01 02:11:50,0.541500,0.000000,0.706667,12.010430,0.005990,88.071000,49.762900,6.722000,334.281400,2,high_load,Dynamic,750
2026-06-01 02:11:51,0.700000,0.000000,0.000000,13.850100,0.006900,88.062000,49.527900,11.219100,555.638000,2,high_load,Dynamic,751
2026-06-01 02:11:52,0.105000,0.180000,-0.666667,2.077510,0.001040,88.050000,49.672400,8.457900,419.898100,2,high_load,Dynamic,752
2026-06-01 02:11:53,0.000000,0.500000,0.000000,0.000000,0.000000,87.995000,49.846400,4.823500,240.434000,2,high_load,Dynamic,753
2026-06-01 02:11:54,0.000000,0.500000,0.000000,0.000000,0.000000,88.008000,49.939700,3.634100,181.485500,2,high_load,Dynamic,754
2026-06-01 02:11:55,0.000000,0.500000,0.000000,0.000000,0.000000,87.986000,49.924900,3.251800,162.344800,2,high_load,Dynamic,755
2026-06-01 02:11:56,0.000000,0.500000,0.000000,0.000000,0.000000,88.014000,49.951800,3.092700,154.486800,2,high_load,Dynamic,756
2026-06-01 02:11:57,0.000000,0.500000,0.000000,0.000000,0.000000,87.966000,49.951100,3.007400,150.223200,2,high_load,Dynamic,757
2026-06-01 02:11:58,0.000000,0.500000,0.000000,0.000000,0.000000,88.012000,49.961800,3.011700,150.470100,2,high_load,Dynamic,758
2026-06-01 02:11:59,0.066900,0.090000,0.425714,1.857180,0.000930,88.008000,49.944200,2.903600,144.961100,2,high_load,Dynamic,759
2026-06-01 02:12:00,0.691500,0.000000,0.280952,14.358660,0.007150,88.019000,49.651100,8.617100,427.741800,2,high_load,Dynamic,760
2026-06-01 02:12:01,0.622222,0.000000,-0.740741,12.311200,0.006133,88.007778,49.526556,11.650667,577.011000,2,high_load,Dynamic,761
2026-06-01 02:12:02,0.000000,0.250000,0.000000,0.000000,0.000000,88.000000,49.737700,7.078500,351.943100,2,high_load,Dynamic,762
2026-06-01 02:12:03,0.000000,0.500000,0.000000,0.000000,0.000000,87.960909,49.877727,4.261727,212.551182,2,high_load,Dynamic,763
2026-06-01 02:12:04,0.000000,0.500000,0.000000,0.000000,0.000000,87.990000,49.931111,3.422444,170.886778,2,high_load,Dynamic,764
2026-06-01 02:12:05,0.000000,0.500000,0.000000,0.000000,0.000000,87.962727,49.950273,3.100273,154.859818,2,high_load,Dynamic,765
2026-06-01 02:12:06,0.000000,0.500000,0.000000,0.000000,0.000000,87.953333,49.958333,3.064556,153.100444,2,high_load,Dynamic,766
2026-06-01 02:12:07,0.000000,0.500000,0.000000,0.000000,0.000000,87.980000,49.955800,3.005300,150.131800,2,high_load,Dynamic,767
2026-06-01 02:12:08,0.000000,0.500000,0.000000,0.000000,0.000000,87.953000,49.935000,2.996400,149.625100,2,high_load,Dynamic,768
2026-06-01 02:12:09,0.215200,0.000000,0.706667,5.484410,0.002730,87.972000,49.918100,3.703100,184.721100,2,high_load,Dynamic,769
2026-06-01 02:12:10,0.700000,0.000000,0.000000,13.850100,0.006900,87.967000,49.617000,9.623300,477.417800,2,high_load,Dynamic,770
2026-06-01 02:12:11,0.350000,0.000000,-0.666667,6.925050,0.003450,87.946000,49.557000,10.498700,520.127000,2,high_load,Dynamic,771
2026-06-01 02:12:12,0.000000,0.450000,0.000000,0.000000,0.000000,87.940000,49.816800,5.416400,269.805700,2,high_load,Dynamic,772
2026-06-01 02:12:13,0.000000,0.500000,0.000000,0.000000,0.000000,87.925455,49.901909,3.814818,190.361000,2,high_load,Dynamic,773
2026-06-01 02:12:14,0.000000,0.500000,0.000000,0.000000,0.000000,87.910000,49.912889,3.317222,165.571111,2,high_load,Dynamic,774
2026-06-01 02:12:15,0.000000,0.500000,0.000000,0.000000,0.000000,87.928000,49.928500,3.096500,154.603600,2,high_load,Dynamic,775
2026-06-01 02:12:16,0.000000,0.500000,0.000000,0.000000,0.000000,87.898000,49.939700,3.042000,151.916800,2,high_load,Dynamic,776
2026-06-01 02:12:17,0.000000,0.500000,0.000000,0.000000,0.000000,87.930000,49.945500,3.019500,150.809700,2,high_load,Dynamic,777
2026-06-01 02:12:18,0.000000,0.250000,0.000000,0.000000,0.000000,87.903000,49.961900,2.700500,134.918100,2,high_load,Dynamic,778
2026-06-01 02:12:19,0.497000,0.000000,0.706667,11.091080,0.005530,87.896000,49.790800,5.944200,295.726900,2,high_load,Dynamic,779
2026-06-01 02:12:20,0.700000,0.000000,0.000000,13.850100,0.006900,87.888000,49.541800,10.947300,542.320100,2,high_load,Dynamic,780
2026-06-01 02:12:21,0.070000,0.150000,-0.666667,1.385010,0.000690,87.877000,49.673300,8.284200,411.260200,2,high_load,Dynamic,781
2026-06-01 02:12:22,0.000000,0.500000,0.000000,0.000000,0.000000,87.889000,49.846700,4.609300,229.751000,2,high_load,Dynamic,782
2026-06-01 02:12:23,0.000000,0.500000,0.000000,0.000000,0.000000,87.842000,49.893500,3.545000,176.871000,2,high_load,Dynamic,783
2026-06-01 02:12:24,0.000000,0.500000,0.000000,0.000000,0.000000,87.863000,49.916500,3.197200,159.593300,2,high_load,Dynamic,784
2026-06-01 02:12:25,0.000000,0.500000,0.000000,0.000000,0.000000,87.845455,49.921273,3.039273,151.724091,2,high_load,Dynamic,785
2026-06-01 02:12:26,0.000000,0.500000,0.000000,0.000000,0.000000,87.835556,49.925889,3.029667,151.257889,2,high_load,Dynamic,786
2026-06-01 02:12:27,0.000000,0.500000,0.000000,0.000000,0.000000,87.880000,49.950100,2.997000,149.700900,2,high_load,Dynamic,787
2026-06-01 02:12:28,0.037200,0.100000,0.277143,1.036060,0.000520,87.817000,49.927400,2.671800,133.365400,2,high_load,Dynamic,788
2026-06-01 02:12:29,0.672800,0.000000,0.429524,14.277470,0.007120,87.805000,49.682900,8.007800,397.705600,2,high_load,Dynamic,789
2026-06-01 02:12:30,0.560000,0.000000,-0.666667,11.080080,0.005520,87.784000,49.511000,11.292000,559.049200,2,high_load,Dynamic,790
2026-06-01 02:12:31,0.000000,0.300000,0.000000,0.000000,0.000000,87.775000,49.766300,6.503700,323.591300,2,high_load,Dynamic,791
2026-06-01 02:12:32,0.000000,0.500000,0.000000,0.000000,0.000000,87.820000,49.858500,4.164700,207.640400,2,high_load,Dynamic,792
2026-06-01 02:12:33,0.000000,0.500000,0.000000,0.000000,0.000000,87.784000,49.903200,3.368100,168.076400,2,high_load,Dynamic,793
2026-06-01 02:12:34,0.000000,0.500000,0.000000,0.000000,0.000000,87.813000,49.905400,3.137500,156.578900,2,high_load,Dynamic,794
2026-06-01 02:12:35,0.000000,0.500000,0.000000,0.000000,0.000000,87.767000,49.921700,3.018300,150.678300,2,high_load,Dynamic,795
2026-06-01 02:12:36,0.000000,0.500000,0.000000,0.000000,0.000000,87.782000,49.922600,3.019600,150.746900,2,high_load,Dynamic,796
2026-06-01 02:12:37,0.000000,0.400000,0.000000,0.000000,0.000000,87.746000,49.918400,2.886900,144.108500,2,high_load,Dynamic,797
2026-06-01 02:12:38,0.307580,0.000000,0.704238,7.298990,0.003650,87.740000,49.862200,4.006100,199.573300,2,high_load,Dynamic,798
2026-06-01 02:12:39,0.700000,0.000000,0.000000,13.850100,0.006900,87.735000,49.584800,9.941600,492.886400,2,high_load,Dynamic,799
2026-06-01 02:12:40,0.280000,0.000000,-0.833333,5.540040,0.002760,87.723000,49.576700,9.998300,495.505700,2,high_load,Dynamic,800
2026-06-01 02:12:41,0.000000,0.500000,0.000000,0.000000,0.000000,87.715000,49.811400,5.156000,256.807900,2,high_load,Dynamic,801
2026-06-01 02:12:42,0.000000,0.500000,0.000000,0.000000,0.000000,87.710000,49.875600,3.778500,188.452300,2,high_load,Dynamic,802
2026-06-01 02:12:43,0.000000,0.500000,0.000000,0.000000,0.000000,87.710000,49.903700,3.272100,163.289800,2,high_load,Dynamic,803
2026-06-01 02:12:44,0.000000,0.500000,0.000000,0.000000,0.000000,87.712000,49.912800,3.057000,152.583300,2,high_load,Dynamic,804
2026-06-01 02:12:45,0.000000,0.500000,0.000000,0.000000,0.000000,87.700000,49.911600,3.032000,151.331800,2,high_load,Dynamic,805
2026-06-01 02:12:46,0.000000,0.500000,0.000000,0.000000,0.000000,87.700000,49.912100,3.042300,151.847400,2,high_load,Dynamic,806
2026-06-01 02:12:47,0.000000,0.250000,0.000000,0.000000,0.000000,87.698000,49.919400,2.671400,133.347800,2,high_load,Dynamic,807
2026-06-01 02:12:48,0.526500,0.000000,0.706667,11.620590,0.005800,87.690000,49.767500,5.928300,294.818400,2,high_load,Dynamic,808
2026-06-01 02:12:49,0.700000,0.000000,0.000000,13.850100,0.006900,87.683000,49.507400,10.950600,542.105900,2,high_load,Dynamic,809
2026-06-01 02:12:50,0.070000,0.150000,-0.666667,1.385010,0.000690,87.671000,49.654400,8.248200,409.320600,2,high_load,Dynamic,810
2026-06-01 02:12:51,0.000000,0.500000,0.000000,0.000000,0.000000,87.664000,49.836700,4.597300,229.103600,2,high_load,Dynamic,811
2026-06-01 02:12:52,0.000000,0.500000,0.000000,0.000000,0.000000,87.660000,49.881100,3.585800,178.862500,2,high_load,Dynamic,812
2026-06-01 02:12:53,0.000000,0.500000,0.000000,0.000000,0.000000,87.660000,49.897000,3.185100,158.926000,2,high_load,Dynamic,813
2026-06-01 02:12:54,0.000000,0.500000,0.000000,0.000000,0.000000,87.654000,49.894800,3.066600,153.007300,2,high_load,Dynamic,814
2026-06-01 02:12:55,0.000000,0.500000,0.000000,0.000000,0.000000,87.650000,49.913300,3.002700,149.873300,2,high_load,Dynamic,815
2026-06-01 02:12:56,0.000000,0.500000,0.000000,0.000000,0.000000,87.650000,49.921200,3.000600,149.793500,2,high_load,Dynamic,816
2026-06-01 02:12:57,0.107100,0.050000,0.540000,2.952980,0.001480,87.649000,49.924800,2.877600,143.609100,2,high_load,Dynamic,817
2026-06-01 02:12:58,0.700000,0.000000,0.158333,14.250200,0.007100,87.640000,49.642500,8.557300,424.699900,2,high_load,Dynamic,818
2026-06-01 02:12:59,0.560000,0.000000,-0.666667,11.080080,0.005520,87.627000,49.482900,11.531300,570.587600,2,high_load,Dynamic,819
2026-06-01 02:13:00,0.000000,0.300000,0.000000,0.000000,0.000000,87.620000,49.731700,6.546400,325.490300,2,high_load,Dynamic,820
2026-06-01 02:13:01,0.000000,0.500000,0.000000,0.000000,0.000000,87.611000,49.859000,4.167000,207.756100,2,high_load,Dynamic,821
2026-06-01 02:13:02,0.000000,0.500000,0.000000,0.000000,0.000000,87.610000,49.887700,3.427900,171.009800,2,high_load,Dynamic,822
2026-06-01 02:13:03,0.000000,0.500000,0.000000,0.000000,0.000000,87.610000,49.909400,3.157400,157.583300,2,high_load,Dynamic,823
2026-06-01 02:13:04,0.000000,0.500000,0.000000,0.000000,0.000000,87.600000,49.916300,3.050200,152.252700,2,high_load,Dynamic,824
2026-06-01 02:13:05,0.000000,0.500000,0.000000,0.000000,0.000000,87.600000,49.905200,3.000000,149.715400,2,high_load,Dynamic,825
2026-06-01 02:13:06,0.000000,0.400000,0.000000,0.000000,0.000000,87.600000,49.919900,2.929000,146.217000,2,high_load,Dynamic,826
2026-06-01 02:13:07,0.385300,0.000000,0.666667,8.817970,0.004390,87.595000,49.834100,4.721300,235.040900,2,high_load,Dynamic,827
2026-06-01 02:13:08,0.700000,0.000000,0.000000,13.850100,0.006900,87.586000,49.532400,10.385400,514.357100,2,high_load,Dynamic,828
2026-06-01 02:13:09,0.210000,0.050000,-0.833333,4.155030,0.002070,87.581000,49.589300,9.459900,468.861900,2,high_load,Dynamic,829
2026-06-01 02:13:10,0.000000,0.500000,0.000000,0.000000,0.000000,87.585000,49.826400,4.911000,244.671700,2,high_load,Dynamic,830
2026-06-01 02:13:11,0.000000,0.500000,0.000000,0.000000,0.000000,87.587000,49.876500,3.684000,183.739800,2,high_load,Dynamic,831
2026-06-01 02:13:12,0.000000,0.500000,0.000000,0.000000,0.000000,87.592000,49.886900,3.199500,159.612900,2,high_load,Dynamic,832
2026-06-01 02:13:13,0.000000,0.500000,0.000000,0.000000,0.000000,87.632000,49.919000,3.068000,153.150900,2,high_load,Dynamic,833
2026-06-01 02:13:14,0.000000,0.500000,0.000000,0.000000,0.000000,87.586000,49.913900,3.017600,150.619700,2,high_load,Dynamic,834
2026-06-01 02:13:15,0.000000,0.500000,0.000000,0.000000,0.000000,87.634000,49.910000,2.998800,149.670100,2,high_load,Dynamic,835
2026-06-01 02:13:16,0.003900,0.150000,0.046429,0.092250,0.000050,87.630000,49.918500,2.563400,127.949600,2,high_load,Dynamic,836
2026-06-01 02:13:17,0.627700,0.000000,0.636905,13.565500,0.006770,87.628000,49.716300,7.403800,367.917000,2,high_load,Dynamic,837
2026-06-01 02:13:18,0.630000,0.000000,-0.666667,12.465090,0.006210,87.616000,49.497500,11.319600,560.271900,2,high_load,Dynamic,838
2026-06-01 02:13:19,0.000000,0.277778,0.000000,0.000000,0.000000,87.606667,49.685667,7.366111,365.909889,2,high_load,Dynamic,839
2026-06-01 02:13:20,0.000000,0.500000,0.000000,0.000000,0.000000,87.600000,49.824000,4.484000,223.403182,2,high_load,Dynamic,840
2026-06-01 02:13:21,0.000000,0.500000,0.000000,0.000000,0.000000,87.590000,49.876333,3.502222,174.675889,2,high_load,Dynamic,841
2026-06-01 02:13:22,0.000000,0.500000,0.000000,0.000000,0.000000,87.583636,49.903364,3.158636,157.625273,2,high_load,Dynamic,842
2026-06-01 02:13:23,0.000000,0.500000,0.000000,0.000000,0.000000,87.590000,49.903556,3.037444,151.579222,2,high_load,Dynamic,843
2026-06-01 02:13:24,0.000000,0.500000,0.000000,0.000000,0.000000,87.590000,49.907364,3.035545,151.496091,2,high_load,Dynamic,844
2026-06-01 02:13:25,0.000000,0.500000,0.000000,0.000000,0.000000,87.583333,49.921111,2.982778,148.903556,2,high_load,Dynamic,845
2026-06-01 02:13:26,0.141000,0.000000,0.665714,3.891220,0.001940,87.580000,49.902200,3.152900,157.244300,2,high_load,Dynamic,846
2026-06-01 02:13:27,0.700000,0.000000,0.037229,13.944173,0.006945,87.575455,49.578455,9.271818,459.587636,2,high_load,Dynamic,847
2026-06-01 02:13:28,0.388889,0.000000,-0.740741,7.694500,0.003833,87.563333,49.512000,10.835111,536.395556,2,high_load,Dynamic,848
2026-06-01 02:13:29,0.000000,0.400000,0.000000,0.000000,0.000000,87.555000,49.779600,5.694800,283.448600,2,high_load,Dynamic,849
2026-06-01 02:13:30,0.000000,0.500000,0.000000,0.000000,0.000000,87.542727,49.852545,3.904273,194.637091,2,high_load,Dynamic,850
2026-06-01 02:13:31,0.000000,0.500000,0.000000,0.000000,0.000000,87.550000,49.873111,3.327889,165.971667,2,high_load,Dynamic,851
2026-06-01 02:13:32,0.000000,0.500000,0.000000,0.000000,0.000000,87.540909,49.887364,3.127909,156.042455,2,high_load,Dynamic,852
2026-06-01 02:13:33,0.000000,0.500000,0.000000,0.000000,0.000000,87.540000,49.909778,3.053889,152.418444,2,high_load,Dynamic,853
2026-06-01 02:13:34,0.000000,0.500000,0.000000,0.000000,0.000000,87.540000,49.894273,3.023727,150.867091,2,high_load,Dynamic,854
2026-06-01 02:13:35,0.000000,0.277778,0.000000,0.000000,0.000000,87.534444,49.932444,2.753444,137.482000,2,high_load,Dynamic,855
2026-06-01 02:13:36,0.421000,0.000000,0.706667,9.553450,0.004760,87.530000,49.810200,5.244100,260.933700,2,high_load,Dynamic,856
2026-06-01 02:13:37,0.700000,0.000000,0.000000,13.850100,0.006900,87.523000,49.526400,10.654600,527.644500,2,high_load,Dynamic,857
2026-06-01 02:13:38,0.210000,0.050000,-0.666667,4.155030,0.002070,87.511000,49.558500,9.575800,474.342900,2,high_load,Dynamic,858
2026-06-01 02:13:39,0.000000,0.500000,0.000000,0.000000,0.000000,87.500909,49.796091,4.905545,244.259182,2,high_load,Dynamic,859
2026-06-01 02:13:40,0.000000,0.500000,0.000000,0.000000,0.000000,87.500000,49.872400,3.615400,180.308800,2,high_load,Dynamic,860
2026-06-01 02:13:41,0.000000,0.500000,0.000000,0.000000,0.000000,87.496667,49.890667,3.213778,160.336000,2,high_load,Dynamic,861
2026-06-01 02:13:42,0.000000,0.500000,0.000000,0.000000,0.000000,87.490000,49.878273,3.071000,153.175818,2,high_load,Dynamic,862
2026-06-01 02:13:43,0.000000,0.500000,0.000000,0.000000,0.000000,87.490000,49.894333,2.982111,148.790778,2,high_load,Dynamic,863
2026-06-01 02:13:44,0.000000,0.500000,0.000000,0.000000,0.000000,87.490000,49.886700,3.021500,150.732300,2,high_load,Dynamic,864
2026-06-01 02:13:45,0.000000,0.200000,0.000000,0.000000,0.000000,87.465000,49.917000,2.568200,128.193500,2,high_load,Dynamic,865
2026-06-01 02:13:46,0.566300,0.000000,0.683571,12.430600,0.006200,87.455000,49.703100,6.691800,332.399600,2,high_load,Dynamic,866
2026-06-01 02:13:47,0.700000,0.000000,0.000000,13.850100,0.006900,87.468000,49.494000,11.199500,554.289700,2,high_load,Dynamic,867
2026-06-01 02:13:48,0.000000,0.250000,-0.666667,0.000000,0.000000,87.434000,49.663600,7.671700,380.851800,2,high_load,Dynamic,868
2026-06-01 02:13:49,0.000000,0.500000,0.000000,0.000000,0.000000,87.450000,49.811500,4.537400,226.004300,2,high_load,Dynamic,869
2026-06-01 02:13:50,0.000000,0.500000,0.000000,0.000000,0.000000,87.433636,49.866182,3.487636,173.913818,2,high_load,Dynamic,870
2026-06-01 02:13:51,0.000000,0.500000,0.000000,0.000000,0.000000,87.437778,49.889000,3.198889,159.589111,2,high_load,Dynamic,871
2026-06-01 02:13:52,0.000000,0.500000,0.000000,0.000000,0.000000,87.432727,49.893636,3.085182,153.930636,2,high_load,Dynamic,872
2026-06-01 02:13:53,0.000000,0.500000,0.000000,0.000000,0.000000,87.440000,49.906111,3.001556,149.795111,2,high_load,Dynamic,873
2026-06-01 02:13:54,0.000000,0.454545,0.000000,0.000000,0.000000,87.431818,49.895364,2.996091,149.490273,2,high_load,Dynamic,874
2026-06-01 02:13:55,0.237111,0.000000,0.785185,6.001956,0.003011,87.430000,49.846778,3.810111,189.748222,2,high_load,Dynamic,875
2026-06-01 02:13:56,0.700000,0.000000,0.000000,13.850100,0.006900,87.425455,49.546727,9.767818,483.864636,2,high_load,Dynamic,876
2026-06-01 02:13:57,0.350000,0.000000,-0.666667,6.925050,0.003450,87.413000,49.501700,10.594500,524.299400,2,high_load,Dynamic,877
2026-06-01 02:13:58,0.000000,0.500000,0.000000,0.000000,0.000000,87.396667,49.765778,5.762444,286.741111,2,high_load,Dynamic,878
2026-06-01 02:13:59,0.000000,0.500000,0.000000,0.000000,0.000000,87.384000,49.845000,4.049100,201.818200,2,high_load,Dynamic,879
2026-06-01 02:14:00,0.000000,0.500000,0.000000,0.000000,0.000000,87.350909,49.870636,3.336545,166.395909,2,high_load,Dynamic,880
2026-06-01 02:14:01,0.000000,0.500000,0.000000,0.000000,0.000000,87.391111,49.873889,3.099333,154.575444,2,high_load,Dynamic,881
2026-06-01 02:14:02,0.000000,0.500000,0.000000,0.000000,0.000000,87.375455,49.882364,3.046818,151.981273,2,high_load,Dynamic,882
2026-06-01 02:14:03,0.000000,0.500000,0.000000,0.000000,0.000000,87.370000,49.896000,3.008556,150.114667,2,high_load,Dynamic,883
2026-06-01 02:14:04,0.000000,0.227273,0.000000,0.000000,0.000000,87.384545,49.907364,2.622545,130.873909,2,high_load,Dynamic,884
2026-06-01 02:14:05,0.562800,0.000000,0.706667,12.329890,0.006140,87.380000,49.707400,6.710700,333.335800,2,high_load,Dynamic,885
2026-06-01 02:14:06,0.700000,0.000000,0.000000,13.850100,0.006900,87.370000,49.467600,11.247300,556.353900,2,high_load,Dynamic,886
2026-06-01 02:14:07,0.000000,0.222222,-0.740741,0.000000,0.000000,87.360000,49.626000,7.957667,394.751778,2,high_load,Dynamic,887
2026-06-01 02:14:08,0.000000,0.500000,0.000000,0.000000,0.000000,87.345000,49.811000,4.660900,232.150900,2,high_load,Dynamic,888
2026-06-01 02:14:09,0.000000,0.500000,0.000000,0.000000,0.000000,87.350000,49.854500,3.588700,178.910800,2,high_load,Dynamic,889
2026-06-01 02:14:10,0.000000,0.500000,0.000000,0.000000,0.000000,87.350000,49.875636,3.224636,160.830182,2,high_load,Dynamic,890
2026-06-01 02:14:11,0.000000,0.500000,0.000000,0.000000,0.000000,87.331111,49.869222,3.067111,152.954444,2,high_load,Dynamic,891
2026-06-01 02:14:12,0.000000,0.500000,0.000000,0.000000,0.000000,87.325455,49.889000,3.005000,149.915818,2,high_load,Dynamic,892
2026-06-01 02:14:13,0.000000,0.500000,0.000000,0.000000,0.000000,87.340000,49.891333,3.003778,149.862222,2,high_load,Dynamic,893
2026-06-01 02:14:14,0.081900,0.050000,0.460000,2.258990,0.001130,87.336000,49.879200,2.866300,142.919500,2,high_load,Dynamic,894
2026-06-01 02:14:15,0.695100,0.000000,0.246667,14.376460,0.007170,87.286000,49.599500,8.595400,426.212200,2,high_load,Dynamic,895
2026-06-01 02:14:16,0.490000,0.000000,-0.666667,9.695070,0.004830,87.242000,49.476100,11.132200,550.750900,2,high_load,Dynamic,896
2026-06-01 02:14:17,0.000000,0.363636,0.000000,0.000000,0.000000,87.264545,49.731091,5.952000,295.943818,2,high_load,Dynamic,897
2026-06-01 02:14:18,0.000000,0.500000,0.000000,0.000000,0.000000,87.255556,49.827222,3.971222,197.870444,2,high_load,Dynamic,898
2026-06-01 02:14:19,0.000000,0.500000,0.000000,0.000000,0.000000,87.218000,49.854900,3.348000,166.915100,2,high_load,Dynamic,899
2026-06-01 02:14:20,0.000000,0.500000,0.000000,0.000000,0.000000,87.210000,49.872900,3.157800,157.488300,2,high_load,Dynamic,900
2026-06-01 02:14:21,0.000000,0.500000,0.000000,0.000000,0.000000,87.250000,49.869700,3.063400,152.771000,2,high_load,Dynamic,901
2026-06-01 02:14:22,0.000000,0.500000,0.000000,0.000000,0.000000,87.210000,49.873700,3.031000,151.167200,2,high_load,Dynamic,902
2026-06-01 02:14:23,0.000000,0.350000,0.000000,0.000000,0.000000,87.201000,49.874400,2.846800,141.979000,2,high_load,Dynamic,903
2026-06-01 02:14:24,0.379600,0.000000,0.703333,8.774640,0.004380,87.200000,49.804800,4.584200,228.091900,2,high_load,Dynamic,904
2026-06-01 02:14:25,0.700000,0.000000,0.000000,13.850100,0.006900,87.193000,49.509300,10.302600,510.030800,2,high_load,Dynamic,905
2026-06-01 02:14:26,0.280000,0.050000,-0.666667,5.540040,0.002760,87.181000,49.513100,10.175300,503.635700,2,high_load,Dynamic,906
2026-06-01 02:14:27,0.000000,0.500000,0.000000,0.000000,0.000000,87.170000,49.754800,5.361700,266.742000,2,high_load,Dynamic,907
2026-06-01 02:14:28,0.000000,0.500000,0.000000,0.000000,0.000000,87.170000,49.816500,3.785800,188.589900,2,high_load,Dynamic,908
2026-06-01 02:14:29,0.000000,0.500000,0.000000,0.000000,0.000000,87.163000,49.857600,3.295900,164.325300,2,high_load,Dynamic,909
2026-06-01 02:14:30,0.000000,0.500000,0.000000,0.000000,0.000000,87.160000,49.874800,3.083900,153.807700,2,high_load,Dynamic,910
2026-06-01 02:14:31,0.000000,0.500000,0.000000,0.000000,0.000000,87.160000,49.877500,3.013700,150.315100,2,high_load,Dynamic,911
2026-06-01 02:14:32,0.000000,0.500000,0.000000,0.000000,0.000000,87.157000,49.864100,3.013300,150.254800,2,high_load,Dynamic,912
2026-06-01 02:14:33,0.000000,0.200000,0.000000,0.000000,0.000000,87.150000,49.879000,2.571500,128.249600,2,high_load,Dynamic,913
2026-06-01 02:14:34,0.595300,0.000000,0.699762,12.961140,0.006460,87.149000,49.674900,6.718100,333.501600,2,high_load,Dynamic,914
2026-06-01 02:14:35,0.700000,0.000000,0.000000,13.850100,0.006900,87.137000,49.456900,11.239600,555.851100,2,high_load,Dynamic,915
2026-06-01 02:14:36,0.000000,0.250000,-0.833333,0.000000,0.000000,87.128000,49.625500,7.685200,381.273900,2,high_load,Dynamic,916
2026-06-01 02:14:37,0.000000,0.500000,0.000000,0.000000,0.000000,87.120000,49.795100,4.509700,224.560600,2,high_load,Dynamic,917
2026-06-01 02:14:38,0.000000,0.500000,0.000000,0.000000,0.000000,87.120000,49.832700,3.540400,176.424200,2,high_load,Dynamic,918
2026-06-01 02:14:39,0.000000,0.500000,0.000000,0.000000,0.000000,87.113000,49.842800,3.210000,159.995000,2,high_load,Dynamic,919
2026-06-01 02:14:40,0.000000,0.500000,0.000000,0.000000,0.000000,87.110000,49.848600,3.074600,153.265000,2,high_load,Dynamic,920
2026-06-01 02:14:41,0.000000,0.500000,0.000000,0.000000,0.000000,87.110000,49.862400,3.022100,150.689600,2,high_load,Dynamic,921
2026-06-01 02:14:42,0.000000,0.450000,0.000000,0.000000,0.000000,87.106000,49.860300,2.986100,148.887500,2,high_load,Dynamic,922
2026-06-01 02:14:43,0.310500,0.000000,0.706667,7.347500,0.003670,87.100000,49.804600,4.159800,206.950900,2,high_load,Dynamic,923
2026-06-01 02:14:44,0.700000,0.000000,0.000000,13.850100,0.006900,87.094000,49.513700,10.019000,496.019700,2,high_load,Dynamic,924
2026-06-01 02:14:45,0.350000,0.000000,-0.666667,6.925050,0.003450,87.082000,49.490900,10.647100,526.783600,2,high_load,Dynamic,925
2026-06-01 02:14:46,0.000000,0.500000,0.000000,0.000000,0.000000,87.073000,49.733800,5.619300,279.435100,2,high_load,Dynamic,926
2026-06-01 02:14:47,0.000000,0.500000,0.000000,0.000000,0.000000,87.070000,49.816400,3.942600,196.405400,2,high_load,Dynamic,927
2026-06-01 02:14:48,0.000000,0.500000,0.000000,0.000000,0.000000,87.067000,49.850400,3.314000,165.202000,2,high_load,Dynamic,928
2026-06-01 02:14:49,0.000000,0.500000,0.000000,0.000000,0.000000,87.060000,49.840600,3.092000,154.107300,2,high_load,Dynamic,929
2026-06-01 02:14:50,0.000000,0.500000,0.000000,0.000000,0.000000,87.060000,49.854900,3.029200,151.020800,2,high_load,Dynamic,930
2026-06-01 02:14:51,0.000000,0.500000,0.000000,0.000000,0.000000,87.060000,49.860900,3.028900,151.023100,2,high_load,Dynamic,931
2026-06-01 02:14:52,0.000000,0.250000,0.000000,0.000000,0.000000,87.051000,49.868900,2.668200,133.052400,2,high_load,Dynamic,932
2026-06-01 02:14:53,0.594700,0.000000,0.706667,13.019090,0.006500,87.050000,49.677700,6.787600,336.993100,2,high_load,Dynamic,933
2026-06-01 02:14:54,0.700000,0.000000,0.000000,13.850100,0.006900,87.038000,49.431700,11.232800,555.223100,2,high_load,Dynamic,934
2026-06-01 02:14:55,0.070000,0.150000,-0.666667,1.385010,0.000690,87.028000,49.581000,8.364400,414.477800,2,high_load,Dynamic,935
2026-06-01 02:14:56,0.000000,0.500000,0.000000,0.000000,0.000000,87.020000,49.768200,4.643500,231.088800,2,high_load,Dynamic,936
2026-06-01 02:14:57,0.000000,0.500000,0.000000,0.000000,0.000000,87.020000,49.848200,3.565700,177.744400,2,high_load,Dynamic,937
2026-06-01 02:14:58,0.000000,0.500000,0.000000,0.000000,0.000000,87.012000,49.844500,3.191800,159.092400,2,high_load,Dynamic,938
2026-06-01 02:14:59,0.000000,0.500000,0.000000,0.000000,0.000000,87.010000,49.855000,3.084600,153.781300,2,high_load,Dynamic,939
2026-06-01 02:15:00,0.000000,0.500000,0.000000,0.000000,0.000000,87.010000,49.849900,3.017800,150.436900,2,high_load,Dynamic,940
2026-06-01 02:15:01,0.000000,0.500000,0.000000,0.000000,0.000000,87.006000,49.850000,2.993500,149.226900,2,high_load,Dynamic,941
2026-06-01 02:15:02,0.102300,0.050000,0.551429,2.854590,0.001430,87.000000,49.853700,2.853300,142.205300,2,high_load,Dynamic,942
2026-06-01 02:15:03,0.700000,0.000000,0.155238,14.242380,0.007100,86.997000,49.579700,8.587800,425.647500,2,high_load,Dynamic,943
2026-06-01 02:15:04,0.560000,0.000000,-0.666667,11.080080,0.005520,86.985000,49.424600,11.494300,568.076700,2,high_load,Dynamic,944
2026-06-01 02:15:05,0.000000,0.300000,0.000000,0.000000,0.000000,86.975000,49.671200,6.550800,325.296700,2,high_load,Dynamic,945
2026-06-01 02:15:06,0.000000,0.500000,0.000000,0.000000,0.000000,86.970000,49.777300,4.172000,207.665000,2,high_load,Dynamic,946
2026-06-01 02:15:07,0.000000,0.500000,0.000000,0.000000,0.000000,86.969000,49.839500,3.420900,170.495100,2,high_load,Dynamic,947
2026-06-01 02:15:08,0.000000,0.500000,0.000000,0.000000,0.000000,86.960000,49.856000,3.128500,155.974100,2,high_load,Dynamic,948
2026-06-01 02:15:09,0.000000,0.500000,0.000000,0.000000,0.000000,86.960000,49.840600,3.049700,151.998600,2,high_load,Dynamic,949
2026-06-01 02:15:10,0.000000,0.500000,0.000000,0.000000,0.000000,86.960000,49.850600,2.998100,149.456600,2,high_load,Dynamic,950
2026-06-01 02:15:11,0.000000,0.400000,0.000000,0.000000,0.000000,86.953000,49.848600,2.900100,144.565400,2,high_load,Dynamic,951
2026-06-01 02:15:12,0.312300,0.000000,0.706667,7.343360,0.003670,86.950000,49.787700,4.025600,200.215800,2,high_load,Dynamic,952
2026-06-01 02:15:13,0.700000,0.000000,0.000000,13.850100,0.006900,86.944000,49.497800,9.942100,492.047000,2,high_load,Dynamic,953
2026-06-01 02:15:14,0.350000,0.000000,-0.666667,6.925050,0.003450,86.932000,49.466300,10.629200,525.650200,2,high_load,Dynamic,954
2026-06-01 02:15:15,0.000000,0.500000,0.000000,0.000000,0.000000,86.922000,49.733800,5.619500,279.451100,2,high_load,Dynamic,955
2026-06-01 02:15:16,0.000000,0.500000,0.000000,0.000000,0.000000,86.920000,49.802100,3.932400,195.837300,2,high_load,Dynamic,956
2026-06-01 02:15:17,0.000000,0.500000,0.000000,0.000000,0.000000,86.923000,49.820800,3.338100,166.305700,2,high_load,Dynamic,957
2026-06-01 02:15:18,0.000000,0.500000,0.000000,0.000000,0.000000,86.918000,49.835600,3.131100,156.039500,2,high_load,Dynamic,958
2026-06-01 02:15:19,0.000000,0.500000,0.000000,0.000000,0.000000,86.950000,49.854700,3.059100,152.510500,2,high_load,Dynamic,959
2026-06-01 02:15:20,0.000000,0.500000,0.000000,0.000000,0.000000,86.958000,49.848300,2.978000,148.448600,2,high_load,Dynamic,960
2026-06-01 02:15:21,0.002160,0.180000,0.020571,0.048530,0.000020,86.990000,49.877400,2.543700,126.869600,2,high_load,Dynamic,961
2026-06-01 02:15:22,0.618100,0.000000,0.686095,13.474770,0.006720,86.973000,49.625500,7.325500,363.367800,2,high_load,Dynamic,962
2026-06-01 02:15:23,0.700000,0.000000,0.000000,13.850100,0.006900,86.972000,49.423300,11.418400,564.326100,2,high_load,Dynamic,963
2026-06-01 02:15:24,0.000000,0.200000,-0.666667,0.000000,0.000000,86.960000,49.614700,7.678500,380.783200,2,high_load,Dynamic,964
2026-06-01 02:15:25,0.000000,0.500000,0.000000,0.000000,0.000000,86.953333,49.769444,4.566000,227.246222,2,high_load,Dynamic,965
2026-06-01 02:15:26,0.000000,0.500000,0.000000,0.000000,0.000000,86.950000,49.800273,3.525273,175.556455,2,high_load,Dynamic,966
2026-06-01 02:15:27,0.000000,0.500000,0.000000,0.000000,0.000000,86.950000,49.856100,3.170200,158.053300,2,high_load,Dynamic,967
2026-06-01 02:15:28,0.000000,0.500000,0.000000,0.000000,0.000000,86.943000,49.848100,3.014000,150.242600,2,high_load,Dynamic,968
2026-06-01 02:15:29,0.000000,0.500000,0.000000,0.000000,0.000000,86.940000,49.857444,3.035000,151.317222,2,high_load,Dynamic,969
2026-06-01 02:15:30,0.000000,0.500000,0.000000,0.000000,0.000000,86.940000,49.840818,3.016636,150.350455,2,high_load,Dynamic,970
2026-06-01 02:15:31,0.150000,0.005556,0.701587,4.190567,0.002100,86.937778,49.825222,3.397444,169.194000,2,high_load,Dynamic,971
2026-06-01 02:15:32,0.700000,0.000000,0.075238,14.040220,0.007000,86.929000,49.531100,9.145100,452.877600,2,high_load,Dynamic,972
2026-06-01 02:15:33,0.490000,0.000000,-0.666667,9.695070,0.004830,86.916000,49.430700,11.334500,560.217600,2,high_load,Dynamic,973
2026-06-01 02:15:34,0.000000,0.409091,0.000000,0.000000,0.000000,86.909091,49.700000,6.142818,305.241636,2,high_load,Dynamic,974
2026-06-01 02:15:35,0.000000,0.500000,0.000000,0.000000,0.000000,86.900000,49.792222,4.051111,201.709556,2,high_load,Dynamic,975
2026-06-01 02:15:36,0.000000,0.500000,0.000000,0.000000,0.000000,86.900000,49.834091,3.372909,168.083545,2,high_load,Dynamic,976
2026-06-01 02:15:37,0.000000,0.500000,0.000000,0.000000,0.000000,86.897778,49.826111,3.141222,156.515000,2,high_load,Dynamic,977
2026-06-01 02:15:38,0.000000,0.500000,0.000000,0.000000,0.000000,86.890000,49.844364,3.072273,153.135545,2,high_load,Dynamic,978
2026-06-01 02:15:39,0.000000,0.500000,0.000000,0.000000,0.000000,86.890000,49.833500,3.050300,152.006300,2,high_load,Dynamic,979
2026-06-01 02:15:40,0.000000,0.250000,0.000000,0.000000,0.000000,86.890000,49.853200,2.678300,133.514200,2,high_load,Dynamic,980
2026-06-01 02:15:41,0.540222,0.000000,0.785185,12.012811,0.005989,86.882222,49.658556,6.534556,324.301444,2,high_load,Dynamic,981
2026-06-01 02:15:42,0.700000,0.000000,0.000000,13.850100,0.006900,86.873636,49.428273,11.091364,548.205455,2,high_load,Dynamic,982
2026-06-01 02:15:43,0.077778,0.111111,-0.740741,1.538900,0.000767,86.860000,49.540778,8.655000,428.595444,2,high_load,Dynamic,983
2026-06-01 02:15:44,0.000000,0.500000,0.000000,0.000000,0.000000,86.853636,49.745273,4.742727,235.907818,2,high_load,Dynamic,984
2026-06-01 02:15:45,0.000000,0.500000,0.000000,0.000000,0.000000,86.850000,49.799667,3.593778,178.969222,2,high_load,Dynamic,985
2026-06-01 02:15:46,0.000000,0.500000,0.000000,0.000000,0.000000,86.850000,49.838273,3.233000,161.126636,2,high_load,Dynamic,986
2026-06-01 02:15:47,0.000000,0.500000,0.000000,0.000000,0.000000,86.842222,49.858222,3.075556,153.342000,2,high_load,Dynamic,987
2026-06-01 02:15:48,0.000000,0.500000,0.000000,0.000000,0.000000,86.840000,49.835818,3.041182,151.559000,2,high_load,Dynamic,988
2026-06-01 02:15:49,0.000000,0.500000,0.000000,0.000000,0.000000,86.840000,49.844000,3.001889,149.625889,2,high_load,Dynamic,989
2026-06-01 02:15:50,0.066273,0.090909,0.399351,1.817536,0.000909,86.838182,49.845273,2.882909,143.655091,2,high_load,Dynamic,990
2026-06-01 02:15:51,0.696300,0.000000,0.244048,14.377700,0.007170,86.829000,49.575600,8.588900,425.688800,2,high_load,Dynamic,991
2026-06-01 02:15:52,0.560000,0.000000,-0.833333,11.080080,0.005520,86.817000,49.385100,11.472800,566.568200,2,high_load,Dynamic,992
2026-06-01 02:15:53,0.000000,0.333333,0.000000,0.000000,0.000000,86.810000,49.651667,6.835778,339.341444,2,high_load,Dynamic,993
2026-06-01 02:15:54,0.000000,0.500000,0.000000,0.000000,0.000000,86.800909,49.762364,4.355909,216.754000,2,high_load,Dynamic,994
2026-06-01 02:15:55,0.000000,0.500000,0.000000,0.000000,0.000000,86.800000,49.802000,3.446667,171.652222,2,high_load,Dynamic,995
2026-06-01 02:15:56,0.000000,0.500000,0.000000,0.000000,0.000000,86.789091,49.815091,3.173636,158.095636,2,high_load,Dynamic,996
2026-06-01 02:15:57,0.000000,0.500000,0.000000,0.000000,0.000000,86.790000,49.826000,3.072222,153.076000,2,high_load,Dynamic,997
2026-06-01 02:15:58,0.000000,0.500000,0.000000,0.000000,0.000000,86.790000,49.831727,3.039727,151.474909,2,high_load,Dynamic,998
2026-06-01 02:15:59,0.000000,0.388889,0.000000,0.000000,0.000000,86.790000,49.843444,2.936444,146.361333,2,high_load,Dynamic,999
2026-06-01 02:16:00,0.281000,0.000000,0.706667,6.792140,0.003390,86.784000,49.778800,4.000200,198.894900,2,high_load,Dynamic,1000
2026-06-01 02:16:01,0.700000,0.000000,0.000000,13.850100,0.006900,86.776000,49.463700,9.966000,492.890500,2,high_load,Dynamic,1001
2026-06-01 02:16:02,0.280000,0.000000,-0.666667,5.540040,0.002760,86.756000,49.483000,10.031700,496.195500,2,high_load,Dynamic,1002
2026-06-01 02:16:03,0.000000,0.500000,0.000000,0.000000,0.000000,86.759000,49.732800,5.222400,259.699100,2,high_load,Dynamic,1003
2026-06-01 02:16:04,0.000000,0.500000,0.000000,0.000000,0.000000,86.750000,49.795818,3.712818,184.877455,2,high_load,Dynamic,1004
2026-06-01 02:16:05,0.000000,0.500000,0.000000,0.000000,0.000000,86.750000,49.823444,3.275222,163.182444,2,high_load,Dynamic,1005
2026-06-01 02:16:06,0.000000,0.500000,0.000000,0.000000,0.000000,86.739091,49.823545,3.099909,154.448182,2,high_load,Dynamic,1006
2026-06-01 02:16:07,0.000000,0.500000,0.000000,0.000000,0.000000,86.740000,49.829778,3.006778,149.827778,2,high_load,Dynamic,1007
2026-06-01 02:16:08,0.000000,0.500000,0.000000,0.000000,0.000000,86.740000,49.820727,3.038455,151.378364,2,high_load,Dynamic,1008
2026-06-01 02:16:09,0.000000,0.166667,0.000000,0.000000,0.000000,86.740000,49.859778,2.509222,125.099889,2,high_load,Dynamic,1009
2026-06-01 02:16:10,0.561000,0.000000,0.706667,12.340780,0.006150,86.733000,49.646200,6.682400,331.524200,2,high_load,Dynamic,1010
2026-06-01 02:16:11,0.700000,0.000000,0.000000,13.850100,0.006900,86.723000,49.427900,11.210500,554.080700,2,high_load,Dynamic,1011
2026-06-01 02:16:12,0.000000,0.200000,-0.666667,0.000000,0.000000,86.711000,49.611800,7.604900,377.125300,2,high_load,Dynamic,1012
2026-06-01 02:16:13,0.000000,0.500000,0.000000,0.000000,0.000000,86.708000,49.746900,4.430000,220.368200,2,high_load,Dynamic,1013
2026-06-01 02:16:14,0.000000,0.500000,0.000000,0.000000,0.000000,86.692727,49.817091,3.495364,174.125182,2,high_load,Dynamic,1014
2026-06-01 02:16:15,0.000000,0.500000,0.000000,0.000000,0.000000,86.700000,49.816667,3.151778,157.011111,2,high_load,Dynamic,1015
2026-06-01 02:16:16,0.000000,0.500000,0.000000,0.000000,0.000000,86.681818,49.832818,3.050091,151.994182,2,high_load,Dynamic,1016
2026-06-01 02:16:17,0.000000,0.500000,0.000000,0.000000,0.000000,86.690000,49.830889,3.011000,150.040111,2,high_load,Dynamic,1017
2026-06-01 02:16:18,0.000000,0.454545,0.000000,0.000000,0.000000,86.675455,49.825273,2.988273,148.890909,2,high_load,Dynamic,1018
2026-06-01 02:16:19,0.284600,0.000000,0.706667,6.846720,0.003430,86.689000,49.765500,4.142500,205.994100,2,high_load,Dynamic,1019
2026-06-01 02:16:20,0.700000,0.000000,0.000000,13.850100,0.006900,86.678889,49.500222,9.856667,487.857889,2,high_load,Dynamic,1020
2026-06-01 02:16:21,0.350000,0.000000,-0.833333,6.925050,0.003450,86.667000,49.447700,10.490300,518.587900,2,high_load,Dynamic,1021
2026-06-01 02:16:22,0.000000,0.450000,0.000000,0.000000,0.000000,86.626000,49.691700,5.449800,270.783400,2,high_load,Dynamic,1022
2026-06-01 02:16:23,0.000000,0.500000,0.000000,0.000000,0.000000,86.604000,49.769100,3.835100,190.863000,2,high_load,Dynamic,1023
2026-06-01 02:16:24,0.000000,0.500000,0.000000,0.000000,0.000000,86.578000,49.796900,3.257100,162.194000,2,high_load,Dynamic,1024
2026-06-01 02:16:25,0.000000,0.500000,0.000000,0.000000,0.000000,86.633000,49.816000,3.094500,154.156500,2,high_load,Dynamic,1025
2026-06-01 02:16:26,0.000000,0.500000,0.000000,0.000000,0.000000,86.568000,49.814300,3.003000,149.592200,2,high_load,Dynamic,1026
2026-06-01 02:16:27,0.000000,0.500000,0.000000,0.000000,0.000000,86.584000,49.825700,2.984300,148.694900,2,high_load,Dynamic,1027
2026-06-01 02:16:28,0.000000,0.250000,0.000000,0.000000,0.000000,86.608000,49.824700,2.683000,133.674800,2,high_load,Dynamic,1028
2026-06-01 02:16:29,0.507000,0.000000,0.667381,11.153710,0.005570,86.637000,49.674900,5.974500,296.494500,2,high_load,Dynamic,1029
2026-06-01 02:16:30,0.700000,0.000000,0.000000,13.850100,0.006900,86.626000,49.415300,10.940200,540.581700,2,high_load,Dynamic,1030
2026-06-01 02:16:31,0.070000,0.150000,-0.833333,1.385010,0.000690,86.615000,49.551700,8.268100,409.486200,2,high_load,Dynamic,1031
2026-06-01 02:16:32,0.000000,0.500000,0.000000,0.000000,0.000000,86.567000,49.737000,4.609000,229.229200,2,high_load,Dynamic,1032
2026-06-01 02:16:33,0.000000,0.500000,0.000000,0.000000,0.000000,86.561000,49.775000,3.543300,176.365500,2,high_load,Dynamic,1033
2026-06-01 02:16:34,0.000000,0.500000,0.000000,0.000000,0.000000,86.536000,49.805800,3.173500,158.057800,2,high_load,Dynamic,1034
2026-06-01 02:16:35,0.000000,0.500000,0.000000,0.000000,0.000000,86.600000,49.817000,3.036600,151.273800,2,high_load,Dynamic,1035
2026-06-01 02:16:36,0.000000,0.500000,0.000000,0.000000,0.000000,86.518000,49.825600,3.004000,149.676900,2,high_load,Dynamic,1036
2026-06-01 02:16:37,0.000000,0.500000,0.000000,0.000000,0.000000,86.550000,49.817900,3.002100,149.557600,2,high_load,Dynamic,1037
2026-06-01 02:16:38,0.154960,0.050000,0.695809,4.258270,0.002130,86.510000,49.792200,3.333500,165.907200,2,high_load,Dynamic,1038
2026-06-01 02:16:39,0.700000,0.000000,0.010857,13.877530,0.006920,86.500000,49.502500,9.150800,452.908100,2,high_load,Dynamic,1039
2026-06-01 02:16:40,0.490000,0.000000,-0.666667,9.695070,0.004830,86.487000,49.386800,11.307500,558.401200,2,high_load,Dynamic,1040
2026-06-01 02:16:41,0.000000,0.350000,0.000000,0.000000,0.000000,86.504000,49.637000,6.146900,305.041500,2,high_load,Dynamic,1041
2026-06-01 02:16:42,0.000000,0.500000,0.000000,0.000000,0.000000,86.524000,49.760100,4.038800,200.967200,2,high_load,Dynamic,1042
2026-06-01 02:16:43,0.000000,0.500000,0.000000,0.000000,0.000000,86.510000,49.796700,3.371400,167.883700,2,high_load,Dynamic,1043
2026-06-01 02:16:44,0.000000,0.500000,0.000000,0.000000,0.000000,86.494000,49.788700,3.155600,157.113200,2,high_load,Dynamic,1044
2026-06-01 02:16:45,0.000000,0.500000,0.000000,0.000000,0.000000,86.525000,49.820500,3.031900,151.050500,2,high_load,Dynamic,1045
2026-06-01 02:16:46,0.000000,0.500000,0.000000,0.000000,0.000000,86.460000,49.802000,2.993200,149.066900,2,high_load,Dynamic,1046
2026-06-01 02:16:47,0.000000,0.400000,0.000000,0.000000,0.000000,86.492000,49.801200,2.955400,147.180900,2,high_load,Dynamic,1047
2026-06-01 02:16:48,0.300860,0.000000,0.688905,7.149860,0.003570,86.457000,49.739700,4.069400,202.188400,2,high_load,Dynamic,1048
2026-06-01 02:16:49,0.700000,0.000000,0.000000,13.850100,0.006900,86.447000,49.443800,9.962600,492.524400,2,high_load,Dynamic,1049
2026-06-01 02:16:50,0.280000,0.000000,-0.666667,5.540040,0.002760,86.435000,49.455900,10.021500,495.428000,2,high_load,Dynamic,1050
2026-06-01 02:16:51,0.000000,0.500000,0.000000,0.000000,0.000000,86.446000,49.701200,5.190700,257.960100,2,high_load,Dynamic,1051
2026-06-01 02:16:52,0.000000,0.500000,0.000000,0.000000,0.000000,86.474000,49.775800,3.717300,185.027100,2,high_load,Dynamic,1052
2026-06-01 02:16:53,0.000000,0.500000,0.000000,0.000000,0.000000,86.444000,49.784100,3.286400,163.608700,2,high_load,Dynamic,1053
2026-06-01 02:16:54,0.000000,0.500000,0.000000,0.000000,0.000000,86.420000,49.796500,3.071900,152.969300,2,high_load,Dynamic,1054
2026-06-01 02:16:55,0.000000,0.500000,0.000000,0.000000,0.000000,86.475000,49.808800,3.001500,149.501000,2,high_load,Dynamic,1055
2026-06-01 02:16:56,0.000000,0.500000,0.000000,0.000000,0.000000,86.419000,49.805700,3.029000,150.861900,2,high_load,Dynamic,1056
2026-06-01 02:16:57,0.000000,0.250000,0.000000,0.000000,0.000000,86.482000,49.831400,2.672200,133.153000,2,high_load,Dynamic,1057
2026-06-01 02:16:58,0.577000,0.000000,0.686667,12.560500,0.006270,86.463000,49.615400,6.798000,337.071300,2,high_load,Dynamic,1058
2026-06-01 02:16:59,0.700000,0.000000,0.000000,13.850100,0.006900,86.468000,49.386900,11.225100,554.349800,2,high_load,Dynamic,1059
2026-06-01 02:17:00,0.070000,0.150000,-0.833333,1.385010,0.000690,86.425000,49.536900,8.347300,413.278100,2,high_load,Dynamic,1060
2026-06-01 02:17:01,0.000000,0.500000,0.000000,0.000000,0.000000,86.378000,49.721600,4.589700,228.203100,2,high_load,Dynamic,1061
2026-06-01 02:17:02,0.000000,0.500000,0.000000,0.000000,0.000000,86.433000,49.752000,3.595300,178.872800,2,high_load,Dynamic,1062
2026-06-01 02:17:03,0.000000,0.500000,0.000000,0.000000,0.000000,86.386000,49.778900,3.197200,159.153300,2,high_load,Dynamic,1063
2026-06-01 02:17:04,0.000000,0.500000,0.000000,0.000000,0.000000,86.385000,49.794000,3.077300,153.230800,2,high_load,Dynamic,1064
2026-06-01 02:17:05,0.000000,0.500000,0.000000,0.000000,0.000000,86.432000,49.798500,3.030300,150.904200,2,high_load,Dynamic,1065
2026-06-01 02:17:06,0.000000,0.500000,0.000000,0.000000,0.000000,86.368000,49.795800,3.025000,150.631700,2,high_load,Dynamic,1066
2026-06-01 02:17:07,0.159180,0.050000,0.701714,4.349650,0.002180,86.360000,49.798000,3.318500,165.170600,2,high_load,Dynamic,1067
2026-06-01 02:17:08,0.700000,0.000000,0.004952,13.862610,0.006910,86.350000,49.476300,9.143400,452.285600,2,high_load,Dynamic,1068
2026-06-01 02:17:09,0.490000,0.000000,-0.666667,9.695070,0.004830,86.338000,49.377200,11.327500,559.292200,2,high_load,Dynamic,1069
2026-06-01 02:17:10,0.000000,0.350000,0.000000,0.000000,0.000000,86.354000,49.648700,6.138200,304.683700,2,high_load,Dynamic,1070
2026-06-01 02:17:11,0.000000,0.500000,0.000000,0.000000,0.000000,86.333000,49.746900,4.058100,201.871800,2,high_load,Dynamic,1071
2026-06-01 02:17:12,0.000000,0.500000,0.000000,0.000000,0.000000,86.387000,49.764500,3.411300,169.760700,2,high_load,Dynamic,1072
2026-06-01 02:17:13,0.000000,0.500000,0.000000,0.000000,0.000000,86.328000,49.790800,3.136200,156.152900,2,high_load,Dynamic,1073
2026-06-01 02:17:14,0.000000,0.500000,0.000000,0.000000,0.000000,86.338000,49.793600,3.057900,152.262400,2,high_load,Dynamic,1074
2026-06-01 02:17:15,0.000000,0.500000,0.000000,0.000000,0.000000,86.327000,49.791400,3.017100,150.226100,2,high_load,Dynamic,1075
2026-06-01 02:17:16,0.000000,0.400000,0.000000,0.000000,0.000000,86.310000,49.804800,2.957700,147.305000,2,high_load,Dynamic,1076
2026-06-01 02:17:17,0.374500,0.000000,0.691667,8.641040,0.004320,86.307000,49.710600,4.730000,234.897100,2,high_load,Dynamic,1077
2026-06-01 02:17:18,0.700000,0.000000,0.000000,13.850100,0.006900,86.297000,49.424300,10.375700,512.757600,2,high_load,Dynamic,1078
2026-06-01 02:17:19,0.280000,0.000000,-0.833333,5.540040,0.002760,86.284000,49.441100,10.172400,502.727700,2,high_load,Dynamic,1079
2026-06-01 02:17:20,0.000000,0.500000,0.000000,0.000000,0.000000,86.279000,49.671900,5.255600,261.035200,2,high_load,Dynamic,1080
2026-06-01 02:17:21,0.000000,0.500000,0.000000,0.000000,0.000000,86.296000,49.746600,3.746800,186.385900,2,high_load,Dynamic,1081
2026-06-01 02:17:22,0.000000,0.500000,0.000000,0.000000,0.000000,86.270000,49.758100,3.241800,161.305600,2,high_load,Dynamic,1082
2026-06-01 02:17:23,0.000000,0.500000,0.000000,0.000000,0.000000,86.317000,49.800800,3.127900,155.771900,2,high_load,Dynamic,1083
2026-06-01 02:17:24,0.000000,0.500000,0.000000,0.000000,0.000000,86.278000,49.777000,3.041400,151.391700,2,high_load,Dynamic,1084
2026-06-01 02:17:25,0.000000,0.500000,0.000000,0.000000,0.000000,86.292000,49.780400,3.023200,150.496500,2,high_load,Dynamic,1085
2026-06-01 02:17:26,0.000000,0.240000,0.000000,0.000000,0.000000,86.276000,49.813600,2.641500,131.567600,2,high_load,Dynamic,1086
2026-06-01 02:17:27,0.536100,0.000000,0.691190,11.858820,0.005920,86.320000,49.607100,6.537900,324.086800,2,high_load,Dynamic,1087
2026-06-01 02:17:28,0.700000,0.000000,0.000000,13.850100,0.006900,86.286000,49.403500,11.078600,547.298200,2,high_load,Dynamic,1088
2026-06-01 02:17:29,0.140000,0.150000,-0.666667,2.770020,0.001380,86.305000,49.524200,8.543300,422.884600,2,high_load,Dynamic,1089
2026-06-01 02:17:30,0.000000,0.500000,0.000000,0.000000,0.000000,86.242000,49.693600,4.870100,242.003500,2,high_load,Dynamic,1090
2026-06-01 02:17:31,0.000000,0.500000,0.000000,0.000000,0.000000,86.277000,49.770200,3.620200,180.171600,2,high_load,Dynamic,1091
2026-06-01 02:17:32,0.000000,0.500000,0.000000,0.000000,0.000000,86.220000,49.783100,3.216900,160.146800,2,high_load,Dynamic,1092
2026-06-01 02:17:33,0.000000,0.500000,0.000000,0.000000,0.000000,86.248000,49.792900,3.069900,152.859700,2,high_load,Dynamic,1093
2026-06-01 02:17:34,0.000000,0.500000,0.000000,0.000000,0.000000,86.242000,49.786200,3.032500,150.976500,2,high_load,Dynamic,1094
2026-06-01 02:17:35,0.000000,0.500000,0.000000,0.000000,0.000000,86.210000,49.779700,3.030200,150.842800,2,high_load,Dynamic,1095
2026-06-01 02:17:36,0.117360,0.040000,0.607714,3.225410,0.001610,86.209000,49.788500,2.869200,142.816500,2,high_load,Dynamic,1096
2026-06-01 02:17:37,0.700000,0.000000,0.098095,14.097980,0.007030,86.200000,49.503700,8.600500,425.638800,2,high_load,Dynamic,1097
2026-06-01 02:17:38,0.469000,0.000000,-0.666667,9.279560,0.004620,86.188000,49.378800,11.143100,550.175400,2,high_load,Dynamic,1098
2026-06-01 02:17:39,0.000000,0.350000,0.000000,0.000000,0.000000,86.180000,49.631500,6.051400,300.285500,2,high_load,Dynamic,1099
2026-06-01 02:17:40,0.000000,0.500000,0.000000,0.000000,0.000000,86.190000,49.749700,4.010800,199.535000,2,high_load,Dynamic,1100
2026-06-01 02:17:41,0.000000,0.500000,0.000000,0.000000,0.000000,86.210000,49.757700,3.390000,168.675600,2,high_load,Dynamic,1101
2026-06-01 02:17:42,0.000000,0.500000,0.000000,0.000000,0.000000,86.178000,49.786600,3.098000,154.238400,2,high_load,Dynamic,1102
2026-06-01 02:17:43,0.000000,0.500000,0.000000,0.000000,0.000000,86.223000,49.785100,3.035100,151.103200,2,high_load,Dynamic,1103
2026-06-01 02:17:44,0.000000,0.500000,0.000000,0.000000,0.000000,86.184000,49.789800,3.006600,149.697600,2,high_load,Dynamic,1104
2026-06-01 02:17:45,0.000000,0.385000,0.000000,0.000000,0.000000,86.192000,49.782700,2.921000,145.412300,2,high_load,Dynamic,1105
2026-06-01 02:17:46,0.326100,0.000000,0.691190,7.643570,0.003820,86.158000,49.732800,4.036700,200.594200,2,high_load,Dynamic,1106
2026-06-01 02:17:47,0.700000,0.000000,0.000000,13.850100,0.006900,86.148000,49.425100,9.949000,491.662900,2,high_load,Dynamic,1107
2026-06-01 02:17:48,0.252000,0.000000,-0.766667,4.986030,0.002490,86.136000,49.429000,10.024900,495.347800,2,high_load,Dynamic,1108
2026-06-01 02:17:49,0.000000,0.500000,0.000000,0.000000,0.000000,86.138000,49.662600,5.177800,257.128200,2,high_load,Dynamic,1109
2026-06-01 02:17:50,0.000000,0.500000,0.000000,0.000000,0.000000,86.132000,49.750700,3.719300,185.036900,2,high_load,Dynamic,1110
2026-06-01 02:17:51,0.000000,0.500000,0.000000,0.000000,0.000000,86.144000,49.752100,3.273300,162.852600,2,high_load,Dynamic,1111
2026-06-01 02:17:52,0.000000,0.500000,0.000000,0.000000,0.000000,86.120000,49.770000,3.086700,153.625400,2,high_load,Dynamic,1112
2026-06-01 02:17:53,0.000000,0.500000,0.000000,0.000000,0.000000,86.157000,49.773300,3.051400,151.878200,2,high_load,Dynamic,1113
2026-06-01 02:17:54,0.000000,0.500000,0.000000,0.000000,0.000000,86.119000,49.781400,2.999800,149.334400,2,high_load,Dynamic,1114
2026-06-01 02:17:55,0.000900,0.230000,0.008571,0.019660,0.000010,86.158000,49.791800,2.755500,137.191700,2,high_load,Dynamic,1115
2026-06-01 02:17:56,0.604300,0.000000,0.696667,13.217120,0.006590,86.156000,49.553500,7.237500,358.445800,2,high_load,Dynamic,1116
2026-06-01 02:17:57,0.679000,0.000000,-0.200000,13.434590,0.006690,86.128000,49.364600,11.189800,552.354100,2,high_load,Dynamic,1117
2026-06-01 02:17:58,0.000000,0.200000,-0.466667,0.000000,0.000000,86.108000,49.562700,7.312500,362.319400,2,high_load,Dynamic,1118
2026-06-01 02:17:59,0.000000,0.500000,0.000000,0.000000,0.000000,86.104000,49.706600,4.387300,218.070300,2,high_load,Dynamic,1119
2026-06-01 02:18:00,0.000000,0.500000,0.000000,0.000000,0.000000,86.106000,49.752200,3.492700,173.769600,2,high_load,Dynamic,1120
2026-06-01 02:18:01,0.000000,0.500000,0.000000,0.000000,0.000000,86.135000,49.748600,3.181200,158.259700,2,high_load,Dynamic,1121
2026-06-01 02:18:02,0.000000,0.500000,0.000000,0.000000,0.000000,86.086000,49.773200,3.074100,153.008300,2,high_load,Dynamic,1122
2026-06-01 02:18:03,0.000000,0.500000,0.000000,0.000000,0.000000,86.150000,49.773444,3.009667,149.802111,2,high_load,Dynamic,1123
2026-06-01 02:18:04,0.000000,0.500000,0.000000,0.000000,0.000000,86.132000,49.771900,3.004400,149.534500,2,high_load,Dynamic,1124
2026-06-01 02:18:05,0.150500,0.000000,0.687619,4.176110,0.002090,86.060000,49.751700,3.170400,157.634100,2,high_load,Dynamic,1125
2026-06-01 02:18:06,0.700000,0.000000,0.019048,13.898230,0.006930,86.053000,49.471700,9.094500,449.830500,2,high_load,Dynamic,1126
2026-06-01 02:18:07,0.490000,0.000000,-0.666667,9.695070,0.004830,86.042000,49.361200,11.290200,557.269600,2,high_load,Dynamic,1127
2026-06-01 02:18:08,0.000000,0.400000,0.000000,0.000000,0.000000,86.054000,49.602500,6.277700,311.339400,2,high_load,Dynamic,1128
2026-06-01 02:18:09,0.000000,0.500000,0.000000,0.000000,0.000000,86.060000,49.707700,4.117700,204.675100,2,high_load,Dynamic,1129
2026-06-01 02:18:10,0.000000,0.500000,0.000000,0.000000,0.000000,86.037000,49.747400,3.392200,168.752400,2,high_load,Dynamic,1130
2026-06-01 02:18:11,0.000000,0.500000,0.000000,0.000000,0.000000,86.036000,49.758700,3.103000,154.401300,2,high_load,Dynamic,1131
2026-06-01 02:18:12,0.000000,0.500000,0.000000,0.000000,0.000000,86.044000,49.782000,3.019000,150.292200,2,high_load,Dynamic,1132
2026-06-01 02:18:13,0.000000,0.500000,0.000000,0.000000,0.000000,86.011000,49.775200,2.999000,149.275800,2,high_load,Dynamic,1133
2026-06-01 02:18:14,0.000000,0.350000,0.000000,0.000000,0.000000,86.028000,49.786100,2.838100,141.296600,2,high_load,Dynamic,1134
2026-06-01 02:18:15,0.443380,0.000000,0.706667,10.010800,0.005010,86.009000,49.628200,5.370000,266.253000,2,high_load,Dynamic,1135
2026-06-01 02:18:16,0.700000,0.000000,0.000000,13.850100,0.006900,85.997000,49.373100,10.698200,528.165600,2,high_load,Dynamic,1136
2026-06-01 02:18:17,0.210000,0.100000,-0.666667,4.155030,0.002070,85.985000,49.442800,9.655800,477.221200,2,high_load,Dynamic,1137
2026-06-01 02:18:18,0.000000,0.500000,0.000000,0.000000,0.000000,85.996000,49.659600,5.116600,254.072700,2,high_load,Dynamic,1138
2026-06-01 02:18:19,0.000000,0.500000,0.000000,0.000000,0.000000,85.990000,49.733500,3.737600,185.881600,2,high_load,Dynamic,1139
2026-06-01 02:18:20,0.000000,0.500000,0.000000,0.000000,0.000000,85.970000,49.749100,3.251600,161.764100,2,high_load,Dynamic,1140
2026-06-01 02:18:21,0.000000,0.500000,0.000000,0.000000,0.000000,85.970000,49.763600,3.089400,153.738200,2,high_load,Dynamic,1141
2026-06-01 02:18:22,0.000000,0.500000,0.000000,0.000000,0.000000,85.992000,49.759500,3.031400,150.840000,2,high_load,Dynamic,1142
2026-06-01 02:18:23,0.000000,0.500000,0.000000,0.000000,0.000000,85.960000,49.764000,3.016500,150.113400,2,high_load,Dynamic,1143
2026-06-01 02:18:24,0.012300,0.150000,0.117143,0.301720,0.000150,85.976000,49.784300,2.550300,126.953800,2,high_load,Dynamic,1144
2026-06-01 02:18:25,0.643100,0.000000,0.589524,13.844340,0.006910,85.981000,49.527300,7.412800,366.948900,2,high_load,Dynamic,1145
2026-06-01 02:18:26,0.630000,0.000000,-0.666667,12.465090,0.006210,85.984000,49.356600,11.314200,558.415100,2,high_load,Dynamic,1146
2026-06-01 02:18:27,0.000000,0.250000,0.000000,0.000000,0.000000,85.958000,49.560000,6.997400,346.685200,2,high_load,Dynamic,1147
2026-06-01 02:18:28,0.000000,0.500000,0.000000,0.000000,0.000000,85.930000,49.694000,4.259200,211.651100,2,high_load,Dynamic,1148
2026-06-01 02:18:29,0.000000,0.500000,0.000000,0.000000,0.000000,85.939000,49.719200,3.439600,171.013300,2,high_load,Dynamic,1149
2026-06-01 02:18:30,0.000000,0.500000,0.000000,0.000000,0.000000,85.920000,49.745600,3.159700,157.181900,2,high_load,Dynamic,1150
2026-06-01 02:18:31,0.000000,0.500000,0.000000,0.000000,0.000000,85.920000,49.757300,3.073500,152.928900,2,high_load,Dynamic,1151
2026-06-01 02:18:32,0.000000,0.500000,0.000000,0.000000,0.000000,85.924000,49.745800,3.015500,150.008600,2,high_load,Dynamic,1152
2026-06-01 02:18:33,0.000000,0.500000,0.000000,0.000000,0.000000,85.910000,49.763500,2.988500,148.719400,2,high_load,Dynamic,1153
2026-06-01 02:18:34,0.233380,0.000000,0.706667,5.880330,0.002940,85.910000,49.712800,3.682000,182.905300,2,high_load,Dynamic,1154
2026-06-01 02:18:35,0.700000,0.000000,0.000000,13.850100,0.006900,85.902000,49.432400,9.612700,475.108700,2,high_load,Dynamic,1155
2026-06-01 02:18:36,0.350000,0.000000,-0.666667,6.925050,0.003450,85.891000,49.380700,10.527000,519.703000,2,high_load,Dynamic,1156
2026-06-01 02:18:37,0.000000,0.450000,0.000000,0.000000,0.000000,85.889000,49.614400,5.418400,268.806500,2,high_load,Dynamic,1157
2026-06-01 02:18:38,0.000000,0.500000,0.000000,0.000000,0.000000,85.880000,49.705000,3.835600,190.646000,2,high_load,Dynamic,1158
2026-06-01 02:18:39,0.000000,0.500000,0.000000,0.000000,0.000000,85.880000,49.716700,3.310200,164.573300,2,high_load,Dynamic,1159
2026-06-01 02:18:40,0.000000,0.500000,0.000000,0.000000,0.000000,85.870000,49.751000,3.107700,154.611800,2,high_load,Dynamic,1160
2026-06-01 02:18:41,0.000000,0.500000,0.000000,0.000000,0.000000,85.870000,49.759900,3.046600,151.598800,2,high_load,Dynamic,1161
2026-06-01 02:18:42,0.000000,0.500000,0.000000,0.000000,0.000000,85.883000,49.748200,2.992400,148.866000,2,high_load,Dynamic,1162
2026-06-01 02:18:43,0.000000,0.300000,0.000000,0.000000,0.000000,85.860000,49.735600,2.792200,138.864600,2,high_load,Dynamic,1163
2026-06-01 02:18:44,0.445400,0.000000,0.706667,10.058980,0.005030,85.860000,49.632200,5.202500,257.932300,2,high_load,Dynamic,1164
2026-06-01 02:18:45,0.700000,0.000000,0.000000,13.850100,0.006900,85.849000,49.362100,10.645900,525.480400,2,high_load,Dynamic,1165
2026-06-01 02:18:46,0.140000,0.100000,-0.666667,2.770020,0.001380,85.838000,49.467300,8.890900,439.562400,2,high_load,Dynamic,1166
2026-06-01 02:18:47,0.000000,0.500000,0.000000,0.000000,0.000000,85.839000,49.657400,4.764800,236.599800,2,high_load,Dynamic,1167
2026-06-01 02:18:48,0.000000,0.500000,0.000000,0.000000,0.000000,85.854000,49.713200,3.611400,179.534600,2,high_load,Dynamic,1168
2026-06-01 02:18:49,0.000000,0.500000,0.000000,0.000000,0.000000,85.831000,49.736900,3.215900,159.949100,2,high_load,Dynamic,1169
2026-06-01 02:18:50,0.000000,0.500000,0.000000,0.000000,0.000000,85.855000,49.743100,3.048000,151.616300,2,high_load,Dynamic,1170
2026-06-01 02:18:51,0.000000,0.500000,0.000000,0.000000,0.000000,85.844000,49.755800,3.020700,150.295500,2,high_load,Dynamic,1171
2026-06-01 02:18:52,0.000000,0.500000,0.000000,0.000000,0.000000,85.816000,49.753000,3.035700,151.035900,2,high_load,Dynamic,1172
2026-06-01 02:18:53,0.114300,0.080000,0.562857,3.117880,0.001560,85.810000,49.739400,3.029400,150.629000,2,high_load,Dynamic,1173
2026-06-01 02:18:54,0.700000,0.000000,0.129762,14.178000,0.007070,85.806000,49.450200,8.672800,428.781700,2,high_load,Dynamic,1174
2026-06-01 02:18:55,0.560000,0.000000,-0.666667,11.080080,0.005520,85.795000,49.312800,11.520100,568.078600,2,high_load,Dynamic,1175
2026-06-01 02:18:56,0.000000,0.350000,0.000000,0.000000,0.000000,85.827000,49.575700,6.563800,325.327900,2,high_load,Dynamic,1176
2026-06-01 02:18:57,0.000000,0.500000,0.000000,0.000000,0.000000,85.788000,49.681900,4.260000,211.638700,2,high_load,Dynamic,1177
2026-06-01 02:18:58,0.000000,0.500000,0.000000,0.000000,0.000000,85.810000,49.720800,3.444800,171.278000,2,high_load,Dynamic,1178
2026-06-01 02:18:59,0.000000,0.500000,0.000000,0.000000,0.000000,85.787000,49.737300,3.160200,157.179500,2,high_load,Dynamic,1179
2026-06-01 02:19:00,0.000000,0.500000,0.000000,0.000000,0.000000,85.802000,49.730400,3.057500,152.050300,2,high_load,Dynamic,1180
2026-06-01 02:19:01,0.000000,0.500000,0.000000,0.000000,0.000000,85.794000,49.720900,3.037500,151.027000,2,high_load,Dynamic,1181
2026-06-01 02:19:02,0.000000,0.345000,0.000000,0.000000,0.000000,85.778000,49.750400,2.873800,142.972100,2,high_load,Dynamic,1182
2026-06-01 02:19:03,0.465260,0.000000,0.706667,10.375870,0.005170,85.760000,49.640600,5.346800,265.153700,2,high_load,Dynamic,1183
2026-06-01 02:19:04,0.700000,0.000000,0.000000,13.850100,0.006900,85.750000,49.362300,10.679700,527.123600,2,high_load,Dynamic,1184
2026-06-01 02:19:05,0.189000,0.120000,-0.666667,3.739520,0.001860,85.739000,49.406400,9.623900,475.264300,2,high_load,Dynamic,1185
2026-06-01 02:19:06,0.000000,0.500000,0.000000,0.000000,0.000000,85.762000,49.648500,5.078200,252.103100,2,high_load,Dynamic,1186
2026-06-01 02:19:07,0.000000,0.500000,0.000000,0.000000,0.000000,85.746000,49.704000,3.735900,185.685500,2,high_load,Dynamic,1187
2026-06-01 02:19:08,0.000000,0.500000,0.000000,0.000000,0.000000,85.756000,49.729400,3.240900,161.166700,2,high_load,Dynamic,1188
2026-06-01 02:19:09,0.000000,0.500000,0.000000,0.000000,0.000000,85.736000,49.733800,3.068500,152.608500,2,high_load,Dynamic,1189
2026-06-01 02:19:10,0.000000,0.500000,0.000000,0.000000,0.000000,85.744000,49.717800,3.031900,150.738800,2,high_load,Dynamic,1190
2026-06-01 02:19:11,0.000000,0.500000,0.000000,0.000000,0.000000,85.731000,49.746000,2.980800,148.282000,2,high_load,Dynamic,1191
2026-06-01 02:19:12,0.053400,0.150000,0.374286,1.467050,0.000730,85.728000,49.737300,2.830100,140.743100,2,high_load,Dynamic,1192
2026-06-01 02:19:13,0.686100,0.000000,0.332381,14.342790,0.007150,85.707000,49.466700,8.087100,399.909100,2,high_load,Dynamic,1193
2026-06-01 02:19:14,0.616000,0.000000,-0.666667,12.188080,0.006070,85.695000,49.307900,11.547000,569.343500,2,high_load,Dynamic,1194
2026-06-01 02:19:15,0.000000,0.275000,0.000000,0.000000,0.000000,85.684000,49.510200,7.051100,348.995000,2,high_load,Dynamic,1195
2026-06-01 02:19:16,0.000000,0.500000,0.000000,0.000000,0.000000,85.696000,49.654800,4.281000,212.568700,2,high_load,Dynamic,1196
2026-06-01 02:19:17,0.000000,0.500000,0.000000,0.000000,0.000000,85.685000,49.724500,3.432800,170.693800,2,high_load,Dynamic,1197
2026-06-01 02:19:18,0.000000,0.500000,0.000000,0.000000,0.000000,85.724000,49.737500,3.172000,157.766200,2,high_load,Dynamic,1198
2026-06-01 02:19:19,0.000000,0.500000,0.000000,0.000000,0.000000,85.686000,49.733800,3.043000,151.339700,2,high_load,Dynamic,1199
2026-06-01 02:19:20,0.000000,0.500000,0.000000,0.000000,0.000000,85.694000,49.739300,3.017400,150.082800,2,high_load,Dynamic,1200
2026-06-01 02:19:21,0.000000,0.450000,0.000000,0.000000,0.000000,85.678000,49.753400,2.997000,149.111400,2,high_load,Dynamic,1201
2026-06-01 02:19:22,0.253280,0.000000,0.706667,6.252830,0.003130,85.694000,49.692600,3.673100,182.359900,2,high_load,Dynamic,1202
2026-06-01 02:19:23,0.700000,0.000000,0.000000,13.850100,0.006900,85.718000,49.397400,9.877400,487.861800,2,high_load,Dynamic,1203
2026-06-01 02:19:24,0.399000,0.000000,-0.666667,7.894550,0.003930,85.659000,49.315600,11.023500,543.560700,2,high_load,Dynamic,1204
2026-06-01 02:19:25,0.000000,0.400000,0.000000,0.000000,0.000000,85.675000,49.599700,5.581800,276.832300,2,high_load,Dynamic,1205
2026-06-01 02:19:26,0.000000,0.500000,0.000000,0.000000,0.000000,85.646000,49.689300,3.932600,195.403300,2,high_load,Dynamic,1206
2026-06-01 02:19:27,0.000000,0.500000,0.000000,0.000000,0.000000,85.631000,49.703700,3.349300,166.472000,2,high_load,Dynamic,1207
2026-06-01 02:19:28,0.000000,0.500000,0.000000,0.000000,0.000000,85.678000,49.720900,3.139400,156.094300,2,high_load,Dynamic,1208
2026-06-01 02:19:29,0.000000,0.500000,0.000000,0.000000,0.000000,85.628000,49.727000,3.012200,149.788000,2,high_load,Dynamic,1209
2026-06-01 02:19:30,0.000000,0.500000,0.000000,0.000000,0.000000,85.657000,49.719400,3.006100,149.461000,2,high_load,Dynamic,1210
2026-06-01 02:19:31,0.000000,0.300000,0.000000,0.000000,0.000000,85.610000,49.736400,2.777900,138.162100,2,high_load,Dynamic,1211
2026-06-01 02:19:32,0.467300,0.000000,0.706667,10.460620,0.005230,85.610000,49.591200,5.236900,259.437500,2,high_load,Dynamic,1212
2026-06-01 02:19:33,0.700000,0.000000,0.000000,13.850100,0.006900,85.599000,49.335300,10.680500,526.882300,2,high_load,Dynamic,1213
2026-06-01 02:19:34,0.126000,0.125000,-0.666667,2.493010,0.001240,85.606000,49.432200,8.728900,431.256600,2,high_load,Dynamic,1214
2026-06-01 02:19:35,0.000000,0.500000,0.000000,0.000000,0.000000,85.615000,49.641000,4.684300,232.532300,2,high_load,Dynamic,1215
2026-06-01 02:19:36,0.000000,0.500000,0.000000,0.000000,0.000000,85.596000,49.699500,3.605100,179.167400,2,high_load,Dynamic,1216
2026-06-01 02:19:37,0.000000,0.500000,0.000000,0.000000,0.000000,85.581000,49.716600,3.216300,159.902700,2,high_load,Dynamic,1217
2026-06-01 02:19:38,0.000000,0.500000,0.000000,0.000000,0.000000,85.620000,49.744500,3.017300,150.093700,2,high_load,Dynamic,1218
2026-06-01 02:19:39,0.000000,0.500000,0.000000,0.000000,0.000000,85.570000,49.720700,3.012900,149.803500,2,high_load,Dynamic,1219
2026-06-01 02:19:40,0.000000,0.500000,0.000000,0.000000,0.000000,85.599000,49.727300,2.993100,148.839600,2,high_load,Dynamic,1220
2026-06-01 02:19:41,0.055980,0.100000,0.385714,1.546080,0.000770,85.560000,49.730300,2.690300,133.772700,2,high_load,Dynamic,1221
2026-06-01 02:19:42,0.687300,0.000000,0.320952,14.341990,0.007160,85.558000,49.459200,8.046600,397.844400,2,high_load,Dynamic,1222
2026-06-01 02:19:43,0.560000,0.000000,-0.666667,11.080080,0.005520,85.546000,49.274500,11.314800,557.510300,2,high_load,Dynamic,1223
2026-06-01 02:19:44,0.000000,0.325000,0.000000,0.000000,0.000000,85.546000,49.557900,6.498100,321.938300,2,high_load,Dynamic,1224
2026-06-01 02:19:45,0.000000,0.500000,0.000000,0.000000,0.000000,85.573000,49.673900,4.101800,203.745900,2,high_load,Dynamic,1225
2026-06-01 02:19:46,0.000000,0.500000,0.000000,0.000000,0.000000,85.546000,49.698400,3.400700,169.010100,2,high_load,Dynamic,1226
2026-06-01 02:19:47,0.000000,0.500000,0.000000,0.000000,0.000000,85.565000,49.736600,3.105300,154.447000,2,high_load,Dynamic,1227
2026-06-01 02:19:48,0.000000,0.500000,0.000000,0.000000,0.000000,85.563000,49.714000,3.026800,150.474300,2,high_load,Dynamic,1228
2026-06-01 02:19:49,0.000000,0.500000,0.000000,0.000000,0.000000,85.528000,49.724800,3.005200,149.432300,2,high_load,Dynamic,1229
2026-06-01 02:19:50,0.000000,0.445000,0.000000,0.000000,0.000000,85.568000,49.732000,2.921100,145.271000,2,high_load,Dynamic,1230
2026-06-01 02:19:51,0.327480,0.000000,0.706667,7.745240,0.003870,85.571000,49.661900,4.549500,225.734700,2,high_load,Dynamic,1231
2026-06-01 02:19:52,0.700000,0.000000,0.000000,13.850100,0.006900,85.587000,49.350200,10.356000,511.015000,2,high_load,Dynamic,1232
2026-06-01 02:19:53,0.329000,0.015000,-0.666667,6.509540,0.003240,85.566000,49.383000,10.158200,501.439600,2,high_load,Dynamic,1233
2026-06-01 02:19:54,0.000000,0.500000,0.000000,0.000000,0.000000,85.492000,49.583200,5.601400,277.689600,2,high_load,Dynamic,1234
2026-06-01 02:19:55,0.000000,0.500000,0.000000,0.000000,0.000000,85.536000,49.697000,3.848700,191.261300,2,high_load,Dynamic,1235
2026-06-01 02:19:56,0.000000,0.500000,0.000000,0.000000,0.000000,85.504000,49.701200,3.334600,165.731200,2,high_load,Dynamic,1236
2026-06-01 02:19:57,0.000000,0.500000,0.000000,0.000000,0.000000,85.497000,49.704100,3.133300,155.738100,2,high_load,Dynamic,1237
2026-06-01 02:19:58,0.000000,0.500000,0.000000,0.000000,0.000000,85.518000,49.711900,3.002600,149.264200,2,high_load,Dynamic,1238
2026-06-01 02:19:59,0.000000,0.500000,0.000000,0.000000,0.000000,85.478000,49.710600,3.038900,151.065800,2,high_load,Dynamic,1239
2026-06-01 02:20:00,0.000000,0.250000,0.000000,0.000000,0.000000,85.515000,49.735600,2.556800,127.158800,2,high_load,Dynamic,1240
2026-06-01 02:20:01,0.535260,0.000000,0.706667,11.854520,0.005920,85.527000,49.545200,6.612900,327.414300,2,high_load,Dynamic,1241
2026-06-01 02:20:02,0.700000,0.000000,0.000000,13.850100,0.006900,85.516000,49.307600,11.129700,548.748600,2,high_load,Dynamic,1242
2026-06-01 02:20:03,0.070000,0.170000,-0.666667,1.385010,0.000690,85.504000,49.483700,7.731300,382.399500,2,high_load,Dynamic,1243
2026-06-01 02:20:04,0.000000,0.500000,0.000000,0.000000,0.000000,85.447000,49.630400,4.559500,226.286500,2,high_load,Dynamic,1244
2026-06-01 02:20:05,0.000000,0.500000,0.000000,0.000000,0.000000,85.462000,49.688100,3.492900,173.556100,2,high_load,Dynamic,1245
2026-06-01 02:20:06,0.000000,0.500000,0.000000,0.000000,0.000000,85.454000,49.698300,3.167600,157.423800,2,high_load,Dynamic,1246
2026-06-01 02:20:07,0.000000,0.500000,0.000000,0.000000,0.000000,85.447000,49.702300,3.081900,153.176200,2,high_load,Dynamic,1247
2026-06-01 02:20:08,0.000000,0.500000,0.000000,0.000000,0.000000,85.460000,49.715200,3.037800,151.025100,2,high_load,Dynamic,1248
2026-06-01 02:20:09,0.000000,0.500000,0.000000,0.000000,0.000000,85.436000,49.699000,2.991500,148.674100,2,high_load,Dynamic,1249
2026-06-01 02:20:10,0.187900,0.025000,0.689762,4.893780,0.002450,85.413000,49.679000,3.329300,165.324900,2,high_load,Dynamic,1250
2026-06-01 02:20:11,0.700000,0.000000,0.000000,13.850100,0.006900,85.408000,49.399100,9.152800,452.061200,2,high_load,Dynamic,1251
2026-06-01 02:20:12,0.490000,0.000000,-0.666667,9.695070,0.004830,85.395000,49.294000,11.342900,559.088400,2,high_load,Dynamic,1252
2026-06-01 02:20:13,0.000000,0.365000,0.000000,0.000000,0.000000,85.437000,49.558500,5.999300,297.245100,2,high_load,Dynamic,1253
2026-06-01 02:20:14,0.000000,0.500000,0.000000,0.000000,0.000000,85.407000,49.661800,4.022100,199.744300,2,high_load,Dynamic,1254
2026-06-01 02:20:15,0.000000,0.500000,0.000000,0.000000,0.000000,85.436000,49.700500,3.343200,166.160600,2,high_load,Dynamic,1255
2026-06-01 02:20:16,0.000000,0.500000,0.000000,0.000000,0.000000,85.401000,49.712800,3.137300,155.964000,2,high_load,Dynamic,1256
2026-06-01 02:20:17,0.000000,0.500000,0.000000,0.000000,0.000000,85.439000,49.714400,3.052900,151.772200,2,high_load,Dynamic,1257
2026-06-01 02:20:18,0.000000,0.500000,0.000000,0.000000,0.000000,85.434000,49.713900,3.001500,149.216700,2,high_load,Dynamic,1258
2026-06-01 02:20:19,0.000000,0.300000,0.000000,0.000000,0.000000,85.400000,49.723100,2.858700,142.137100,2,high_load,Dynamic,1259
2026-06-01 02:20:20,0.412180,0.000000,0.679762,9.310380,0.004650,85.429000,49.614900,5.179600,256.717100,2,high_load,Dynamic,1260
2026-06-01 02:20:21,0.700000,0.000000,0.000000,13.850100,0.006900,85.436000,49.333000,10.660400,525.883600,2,high_load,Dynamic,1261
2026-06-01 02:20:22,0.161000,0.145000,-0.783333,3.185520,0.001590,85.424000,49.405300,8.972100,443.074700,2,high_load,Dynamic,1262
2026-06-01 02:20:23,0.000000,0.500000,0.000000,0.000000,0.000000,85.410000,49.627222,4.942556,245.273111,2,high_load,Dynamic,1263
2026-06-01 02:20:24,0.000000,0.500000,0.000000,0.000000,0.000000,85.414000,49.669100,3.726000,185.068100,2,high_load,Dynamic,1264
2026-06-01 02:20:25,0.000000,0.500000,0.000000,0.000000,0.000000,85.410000,49.704182,3.241455,161.113455,2,high_load,Dynamic,1265
2026-06-01 02:20:26,0.000000,0.500000,0.000000,0.000000,0.000000,85.410000,49.716000,3.062778,152.269333,2,high_load,Dynamic,1266
2026-06-01 02:20:27,0.000000,0.500000,0.000000,0.000000,0.000000,85.405455,49.703909,3.034818,150.841818,2,high_load,Dynamic,1267
2026-06-01 02:20:28,0.000000,0.500000,0.000000,0.000000,0.000000,85.382222,49.721111,3.018556,150.086333,2,high_load,Dynamic,1268
2026-06-01 02:20:29,0.026182,0.136364,0.224026,0.715918,0.000364,85.400000,49.729091,2.699182,134.213455,2,high_load,Dynamic,1269
2026-06-01 02:20:30,0.672800,0.000000,0.436905,14.249910,0.007110,85.394000,49.453800,8.025500,396.736700,2,high_load,Dynamic,1270
2026-06-01 02:20:31,0.560000,0.000000,-0.666667,11.080080,0.005520,85.383000,49.310900,11.293300,556.866900,2,high_load,Dynamic,1271
2026-06-01 02:20:32,0.000000,0.300000,0.000000,0.000000,0.000000,85.372000,49.520700,6.493400,321.470200,2,high_load,Dynamic,1272
2026-06-01 02:20:33,0.000000,0.500000,0.000000,0.000000,0.000000,85.370000,49.647667,4.206778,208.847333,2,high_load,Dynamic,1273
2026-06-01 02:20:34,0.000000,0.500000,0.000000,0.000000,0.000000,85.363000,49.685400,3.457100,171.767900,2,high_load,Dynamic,1274
2026-06-01 02:20:35,0.000000,0.500000,0.000000,0.000000,0.000000,85.360000,49.691364,3.170818,157.561273,2,high_load,Dynamic,1275
2026-06-01 02:20:36,0.000000,0.500000,0.000000,0.000000,0.000000,85.360000,49.707667,3.026111,150.420111,2,high_load,Dynamic,1276
2026-06-01 02:20:37,0.000000,0.500000,0.000000,0.000000,0.000000,85.355455,49.690818,3.023455,150.236182,2,high_load,Dynamic,1277
2026-06-01 02:20:38,0.000000,0.500000,0.000000,0.000000,0.000000,85.350000,49.700000,3.005222,149.359444,2,high_load,Dynamic,1278
2026-06-01 02:20:39,0.213400,0.000000,0.706667,5.460030,0.002740,85.350000,49.668800,3.692800,183.261300,2,high_load,Dynamic,1279
2026-06-01 02:20:40,0.700000,0.000000,0.000000,13.850100,0.006900,85.334000,49.388200,9.613600,474.722700,2,high_load,Dynamic,1280
2026-06-01 02:20:41,0.420000,0.000000,-0.666667,8.310060,0.004140,85.330000,49.297000,11.035800,543.951400,2,high_load,Dynamic,1281
2026-06-01 02:20:42,0.000000,0.454545,0.000000,0.000000,0.000000,85.320000,49.574545,5.777636,286.384455,2,high_load,Dynamic,1282
2026-06-01 02:20:43,0.000000,0.500000,0.000000,0.000000,0.000000,85.318889,49.644222,3.933889,195.293222,2,high_load,Dynamic,1283
2026-06-01 02:20:44,0.000000,0.500000,0.000000,0.000000,0.000000,85.302000,49.677900,3.373300,167.577900,2,high_load,Dynamic,1284
2026-06-01 02:20:45,0.000000,0.500000,0.000000,0.000000,0.000000,85.310000,49.700000,3.096182,153.880182,2,high_load,Dynamic,1285
2026-06-01 02:20:46,0.000000,0.500000,0.000000,0.000000,0.000000,85.310000,49.685667,3.032111,150.652000,2,high_load,Dynamic,1286
2026-06-01 02:20:47,0.000000,0.500000,0.000000,0.000000,0.000000,85.263636,49.696273,3.005000,149.336455,2,high_load,Dynamic,1287
2026-06-01 02:20:48,0.000000,0.277778,0.000000,0.000000,0.000000,85.273333,49.712111,2.732889,135.852111,2,high_load,Dynamic,1288
2026-06-01 02:20:49,0.426300,0.000000,0.683571,9.671870,0.004830,85.266000,49.574400,5.262100,260.588800,2,high_load,Dynamic,1289
2026-06-01 02:20:50,0.700000,0.000000,0.000000,13.850100,0.006900,85.246000,49.317100,10.671500,526.239300,2,high_load,Dynamic,1290
2026-06-01 02:20:51,0.140000,0.100000,-0.666667,2.770020,0.001380,85.227000,49.403400,8.895400,439.230100,2,high_load,Dynamic,1291
2026-06-01 02:20:52,0.000000,0.500000,0.000000,0.000000,0.000000,85.233636,49.613636,4.657364,231.045455,2,high_load,Dynamic,1292
2026-06-01 02:20:53,0.000000,0.500000,0.000000,0.000000,0.000000,85.220000,49.643000,3.590333,178.234111,2,high_load,Dynamic,1293
2026-06-01 02:20:54,0.000000,0.500000,0.000000,0.000000,0.000000,85.220000,49.684800,3.247500,161.350500,2,high_load,Dynamic,1294
2026-06-01 02:20:55,0.000000,0.500000,0.000000,0.000000,0.000000,85.178000,49.680600,3.061600,152.103200,2,high_load,Dynamic,1295
2026-06-01 02:20:56,0.000000,0.500000,0.000000,0.000000,0.000000,85.233000,49.714400,3.000400,149.162900,2,high_load,Dynamic,1296
2026-06-01 02:20:57,0.000000,0.500000,0.000000,0.000000,0.000000,85.170000,49.677400,3.001100,149.086500,2,high_load,Dynamic,1297
2026-06-01 02:20:58,0.045000,0.150000,0.334286,1.217240,0.000610,85.170000,49.692600,2.793200,138.785200,2,high_load,Dynamic,1298
2026-06-01 02:20:59,0.681900,0.000000,0.372381,14.326120,0.007140,85.161000,49.424600,8.101900,400.269100,2,high_load,Dynamic,1299
2026-06-01 02:21:00,0.630000,0.000000,-0.666667,12.465090,0.006210,85.150000,49.262500,11.512800,567.133900,2,high_load,Dynamic,1300
2026-06-01 02:21:01,0.000000,0.250000,0.000000,0.000000,0.000000,85.140000,49.491400,7.056400,349.112800,2,high_load,Dynamic,1301
2026-06-01 02:21:02,0.000000,0.500000,0.000000,0.000000,0.000000,85.134000,49.616400,4.335100,215.088000,2,high_load,Dynamic,1302
2026-06-01 02:21:03,0.000000,0.500000,0.000000,0.000000,0.000000,85.130000,49.669200,3.426600,170.193900,2,high_load,Dynamic,1303
2026-06-01 02:21:04,0.000000,0.500000,0.000000,0.000000,0.000000,85.130000,49.679100,3.165900,157.278500,2,high_load,Dynamic,1304
2026-06-01 02:21:05,0.000000,0.500000,0.000000,0.000000,0.000000,85.124000,49.675600,3.077500,152.876200,2,high_load,Dynamic,1305
2026-06-01 02:21:06,0.000000,0.500000,0.000000,0.000000,0.000000,85.120000,49.659900,3.012800,149.613800,2,high_load,Dynamic,1306
2026-06-01 02:21:07,0.000000,0.500000,0.000000,0.000000,0.000000,85.120000,49.677900,3.001200,149.093900,2,high_load,Dynamic,1307
2026-06-01 02:21:08,0.236300,0.000000,0.693095,5.843840,0.002930,85.118000,49.626300,3.682400,182.599400,2,high_load,Dynamic,1308
2026-06-01 02:21:09,0.700000,0.000000,0.000000,13.850100,0.006900,85.108000,49.354300,9.598200,473.635700,2,high_load,Dynamic,1309
2026-06-01 02:21:10,0.350000,0.000000,-0.666667,6.925050,0.003450,85.096000,49.304300,10.493900,517.225400,2,high_load,Dynamic,1310
2026-06-01 02:21:11,0.000000,0.500000,0.000000,0.000000,0.000000,85.090000,49.567000,5.575400,276.325500,2,high_load,Dynamic,1311
2026-06-01 02:21:12,0.000000,0.500000,0.000000,0.000000,0.000000,85.082000,49.641700,3.894100,193.306200,2,high_load,Dynamic,1312
2026-06-01 02:21:13,0.000000,0.500000,0.000000,0.000000,0.000000,85.080000,49.666000,3.315200,164.653100,2,high_load,Dynamic,1313
2026-06-01 02:21:14,0.000000,0.500000,0.000000,0.000000,0.000000,85.080000,49.663100,3.083900,153.155800,2,high_load,Dynamic,1314
2026-06-01 02:21:15,0.000000,0.500000,0.000000,0.000000,0.000000,85.073000,49.685000,3.009400,149.520500,2,high_load,Dynamic,1315
2026-06-01 02:21:16,0.000000,0.500000,0.000000,0.000000,0.000000,85.070000,49.674500,3.031100,150.568400,2,high_load,Dynamic,1316
2026-06-01 02:21:17,0.000000,0.250000,0.000000,0.000000,0.000000,85.070000,49.693700,2.656400,132.003200,2,high_load,Dynamic,1317
2026-06-01 02:21:18,0.592900,0.000000,0.706667,13.006460,0.006480,85.064000,49.491600,6.807600,336.711900,2,high_load,Dynamic,1318
2026-06-01 02:21:19,0.700000,0.000000,0.000000,13.850100,0.006900,85.054000,49.255200,11.227600,553.002300,2,high_load,Dynamic,1319
2026-06-01 02:21:20,0.070000,0.150000,-0.666667,1.385010,0.000690,85.042000,49.402800,8.346700,412.070900,2,high_load,Dynamic,1320
2026-06-01 02:21:21,0.000000,0.500000,0.000000,0.000000,0.000000,85.038000,49.588100,4.595700,227.881300,2,high_load,Dynamic,1321
2026-06-01 02:21:22,0.000000,0.500000,0.000000,0.000000,0.000000,85.030000,49.650500,3.558400,176.673200,2,high_load,Dynamic,1322
2026-06-01 02:21:23,0.000000,0.500000,0.000000,0.000000,0.000000,85.030000,49.659400,3.188700,158.347800,2,high_load,Dynamic,1323
2026-06-01 02:21:24,0.000000,0.500000,0.000000,0.000000,0.000000,85.028000,49.666900,3.101300,154.031300,2,high_load,Dynamic,1324
2026-06-01 02:21:25,0.000000,0.500000,0.000000,0.000000,0.000000,85.020000,49.686000,3.023900,150.245300,2,high_load,Dynamic,1325
2026-06-01 02:21:26,0.000000,0.500000,0.000000,0.000000,0.000000,85.020000,49.670500,3.025900,150.298300,2,high_load,Dynamic,1326
2026-06-01 02:21:27,0.104700,0.050000,0.545714,2.914140,0.001460,85.020000,49.669700,2.854000,141.709300,2,high_load,Dynamic,1327
2026-06-01 02:21:28,0.700000,0.000000,0.160952,14.256820,0.007110,85.011000,49.394100,8.564600,422.916900,2,high_load,Dynamic,1328
2026-06-01 02:21:29,0.560000,0.000000,-0.666667,11.080080,0.005520,85.000000,49.233400,11.512400,566.773200,2,high_load,Dynamic,1329
2026-06-01 02:21:30,0.000000,0.300000,0.000000,0.000000,0.000000,84.990000,49.489100,6.555500,324.341000,2,high_load,Dynamic,1330
2026-06-01 02:21:31,0.000000,0.500000,0.000000,0.000000,0.000000,84.984000,49.625600,4.156900,206.289800,2,high_load,Dynamic,1331
2026-06-01 02:21:32,0.000000,0.500000,0.000000,0.000000,0.000000,84.980000,49.653100,3.385900,168.120000,2,high_load,Dynamic,1332
2026-06-01 02:21:33,0.000000,0.500000,0.000000,0.000000,0.000000,84.980000,49.646600,3.148900,156.331700,2,high_load,Dynamic,1333
2026-06-01 02:21:34,0.000000,0.500000,0.000000,0.000000,0.000000,84.975000,49.669000,3.062600,152.115800,2,high_load,Dynamic,1334
2026-06-01 02:21:35,0.000000,0.500000,0.000000,0.000000,0.000000,84.970000,49.673600,3.020400,150.034200,2,high_load,Dynamic,1335
2026-06-01 02:21:36,0.000000,0.400000,0.000000,0.000000,0.000000,84.970000,49.664500,2.936500,145.838700,2,high_load,Dynamic,1336
2026-06-01 02:21:37,0.312300,0.000000,0.706667,7.346640,0.003670,84.968000,49.625100,4.022100,199.384600,2,high_load,Dynamic,1337
2026-06-01 02:21:38,0.700000,0.000000,0.000000,13.850100,0.006900,84.958000,49.323400,9.925500,489.490100,2,high_load,Dynamic,1338
2026-06-01 02:21:39,0.280000,0.000000,-0.666667,5.540040,0.002760,84.946000,49.313700,9.996800,492.777900,2,high_load,Dynamic,1339
2026-06-01 02:21:40,0.000000,0.500000,0.000000,0.000000,0.000000,84.940000,49.565100,5.175700,256.517900,2,high_load,Dynamic,1340
2026-06-01 02:21:41,0.000000,0.500000,0.000000,0.000000,0.000000,84.934000,49.636000,3.749800,186.119700,2,high_load,Dynamic,1341
2026-06-01 02:21:42,0.000000,0.500000,0.000000,0.000000,0.000000,84.930000,49.652200,3.264100,162.070500,2,high_load,Dynamic,1342
2026-06-01 02:21:43,0.000000,0.500000,0.000000,0.000000,0.000000,84.930000,49.658000,3.078700,152.881600,2,high_load,Dynamic,1343
2026-06-01 02:21:44,0.000000,0.500000,0.000000,0.000000,0.000000,84.926000,49.666000,3.046500,151.307400,2,high_load,Dynamic,1344
2026-06-01 02:21:45,0.000000,0.500000,0.000000,0.000000,0.000000,84.945000,49.650800,2.992300,148.570200,2,high_load,Dynamic,1345
2026-06-01 02:21:46,0.000000,0.250000,0.000000,0.000000,0.000000,84.928000,49.653900,2.681900,133.161100,2,high_load,Dynamic,1346
2026-06-01 02:21:47,0.535260,0.000000,0.706667,11.765290,0.005870,84.916000,49.519500,5.957100,294.701800,2,high_load,Dynamic,1347
2026-06-01 02:21:48,0.700000,0.000000,0.000000,13.850100,0.006900,84.906000,49.257700,10.959500,539.809800,2,high_load,Dynamic,1348
2026-06-01 02:21:49,0.119000,0.170000,-0.666667,2.354510,0.001170,84.893000,49.336300,9.082400,447.874100,2,high_load,Dynamic,1349
2026-06-01 02:21:50,0.000000,0.500000,0.000000,0.000000,0.000000,84.922000,49.563400,4.867000,241.197800,2,high_load,Dynamic,1350
2026-06-01 02:21:51,0.000000,0.500000,0.000000,0.000000,0.000000,84.897000,49.622300,3.656200,181.423900,2,high_load,Dynamic,1351
2026-06-01 02:21:52,0.000000,0.500000,0.000000,0.000000,0.000000,84.912000,49.642500,3.206200,159.164400,2,high_load,Dynamic,1352
2026-06-01 02:21:53,0.000000,0.500000,0.000000,0.000000,0.000000,84.888000,49.660800,3.087200,153.313000,2,high_load,Dynamic,1353
2026-06-01 02:21:54,0.000000,0.500000,0.000000,0.000000,0.000000,84.889000,49.678800,3.002300,149.150000,2,high_load,Dynamic,1354
2026-06-01 02:21:55,0.000000,0.500000,0.000000,0.000000,0.000000,84.902000,49.639700,2.985800,148.213900,2,high_load,Dynamic,1355
2026-06-01 02:21:56,0.054600,0.100000,0.395000,1.587410,0.000800,84.910000,49.677000,2.829700,140.524500,2,high_load,Dynamic,1356
2026-06-01 02:21:57,0.688500,0.000000,0.309524,14.371510,0.007160,84.904000,49.407700,8.300800,409.997400,2,high_load,Dynamic,1357
2026-06-01 02:21:58,0.546000,0.000000,-0.666667,10.803070,0.005380,84.892000,49.255000,11.126100,547.981800,2,high_load,Dynamic,1358
2026-06-01 02:21:59,0.000000,0.365000,0.000000,0.000000,0.000000,84.867000,49.498900,6.415700,317.537200,2,high_load,Dynamic,1359
2026-06-01 02:22:00,0.000000,0.500000,0.000000,0.000000,0.000000,84.880000,49.601200,4.210800,208.847100,2,high_load,Dynamic,1360
2026-06-01 02:22:01,0.000000,0.500000,0.000000,0.000000,0.000000,84.839000,49.630400,3.466500,172.045600,2,high_load,Dynamic,1361
2026-06-01 02:22:02,0.000000,0.500000,0.000000,0.000000,0.000000,84.870000,49.651600,3.145700,156.188600,2,high_load,Dynamic,1362
2026-06-01 02:22:03,0.000000,0.500000,0.000000,0.000000,0.000000,84.854000,49.642600,3.035400,150.685500,2,high_load,Dynamic,1363
2026-06-01 02:22:04,0.000000,0.500000,0.000000,0.000000,0.000000,84.838000,49.661400,2.989900,148.481600,2,high_load,Dynamic,1364
2026-06-01 02:22:05,0.000000,0.400000,0.000000,0.000000,0.000000,84.844000,49.664400,2.894500,143.752100,2,high_load,Dynamic,1365
2026-06-01 02:22:06,0.395560,0.000000,0.706667,9.106550,0.004540,84.851000,49.549700,5.054400,250.228400,2,high_load,Dynamic,1366
2026-06-01 02:22:07,0.700000,0.000000,0.000000,13.850100,0.006900,84.842000,49.277800,10.506300,517.683300,2,high_load,Dynamic,1367
2026-06-01 02:22:08,0.273000,0.015000,-0.666667,5.401530,0.002690,84.838000,49.304400,9.913300,488.553100,2,high_load,Dynamic,1368
2026-06-01 02:22:09,0.000000,0.500000,0.000000,0.000000,0.000000,84.798000,49.542500,5.199900,257.606700,2,high_load,Dynamic,1369
2026-06-01 02:22:10,0.000000,0.500000,0.000000,0.000000,0.000000,84.811000,49.613500,3.733300,185.221600,2,high_load,Dynamic,1370
2026-06-01 02:22:11,0.000000,0.500000,0.000000,0.000000,0.000000,84.780000,49.635600,3.260300,161.825600,2,high_load,Dynamic,1371
2026-06-01 02:22:12,0.000000,0.500000,0.000000,0.000000,0.000000,84.812000,49.654500,3.134500,155.641600,2,high_load,Dynamic,1372
2026-06-01 02:22:13,0.000000,0.500000,0.000000,0.000000,0.000000,84.785000,49.656500,3.024600,150.190900,2,high_load,Dynamic,1373
2026-06-01 02:22:14,0.000000,0.500000,0.000000,0.000000,0.000000,84.788000,49.640400,2.988200,148.334700,2,high_load,Dynamic,1374
2026-06-01 02:22:15,0.019680,0.200000,0.185714,0.553050,0.000270,84.786000,49.653100,2.767900,137.424000,2,high_load,Dynamic,1375
2026-06-01 02:22:16,0.662000,0.000000,0.501191,14.133690,0.007050,84.840000,49.416600,8.009600,395.660300,2,high_load,Dynamic,1376
2026-06-01 02:22:17,0.644000,0.000000,-0.533333,12.742090,0.006350,84.836000,49.218100,11.582700,570.071400,2,high_load,Dynamic,1377
2026-06-01 02:22:18,0.000000,0.272222,-0.148148,0.000000,0.000000,84.825556,49.444000,7.379444,364.761222,2,high_load,Dynamic,1378
2026-06-01 02:22:19,0.000000,0.500000,0.000000,0.000000,0.000000,84.820000,49.583182,4.470273,221.641545,2,high_load,Dynamic,1379
2026-06-01 02:22:20,0.000000,0.500000,0.000000,0.000000,0.000000,84.818889,49.621778,3.515778,174.460111,2,high_load,Dynamic,1380
2026-06-01 02:22:21,0.000000,0.500000,0.000000,0.000000,0.000000,84.802000,49.638900,3.201300,158.908800,2,high_load,Dynamic,1381
2026-06-01 02:22:22,0.000000,0.500000,0.000000,0.000000,0.000000,84.810000,49.673182,3.077091,152.848727,2,high_load,Dynamic,1382
2026-06-01 02:22:23,0.000000,0.500000,0.000000,0.000000,0.000000,84.810000,49.653000,3.041667,151.027556,2,high_load,Dynamic,1383
2026-06-01 02:22:24,0.000000,0.409091,0.000000,0.000000,0.000000,84.787273,49.658000,2.966455,147.307545,2,high_load,Dynamic,1384
2026-06-01 02:22:25,0.351000,0.000000,0.706667,8.115160,0.004060,84.800000,49.581400,4.694600,232.532200,2,high_load,Dynamic,1385
2026-06-01 02:22:26,0.700000,0.000000,0.000000,13.850100,0.006900,84.792000,49.274900,10.375900,511.208200,2,high_load,Dynamic,1386
2026-06-01 02:22:27,0.311111,0.000000,-0.740741,6.155600,0.003067,84.781111,49.276667,10.538667,519.157222,2,high_load,Dynamic,1387
2026-06-01 02:22:28,0.000000,0.500000,0.000000,0.000000,0.000000,84.731000,49.517400,5.618600,278.189000,2,high_load,Dynamic,1388
2026-06-01 02:22:29,0.000000,0.500000,0.000000,0.000000,0.000000,84.746000,49.610000,3.912200,194.077200,2,high_load,Dynamic,1389
2026-06-01 02:22:30,0.000000,0.500000,0.000000,0.000000,0.000000,84.715000,49.616700,3.312800,164.370300,2,high_load,Dynamic,1390
2026-06-01 02:22:31,0.000000,0.500000,0.000000,0.000000,0.000000,84.736000,49.628900,3.106600,154.176300,2,high_load,Dynamic,1391
2026-06-01 02:22:32,0.000000,0.500000,0.000000,0.000000,0.000000,84.693000,49.634900,3.045100,151.143600,2,high_load,Dynamic,1392
2026-06-01 02:22:33,0.000000,0.500000,0.000000,0.000000,0.000000,84.741000,49.652400,2.970300,147.482400,2,high_load,Dynamic,1393
2026-06-01 02:22:34,0.000000,0.250000,0.000000,0.000000,0.000000,84.678000,49.650700,2.645100,131.315500,2,high_load,Dynamic,1394
2026-06-01 02:22:35,0.502760,0.000000,0.706667,11.193740,0.005580,84.674000,49.494400,5.927400,293.103800,2,high_load,Dynamic,1395
2026-06-01 02:22:36,0.700000,0.000000,0.000000,13.850100,0.006900,84.673000,49.244700,10.942000,538.816200,2,high_load,Dynamic,1396
2026-06-01 02:22:37,0.070000,0.150000,-0.666667,1.385010,0.000690,84.669000,49.383900,8.228100,406.100300,2,high_load,Dynamic,1397
2026-06-01 02:22:38,0.000000,0.500000,0.000000,0.000000,0.000000,84.704000,49.582000,4.561900,226.176000,2,high_load,Dynamic,1398
2026-06-01 02:22:39,0.000000,0.500000,0.000000,0.000000,0.000000,84.678000,49.609800,3.529500,175.098100,2,high_load,Dynamic,1399
2026-06-01 02:22:40,0.000000,0.500000,0.000000,0.000000,0.000000,84.674000,49.630900,3.193100,158.477100,2,high_load,Dynamic,1400
2026-06-01 02:22:41,0.000000,0.500000,0.000000,0.000000,0.000000,84.702000,49.629700,3.075600,152.640100,2,high_load,Dynamic,1401
2026-06-01 02:22:42,0.000000,0.500000,0.000000,0.000000,0.000000,84.652000,49.630000,3.012500,149.510500,2,high_load,Dynamic,1402
2026-06-01 02:22:43,0.000000,0.500000,0.000000,0.000000,0.000000,84.692000,49.622800,3.025300,150.124000,2,high_load,Dynamic,1403
2026-06-01 02:22:44,0.033600,0.100000,0.275000,0.969660,0.000480,84.636000,49.660100,2.675700,132.854900,2,high_load,Dynamic,1404
2026-06-01 02:22:45,0.677160,0.000000,0.409381,14.338820,0.007150,84.631000,49.380800,8.030700,396.394000,2,high_load,Dynamic,1405
2026-06-01 02:22:46,0.630000,0.000000,-0.833333,12.465090,0.006210,84.612000,49.201000,11.535400,567.539400,2,high_load,Dynamic,1406
2026-06-01 02:22:47,0.000000,0.250000,0.000000,0.000000,0.000000,84.608000,49.418800,7.084800,350.004400,2,high_load,Dynamic,1407
2026-06-01 02:22:48,0.000000,0.500000,0.000000,0.000000,0.000000,84.654000,49.574900,4.340600,215.172700,2,high_load,Dynamic,1408
2026-06-01 02:22:49,0.000000,0.500000,0.000000,0.000000,0.000000,84.616000,49.608600,3.437100,170.509900,2,high_load,Dynamic,1409
2026-06-01 02:22:50,0.000000,0.500000,0.000000,0.000000,0.000000,84.636000,49.598000,3.179700,157.705900,2,high_load,Dynamic,1410
2026-06-01 02:22:51,0.000000,0.500000,0.000000,0.000000,0.000000,84.628000,49.635800,3.046800,151.229200,2,high_load,Dynamic,1411
2026-06-01 02:22:52,0.000000,0.500000,0.000000,0.000000,0.000000,84.597000,49.634500,3.040700,150.924100,2,high_load,Dynamic,1412
2026-06-01 02:22:53,0.000000,0.450000,0.000000,0.000000,0.000000,84.645000,49.627300,2.988000,148.285600,2,high_load,Dynamic,1413
2026-06-01 02:22:54,0.220760,0.000000,0.684381,5.512700,0.002760,84.650000,49.615600,3.557300,176.344100,2,high_load,Dynamic,1414
2026-06-01 02:22:55,0.700000,0.000000,0.000000,13.850100,0.006900,84.645000,49.317300,9.518100,469.337200,2,high_load,Dynamic,1415
2026-06-01 02:22:56,0.420000,0.000000,-0.833333,8.310060,0.004140,84.633000,49.248300,11.062400,544.711400,2,high_load,Dynamic,1416
2026-06-01 02:22:57,0.000000,0.450000,0.000000,0.000000,0.000000,84.558000,49.483400,5.925200,293.167300,2,high_load,Dynamic,1417
2026-06-01 02:22:58,0.000000,0.500000,0.000000,0.000000,0.000000,84.611000,49.577600,4.035200,200.051300,2,high_load,Dynamic,1418
2026-06-01 02:22:59,0.000000,0.500000,0.000000,0.000000,0.000000,84.554000,49.607500,3.343600,165.867600,2,high_load,Dynamic,1419
2026-06-01 02:23:00,0.000000,0.500000,0.000000,0.000000,0.000000,84.578000,49.611600,3.159000,156.723200,2,high_load,Dynamic,1420
2026-06-01 02:23:01,0.000000,0.500000,0.000000,0.000000,0.000000,84.578000,49.620000,3.046400,151.162000,2,high_load,Dynamic,1421
2026-06-01 02:23:02,0.000000,0.500000,0.000000,0.000000,0.000000,84.555000,49.621600,3.008800,149.300400,2,high_load,Dynamic,1422
2026-06-01 02:23:03,0.000000,0.272727,0.000000,0.000000,0.000000,84.592727,49.641273,2.718909,134.965636,2,high_load,Dynamic,1423
2026-06-01 02:23:04,0.553956,0.000000,0.755820,12.234356,0.006100,84.600000,49.490222,6.465222,319.759778,2,high_load,Dynamic,1424
2026-06-01 02:23:05,0.700000,0.000000,0.000000,13.850100,0.006900,84.588182,49.216636,11.119909,547.246000,2,high_load,Dynamic,1425
2026-06-01 02:23:06,0.070000,0.200000,-0.833333,1.385010,0.000690,84.577000,49.368200,8.446600,416.801400,2,high_load,Dynamic,1426
2026-06-01 02:23:07,0.000000,0.500000,0.000000,0.000000,0.000000,84.498889,49.545444,4.781667,236.897444,2,high_load,Dynamic,1427
2026-06-01 02:23:08,0.000000,0.500000,0.000000,0.000000,0.000000,84.552000,49.582200,3.620800,179.525800,2,high_load,Dynamic,1428
2026-06-01 02:23:09,0.000000,0.500000,0.000000,0.000000,0.000000,84.516364,49.611909,3.216545,159.578273,2,high_load,Dynamic,1429
2026-06-01 02:23:10,0.000000,0.500000,0.000000,0.000000,0.000000,84.524444,49.624222,3.082556,152.968667,2,high_load,Dynamic,1430
2026-06-01 02:23:11,0.000000,0.500000,0.000000,0.000000,0.000000,84.534000,49.623500,3.038000,150.756200,2,high_load,Dynamic,1431
2026-06-01 02:23:12,0.000000,0.500000,0.000000,0.000000,0.000000,84.497000,49.628200,3.007700,149.266200,2,high_load,Dynamic,1432
2026-06-01 02:23:13,0.033600,0.100000,0.275000,0.914970,0.000460,84.542000,49.651700,2.640400,131.076400,2,high_load,Dynamic,1433
2026-06-01 02:23:14,0.677160,0.000000,0.409381,14.291170,0.007130,84.547000,49.382700,8.011700,395.479000,2,high_load,Dynamic,1434
2026-06-01 02:23:15,0.630000,0.000000,-0.833333,12.465090,0.006210,84.518000,49.185400,11.564500,568.788900,2,high_load,Dynamic,1435
2026-06-01 02:23:16,0.000000,0.300000,0.000000,0.000000,0.000000,84.524000,49.422400,7.189000,355.156800,2,high_load,Dynamic,1436
2026-06-01 02:23:17,0.000000,0.500000,0.000000,0.000000,0.000000,84.445000,49.538900,4.398800,217.903200,2,high_load,Dynamic,1437
2026-06-01 02:23:18,0.000000,0.500000,0.000000,0.000000,0.000000,84.430000,49.575700,3.498800,173.455500,2,high_load,Dynamic,1438
2026-06-01 02:23:19,0.000000,0.500000,0.000000,0.000000,0.000000,84.430000,49.618100,3.150000,156.297000,2,high_load,Dynamic,1439
2026-06-01 02:23:20,0.000000,0.500000,0.000000,0.000000,0.000000,84.427000,49.614400,3.068700,152.251400,2,high_load,Dynamic,1440
2026-06-01 02:23:21,0.000000,0.500000,0.000000,0.000000,0.000000,84.420000,49.609700,3.019800,149.811400,2,high_load,Dynamic,1441
2026-06-01 02:23:22,0.000000,0.450000,0.000000,0.000000,0.000000,84.420000,49.622600,2.985400,148.144000,2,high_load,Dynamic,1442
2026-06-01 02:23:23,0.241700,0.000000,0.697381,5.989830,0.002990,84.420000,49.587000,3.525300,174.680700,2,high_load,Dynamic,1443
2026-06-01 02:23:24,0.700000,0.000000,0.000000,13.850100,0.006900,84.409000,49.289100,9.549400,470.617300,2,high_load,Dynamic,1444
2026-06-01 02:23:25,0.420000,0.000000,-0.833333,8.310060,0.004140,84.397000,49.201800,11.004500,541.337600,2,high_load,Dynamic,1445
2026-06-01 02:23:26,0.000000,0.400000,0.000000,0.000000,0.000000,84.390000,49.472100,5.780800,285.960100,2,high_load,Dynamic,1446
2026-06-01 02:23:27,0.000000,0.500000,0.000000,0.000000,0.000000,84.383000,49.549100,3.985100,197.451700,2,high_load,Dynamic,1447
2026-06-01 02:23:28,0.000000,0.500000,0.000000,0.000000,0.000000,84.380000,49.590000,3.321500,164.711600,2,high_load,Dynamic,1448
2026-06-01 02:23:29,0.000000,0.500000,0.000000,0.000000,0.000000,84.380000,49.625000,3.117700,154.714900,2,high_load,Dynamic,1449
2026-06-01 02:23:30,0.000000,0.500000,0.000000,0.000000,0.000000,84.374000,49.613200,3.065100,152.068900,2,high_load,Dynamic,1450
2026-06-01 02:23:31,0.000000,0.500000,0.000000,0.000000,0.000000,84.370000,49.604400,3.014300,149.522300,2,high_load,Dynamic,1451
2026-06-01 02:23:32,0.000000,0.300000,0.000000,0.000000,0.000000,84.370000,49.620800,2.805800,139.224200,2,high_load,Dynamic,1452
2026-06-01 02:23:33,0.457100,0.000000,0.698333,10.292850,0.005130,84.366000,49.490200,5.218100,257.962000,2,high_load,Dynamic,1453
2026-06-01 02:23:34,0.700000,0.000000,0.000000,13.850100,0.006900,84.356000,49.225300,10.653000,524.341400,2,high_load,Dynamic,1454
2026-06-01 02:23:35,0.210000,0.050000,-0.666667,4.155030,0.002070,84.344000,49.279500,9.550900,470.422000,2,high_load,Dynamic,1455
2026-06-01 02:23:36,0.000000,0.500000,0.000000,0.000000,0.000000,84.340000,49.508500,4.994900,247.261000,2,high_load,Dynamic,1456
2026-06-01 02:23:37,0.000000,0.500000,0.000000,0.000000,0.000000,84.330000,49.594000,3.691300,183.060800,2,high_load,Dynamic,1457
2026-06-01 02:23:38,0.000000,0.500000,0.000000,0.000000,0.000000,84.330000,49.598800,3.246900,161.042400,2,high_load,Dynamic,1458
2026-06-01 02:23:39,0.000000,0.500000,0.000000,0.000000,0.000000,84.330000,49.596900,3.064700,151.999600,2,high_load,Dynamic,1459
2026-06-01 02:23:40,0.000000,0.500000,0.000000,0.000000,0.000000,84.320000,49.608400,3.036900,150.656600,2,high_load,Dynamic,1460
2026-06-01 02:23:41,0.000000,0.500000,0.000000,0.000000,0.000000,84.320000,49.588800,2.993500,148.443400,2,high_load,Dynamic,1461
2026-06-01 02:23:42,0.015300,0.150000,0.145714,0.400560,0.000200,84.320000,49.617300,2.564900,127.240900,2,high_load,Dynamic,1462
2026-06-01 02:23:43,0.653600,0.000000,0.551191,14.024530,0.006990,84.313000,49.385500,7.409500,365.725900,2,high_load,Dynamic,1463
2026-06-01 02:23:44,0.700000,0.000000,0.000000,13.850100,0.006900,84.303000,49.184000,11.484000,564.818500,2,high_load,Dynamic,1464
2026-06-01 02:23:45,0.000000,0.200000,-0.666667,0.000000,0.000000,84.291000,49.375900,7.640800,377.112000,2,high_load,Dynamic,1465
2026-06-01 02:23:46,0.000000,0.500000,0.000000,0.000000,0.000000,84.294000,49.530300,4.425700,219.198800,2,high_load,Dynamic,1466
2026-06-01 02:23:47,0.000000,0.500000,0.000000,0.000000,0.000000,84.280000,49.565800,3.534000,175.166300,2,high_load,Dynamic,1467
2026-06-01 02:23:48,0.000000,0.500000,0.000000,0.000000,0.000000,84.288000,49.596400,3.142800,155.870900,2,high_load,Dynamic,1468
2026-06-01 02:23:49,0.000000,0.500000,0.000000,0.000000,0.000000,84.293000,49.592500,3.066700,152.086000,2,high_load,Dynamic,1469
2026-06-01 02:23:50,0.000000,0.500000,0.000000,0.000000,0.000000,84.270000,49.590000,3.000300,148.785000,2,high_load,Dynamic,1470
2026-06-01 02:23:51,0.000000,0.500000,0.000000,0.000000,0.000000,84.278000,49.600500,3.015800,149.584400,2,high_load,Dynamic,1471
2026-06-01 02:23:52,0.113700,0.050000,0.574286,3.146860,0.001570,84.270000,49.615800,2.851200,141.423400,2,high_load,Dynamic,1472
2026-06-01 02:23:53,0.700000,0.000000,0.132381,14.184620,0.007070,84.260000,49.306400,8.580000,422.932700,2,high_load,Dynamic,1473
2026-06-01 02:23:54,0.490000,0.000000,-0.666667,9.695070,0.004830,84.249000,49.189300,11.144100,548.135900,2,high_load,Dynamic,1474
2026-06-01 02:23:55,0.000000,0.355000,0.000000,0.000000,0.000000,84.240000,49.453200,6.090900,301.171000,2,high_load,Dynamic,1475
2026-06-01 02:23:56,0.000000,0.500000,0.000000,0.000000,0.000000,84.260000,49.547300,3.988200,197.604700,2,high_load,Dynamic,1476
2026-06-01 02:23:57,0.000000,0.500000,0.000000,0.000000,0.000000,84.230000,49.577300,3.369000,167.024800,2,high_load,Dynamic,1477
2026-06-01 02:23:58,0.000000,0.500000,0.000000,0.000000,0.000000,84.230000,49.597800,3.104100,153.956900,2,high_load,Dynamic,1478
2026-06-01 02:23:59,0.000000,0.500000,0.000000,0.000000,0.000000,84.227000,49.586600,3.024100,149.954000,2,high_load,Dynamic,1479
2026-06-01 02:24:00,0.000000,0.500000,0.000000,0.000000,0.000000,84.220000,49.589500,3.050900,151.292500,2,high_load,Dynamic,1480
2026-06-01 02:24:01,0.000000,0.400000,0.000000,0.000000,0.000000,84.228000,49.588000,2.916600,144.627100,2,high_load,Dynamic,1481
2026-06-01 02:24:02,0.390100,0.000000,0.706667,9.001910,0.004490,84.226000,49.515600,4.768500,235.857600,2,high_load,Dynamic,1482
2026-06-01 02:24:03,0.700000,0.000000,0.000000,13.850100,0.006900,84.215000,49.229800,10.381400,511.032000,2,high_load,Dynamic,1483
2026-06-01 02:24:04,0.280000,0.010000,-0.666667,5.540040,0.002760,84.220000,49.235100,10.085000,496.331300,2,high_load,Dynamic,1484
2026-06-01 02:24:05,0.000000,0.500000,0.000000,0.000000,0.000000,84.198000,49.480400,5.198000,257.191400,2,high_load,Dynamic,1485
2026-06-01 02:24:06,0.000000,0.500000,0.000000,0.000000,0.000000,84.200000,49.573100,3.731600,184.982400,2,high_load,Dynamic,1486
2026-06-01 02:24:07,0.000000,0.500000,0.000000,0.000000,0.000000,84.180000,49.592600,3.288400,163.081600,2,high_load,Dynamic,1487
2026-06-01 02:24:08,0.000000,0.500000,0.000000,0.000000,0.000000,84.196000,49.598900,3.088600,153.191600,2,high_load,Dynamic,1488
2026-06-01 02:24:09,0.000000,0.500000,0.000000,0.000000,0.000000,84.173000,49.602900,3.001700,148.893500,2,high_load,Dynamic,1489
2026-06-01 02:24:10,0.000000,0.500000,0.000000,0.000000,0.000000,84.170000,49.601100,3.000800,148.843600,2,high_load,Dynamic,1490
2026-06-01 02:24:11,0.000000,0.250000,0.000000,0.000000,0.000000,84.170000,49.609300,2.661900,132.047500,2,high_load,Dynamic,1491
2026-06-01 02:24:12,0.531360,0.000000,0.706667,11.748020,0.005860,84.165000,49.439700,5.945900,293.682300,2,high_load,Dynamic,1492
2026-06-01 02:24:13,0.700000,0.000000,0.000000,13.850100,0.006900,84.155000,49.199400,10.922100,537.320900,2,high_load,Dynamic,1493
2026-06-01 02:24:14,0.070000,0.200000,-0.666667,1.385010,0.000690,84.159000,49.340200,8.180800,403.461000,2,high_load,Dynamic,1494
2026-06-01 02:24:15,0.000000,0.500000,0.000000,0.000000,0.000000,84.148000,49.506800,4.669600,231.162500,2,high_load,Dynamic,1495
2026-06-01 02:24:16,0.000000,0.500000,0.000000,0.000000,0.000000,84.194000,49.571900,3.559200,176.439300,2,high_load,Dynamic,1496
2026-06-01 02:24:17,0.000000,0.500000,0.000000,0.000000,0.000000,84.138000,49.598900,3.181400,157.793300,2,high_load,Dynamic,1497
2026-06-01 02:24:18,0.000000,0.500000,0.000000,0.000000,0.000000,84.202000,49.596100,3.072000,152.359700,2,high_load,Dynamic,1498
2026-06-01 02:24:19,0.000000,0.500000,0.000000,0.000000,0.000000,84.194000,49.588400,3.033400,150.421400,2,high_load,Dynamic,1499
2026-06-01 02:24:20,0.000000,0.450000,0.000000,0.000000,0.000000,84.187000,49.593200,2.989700,148.269700,2,high_load,Dynamic,1500
2026-06-01 02:24:21,0.160667,0.000000,0.726984,4.404467,0.002200,84.200000,49.585889,3.201778,158.650111,2,high_load,Dynamic,1501
2026-06-01 02:24:22,0.700000,0.000000,0.047619,13.970427,0.006964,84.194545,49.276727,9.265909,456.501182,2,high_load,Dynamic,1502
2026-06-01 02:24:23,0.350000,0.000000,-0.833333,6.925050,0.003450,84.183000,49.214100,10.501800,516.711200,2,high_load,Dynamic,1503
2026-06-01 02:24:24,0.000000,0.444444,0.000000,0.000000,0.000000,84.147778,49.466556,5.531556,273.615222,2,high_load,Dynamic,1504
2026-06-01 02:24:25,0.000000,0.500000,0.000000,0.000000,0.000000,84.146000,49.544700,3.969800,196.677100,2,high_load,Dynamic,1505
2026-06-01 02:24:26,0.000000,0.500000,0.000000,0.000000,0.000000,84.125000,49.567500,3.337200,165.415700,2,high_load,Dynamic,1506
2026-06-01 02:24:27,0.000000,0.500000,0.000000,0.000000,0.000000,84.152000,49.587500,3.077000,152.580200,2,high_load,Dynamic,1507
2026-06-01 02:24:28,0.000000,0.500000,0.000000,0.000000,0.000000,84.088000,49.586000,3.067600,152.109800,2,high_load,Dynamic,1508
2026-06-01 02:24:29,0.000000,0.500000,0.000000,0.000000,0.000000,84.133000,49.589600,3.013500,149.438100,2,high_load,Dynamic,1509
2026-06-01 02:24:30,0.000000,0.350000,0.000000,0.000000,0.000000,84.128000,49.599600,2.849300,141.322500,2,high_load,Dynamic,1510
2026-06-01 02:24:31,0.361800,0.000000,0.706667,8.371510,0.004180,84.150000,49.520300,4.603000,227.726300,2,high_load,Dynamic,1511
2026-06-01 02:24:32,0.700000,0.000000,0.000000,13.850100,0.006900,84.143000,49.228500,10.309300,507.455200,2,high_load,Dynamic,1512
2026-06-01 02:24:33,0.210000,0.100000,-0.833333,4.155030,0.002070,84.132000,49.265700,9.508300,468.208700,2,high_load,Dynamic,1513
2026-06-01 02:24:34,0.000000,0.500000,0.000000,0.000000,0.000000,84.091000,49.491600,5.087400,251.760000,2,high_load,Dynamic,1514
2026-06-01 02:24:35,0.000000,0.500000,0.000000,0.000000,0.000000,84.096000,49.547700,3.732800,184.944700,2,high_load,Dynamic,1515
2026-06-01 02:24:36,0.000000,0.500000,0.000000,0.000000,0.000000,84.048000,49.563200,3.281900,162.662900,2,high_load,Dynamic,1516
2026-06-01 02:24:37,0.000000,0.500000,0.000000,0.000000,0.000000,84.094000,49.579900,3.075000,152.458800,2,high_load,Dynamic,1517
2026-06-01 02:24:38,0.000000,0.500000,0.000000,0.000000,0.000000,84.030000,49.579600,3.039900,150.716600,2,high_load,Dynamic,1518
2026-06-01 02:24:39,0.000000,0.500000,0.000000,0.000000,0.000000,84.074000,49.594000,3.033300,150.433200,2,high_load,Dynamic,1519
2026-06-01 02:24:40,0.033600,0.150000,0.275000,0.961000,0.000480,84.028000,49.581100,2.820700,139.834700,2,high_load,Dynamic,1520
2026-06-01 02:24:41,0.677160,0.000000,0.406667,14.310300,0.007140,84.016000,49.317100,8.108900,399.767800,2,high_load,Dynamic,1521
2026-06-01 02:24:42,0.630000,0.000000,-0.833333,12.465090,0.006210,84.005000,49.154900,11.582600,569.320600,2,high_load,Dynamic,1522
2026-06-01 02:24:43,0.000000,0.300000,0.000000,0.000000,0.000000,84.028000,49.371300,7.193800,355.043800,2,high_load,Dynamic,1523
2026-06-01 02:24:44,0.000000,0.500000,0.000000,0.000000,0.000000,84.030000,49.504600,4.392900,217.460700,2,high_load,Dynamic,1524
2026-06-01 02:24:45,0.000000,0.500000,0.000000,0.000000,0.000000,84.020000,49.544900,3.472700,172.055800,2,high_load,Dynamic,1525
2026-06-01 02:24:46,0.000000,0.500000,0.000000,0.000000,0.000000,83.980000,49.572300,3.207600,159.007500,2,high_load,Dynamic,1526
2026-06-01 02:24:47,0.000000,0.500000,0.000000,0.000000,0.000000,84.060000,49.589500,3.054400,151.467400,2,high_load,Dynamic,1527
2026-06-01 02:24:48,0.000000,0.500000,0.000000,0.000000,0.000000,83.977000,49.578800,3.006200,149.043400,2,high_load,Dynamic,1528
2026-06-01 02:24:49,0.000000,0.450000,0.000000,0.000000,0.000000,84.015000,49.586300,2.995300,148.526100,2,high_load,Dynamic,1529
2026-06-01 02:24:50,0.227000,0.000000,0.686667,5.712960,0.002870,83.970000,49.554700,3.522700,174.419200,2,high_load,Dynamic,1530
2026-06-01 02:24:51,0.700000,0.000000,0.000000,13.850100,0.006900,83.963000,49.259400,9.541100,469.914800,2,high_load,Dynamic,1531
2026-06-01 02:24:52,0.350000,0.000000,-0.666667,6.925050,0.003450,83.951000,49.188500,10.530400,517.828600,2,high_load,Dynamic,1532
2026-06-01 02:24:53,0.000000,0.450000,0.000000,0.000000,0.000000,83.965000,49.460900,5.419900,268.044000,2,high_load,Dynamic,1533
2026-06-01 02:24:54,0.000000,0.500000,0.000000,0.000000,0.000000,83.988000,49.526400,3.824500,189.411200,2,high_load,Dynamic,1534
2026-06-01 02:24:55,0.000000,0.500000,0.000000,0.000000,0.000000,83.970000,49.566100,3.281700,162.659100,2,high_load,Dynamic,1535
2026-06-01 02:24:56,0.000000,0.500000,0.000000,0.000000,0.000000,83.939000,49.562800,3.101300,153.710500,2,high_load,Dynamic,1536
2026-06-01 02:24:57,0.000000,0.500000,0.000000,0.000000,0.000000,84.002000,49.580400,3.051700,151.304300,2,high_load,Dynamic,1537
2026-06-01 02:24:58,0.000000,0.500000,0.000000,0.000000,0.000000,83.936000,49.573600,2.955400,146.510100,2,high_load,Dynamic,1538
2026-06-01 02:24:59,0.000000,0.300000,0.000000,0.000000,0.000000,83.965000,49.582200,2.782100,137.941200,2,high_load,Dynamic,1539
2026-06-01 02:25:00,0.509180,0.000000,0.706667,11.253980,0.005610,83.944000,49.437700,6.002200,296.454200,2,high_load,Dynamic,1540
2026-06-01 02:25:01,0.700000,0.000000,0.000000,13.850100,0.006900,83.926000,49.164900,11.004300,540.993400,2,high_load,Dynamic,1541
2026-06-01 02:25:02,0.070000,0.150000,-0.666667,1.385010,0.000690,83.939000,49.306100,8.276200,407.874300,2,high_load,Dynamic,1542
2026-06-01 02:25:03,0.000000,0.500000,0.000000,0.000000,0.000000,83.914000,49.477800,4.605100,227.835700,2,high_load,Dynamic,1543
2026-06-01 02:25:04,0.000000,0.500000,0.000000,0.000000,0.000000,83.938000,49.544400,3.572800,177.010200,2,high_load,Dynamic,1544
2026-06-01 02:25:05,0.000000,0.500000,0.000000,0.000000,0.000000,83.910000,49.543100,3.194800,158.279100,2,high_load,Dynamic,1545
2026-06-01 02:25:06,0.000000,0.500000,0.000000,0.000000,0.000000,83.889000,49.564900,3.060000,151.667500,2,high_load,Dynamic,1546
2026-06-01 02:25:07,0.000000,0.500000,0.000000,0.000000,0.000000,83.944000,49.575600,3.024500,149.941300,2,high_load,Dynamic,1547
2026-06-01 02:25:08,0.000000,0.500000,0.000000,0.000000,0.000000,83.877000,49.576700,2.985300,148.000900,2,high_load,Dynamic,1548
2026-06-01 02:25:09,0.156960,0.050000,0.692000,4.256860,0.002130,83.959000,49.553800,3.291100,163.002800,2,high_load,Dynamic,1549
2026-06-01 02:25:10,0.700000,0.000000,0.014667,13.887160,0.006920,83.941000,49.261800,9.161700,451.211300,2,high_load,Dynamic,1550
2026-06-01 02:25:11,0.420000,0.000000,-0.666667,8.310060,0.004140,83.929000,49.172400,10.866500,534.262400,2,high_load,Dynamic,1551
2026-06-01 02:25:12,0.000000,0.400000,0.000000,0.000000,0.000000,83.903000,49.444800,5.756700,284.619400,2,high_load,Dynamic,1552
2026-06-01 02:25:13,0.000000,0.500000,0.000000,0.000000,0.000000,83.872000,49.529300,3.937900,195.037700,2,high_load,Dynamic,1553
2026-06-01 02:25:14,0.000000,0.500000,0.000000,0.000000,0.000000,83.888000,49.546000,3.322900,164.636000,2,high_load,Dynamic,1554
2026-06-01 02:25:15,0.000000,0.500000,0.000000,0.000000,0.000000,83.860000,49.571000,3.111100,154.220100,2,high_load,Dynamic,1555
2026-06-01 02:25:16,0.000000,0.500000,0.000000,0.000000,0.000000,83.830000,49.546500,3.052100,151.220600,2,high_load,Dynamic,1556
2026-06-01 02:25:17,0.000000,0.500000,0.000000,0.000000,0.000000,83.846000,49.552400,3.010400,149.172100,2,high_load,Dynamic,1557
2026-06-01 02:25:18,0.000000,0.300000,0.000000,0.000000,0.000000,83.827000,49.587400,2.787300,138.211500,2,high_load,Dynamic,1558
2026-06-01 02:25:19,0.453460,0.000000,0.701095,10.234840,0.005100,83.820000,49.458200,5.249700,259.345000,2,high_load,Dynamic,1559
2026-06-01 02:25:20,0.700000,0.000000,0.000000,13.850100,0.006900,83.813000,49.180200,10.673100,524.879800,2,high_load,Dynamic,1560
2026-06-01 02:25:21,0.126000,0.100000,-0.800000,2.493010,0.001240,83.818000,49.273800,8.710600,428.959400,2,high_load,Dynamic,1561
2026-06-01 02:25:22,0.000000,0.500000,0.000000,0.000000,0.000000,83.813000,49.489700,4.731100,234.120500,2,high_load,Dynamic,1562
2026-06-01 02:25:23,0.000000,0.500000,0.000000,0.000000,0.000000,83.849000,49.535500,3.549600,175.830200,2,high_load,Dynamic,1563
2026-06-01 02:25:24,0.000000,0.500000,0.000000,0.000000,0.000000,83.822000,49.556500,3.224100,159.774600,2,high_load,Dynamic,1564
2026-06-01 02:25:25,0.000000,0.500000,0.000000,0.000000,0.000000,83.834000,49.545500,3.076900,152.446200,2,high_load,Dynamic,1565
2026-06-01 02:25:26,0.000000,0.500000,0.000000,0.000000,0.000000,83.856000,49.543500,3.045700,150.894600,2,high_load,Dynamic,1566
2026-06-01 02:25:27,0.000000,0.500000,0.000000,0.000000,0.000000,83.788000,49.538200,3.033400,150.269000,2,high_load,Dynamic,1567
2026-06-01 02:25:28,0.060180,0.070000,0.386143,1.691740,0.000850,83.860000,49.573000,2.865000,141.982100,2,high_load,Dynamic,1568
2026-06-01 02:25:29,0.691500,0.000000,0.301191,14.418470,0.007190,83.853000,49.292200,8.588200,423.220500,2,high_load,Dynamic,1569
2026-06-01 02:25:30,0.511000,0.000000,-0.716667,10.110570,0.005040,83.842000,49.143600,11.162600,548.531500,2,high_load,Dynamic,1570
2026-06-01 02:25:31,0.000000,0.315000,0.000000,0.000000,0.000000,83.831000,49.399800,6.043000,298.457500,2,high_load,Dynamic,1571
2026-06-01 02:25:32,0.000000,0.500000,0.000000,0.000000,0.000000,83.779000,49.494500,4.128200,204.320400,2,high_load,Dynamic,1572
2026-06-01 02:25:33,0.000000,0.500000,0.000000,0.000000,0.000000,83.798000,49.551900,3.368300,166.906100,2,high_load,Dynamic,1573
2026-06-01 02:25:34,0.000000,0.500000,0.000000,0.000000,0.000000,83.764000,49.551400,3.150500,156.111900,2,high_load,Dynamic,1574
2026-06-01 02:25:35,0.000000,0.500000,0.000000,0.000000,0.000000,83.793000,49.553000,3.046200,150.947800,2,high_load,Dynamic,1575
2026-06-01 02:25:36,0.000000,0.500000,0.000000,0.000000,0.000000,83.797000,49.556000,3.052400,151.264400,2,high_load,Dynamic,1576
2026-06-01 02:25:37,0.000000,0.370000,0.000000,0.000000,0.000000,83.746000,49.537000,2.934800,145.377400,2,high_load,Dynamic,1577
2026-06-01 02:25:38,0.403780,0.000000,0.706667,9.172190,0.004580,83.727000,49.465000,4.730000,233.724500,2,high_load,Dynamic,1578
2026-06-01 02:25:39,0.700000,0.000000,0.000000,13.850100,0.006900,83.726000,49.193900,10.378600,510.521700,2,high_load,Dynamic,1579
2026-06-01 02:25:40,0.231000,0.090000,-0.666667,4.570530,0.002280,83.704000,49.200600,10.166500,500.020300,2,high_load,Dynamic,1580
2026-06-01 02:25:41,0.000000,0.500000,0.000000,0.000000,0.000000,83.764000,49.442900,5.238800,259.002300,2,high_load,Dynamic,1581
2026-06-01 02:25:42,0.000000,0.500000,0.000000,0.000000,0.000000,83.724000,49.526000,3.785200,187.465200,2,high_load,Dynamic,1582
2026-06-01 02:25:43,0.000000,0.500000,0.000000,0.000000,0.000000,83.754000,49.554300,3.258800,161.487400,2,high_load,Dynamic,1583
2026-06-01 02:25:44,0.000000,0.500000,0.000000,0.000000,0.000000,83.714000,49.562500,3.120700,154.669400,2,high_load,Dynamic,1584
2026-06-01 02:25:45,0.000000,0.500000,0.000000,0.000000,0.000000,83.770000,49.541500,3.037000,150.456400,2,high_load,Dynamic,1585
2026-06-01 02:25:46,0.000000,0.500000,0.000000,0.000000,0.000000,83.760000,49.545889,3.012778,149.270222,2,high_load,Dynamic,1586
2026-06-01 02:25:47,0.003545,0.190909,0.033766,0.077464,0.000036,83.752727,49.594182,2.621727,130.012818,2,high_load,Dynamic,1587
2026-06-01 02:25:48,0.615100,0.000000,0.669524,13.342310,0.006660,83.756000,49.307400,7.407900,365.096400,2,high_load,Dynamic,1588
2026-06-01 02:25:49,0.700000,0.000000,0.000000,13.850100,0.006900,83.729000,49.131300,11.444200,562.245400,2,high_load,Dynamic,1589
2026-06-01 02:25:50,0.000000,0.250000,-0.666667,0.000000,0.000000,83.709000,49.301700,8.001500,394.314800,2,high_load,Dynamic,1590
2026-06-01 02:25:51,0.000000,0.500000,0.000000,0.000000,0.000000,83.730000,49.480100,4.570700,226.148500,2,high_load,Dynamic,1591
2026-06-01 02:25:52,0.000000,0.500000,0.000000,0.000000,0.000000,83.723000,49.523500,3.551400,175.873900,2,high_load,Dynamic,1592
2026-06-01 02:25:53,0.000000,0.500000,0.000000,0.000000,0.000000,83.720000,49.541200,3.180400,157.561200,2,high_load,Dynamic,1593
2026-06-01 02:25:54,0.000000,0.500000,0.000000,0.000000,0.000000,83.720000,49.563800,3.064900,151.907400,2,high_load,Dynamic,1594
2026-06-01 02:25:55,0.000000,0.500000,0.000000,0.000000,0.000000,83.715000,49.550900,3.016400,149.465700,2,high_load,Dynamic,1595
2026-06-01 02:25:56,0.000000,0.500000,0.000000,0.000000,0.000000,83.710000,49.563500,2.996800,148.532300,2,high_load,Dynamic,1596
2026-06-01 02:25:57,0.131400,0.005000,0.642857,3.689980,0.001840,83.710000,49.535100,3.140300,155.476000,2,high_load,Dynamic,1597
2026-06-01 02:25:58,0.700000,0.000000,0.063809,14.011340,0.006980,83.703000,49.250100,9.113000,448.709900,2,high_load,Dynamic,1598
2026-06-01 02:25:59,0.420000,0.000000,-0.666667,8.310060,0.004140,83.692000,49.155300,10.836500,532.606900,2,high_load,Dynamic,1599
2026-06-01 02:26:00,0.000000,0.450000,0.000000,0.000000,0.000000,83.673000,49.405200,5.884600,290.699200,2,high_load,Dynamic,1600
2026-06-01 02:26:01,0.000000,0.500000,0.000000,0.000000,0.000000,83.680000,49.504600,4.005500,198.284900,2,high_load,Dynamic,1601
2026-06-01 02:26:02,0.000000,0.500000,0.000000,0.000000,0.000000,83.672000,49.526100,3.326500,164.746900,2,high_load,Dynamic,1602
2026-06-01 02:26:03,0.000000,0.500000,0.000000,0.000000,0.000000,83.670000,49.547000,3.108400,154.011700,2,high_load,Dynamic,1603
2026-06-01 02:26:04,0.000000,0.500000,0.000000,0.000000,0.000000,83.661111,49.535111,3.032333,150.206000,2,high_load,Dynamic,1604
2026-06-01 02:26:05,0.000000,0.500000,0.000000,0.000000,0.000000,83.666000,49.558000,3.017400,149.534800,2,high_load,Dynamic,1605
2026-06-01 02:26:06,0.000000,0.350000,0.000000,0.000000,0.000000,83.660000,49.541400,2.859100,141.644100,2,high_load,Dynamic,1606
2026-06-01 02:26:07,0.419800,0.000000,0.706667,9.614180,0.004790,83.652000,49.437600,5.350100,264.266600,2,high_load,Dynamic,1607
2026-06-01 02:26:08,0.700000,0.000000,0.000000,13.850100,0.006900,83.641000,49.162700,10.707000,526.346000,2,high_load,Dynamic,1608
2026-06-01 02:26:09,0.210000,0.050000,-0.666667,4.155030,0.002070,83.602000,49.207700,9.614700,472.871800,2,high_load,Dynamic,1609
2026-06-01 02:26:10,0.000000,0.500000,0.000000,0.000000,0.000000,83.622727,49.461273,4.904545,242.559273,2,high_load,Dynamic,1610
2026-06-01 02:26:11,0.000000,0.500000,0.000000,0.000000,0.000000,83.570000,49.490111,3.660222,181.143333,2,high_load,Dynamic,1611
2026-06-01 02:26:12,0.000000,0.500000,0.000000,0.000000,0.000000,83.572000,49.528700,3.242300,160.586700,2,high_load,Dynamic,1612
2026-06-01 02:26:13,0.000000,0.500000,0.000000,0.000000,0.000000,83.555000,49.527600,3.100400,153.555400,2,high_load,Dynamic,1613
2026-06-01 02:26:14,0.000000,0.500000,0.000000,0.000000,0.000000,83.611000,49.537900,3.001500,148.687900,2,high_load,Dynamic,1614
2026-06-01 02:26:15,0.000000,0.500000,0.000000,0.000000,0.000000,83.538000,49.529300,3.022900,149.721700,2,high_load,Dynamic,1615
2026-06-01 02:26:16,0.000000,0.200000,0.000000,0.000000,0.000000,83.554000,49.570000,2.582300,128.002200,2,high_load,Dynamic,1616
2026-06-01 02:26:17,0.577100,0.000000,0.706667,12.626640,0.006300,83.531000,49.352800,6.690500,329.986400,2,high_load,Dynamic,1617
2026-06-01 02:26:18,0.700000,0.000000,0.000000,13.850100,0.006900,83.529000,49.119700,11.242800,552.205700,2,high_load,Dynamic,1618
2026-06-01 02:26:19,0.000000,0.200000,-0.666667,0.000000,0.000000,83.510000,49.300300,7.553600,372.205200,2,high_load,Dynamic,1619
2026-06-01 02:26:20,0.000000,0.500000,0.000000,0.000000,0.000000,83.532000,49.447200,4.458600,220.459200,2,high_load,Dynamic,1620
2026-06-01 02:26:21,0.000000,0.500000,0.000000,0.000000,0.000000,83.535000,49.514200,3.502700,173.434000,2,high_load,Dynamic,1621
2026-06-01 02:26:22,0.000000,0.500000,0.000000,0.000000,0.000000,83.530000,49.538000,3.172800,157.174400,2,high_load,Dynamic,1622
2026-06-01 02:26:23,0.000000,0.500000,0.000000,0.000000,0.000000,83.489000,49.529300,3.067000,151.906800,2,high_load,Dynamic,1623
2026-06-01 02:26:24,0.000000,0.500000,0.000000,0.000000,0.000000,83.561000,49.526900,3.003200,148.739100,2,high_load,Dynamic,1624
2026-06-01 02:26:25,0.000000,0.500000,0.000000,0.000000,0.000000,83.480000,49.535500,3.018500,149.521800,2,high_load,Dynamic,1625
2026-06-01 02:26:26,0.159160,0.050000,0.695809,4.300220,0.002160,83.552000,49.516100,3.298200,163.234800,2,high_load,Dynamic,1626
2026-06-01 02:26:27,0.700000,0.000000,0.010857,13.877530,0.006920,83.555000,49.225800,9.183300,451.960700,2,high_load,Dynamic,1627
2026-06-01 02:26:28,0.490000,0.000000,-0.666667,9.695070,0.004830,83.543000,49.126200,11.324300,556.272600,2,high_load,Dynamic,1628
2026-06-01 02:26:29,0.000000,0.350000,0.000000,0.000000,0.000000,83.500000,49.377400,6.156200,303.917600,2,high_load,Dynamic,1629
2026-06-01 02:26:30,0.000000,0.500000,0.000000,0.000000,0.000000,83.480000,49.469100,4.062100,200.944700,2,high_load,Dynamic,1630
2026-06-01 02:26:31,0.000000,0.500000,0.000000,0.000000,0.000000,83.483000,49.516700,3.380500,167.389900,2,high_load,Dynamic,1631
2026-06-01 02:26:32,0.000000,0.500000,0.000000,0.000000,0.000000,83.464000,49.523200,3.136900,155.347900,2,high_load,Dynamic,1632
2026-06-01 02:26:33,0.000000,0.500000,0.000000,0.000000,0.000000,83.434000,49.517000,3.040800,150.571400,2,high_load,Dynamic,1633
2026-06-01 02:26:34,0.000000,0.500000,0.000000,0.000000,0.000000,83.499000,49.537200,3.018100,149.508200,2,high_load,Dynamic,1634
2026-06-01 02:26:35,0.000000,0.400000,0.000000,0.000000,0.000000,83.430000,49.506200,2.910500,144.087100,2,high_load,Dynamic,1635
2026-06-01 02:26:36,0.367100,0.000000,0.706667,8.506260,0.004250,83.427000,49.455500,4.675900,231.000700,2,high_load,Dynamic,1636
2026-06-01 02:26:37,0.700000,0.000000,0.000000,13.850100,0.006900,83.417000,49.155500,10.356000,509.013400,2,high_load,Dynamic,1637
2026-06-01 02:26:38,0.280000,0.050000,-0.666667,5.540040,0.002760,83.404000,49.167600,10.193500,500.992600,2,high_load,Dynamic,1638
2026-06-01 02:26:39,0.000000,0.500000,0.000000,0.000000,0.000000,83.447000,49.391400,5.326900,263.078300,2,high_load,Dynamic,1639
2026-06-01 02:26:40,0.000000,0.500000,0.000000,0.000000,0.000000,83.425000,49.480700,3.818600,188.941100,2,high_load,Dynamic,1640
2026-06-01 02:26:41,0.000000,0.500000,0.000000,0.000000,0.000000,83.422000,49.509800,3.327400,164.738700,2,high_load,Dynamic,1641
2026-06-01 02:26:42,0.000000,0.500000,0.000000,0.000000,0.000000,83.389000,49.527700,3.108700,153.965500,2,high_load,Dynamic,1642
2026-06-01 02:26:43,0.000000,0.500000,0.000000,0.000000,0.000000,83.380000,49.512000,3.036200,150.327900,2,high_load,Dynamic,1643
2026-06-01 02:26:44,0.000000,0.500000,0.000000,0.000000,0.000000,83.380000,49.518400,3.027700,149.926400,2,high_load,Dynamic,1644
2026-06-01 02:26:45,0.020460,0.115000,0.191429,0.593020,0.000290,83.460000,49.558800,2.646200,131.127400,2,high_load,Dynamic,1645
2026-06-01 02:26:46,0.659000,0.000000,0.515238,14.131500,0.007050,83.456000,49.270100,7.990900,393.573300,2,high_load,Dynamic,1646
2026-06-01 02:26:47,0.602000,0.000000,-0.733333,11.911080,0.005940,83.445000,49.099800,11.283000,553.971800,2,high_load,Dynamic,1647
2026-06-01 02:26:48,0.000000,0.325000,0.000000,0.000000,0.000000,83.426000,49.333900,6.631600,327.100000,2,high_load,Dynamic,1648
2026-06-01 02:26:49,0.000000,0.500000,0.000000,0.000000,0.000000,83.398000,49.457400,4.299100,212.606900,2,high_load,Dynamic,1649
2026-06-01 02:26:50,0.000000,0.500000,0.000000,0.000000,0.000000,83.394000,49.495400,3.447900,170.654100,2,high_load,Dynamic,1650
2026-06-01 02:26:51,0.000000,0.500000,0.000000,0.000000,0.000000,83.380000,49.510300,3.170000,156.946600,2,high_load,Dynamic,1651
2026-06-01 02:26:52,0.000000,0.500000,0.000000,0.000000,0.000000,83.378000,49.514700,3.099800,153.485100,2,high_load,Dynamic,1652
2026-06-01 02:26:53,0.000000,0.500000,0.000000,0.000000,0.000000,83.420000,49.545800,2.966900,146.997400,2,high_load,Dynamic,1653
2026-06-01 02:26:54,0.000000,0.410000,0.000000,0.000000,0.000000,83.330000,49.527100,2.995100,148.337900,2,high_load,Dynamic,1654
2026-06-01 02:26:55,0.333660,0.000000,0.667524,7.734800,0.003850,83.337000,49.443700,4.234700,209.180200,2,high_load,Dynamic,1655
2026-06-01 02:26:56,0.700000,0.000000,0.000000,13.850100,0.006900,83.318000,49.159900,10.000300,491.546700,2,high_load,Dynamic,1656
2026-06-01 02:26:57,0.231000,0.020000,-0.716667,4.570530,0.002280,83.306000,49.155900,10.022200,492.431600,2,high_load,Dynamic,1657
2026-06-01 02:26:58,0.000000,0.500000,0.000000,0.000000,0.000000,83.381000,49.408100,4.985000,246.286100,2,high_load,Dynamic,1658
2026-06-01 02:26:59,0.000000,0.500000,0.000000,0.000000,0.000000,83.340000,49.479600,3.715200,183.823300,2,high_load,Dynamic,1659
2026-06-01 02:27:00,0.000000,0.500000,0.000000,0.000000,0.000000,83.335000,49.497700,3.224100,159.585900,2,high_load,Dynamic,1660
2026-06-01 02:27:01,0.000000,0.500000,0.000000,0.000000,0.000000,83.330000,49.504700,3.072900,152.123300,2,high_load,Dynamic,1661
2026-06-01 02:27:02,0.000000,0.500000,0.000000,0.000000,0.000000,83.328000,49.526600,3.041700,150.644400,2,high_load,Dynamic,1662
2026-06-01 02:27:03,0.000000,0.500000,0.000000,0.000000,0.000000,83.370000,49.531500,3.016400,149.406500,2,high_load,Dynamic,1663
2026-06-01 02:27:04,0.000000,0.215000,0.000000,0.000000,0.000000,83.280000,49.520700,2.650800,131.265800,2,high_load,Dynamic,1664
2026-06-01 02:27:05,0.543660,0.000000,0.686333,11.924890,0.005940,83.277000,49.365200,5.941700,293.046900,2,high_load,Dynamic,1665
2026-06-01 02:27:06,0.700000,0.000000,0.000000,13.850100,0.006900,83.266000,49.115000,10.925100,536.554700,2,high_load,Dynamic,1666
2026-06-01 02:27:07,0.119000,0.175000,-0.716667,2.354510,0.001170,83.254000,49.205700,9.043200,444.750100,2,high_load,Dynamic,1667
2026-06-01 02:27:08,0.000000,0.500000,0.000000,0.000000,0.000000,83.322000,49.412400,4.775900,235.973400,2,high_load,Dynamic,1668
2026-06-01 02:27:09,0.000000,0.500000,0.000000,0.000000,0.000000,83.303000,49.486200,3.619100,179.091400,2,high_load,Dynamic,1669
2026-06-01 02:27:10,0.000000,0.500000,0.000000,0.000000,0.000000,83.290000,49.486100,3.192500,157.985300,2,high_load,Dynamic,1670
2026-06-01 02:27:11,0.000000,0.500000,0.000000,0.000000,0.000000,83.288000,49.518400,3.045900,150.828700,2,high_load,Dynamic,1671
2026-06-01 02:27:12,0.000000,0.500000,0.000000,0.000000,0.000000,83.284000,49.508400,3.025000,149.762300,2,high_load,Dynamic,1672
2026-06-01 02:27:13,0.000000,0.500000,0.000000,0.000000,0.000000,83.316000,49.515300,2.982100,147.658500,2,high_load,Dynamic,1673
2026-06-01 02:27:14,0.124200,0.060000,0.625714,3.405670,0.001710,83.230000,49.506200,3.028400,149.886000,2,high_load,Dynamic,1674
2026-06-01 02:27:15,0.700000,0.000000,0.080952,14.054660,0.007000,83.240000,49.221600,8.769800,431.555900,2,high_load,Dynamic,1675
2026-06-01 02:27:16,0.490000,0.000000,-0.666667,9.695070,0.004830,83.261000,49.107200,11.201300,550.021900,2,high_load,Dynamic,1676
2026-06-01 02:27:17,0.000000,0.335000,0.000000,0.000000,0.000000,83.226000,49.332700,6.436400,317.457400,2,high_load,Dynamic,1677
2026-06-01 02:27:18,0.000000,0.500000,0.000000,0.000000,0.000000,83.272000,49.456100,4.089000,202.218200,2,high_load,Dynamic,1678
2026-06-01 02:27:19,0.000000,0.500000,0.000000,0.000000,0.000000,83.278889,49.504333,3.384778,167.556111,2,high_load,Dynamic,1679
2026-06-01 02:27:20,0.000000,0.500000,0.000000,0.000000,0.000000,83.270000,49.503000,3.126545,154.773455,2,high_load,Dynamic,1680
2026-06-01 02:27:21,0.000000,0.500000,0.000000,0.000000,0.000000,83.260000,49.500444,3.052222,151.086333,2,high_load,Dynamic,1681
2026-06-01 02:27:22,0.000000,0.500000,0.000000,0.000000,0.000000,83.261818,49.519273,2.999818,148.548545,2,high_load,Dynamic,1682
2026-06-01 02:27:23,0.000000,0.388889,0.000000,0.000000,0.000000,83.208889,49.502444,2.934778,145.280444,2,high_load,Dynamic,1683
2026-06-01 02:27:24,0.360500,0.000000,0.706667,8.381680,0.004190,83.178000,49.407400,4.696400,231.792400,2,high_load,Dynamic,1684
2026-06-01 02:27:25,0.700000,0.000000,0.000000,13.850100,0.006900,83.192000,49.144300,10.353400,508.763800,2,high_load,Dynamic,1685
2026-06-01 02:27:26,0.280000,0.050000,-0.666667,5.540040,0.002760,83.165000,49.147000,10.176900,499.981800,2,high_load,Dynamic,1686
2026-06-01 02:27:27,0.000000,0.500000,0.000000,0.000000,0.000000,83.206000,49.388900,5.386500,266.006100,2,high_load,Dynamic,1687
2026-06-01 02:27:28,0.000000,0.500000,0.000000,0.000000,0.000000,83.194000,49.452500,3.811200,188.468700,2,high_load,Dynamic,1688
2026-06-01 02:27:29,0.000000,0.500000,0.000000,0.000000,0.000000,83.215000,49.497400,3.288300,162.762700,2,high_load,Dynamic,1689
2026-06-01 02:27:30,0.000000,0.500000,0.000000,0.000000,0.000000,83.169091,49.490818,3.117182,154.271636,2,high_load,Dynamic,1690
2026-06-01 02:27:31,0.000000,0.500000,0.000000,0.000000,0.000000,83.200000,49.508000,3.020889,149.558889,2,high_load,Dynamic,1691
2026-06-01 02:27:32,0.000000,0.500000,0.000000,0.000000,0.000000,83.181000,49.482200,3.006600,148.773000,2,high_load,Dynamic,1692
2026-06-01 02:27:33,0.000000,0.200000,0.000000,0.000000,0.000000,83.154000,49.518600,2.535600,125.546800,2,high_load,Dynamic,1693
2026-06-01 02:27:34,0.572760,0.000000,0.706667,12.570820,0.006270,83.141000,49.304900,6.703300,330.265300,2,high_load,Dynamic,1694
2026-06-01 02:27:35,0.700000,0.000000,0.000000,13.850100,0.006900,83.122000,49.086300,11.212900,550.370600,2,high_load,Dynamic,1695
2026-06-01 02:27:36,0.000000,0.200000,-0.666667,0.000000,0.000000,83.118000,49.271100,7.588500,373.720400,2,high_load,Dynamic,1696
2026-06-01 02:27:37,0.000000,0.500000,0.000000,0.000000,0.000000,83.158182,49.428727,4.366636,215.821000,2,high_load,Dynamic,1697
2026-06-01 02:27:38,0.000000,0.500000,0.000000,0.000000,0.000000,83.120000,49.485000,3.502333,173.314778,2,high_load,Dynamic,1698
2026-06-01 02:27:39,0.000000,0.500000,0.000000,0.000000,0.000000,83.147000,49.502100,3.191800,157.998000,2,high_load,Dynamic,1699
2026-06-01 02:27:40,0.000000,0.500000,0.000000,0.000000,0.000000,83.114000,49.495200,3.041000,150.514400,2,high_load,Dynamic,1700
2026-06-01 02:27:41,0.000000,0.500000,0.000000,0.000000,0.000000,83.161000,49.507500,2.984600,147.760600,2,high_load,Dynamic,1701
2026-06-01 02:27:42,0.000000,0.500000,0.000000,0.000000,0.000000,83.123000,49.510200,3.033200,150.174200,2,high_load,Dynamic,1702
2026-06-01 02:27:43,0.220000,0.000000,0.706667,5.547780,0.002780,83.160000,49.473700,3.690700,182.461100,2,high_load,Dynamic,1703
2026-06-01 02:27:44,0.700000,0.000000,0.000000,13.850100,0.006900,83.156000,49.172400,9.615000,472.723800,2,high_load,Dynamic,1704
2026-06-01 02:27:45,0.420000,0.000000,-0.666667,8.310060,0.004140,83.144000,49.091300,11.010200,540.426900,2,high_load,Dynamic,1705
2026-06-01 02:27:46,0.000000,0.450000,0.000000,0.000000,0.000000,83.068000,49.340800,5.923100,292.201600,2,high_load,Dynamic,1706
2026-06-01 02:27:47,0.000000,0.500000,0.000000,0.000000,0.000000,83.090000,49.439000,4.057500,200.589400,2,high_load,Dynamic,1707
2026-06-01 02:27:48,0.000000,0.500000,0.000000,0.000000,0.000000,83.067000,49.457200,3.384800,167.402300,2,high_load,Dynamic,1708
2026-06-01 02:27:49,0.000000,0.500000,0.000000,0.000000,0.000000,83.080000,49.494200,3.113200,154.085100,2,high_load,Dynamic,1709
2026-06-01 02:27:50,0.000000,0.500000,0.000000,0.000000,0.000000,83.056000,49.494300,3.027900,149.863400,2,high_load,Dynamic,1710
2026-06-01 02:27:51,0.000000,0.500000,0.000000,0.000000,0.000000,83.093000,49.506100,3.029600,149.984200,2,high_load,Dynamic,1711
2026-06-01 02:27:52,0.000000,0.300000,0.000000,0.000000,0.000000,83.038000,49.497900,2.770400,137.124200,2,high_load,Dynamic,1712
2026-06-01 02:27:53,0.439160,0.000000,0.706667,9.908840,0.004960,83.028000,49.364500,5.261000,259.426700,2,high_load,Dynamic,1713
2026-06-01 02:27:54,0.700000,0.000000,0.000000,13.850100,0.006900,83.025000,49.109400,10.685000,524.695400,2,high_load,Dynamic,1714
2026-06-01 02:27:55,0.140000,0.100000,-0.666667,2.770020,0.001380,83.014000,49.188500,8.890900,437.076300,2,high_load,Dynamic,1715
2026-06-01 02:27:56,0.000000,0.500000,0.000000,0.000000,0.000000,83.034000,49.404000,4.734300,233.879100,2,high_load,Dynamic,1716
2026-06-01 02:27:57,0.000000,0.500000,0.000000,0.000000,0.000000,83.030000,49.457200,3.600600,178.074100,2,high_load,Dynamic,1717
2026-06-01 02:27:58,0.000000,0.500000,0.000000,0.000000,0.000000,83.008000,49.477400,3.181000,157.388200,2,high_load,Dynamic,1718
2026-06-01 02:27:59,0.000000,0.500000,0.000000,0.000000,0.000000,83.022000,49.470600,3.080400,152.388400,2,high_load,Dynamic,1719
2026-06-01 02:28:00,0.000000,0.500000,0.000000,0.000000,0.000000,82.998000,49.481300,3.022900,149.576700,2,high_load,Dynamic,1720
2026-06-01 02:28:01,0.000000,0.500000,0.000000,0.000000,0.000000,83.052000,49.496900,3.010100,148.991000,2,high_load,Dynamic,1721
2026-06-01 02:28:02,0.040800,0.150000,0.294286,1.126400,0.000570,82.980000,49.483400,2.797100,138.392600,2,high_load,Dynamic,1722
2026-06-01 02:28:03,0.680360,0.000000,0.411810,14.412610,0.007190,82.975000,49.217600,8.117000,399.350900,2,high_load,Dynamic,1723
2026-06-01 02:28:04,0.630000,0.000000,-0.666667,12.465090,0.006210,82.964000,49.053200,11.559400,567.009500,2,high_load,Dynamic,1724
2026-06-01 02:28:05,0.000000,0.250000,0.000000,0.000000,0.000000,82.952000,49.289600,7.057800,347.769000,2,high_load,Dynamic,1725
2026-06-01 02:28:06,0.000000,0.500000,0.000000,0.000000,0.000000,82.982000,49.430000,4.306800,212.879900,2,high_load,Dynamic,1726
2026-06-01 02:28:07,0.000000,0.500000,0.000000,0.000000,0.000000,82.987000,49.448800,3.452500,170.719200,2,high_load,Dynamic,1727
2026-06-01 02:28:08,0.000000,0.500000,0.000000,0.000000,0.000000,82.976000,49.479200,3.178000,157.244400,2,high_load,Dynamic,1728
2026-06-01 02:28:09,0.000000,0.500000,0.000000,0.000000,0.000000,82.972000,49.474900,3.029400,149.880500,2,high_load,Dynamic,1729
2026-06-01 02:28:10,0.000000,0.500000,0.000000,0.000000,0.000000,82.943000,49.486200,3.006600,148.785900,2,high_load,Dynamic,1730
2026-06-01 02:28:11,0.000000,0.450000,0.000000,0.000000,0.000000,83.002000,49.473800,2.978100,147.338300,2,high_load,Dynamic,1731
2026-06-01 02:28:12,0.229160,0.000000,0.706667,5.784120,0.002890,82.938000,49.445600,3.540400,174.937900,2,high_load,Dynamic,1732
2026-06-01 02:28:13,0.700000,0.000000,0.000000,13.850100,0.006900,82.922000,49.155400,9.554600,469.602700,2,high_load,Dynamic,1733
2026-06-01 02:28:14,0.350000,0.000000,-0.666667,6.925050,0.003450,82.911000,49.102800,10.493600,515.101700,2,high_load,Dynamic,1734
2026-06-01 02:28:15,0.000000,0.450000,0.000000,0.000000,0.000000,82.900000,49.350300,5.411800,267.047600,2,high_load,Dynamic,1735
2026-06-01 02:28:16,0.000000,0.500000,0.000000,0.000000,0.000000,82.932000,49.420700,3.849900,190.259600,2,high_load,Dynamic,1736
2026-06-01 02:28:17,0.000000,0.500000,0.000000,0.000000,0.000000,82.928000,49.469000,3.291000,162.800600,2,high_load,Dynamic,1737
2026-06-01 02:28:18,0.000000,0.500000,0.000000,0.000000,0.000000,82.935000,49.484300,3.100400,153.421800,2,high_load,Dynamic,1738
2026-06-01 02:28:19,0.000000,0.500000,0.000000,0.000000,0.000000,82.922000,49.464200,3.018400,149.302400,2,high_load,Dynamic,1739
2026-06-01 02:28:20,0.000000,0.500000,0.000000,0.000000,0.000000,82.885000,49.459100,3.012200,148.980100,2,high_load,Dynamic,1740
2026-06-01 02:28:21,0.000000,0.227273,0.000000,0.000000,0.000000,82.961818,49.508273,2.623818,129.892091,2,high_load,Dynamic,1741
2026-06-01 02:28:22,0.567956,0.000000,0.784550,12.568156,0.006267,82.960000,49.325333,6.394000,315.216778,2,high_load,Dynamic,1742
2026-06-01 02:28:23,0.700000,0.000000,0.000000,13.850100,0.006900,82.953000,49.095000,10.935100,536.808200,2,high_load,Dynamic,1743
2026-06-01 02:28:24,0.140000,0.100000,-0.666667,2.770020,0.001380,82.941000,49.188700,8.956900,440.356300,2,high_load,Dynamic,1744
2026-06-01 02:28:25,0.000000,0.500000,0.000000,0.000000,0.000000,82.868000,49.371100,4.801000,237.024500,2,high_load,Dynamic,1745
2026-06-01 02:28:26,0.000000,0.500000,0.000000,0.000000,0.000000,82.880000,49.445000,3.624100,179.192000,2,high_load,Dynamic,1746
2026-06-01 02:28:27,0.000000,0.500000,0.000000,0.000000,0.000000,82.867000,49.467500,3.218800,159.225200,2,high_load,Dynamic,1747
2026-06-01 02:28:28,0.000000,0.500000,0.000000,0.000000,0.000000,82.890000,49.480300,3.096400,153.209800,2,high_load,Dynamic,1748
2026-06-01 02:28:29,0.000000,0.500000,0.000000,0.000000,0.000000,82.864000,49.484500,3.008700,148.883300,2,high_load,Dynamic,1749
2026-06-01 02:28:30,0.000000,0.500000,0.000000,0.000000,0.000000,82.839000,49.465000,3.036700,150.210200,2,high_load,Dynamic,1750
2026-06-01 02:28:31,0.040800,0.150000,0.294286,1.084080,0.000540,82.889000,49.487700,2.818500,139.460500,2,high_load,Dynamic,1751
2026-06-01 02:28:32,0.676160,0.000000,0.412381,14.291970,0.007130,82.901000,49.208600,8.105000,398.674900,2,high_load,Dynamic,1752
2026-06-01 02:28:33,0.630000,0.000000,-0.666667,12.465090,0.006210,82.890000,49.046400,11.559500,566.939500,2,high_load,Dynamic,1753
2026-06-01 02:28:34,0.000000,0.300000,0.000000,0.000000,0.000000,82.889000,49.262000,7.193800,354.261500,2,high_load,Dynamic,1754
2026-06-01 02:28:35,0.000000,0.500000,0.000000,0.000000,0.000000,82.816000,49.400700,4.427100,218.701400,2,high_load,Dynamic,1755
2026-06-01 02:28:36,0.000000,0.500000,0.000000,0.000000,0.000000,82.829000,49.451400,3.493400,172.751000,2,high_load,Dynamic,1756
2026-06-01 02:28:37,0.000000,0.500000,0.000000,0.000000,0.000000,82.814000,49.456000,3.175300,157.037800,2,high_load,Dynamic,1757
2026-06-01 02:28:38,0.000000,0.500000,0.000000,0.000000,0.000000,82.838000,49.470000,3.081200,152.426300,2,high_load,Dynamic,1758
2026-06-01 02:28:39,0.000000,0.500000,0.000000,0.000000,0.000000,82.813000,49.463000,2.999300,148.354600,2,high_load,Dynamic,1759
2026-06-01 02:28:40,0.000000,0.400000,0.000000,0.000000,0.000000,82.789000,49.464200,2.960400,146.432000,2,high_load,Dynamic,1760
2026-06-01 02:28:41,0.298900,0.000000,0.706429,7.189680,0.003600,82.780000,49.415000,4.015200,198.219700,2,high_load,Dynamic,1761
2026-06-01 02:28:42,0.700000,0.000000,0.000000,13.850100,0.006900,82.772000,49.111400,9.973000,489.732200,2,high_load,Dynamic,1762
2026-06-01 02:28:43,0.350000,0.000000,-0.666667,6.925050,0.003450,82.759000,49.092300,10.590800,519.768200,2,high_load,Dynamic,1763
2026-06-01 02:28:44,0.000000,0.500000,0.000000,0.000000,0.000000,82.808000,49.345000,5.678700,280.169400,2,high_load,Dynamic,1764
2026-06-01 02:28:45,0.000000,0.500000,0.000000,0.000000,0.000000,82.749000,49.412200,3.924300,193.906900,2,high_load,Dynamic,1765
2026-06-01 02:28:46,0.000000,0.500000,0.000000,0.000000,0.000000,82.740000,49.455100,3.291700,162.790500,2,high_load,Dynamic,1766
2026-06-01 02:28:47,0.000000,0.500000,0.000000,0.000000,0.000000,82.740000,49.457600,3.092900,152.966900,2,high_load,Dynamic,1767
2026-06-01 02:28:48,0.000000,0.500000,0.000000,0.000000,0.000000,82.740000,49.456800,3.071600,151.912300,2,high_load,Dynamic,1768
2026-06-01 02:28:49,0.000000,0.500000,0.000000,0.000000,0.000000,82.731000,49.461900,3.010900,148.924000,2,high_load,Dynamic,1769
2026-06-01 02:28:50,0.000000,0.250000,0.000000,0.000000,0.000000,82.730000,49.460800,2.674500,132.273300,2,high_load,Dynamic,1770
2026-06-01 02:28:51,0.589900,0.000000,0.666667,12.832800,0.006400,82.727000,49.263200,6.796200,334.593700,2,high_load,Dynamic,1771
2026-06-01 02:28:52,0.700000,0.000000,0.000000,13.850100,0.006900,82.716000,49.043400,11.216000,550.051600,2,high_load,Dynamic,1772
2026-06-01 02:28:53,0.000000,0.200000,-0.833333,0.000000,0.000000,82.705000,49.227700,7.608700,374.405900,2,high_load,Dynamic,1773
2026-06-01 02:28:54,0.000000,0.500000,0.000000,0.000000,0.000000,82.700000,49.394300,4.425100,218.568000,2,high_load,Dynamic,1774
2026-06-01 02:28:55,0.000000,0.500000,0.000000,0.000000,0.000000,82.698000,49.421600,3.508400,173.390100,2,high_load,Dynamic,1775
2026-06-01 02:28:56,0.000000,0.500000,0.000000,0.000000,0.000000,82.690000,49.449300,3.171200,156.812600,2,high_load,Dynamic,1776
2026-06-01 02:28:57,0.000000,0.500000,0.000000,0.000000,0.000000,82.690000,49.448200,3.098600,153.220100,2,high_load,Dynamic,1777
2026-06-01 02:28:58,0.000000,0.500000,0.000000,0.000000,0.000000,82.690000,49.443400,3.009000,148.775700,2,high_load,Dynamic,1778
2026-06-01 02:28:59,0.000000,0.500000,0.000000,0.000000,0.000000,82.681000,49.472300,3.005700,148.698800,2,high_load,Dynamic,1779
2026-06-01 02:29:00,0.168100,0.050000,0.694524,4.472890,0.002230,82.680000,49.443000,3.322700,164.194700,2,high_load,Dynamic,1780
2026-06-01 02:29:01,0.700000,0.000000,0.000000,13.850100,0.006900,82.674000,49.140700,9.126900,448.402100,2,high_load,Dynamic,1781
2026-06-01 02:29:02,0.420000,0.000000,-0.666667,8.310060,0.004140,82.663000,49.058600,10.900300,534.669700,2,high_load,Dynamic,1782
2026-06-01 02:29:03,0.000000,0.400000,0.000000,0.000000,0.000000,82.653000,49.335500,5.715500,281.936200,2,high_load,Dynamic,1783
2026-06-01 02:29:04,0.000000,0.500000,0.000000,0.000000,0.000000,82.658000,49.423700,3.912000,193.339500,2,high_load,Dynamic,1784
2026-06-01 02:29:05,0.000000,0.500000,0.000000,0.000000,0.000000,82.647000,49.434600,3.373700,166.774700,2,high_load,Dynamic,1785
2026-06-01 02:29:06,0.000000,0.500000,0.000000,0.000000,0.000000,82.640000,49.444600,3.107300,153.639200,2,high_load,Dynamic,1786
2026-06-01 02:29:07,0.000000,0.500000,0.000000,0.000000,0.000000,82.640000,49.449100,3.043800,150.514000,2,high_load,Dynamic,1787
2026-06-01 02:29:08,0.000000,0.500000,0.000000,0.000000,0.000000,82.640000,49.461800,3.015800,149.166300,2,high_load,Dynamic,1788
2026-06-01 02:29:09,0.000000,0.300000,0.000000,0.000000,0.000000,82.630000,49.458000,2.762900,136.641200,2,high_load,Dynamic,1789
2026-06-01 02:29:10,0.448700,0.000000,0.706667,10.067130,0.005020,82.630000,49.348600,5.193000,255.996300,2,high_load,Dynamic,1790
2026-06-01 02:29:11,0.700000,0.000000,0.000000,13.850100,0.006900,82.622000,49.063600,10.625000,521.262700,2,high_load,Dynamic,1791
2026-06-01 02:29:12,0.210000,0.050000,-0.666667,4.155030,0.002070,82.610000,49.125600,9.575800,470.152900,2,high_load,Dynamic,1792
2026-06-01 02:29:13,0.000000,0.500000,0.000000,0.000000,0.000000,82.600000,49.351800,4.993900,246.450800,2,high_load,Dynamic,1793
2026-06-01 02:29:14,0.000000,0.500000,0.000000,0.000000,0.000000,82.600000,49.410600,3.711500,183.383700,2,high_load,Dynamic,1794
2026-06-01 02:29:15,0.000000,0.500000,0.000000,0.000000,0.000000,82.594000,49.453500,3.249500,160.698000,2,high_load,Dynamic,1795
2026-06-01 02:29:16,0.000000,0.500000,0.000000,0.000000,0.000000,82.590000,49.454600,3.094100,153.016900,2,high_load,Dynamic,1796
2026-06-01 02:29:17,0.000000,0.500000,0.000000,0.000000,0.000000,82.590000,49.447400,3.030500,149.850200,2,high_load,Dynamic,1797
2026-06-01 02:29:18,0.000000,0.500000,0.000000,0.000000,0.000000,82.587000,49.453700,2.983800,147.559500,2,high_load,Dynamic,1798
2026-06-01 02:29:19,0.000000,0.200000,0.000000,0.000000,0.000000,82.580000,49.480900,2.541700,125.753100,2,high_load,Dynamic,1799
