_time,linear_velocity_ms,angular_velocity_rads,linear_acceleration_ms2,motor_power_total_W,motor_load_ratio,battery_SOC_percent,battery_voltage_V,battery_current_A,battery_power_draw_W,condition_id,condition_name,condition_class,timestep
2026-06-01 01:28:01,0.000000,0.000000,0.000000,0.000000,0.000000,99.980000,51.174800,0.491900,25.172100,1,baseline,Static,0
2026-06-01 01:28:02,0.000000,0.000000,0.000000,0.000000,0.000000,99.980000,51.188556,0.527111,26.982000,1,baseline,Static,1
2026-06-01 01:28:03,0.000000,0.000000,0.000000,0.000000,0.000000,99.980000,51.184909,0.512364,26.225182,1,baseline,Static,2
2026-06-01 01:28:04,0.000000,0.000000,0.000000,0.000000,0.000000,99.980000,51.156300,0.514000,26.294300,1,baseline,Static,3
2026-06-01 01:28:05,0.000000,0.000000,0.000000,0.000000,0.000000,99.980000,51.166600,0.498400,25.501400,1,baseline,Static,4
2026-06-01 01:28:06,0.000000,0.000000,0.000000,0.000000,0.000000,99.980000,51.163300,0.505900,25.883300,1,baseline,Static,5
2026-06-01 01:28:07,0.000000,0.000000,0.000000,0.000000,0.000000,99.980000,51.175400,0.487000,24.921200,1,baseline,Static,6
2026-06-01 01:28:08,0.000000,0.000000,0.000000,0.000000,0.000000,99.980000,51.157700,0.505500,25.860300,1,baseline,Static,7
2026-06-01 01:28:09,0.000000,0.000000,0.000000,0.000000,0.000000,99.980000,51.193111,0.482778,24.715333,1,baseline,Static,8
2026-06-01 01:28:10,0.000000,0.000000,0.000000,0.000000,0.000000,99.980000,51.177364,0.478455,24.484909,1,baseline,Static,9
2026-06-01 01:28:11,0.000000,0.000000,0.000000,0.000000,0.000000,99.980000,51.178125,0.504750,25.831625,1,baseline,Static,10
2026-06-01 01:29:11,0.000000,0.000000,0.000000,0.000000,0.000000,100.000000,51.161000,0.524000,20.408750,1,baseline,Static,11
2026-06-01 01:29:12,0.000000,0.000000,0.000000,0.000000,0.000000,100.000000,51.160182,0.502273,25.696000,1,baseline,Static,12
2026-06-01 01:29:13,0.000000,0.000000,0.000000,0.000000,0.000000,100.000000,51.173500,0.507000,25.944800,1,baseline,Static,13
2026-06-01 01:29:14,0.000000,0.000000,0.000000,0.000000,0.000000,100.000000,51.173400,0.494100,25.284500,1,baseline,Static,14
2026-06-01 01:29:15,0.000000,0.000000,0.000000,0.000000,0.000000,100.000000,51.174000,0.486300,24.886100,1,baseline,Static,15
2026-06-01 01:29:16,0.000000,0.000000,0.000000,0.000000,0.000000,100.000000,51.162000,0.500000,25.581400,1,baseline,Static,16
2026-06-01 01:29:17,0.000000,0.000000,0.000000,0.000000,0.000000,100.000000,51.176333,0.486556,24.900333,1,baseline,Static,17
2026-06-01 01:29:18,0.000000,0.000000,0.000000,0.000000,0.000000,100.000000,51.178727,0.447273,22.890091,1,baseline,Static,18
2026-06-01 01:29:19,0.000000,0.000000,0.000000,0.000000,0.000000,100.000000,51.160889,0.490778,25.107667,1,baseline,Static,19
2026-06-01 01:29:20,0.000000,0.000000,0.000000,0.000000,0.000000,99.985455,51.171182,0.456818,23.375909,1,baseline,Static,20
2026-06-01 01:29:21,0.000000,0.000000,0.000000,0.000000,0.000000,99.990000,51.176100,0.484600,24.800300,1,baseline,Static,21
2026-06-01 01:29:22,0.000000,0.000000,0.000000,0.000000,0.000000,99.990000,51.172556,0.505333,25.858444,1,baseline,Static,22
2026-06-01 01:29:23,0.000000,0.000000,0.000000,0.000000,0.000000,99.990000,51.175636,0.490273,25.090091,1,baseline,Static,23
2026-06-01 01:29:24,0.000000,0.000000,0.000000,0.000000,0.000000,99.990000,51.182200,0.489700,25.063900,1,baseline,Static,24
2026-06-01 01:29:25,0.000000,0.000000,0.000000,0.000000,0.000000,99.990000,51.182400,0.507700,25.984400,1,baseline,Static,25
2026-06-01 01:29:26,0.000000,0.000000,0.000000,0.000000,0.000000,99.990000,51.157900,0.487200,24.924000,1,baseline,Static,26
2026-06-01 01:29:27,0.000000,0.000000,0.000000,0.000000,0.000000,99.990000,51.164200,0.503900,25.781500,1,baseline,Static,27
2026-06-01 01:29:28,0.000000,0.000000,0.000000,0.000000,0.000000,99.990000,51.179500,0.534200,27.339900,1,baseline,Static,28
2026-06-01 01:29:29,0.000000,0.000000,0.000000,0.000000,0.000000,99.990000,51.180300,0.517200,26.470500,1,baseline,Static,29
2026-06-01 01:29:30,0.251040,0.000000,0.324857,5.250310,0.002640,99.990000,51.072400,2.443700,124.759100,1,baseline,Static,30
2026-06-01 01:29:31,0.300000,0.000000,0.000000,5.935700,0.003000,99.987000,50.938200,4.863600,247.733200,1,baseline,Static,31
2026-06-01 01:29:32,0.300000,0.000000,0.000000,5.935700,0.003000,99.980000,50.930800,5.654400,287.982800,1,baseline,Static,32
2026-06-01 01:29:33,0.050000,0.416667,-0.357143,0.800089,0.000456,99.975556,50.935111,5.151778,262.386444,1,baseline,Static,33
2026-06-01 01:29:34,0.000000,0.500000,0.000000,0.000000,0.000000,99.970000,51.001000,3.803300,193.966400,1,baseline,Static,34
2026-06-01 01:29:35,0.000000,0.500000,0.000000,0.000000,0.000000,99.961000,51.026800,3.256700,166.177800,1,baseline,Static,35
2026-06-01 01:29:36,0.139680,0.240000,0.310714,3.038570,0.001520,99.946000,51.011400,3.570800,182.142500,1,baseline,Static,36
2026-06-01 01:29:37,0.300000,0.000000,0.000000,5.935700,0.003000,99.943000,50.938700,5.117400,260.672100,1,baseline,Static,37
2026-06-01 01:29:38,0.300000,0.000000,0.000000,5.935700,0.003000,99.904000,50.911500,5.794400,295.002100,1,baseline,Static,38
2026-06-01 01:29:39,0.165000,0.225000,-0.321429,3.094360,0.001610,99.923000,50.901300,5.599300,285.000900,1,baseline,Static,39
2026-06-01 01:29:40,0.000000,0.500000,0.000000,0.000000,0.000000,99.869000,50.981500,4.059200,206.934300,1,baseline,Static,40
2026-06-01 01:29:41,0.000000,0.500000,0.000000,0.000000,0.000000,99.890000,51.022800,3.363600,171.621400,1,baseline,Static,41
2026-06-01 01:29:42,0.017100,0.430000,0.195000,0.486180,0.000250,99.868000,51.034000,3.151400,160.828400,1,baseline,Static,42
2026-06-01 01:29:43,0.300000,0.000000,0.128571,6.074950,0.003070,99.890000,50.960200,4.590200,233.911300,1,baseline,Static,43
2026-06-01 01:29:44,0.300000,0.000000,0.000000,5.935700,0.003000,99.852000,50.903900,5.595300,284.820100,1,baseline,Static,44
2026-06-01 01:29:45,0.243000,0.095000,-0.292857,4.652770,0.002400,99.839000,50.907900,5.879700,299.322400,1,baseline,Static,45
2026-06-01 01:29:46,0.000000,0.500000,0.000000,0.000000,0.000000,99.830000,50.967100,4.452400,226.916400,1,baseline,Static,46
2026-06-01 01:29:47,0.000000,0.500000,0.000000,0.000000,0.000000,99.830000,51.009700,3.517900,179.442800,1,baseline,Static,47
2026-06-01 01:29:48,0.000000,0.500000,0.000000,0.000000,0.000000,99.826000,51.031300,3.150600,160.778600,1,baseline,Static,48
2026-06-01 01:29:49,0.263160,0.020000,0.305000,5.492660,0.002770,99.820000,50.980300,4.347600,221.621500,1,baseline,Static,49
2026-06-01 01:29:50,0.300000,0.000000,0.000000,5.935700,0.003000,99.818000,50.902400,5.508500,280.392500,1,baseline,Static,50
2026-06-01 01:29:51,0.300000,0.000000,0.000000,5.935700,0.003000,99.810000,50.883800,5.867700,298.571100,1,baseline,Static,51
2026-06-01 01:29:52,0.033000,0.445000,-0.292857,0.497780,0.000300,99.804000,50.936000,4.972700,253.272200,1,baseline,Static,52
2026-06-01 01:29:53,0.000000,0.500000,0.000000,0.000000,0.000000,99.809000,51.004400,3.694000,188.402300,1,baseline,Static,53
2026-06-01 01:29:54,0.000000,0.500000,0.000000,0.000000,0.000000,99.800000,51.029200,3.243300,165.502000,1,baseline,Static,54
2026-06-01 01:29:55,0.173160,0.170000,0.305000,3.724730,0.001870,99.792000,51.004200,3.797500,193.665700,1,baseline,Static,55
2026-06-01 01:29:56,0.300000,0.000000,0.000000,5.935700,0.003000,99.790000,50.912300,5.259300,267.754500,1,baseline,Static,56
2026-06-01 01:29:57,0.300000,0.000000,0.000000,5.935700,0.003000,99.782000,50.872200,5.832800,296.727600,1,baseline,Static,57
2026-06-01 01:29:58,0.105000,0.325000,-0.285714,1.926140,0.001010,99.780000,50.902800,5.279700,268.734700,1,baseline,Static,58
2026-06-01 01:29:59,0.000000,0.500000,0.000000,0.000000,0.000000,99.770000,50.971300,3.802200,193.799700,1,baseline,Static,59
2026-06-01 01:30:00,0.000000,0.500000,0.000000,0.000000,0.000000,99.770000,51.033100,3.324700,169.669300,1,baseline,Static,60
2026-06-01 01:30:01,0.111300,0.280000,0.285714,2.486150,0.001250,99.769000,51.001000,3.519300,179.477000,1,baseline,Static,61
2026-06-01 01:30:02,0.300000,0.000000,0.000000,5.935700,0.003000,99.760000,50.941100,5.102300,259.906200,1,baseline,Static,62
2026-06-01 01:30:03,0.300000,0.000000,0.000000,5.935700,0.003000,99.757000,50.883300,5.775900,293.894800,1,baseline,Static,63
2026-06-01 01:30:04,0.165000,0.225000,-0.285714,3.113280,0.001610,99.750000,50.892000,5.591400,284.549900,1,baseline,Static,64
2026-06-01 01:30:05,0.000000,0.500000,0.000000,0.000000,0.000000,99.746000,50.981400,4.070100,207.494800,1,baseline,Static,65
2026-06-01 01:30:06,0.000000,0.500000,0.000000,0.000000,0.000000,99.740000,50.996700,3.361900,171.446300,1,baseline,Static,66
2026-06-01 01:30:07,0.022200,0.425000,0.202857,0.617470,0.000310,99.740000,51.018200,3.207300,163.630100,1,baseline,Static,67
2026-06-01 01:30:08,0.300000,0.000000,0.082857,6.025440,0.003040,99.735000,50.937700,4.703400,239.572400,1,baseline,Static,68
2026-06-01 01:30:09,0.300000,0.000000,0.000000,5.935700,0.003000,99.730000,50.890600,5.609100,285.447400,1,baseline,Static,69
2026-06-01 01:30:10,0.279000,0.035000,-0.200000,5.414250,0.002740,99.722000,50.889900,5.913700,300.947400,1,baseline,Static,70
2026-06-01 01:30:11,0.000000,0.500000,-0.085714,-0.045410,0.000000,99.720000,50.954300,4.530200,230.827300,1,baseline,Static,71
2026-06-01 01:30:12,0.000000,0.500000,0.000000,0.000000,0.000000,99.721000,50.977500,3.571900,182.084500,1,baseline,Static,72
2026-06-01 01:30:13,0.000000,0.500000,0.000000,0.000000,0.000000,99.710000,51.020300,3.186500,162.575800,1,baseline,Static,73
2026-06-01 01:30:14,0.231300,0.080000,0.285714,4.830790,0.002430,99.710000,50.975400,4.146700,211.355600,1,baseline,Static,74
2026-06-01 01:30:15,0.300000,0.000000,0.000000,5.935700,0.003000,99.700000,50.901800,5.439800,276.894000,1,baseline,Static,75
2026-06-01 01:30:16,0.300000,0.000000,0.000000,5.935700,0.003000,99.697000,50.891300,5.872000,298.833500,1,baseline,Static,76
2026-06-01 01:30:17,0.033000,0.445000,-0.285714,0.501560,0.000300,99.690000,50.914600,4.998400,254.469400,1,baseline,Static,77
2026-06-01 01:30:18,0.000000,0.500000,0.000000,0.000000,0.000000,99.689000,50.974600,3.687000,187.943100,1,baseline,Static,78
2026-06-01 01:30:19,0.000000,0.500000,0.000000,0.000000,0.000000,99.680000,51.001500,3.229200,164.694300,1,baseline,Static,79
2026-06-01 01:30:20,0.147600,0.200000,0.285714,3.195950,0.001610,99.680000,50.987700,3.678600,187.550500,1,baseline,Static,80
2026-06-01 01:30:21,0.300000,0.000000,0.000000,5.935700,0.003000,99.676000,50.904100,5.217100,265.567700,1,baseline,Static,81
2026-06-01 01:30:22,0.300000,0.000000,0.000000,5.935700,0.003000,99.670000,50.902400,5.793600,294.908700,1,baseline,Static,82
2026-06-01 01:30:23,0.120000,0.300000,-0.285714,2.222920,0.001200,99.670000,50.904100,5.476800,278.778600,1,baseline,Static,83
2026-06-01 01:30:24,0.000000,0.500000,0.000000,0.000000,0.000000,99.676000,50.975000,3.950000,201.348500,1,baseline,Static,84
2026-06-01 01:30:25,0.000000,0.500000,0.000000,0.000000,0.000000,99.665000,50.989600,3.350500,170.841400,1,baseline,Static,85
2026-06-01 01:30:26,0.088800,0.300000,0.295000,2.042960,0.001020,99.686000,50.999300,3.397600,173.265900,1,baseline,Static,86
2026-06-01 01:30:27,0.300000,0.000000,0.000000,5.935700,0.003000,99.650000,50.933400,4.951200,252.177500,1,baseline,Static,87
2026-06-01 01:30:28,0.300000,0.000000,0.000000,5.935700,0.003000,99.640000,50.886600,5.706000,290.357900,1,baseline,Static,88
2026-06-01 01:30:29,0.210000,0.150000,-0.285714,4.003630,0.002100,99.637000,50.865100,5.818700,295.966600,1,baseline,Static,89
2026-06-01 01:30:30,0.000000,0.500000,0.000000,0.000000,0.000000,99.630000,50.950200,4.296000,218.877800,1,baseline,Static,90
2026-06-01 01:30:31,0.000000,0.500000,0.000000,0.000000,0.000000,99.630000,50.982400,3.472600,177.040900,1,baseline,Static,91
2026-06-01 01:30:32,0.003900,0.450000,0.046429,0.095270,0.000050,99.640000,51.025400,3.220100,164.306800,1,baseline,Static,92
2026-06-01 01:30:33,0.294900,0.000000,0.248571,6.104010,0.003070,99.636000,50.937500,4.526200,230.546900,1,baseline,Static,93
2026-06-01 01:30:34,0.300000,0.000000,0.000000,5.935700,0.003000,99.624000,50.880200,5.566600,283.228100,1,baseline,Static,94
2026-06-01 01:30:35,0.270000,0.050000,-0.285714,5.190770,0.002700,99.634000,50.864400,5.912500,300.735800,1,baseline,Static,95
2026-06-01 01:30:36,0.000000,0.500000,0.000000,0.000000,0.000000,99.602000,50.931200,4.590300,233.774400,1,baseline,Static,96
2026-06-01 01:30:37,0.000000,0.500000,0.000000,0.000000,0.000000,99.624000,51.002800,3.568600,182.009000,1,baseline,Static,97
2026-06-01 01:30:38,0.000000,0.500000,0.000000,0.000000,0.000000,99.600000,51.010700,3.191000,162.775500,1,baseline,Static,98
2026-06-01 01:30:39,0.240600,0.050000,0.325714,5.066210,0.002550,99.599000,50.971600,4.167500,212.406600,1,baseline,Static,99
2026-06-01 01:30:40,0.300000,0.000000,0.000000,5.935700,0.003000,99.606000,50.878200,5.432100,276.373500,1,baseline,Static,100
2026-06-01 01:30:41,0.300000,0.000000,0.000000,5.935700,0.003000,99.596000,50.867800,5.908900,300.573000,1,baseline,Static,101
2026-06-01 01:30:42,0.033000,0.445000,-0.350000,0.467500,0.000300,99.593000,50.897500,4.945400,251.685600,1,baseline,Static,102
2026-06-01 01:30:43,0.000000,0.500000,0.000000,0.000000,0.000000,99.570000,50.966500,3.688700,187.996400,1,baseline,Static,103
2026-06-01 01:30:44,0.000000,0.500000,0.000000,0.000000,0.000000,99.578000,50.997600,3.250200,165.752500,1,baseline,Static,104
2026-06-01 01:30:45,0.150600,0.200000,0.325714,3.289770,0.001650,99.617000,50.974400,3.639400,185.508200,1,baseline,Static,105
2026-06-01 01:30:46,0.300000,0.000000,0.000000,5.935700,0.003000,99.602000,50.893500,5.218200,265.567000,1,baseline,Static,106
2026-06-01 01:30:47,0.300000,0.000000,0.000000,5.935700,0.003000,99.598000,50.876500,5.793900,294.772600,1,baseline,Static,107
2026-06-01 01:30:48,0.150000,0.250000,-0.285714,2.816490,0.001500,99.582000,50.870900,5.592000,284.460100,1,baseline,Static,108
2026-06-01 01:30:49,0.000000,0.500000,0.000000,0.000000,0.000000,99.559000,50.960700,4.022900,205.008400,1,baseline,Static,109
2026-06-01 01:30:50,0.000000,0.500000,0.000000,0.000000,0.000000,99.573000,50.989900,3.344800,170.549000,1,baseline,Static,110
2026-06-01 01:30:51,0.030000,0.400000,0.253571,0.833380,0.000420,99.540000,50.995200,3.202600,163.312300,1,baseline,Static,111
2026-06-01 01:30:52,0.300000,0.000000,0.042857,5.982120,0.003020,99.584000,50.925000,4.676400,238.139400,1,baseline,Static,112
2026-06-01 01:30:53,0.300000,0.000000,0.000000,5.935700,0.003000,99.562000,50.877900,5.615800,285.718100,1,baseline,Static,113
2026-06-01 01:30:54,0.270000,0.050000,-0.285714,5.190770,0.002700,99.554000,50.870900,5.935400,301.939700,1,baseline,Static,114
2026-06-01 01:30:55,0.000000,0.500000,0.000000,0.000000,0.000000,99.543000,50.932200,4.590500,233.791000,1,baseline,Static,115
2026-06-01 01:30:56,0.000000,0.500000,0.000000,0.000000,0.000000,99.527000,50.995500,3.542600,180.655700,1,baseline,Static,116
2026-06-01 01:30:57,0.000000,0.500000,0.000000,0.000000,0.000000,99.510000,50.994600,3.153200,160.795900,1,baseline,Static,117
2026-06-01 01:30:58,0.240000,0.050000,0.296428,5.021480,0.002530,99.508000,50.955200,4.178900,212.908000,1,baseline,Static,118
2026-06-01 01:30:59,0.300000,0.000000,0.000000,5.935700,0.003000,99.500000,50.873500,5.444200,276.960200,1,baseline,Static,119
2026-06-01 01:31:00,0.300000,0.000000,0.000000,5.935700,0.003000,99.495000,50.855000,5.874700,298.759100,1,baseline,Static,120
2026-06-01 01:31:01,0.030000,0.450000,-0.285714,0.442210,0.000300,99.514000,50.918200,4.929000,250.969900,1,baseline,Static,121
2026-06-01 01:31:02,0.000000,0.500000,0.000000,0.000000,0.000000,99.486000,50.960100,3.691000,188.093200,1,baseline,Static,122
2026-06-01 01:31:03,0.000000,0.500000,0.000000,0.000000,0.000000,99.497000,50.996800,3.246900,165.581100,1,baseline,Static,123
2026-06-01 01:31:04,0.148800,0.200000,0.295000,3.214400,0.001620,99.480000,50.975400,3.634800,185.275900,1,baseline,Static,124
2026-06-01 01:31:05,0.300000,0.000000,0.000000,5.935700,0.003000,99.473000,50.895800,5.196500,264.475000,1,baseline,Static,125
2026-06-01 01:31:06,0.300000,0.000000,0.000000,5.935700,0.003000,99.470000,50.857700,5.816600,295.818500,1,baseline,Static,126
2026-06-01 01:31:07,0.150000,0.250000,-0.285714,2.816490,0.001500,99.461000,50.876100,5.624500,286.144600,1,baseline,Static,127
2026-06-01 01:31:08,0.000000,0.500000,0.000000,0.000000,0.000000,99.484000,50.954800,4.068800,207.319600,1,baseline,Static,128
2026-06-01 01:31:09,0.000000,0.500000,0.000000,0.000000,0.000000,99.461000,50.977100,3.355300,171.041800,1,baseline,Static,129
2026-06-01 01:31:10,0.031200,0.400000,0.248571,0.846420,0.000420,99.467000,50.995900,3.239800,165.213700,1,baseline,Static,130
2026-06-01 01:31:11,0.300000,0.000000,0.037143,5.975930,0.003020,99.449000,50.916600,4.670700,237.802600,1,baseline,Static,131
2026-06-01 01:31:12,0.300000,0.000000,0.000000,5.935700,0.003000,99.440000,50.886200,5.601200,285.023900,1,baseline,Static,132
2026-06-01 01:31:13,0.270000,0.050000,-0.285714,5.190770,0.002700,99.436000,50.847100,5.930400,301.542500,1,baseline,Static,133
2026-06-01 01:31:14,0.000000,0.500000,0.000000,0.000000,0.000000,99.446000,50.919300,4.585800,233.489100,1,baseline,Static,134
2026-06-01 01:31:15,0.000000,0.500000,0.000000,0.000000,0.000000,99.452000,50.985600,3.560800,181.549800,1,baseline,Static,135
2026-06-01 01:31:16,0.000000,0.500000,0.000000,0.000000,0.000000,99.473000,50.999400,3.182600,162.310200,1,baseline,Static,136
2026-06-01 01:31:17,0.215820,0.100000,0.289714,4.537500,0.002290,99.420000,50.943100,3.996900,203.600000,1,baseline,Static,137
2026-06-01 01:31:18,0.300000,0.000000,0.000000,5.935700,0.003000,99.414000,50.876700,5.372500,273.330000,1,baseline,Static,138
2026-06-01 01:31:19,0.300000,0.000000,0.000000,5.935700,0.003000,99.410000,50.864100,5.846500,297.376600,1,baseline,Static,139
2026-06-01 01:31:20,0.060000,0.400000,-0.285714,1.035780,0.000600,99.401000,50.894100,5.111900,260.149800,1,baseline,Static,140
2026-06-01 01:31:21,0.000000,0.500000,0.000000,0.000000,0.000000,99.448000,50.973100,3.754800,191.392400,1,baseline,Static,141
2026-06-01 01:31:22,0.000000,0.500000,0.000000,0.000000,0.000000,99.422000,50.999500,3.264500,166.487800,1,baseline,Static,142
2026-06-01 01:31:23,0.125820,0.250000,0.289714,2.752140,0.001390,99.426000,50.958800,3.531100,179.925200,1,baseline,Static,143
2026-06-01 01:31:24,0.300000,0.000000,0.000000,5.935700,0.003000,99.390000,50.887300,5.065400,257.761900,1,baseline,Static,144
2026-06-01 01:31:25,0.300000,0.000000,0.000000,5.935700,0.003000,99.380000,50.860200,5.728800,291.368100,1,baseline,Static,145
2026-06-01 01:31:26,0.180000,0.200000,-0.285714,3.410060,0.001800,99.376000,50.862600,5.747600,292.329100,1,baseline,Static,146
2026-06-01 01:31:27,0.000000,0.500000,0.000000,0.000000,0.000000,99.410000,50.934100,4.139200,210.819900,1,baseline,Static,147
2026-06-01 01:31:28,0.000000,0.500000,0.000000,0.000000,0.000000,99.394000,50.973800,3.415300,174.090900,1,baseline,Static,148
2026-06-01 01:31:29,0.008100,0.450000,0.077143,0.198700,0.000100,99.416000,50.994000,3.185300,162.431100,1,baseline,Static,149
2026-06-01 01:31:30,0.294900,0.000000,0.248571,6.104010,0.003070,99.434000,50.916400,4.491400,228.674200,1,baseline,Static,150
2026-06-01 01:31:31,0.300000,0.000000,0.000000,5.935700,0.003000,99.414000,50.866500,5.597600,284.727700,1,baseline,Static,151
2026-06-01 01:31:32,0.300000,0.000000,0.000000,5.935700,0.003000,99.399000,50.842300,5.947900,302.403600,1,baseline,Static,152
2026-06-01 01:31:33,0.000000,0.500000,-0.357143,-0.189200,0.000000,99.358000,50.910300,4.743900,241.499400,1,baseline,Static,153
2026-06-01 01:31:34,0.000000,0.500000,0.000000,0.000000,0.000000,99.396000,50.969500,3.620500,184.535700,1,baseline,Static,154
2026-06-01 01:31:35,0.000000,0.500000,0.000000,0.000000,0.000000,99.347000,50.968900,3.241400,165.210700,1,baseline,Static,155
2026-06-01 01:31:36,0.214200,0.100000,0.325714,4.544190,0.002290,99.408000,50.938500,3.970500,202.231200,1,baseline,Static,156
2026-06-01 01:31:37,0.300000,0.000000,0.000000,5.935700,0.003000,99.402000,50.873700,5.343700,271.853800,1,baseline,Static,157
2026-06-01 01:31:38,0.300000,0.000000,0.000000,5.935700,0.003000,99.381000,50.860000,5.861300,298.105000,1,baseline,Static,158
2026-06-01 01:31:39,0.090000,0.350000,-0.357143,1.591510,0.000900,99.373000,50.883600,5.276700,268.480800,1,baseline,Static,159
2026-06-01 01:31:40,0.000000,0.500000,0.000000,0.000000,0.000000,99.334000,50.945000,3.823700,194.794100,1,baseline,Static,160
2026-06-01 01:31:41,0.000000,0.500000,0.000000,0.000000,0.000000,99.334000,50.980900,3.295500,168.007800,1,baseline,Static,161
2026-06-01 01:31:42,0.124200,0.250000,0.325714,2.761680,0.001390,99.365000,50.972200,3.531800,180.016700,1,baseline,Static,162
2026-06-01 01:31:43,0.300000,0.000000,0.000000,5.935700,0.003000,99.333000,50.870500,5.065700,257.689400,1,baseline,Static,163
2026-06-01 01:31:44,0.300000,0.000000,0.000000,5.935700,0.003000,99.380000,50.855400,5.750400,292.438400,1,baseline,Static,164
2026-06-01 01:31:45,0.180000,0.200000,-0.357143,3.372220,0.001800,99.370000,50.851600,5.729200,291.323300,1,baseline,Static,165
2026-06-01 01:31:46,0.000000,0.500000,0.000000,0.000000,0.000000,99.307000,50.933000,4.147500,211.240500,1,baseline,Static,166
2026-06-01 01:31:47,0.000000,0.500000,0.000000,0.000000,0.000000,99.344000,50.967400,3.392900,172.926400,1,baseline,Static,167
2026-06-01 01:31:48,0.035400,0.400000,0.288571,0.955390,0.000480,99.288000,50.963200,3.222800,164.244000,1,baseline,Static,168
2026-06-01 01:31:49,0.300000,0.000000,0.037143,5.975930,0.003020,99.314000,50.896100,4.698500,239.131500,1,baseline,Static,169
2026-06-01 01:31:50,0.300000,0.000000,0.000000,5.935700,0.003000,99.342000,50.865300,5.599700,284.828500,1,baseline,Static,170
2026-06-01 01:31:51,0.270000,0.050000,-0.357143,5.152930,0.002700,99.295000,50.834000,5.925300,301.206000,1,baseline,Static,171
2026-06-01 01:31:52,0.000000,0.500000,0.000000,0.000000,0.000000,99.322000,50.909300,4.629200,235.655300,1,baseline,Static,172
2026-06-01 01:31:53,0.000000,0.500000,0.000000,0.000000,0.000000,99.266000,50.953900,3.570600,181.932200,1,baseline,Static,173
2026-06-01 01:31:54,0.000000,0.500000,0.000000,0.000000,0.000000,99.306000,50.972400,3.177300,161.955400,1,baseline,Static,174
2026-06-01 01:31:55,0.214740,0.100000,0.302143,4.520850,0.002280,99.247000,50.930900,3.949700,201.139600,1,baseline,Static,175
2026-06-01 01:31:56,0.300000,0.000000,0.000000,5.935700,0.003000,99.240000,50.867000,5.367100,273.002800,1,baseline,Static,176
2026-06-01 01:31:57,0.300000,0.000000,0.000000,5.935700,0.003000,99.235000,50.848000,5.851800,297.550300,1,baseline,Static,177
2026-06-01 01:31:58,0.060000,0.400000,-0.357143,0.997940,0.000600,99.286000,50.887700,5.147200,261.914400,1,baseline,Static,178
2026-06-01 01:31:59,0.000000,0.500000,0.000000,0.000000,0.000000,99.248000,50.941700,3.751600,191.112300,1,baseline,Static,179
2026-06-01 01:32:00,0.000000,0.500000,0.000000,0.000000,0.000000,99.285000,50.977800,3.245300,165.435500,1,baseline,Static,180
2026-06-01 01:32:01,0.124740,0.250000,0.302143,2.740140,0.001380,99.236000,50.946800,3.487200,177.654200,1,baseline,Static,181
2026-06-01 01:32:02,0.300000,0.000000,0.000000,5.935700,0.003000,99.213000,50.854100,5.099100,259.307500,1,baseline,Static,182
2026-06-01 01:32:03,0.300000,0.000000,0.000000,5.935700,0.003000,99.210000,50.828100,5.756100,292.571000,1,baseline,Static,183
2026-06-01 01:32:04,0.150000,0.250000,-0.357143,2.778650,0.001500,99.216000,50.857900,5.584000,283.971700,1,baseline,Static,184
2026-06-01 01:32:05,0.000000,0.500000,0.000000,0.000000,0.000000,99.264000,50.928600,4.056900,206.604300,1,baseline,Static,185
2026-06-01 01:32:06,0.000000,0.500000,0.000000,0.000000,0.000000,99.218000,50.962800,3.379800,172.242000,1,baseline,Static,186
2026-06-01 01:32:07,0.033600,0.400000,0.275000,0.910640,0.000460,99.239000,50.964600,3.231200,164.675700,1,baseline,Static,187
2026-06-01 01:32:08,0.300000,0.000000,0.025714,5.963550,0.003010,99.188000,50.883500,4.653000,236.740100,1,baseline,Static,188
2026-06-01 01:32:09,0.300000,0.000000,0.000000,5.935700,0.003000,99.188000,50.854000,5.616400,285.614800,1,baseline,Static,189
2026-06-01 01:32:10,0.270000,0.050000,-0.285714,5.190770,0.002700,99.184000,50.828600,5.909100,300.351100,1,baseline,Static,190
2026-06-01 01:32:11,0.000000,0.500000,0.000000,0.000000,0.000000,99.226000,50.903200,4.578300,233.030100,1,baseline,Static,191
2026-06-01 01:32:12,0.000000,0.500000,0.000000,0.000000,0.000000,99.191000,50.957100,3.557100,181.261100,1,baseline,Static,192
2026-06-01 01:32:13,0.000000,0.500000,0.000000,0.000000,0.000000,99.220000,50.959300,3.172200,161.653300,1,baseline,Static,193
2026-06-01 01:32:14,0.215820,0.100000,0.285714,4.533170,0.002290,99.208000,50.929500,3.994000,203.400000,1,baseline,Static,194
2026-06-01 01:32:15,0.300000,0.000000,0.000000,5.935700,0.003000,99.239000,50.851400,5.334300,271.253000,1,baseline,Static,195
2026-06-01 01:32:16,0.300000,0.000000,0.000000,5.935700,0.003000,99.230000,50.840500,5.867300,298.297300,1,baseline,Static,196
2026-06-01 01:32:17,0.066667,0.388889,-0.317460,1.150867,0.000667,99.226667,50.875667,5.246000,266.873333,1,baseline,Static,197
2026-06-01 01:32:18,0.000000,0.500000,0.000000,0.000000,0.000000,99.212727,50.935000,3.780364,192.550455,1,baseline,Static,198
2026-06-01 01:32:19,0.000000,0.500000,0.000000,0.000000,0.000000,99.220000,50.962444,3.253000,165.779778,1,baseline,Static,199
2026-06-01 01:32:20,0.104100,0.300000,0.285714,2.334220,0.001170,99.174000,50.954900,3.477700,177.193500,1,baseline,Static,200
2026-06-01 01:32:21,0.300000,0.000000,0.000000,5.935700,0.003000,99.129000,50.878300,5.067700,257.828500,1,baseline,Static,201
2026-06-01 01:32:22,0.300000,0.000000,0.000000,5.935700,0.003000,99.120000,50.825000,5.747300,292.106800,1,baseline,Static,202
2026-06-01 01:32:23,0.180000,0.200000,-0.285714,3.410060,0.001800,99.134000,50.838000,5.638900,286.665200,1,baseline,Static,203
2026-06-01 01:32:24,0.000000,0.500000,0.000000,0.000000,0.000000,99.137000,50.933800,4.111900,209.431700,1,baseline,Static,204
2026-06-01 01:32:25,0.000000,0.500000,0.000000,0.000000,0.000000,99.150000,50.954300,3.365600,171.491500,1,baseline,Static,205
2026-06-01 01:32:26,0.017100,0.450000,0.162857,0.475910,0.000240,99.118000,50.948200,3.235300,164.831400,1,baseline,Static,206
2026-06-01 01:32:27,0.300000,0.000000,0.122857,6.068760,0.003060,99.100000,50.882800,4.691500,238.705800,1,baseline,Static,207
2026-06-01 01:32:28,0.300000,0.000000,0.000000,5.935700,0.003000,99.095000,50.841800,5.638800,286.685300,1,baseline,Static,208
2026-06-01 01:32:29,0.300000,0.000000,0.000000,5.935700,0.003000,99.090000,50.822200,5.955200,302.656800,1,baseline,Static,209
2026-06-01 01:32:30,0.000000,0.500000,-0.285714,-0.151360,0.000000,99.126000,50.889600,4.661000,237.184800,1,baseline,Static,210
2026-06-01 01:32:31,0.000000,0.500000,0.000000,0.000000,0.000000,99.088000,50.935000,3.548000,180.715600,1,baseline,Static,211
2026-06-01 01:32:32,0.000000,0.500000,0.000000,0.000000,0.000000,99.134000,50.954500,3.205600,163.340500,1,baseline,Static,212
2026-06-01 01:32:33,0.226500,0.100000,0.285714,4.756850,0.002400,99.070000,50.900200,4.145800,211.006600,1,baseline,Static,213
2026-06-01 01:32:34,0.300000,0.000000,0.000000,5.935700,0.003000,99.069000,50.844900,5.437800,276.480700,1,baseline,Static,214
2026-06-01 01:32:35,0.300000,0.000000,0.000000,5.935700,0.003000,99.060000,50.812600,5.893100,299.442700,1,baseline,Static,215
2026-06-01 01:32:36,0.087000,0.355000,-0.285714,1.569990,0.000860,99.056000,50.851700,5.127500,260.728400,1,baseline,Static,216
2026-06-01 01:32:37,0.000000,0.500000,0.000000,0.000000,0.000000,99.094000,50.945200,3.798200,193.500000,1,baseline,Static,217
2026-06-01 01:32:38,0.000000,0.500000,0.000000,0.000000,0.000000,99.082000,50.948400,3.306200,168.445400,1,baseline,Static,218
2026-06-01 01:32:39,0.108300,0.300000,0.285714,2.429570,0.001220,99.077000,50.935400,3.500300,178.276300,1,baseline,Static,219
2026-06-01 01:32:40,0.300000,0.000000,0.000000,5.935700,0.003000,99.040000,50.855100,5.103500,259.535600,1,baseline,Static,220
2026-06-01 01:32:41,0.300000,0.000000,0.000000,5.935700,0.003000,99.035000,50.813900,5.773900,293.395300,1,baseline,Static,221
2026-06-01 01:32:42,0.204000,0.160000,-0.285714,3.884920,0.002020,99.030000,50.830600,5.711500,290.308000,1,baseline,Static,222
2026-06-01 01:32:43,0.000000,0.500000,0.000000,0.000000,0.000000,99.058000,50.891400,4.195700,213.522500,1,baseline,Static,223
2026-06-01 01:32:44,0.000000,0.500000,0.000000,0.000000,0.000000,99.020000,50.937800,3.423300,174.374900,1,baseline,Static,224
2026-06-01 01:32:45,0.000360,0.485000,0.003429,0.007490,0.000000,99.060000,50.960500,3.172800,161.686600,1,baseline,Static,225
2026-06-01 01:32:46,0.290100,0.000000,0.305857,6.022200,0.003040,99.056000,50.881100,4.407500,224.247500,1,baseline,Static,226
2026-06-01 01:32:47,0.300000,0.000000,0.000000,5.935700,0.003000,99.058000,50.819500,5.527800,280.918500,1,baseline,Static,227
2026-06-01 01:32:48,0.291000,0.015000,-0.085714,5.712220,0.002890,99.053000,50.826800,5.859400,297.813100,1,baseline,Static,228
2026-06-01 01:32:49,0.000000,0.500000,-0.200000,-0.105950,0.000000,98.998000,50.867300,4.589400,233.443300,1,baseline,Static,229
2026-06-01 01:32:50,0.000000,0.500000,0.000000,0.000000,0.000000,99.026000,50.944900,3.569900,181.866800,1,baseline,Static,230
2026-06-01 01:32:51,0.000000,0.500000,0.000000,0.000000,0.000000,99.014000,50.965900,3.209700,163.584600,1,baseline,Static,231
2026-06-01 01:32:52,0.200460,0.135000,0.309286,4.240700,0.002130,99.037000,50.921100,3.869100,197.002600,1,baseline,Static,232
2026-06-01 01:32:53,0.300000,0.000000,0.000000,5.935700,0.003000,99.022000,50.829800,5.315400,270.177900,1,baseline,Static,233
2026-06-01 01:32:54,0.300000,0.000000,0.000000,5.935700,0.003000,98.991000,50.829100,5.851600,297.430900,1,baseline,Static,234
2026-06-01 01:32:55,0.099000,0.335000,-0.307143,1.796070,0.000940,98.970000,50.838000,5.312500,270.056500,1,baseline,Static,235
2026-06-01 01:32:56,0.000000,0.500000,0.000000,0.000000,0.000000,98.964000,50.908100,3.823700,194.652800,1,baseline,Static,236
2026-06-01 01:32:57,0.000000,0.500000,0.000000,0.000000,0.000000,98.960000,50.936400,3.297200,167.948300,1,baseline,Static,237
2026-06-01 01:32:58,0.078960,0.320000,0.324857,1.847300,0.000920,98.976000,50.941300,3.387000,172.532500,1,baseline,Static,238
2026-06-01 01:32:59,0.300000,0.000000,0.000000,5.935700,0.003000,98.962000,50.853900,4.931300,250.770100,1,baseline,Static,239
2026-06-01 01:33:00,0.300000,0.000000,0.000000,5.935700,0.003000,98.958000,50.818700,5.721600,290.762900,1,baseline,Static,240
2026-06-01 01:33:01,0.237000,0.105000,-0.292857,4.534060,0.002360,98.957000,50.817800,5.842200,296.880400,1,baseline,Static,241
2026-06-01 01:33:02,0.000000,0.500000,0.000000,0.000000,0.000000,98.940000,50.891800,4.265600,217.078800,1,baseline,Static,242
2026-06-01 01:33:03,0.000000,0.500000,0.000000,0.000000,0.000000,98.930000,50.923500,3.469900,176.698200,1,baseline,Static,243
2026-06-01 01:33:04,0.000000,0.500000,0.000000,0.000000,0.000000,98.930000,50.927600,3.159800,160.919600,1,baseline,Static,244
2026-06-01 01:33:05,0.258960,0.045000,0.285857,5.385950,0.002710,98.994000,50.885900,4.212900,214.361400,1,baseline,Static,245
2026-06-01 01:33:06,0.300000,0.000000,0.000000,5.935700,0.003000,98.981000,50.819800,5.443800,276.647500,1,baseline,Static,246
2026-06-01 01:33:07,0.300000,0.000000,0.000000,5.935700,0.003000,98.983000,50.816300,5.910700,300.359900,1,baseline,Static,247
2026-06-01 01:33:08,0.027000,0.455000,-0.292857,0.379070,0.000260,98.936000,50.869200,4.796900,243.997600,1,baseline,Static,248
2026-06-01 01:33:09,0.000000,0.500000,0.000000,0.000000,0.000000,98.916000,50.922600,3.596100,183.119900,1,baseline,Static,249
2026-06-01 01:33:10,0.000000,0.500000,0.000000,0.000000,0.000000,98.900000,50.939800,3.203800,163.201400,1,baseline,Static,250
2026-06-01 01:33:11,0.198960,0.120000,0.324857,4.221320,0.002120,98.908000,50.913500,3.966800,201.951400,1,baseline,Static,251
2026-06-01 01:33:12,0.300000,0.000000,0.000000,5.935700,0.003000,98.902000,50.836100,5.362200,272.591700,1,baseline,Static,252
2026-06-01 01:33:13,0.300000,0.000000,0.000000,5.935700,0.003000,98.890000,50.796500,5.860100,297.671300,1,baseline,Static,253
2026-06-01 01:33:14,0.114000,0.310000,-0.300000,2.096640,0.001120,98.916000,50.845400,5.346500,271.829700,1,baseline,Static,254
2026-06-01 01:33:15,0.000000,0.500000,0.000000,0.000000,0.000000,98.880000,50.906000,3.840600,195.507900,1,baseline,Static,255
2026-06-01 01:33:16,0.000000,0.500000,0.000000,0.000000,0.000000,98.873000,50.925700,3.277200,166.893200,1,baseline,Static,256
2026-06-01 01:33:17,0.108000,0.275000,0.324286,2.439240,0.001220,98.870000,50.907000,3.526200,179.502100,1,baseline,Static,257
2026-06-01 01:33:18,0.300000,0.000000,0.000000,5.935700,0.003000,98.868000,50.843100,5.054200,256.969100,1,baseline,Static,258
2026-06-01 01:33:19,0.300000,0.000000,0.000000,5.935700,0.003000,98.860000,50.803900,5.728400,291.024900,1,baseline,Static,259
2026-06-01 01:33:20,0.162000,0.230000,-0.314286,3.038780,0.001570,98.855000,50.795900,5.580800,283.472200,1,baseline,Static,260
2026-06-01 01:33:21,0.000000,0.500000,0.000000,0.000000,0.000000,98.868000,50.883500,4.051200,206.128300,1,baseline,Static,261
2026-06-01 01:33:22,0.000000,0.500000,0.000000,0.000000,0.000000,98.850000,50.923600,3.331500,169.652000,1,baseline,Static,262
2026-06-01 01:33:23,0.018960,0.420000,0.207714,0.569020,0.000280,98.841000,50.938200,3.184700,162.221300,1,baseline,Static,263
2026-06-01 01:33:24,0.300000,0.000000,0.117143,6.062570,0.003060,98.840000,50.861200,4.684400,238.243600,1,baseline,Static,264
2026-06-01 01:33:25,0.300000,0.000000,0.000000,5.935700,0.003000,98.834000,50.818900,5.656700,287.466500,1,baseline,Static,265
2026-06-01 01:33:26,0.291000,0.015000,-0.107143,5.700870,0.002880,98.830000,50.800400,5.908300,300.144700,1,baseline,Static,266
2026-06-01 01:33:27,0.000000,0.500000,-0.200000,-0.105950,0.000000,98.829000,50.848000,4.617700,234.792100,1,baseline,Static,267
2026-06-01 01:33:28,0.000000,0.500000,0.000000,0.000000,0.000000,98.820000,50.907100,3.555400,180.992600,1,baseline,Static,268
2026-06-01 01:33:29,0.000000,0.500000,0.000000,0.000000,0.000000,98.817000,50.948900,3.194900,162.777300,1,baseline,Static,269
2026-06-01 01:33:30,0.199680,0.140000,0.286143,4.238960,0.002130,98.810000,50.881200,3.969500,201.958600,1,baseline,Static,270
2026-06-01 01:33:31,0.300000,0.000000,0.000000,5.935700,0.003000,98.809000,50.807100,5.371000,272.884100,1,baseline,Static,271
2026-06-01 01:33:32,0.300000,0.000000,0.000000,5.935700,0.003000,98.800000,50.784200,5.881400,298.681000,1,baseline,Static,272
2026-06-01 01:33:33,0.081000,0.365000,-0.307143,1.439930,0.000780,98.796000,50.834900,5.142200,261.381200,1,baseline,Static,273
2026-06-01 01:33:34,0.000000,0.500000,0.000000,0.000000,0.000000,98.790000,50.887300,3.743100,190.473000,1,baseline,Static,274
2026-06-01 01:33:35,0.000000,0.500000,0.000000,0.000000,0.000000,98.790000,50.934900,3.267200,166.413700,1,baseline,Static,275
2026-06-01 01:33:36,0.139980,0.215000,0.325286,3.091230,0.001560,98.784000,50.900300,3.641200,185.326200,1,baseline,Static,276
2026-06-01 01:33:37,0.300000,0.000000,0.000000,5.935700,0.003000,98.780000,50.836000,5.172200,262.930400,1,baseline,Static,277
2026-06-01 01:33:38,0.300000,0.000000,0.000000,5.935700,0.003000,98.774000,50.785300,5.815700,295.351700,1,baseline,Static,278
2026-06-01 01:33:39,0.174000,0.210000,-0.300000,3.283780,0.001720,98.770000,50.794900,5.595200,284.193800,1,baseline,Static,279
2026-06-01 01:33:40,0.000000,0.500000,0.000000,0.000000,0.000000,98.779000,50.880000,4.052000,206.162000,1,baseline,Static,280
2026-06-01 01:33:41,0.000000,0.500000,0.000000,0.000000,0.000000,98.769000,50.934100,3.352400,170.750900,1,baseline,Static,281
2026-06-01 01:33:42,0.019680,0.440000,0.186143,0.557190,0.000280,98.760000,50.907000,3.199400,162.871600,1,baseline,Static,282
2026-06-01 01:33:43,0.300000,0.000000,0.100000,6.044000,0.003050,98.751000,50.863800,4.707700,239.444800,1,baseline,Static,283
2026-06-01 01:33:44,0.300000,0.000000,0.000000,5.935700,0.003000,98.749000,50.789100,5.617700,285.315700,1,baseline,Static,284
2026-06-01 01:33:45,0.249000,0.085000,-0.335714,4.748780,0.002420,98.740000,50.789100,5.864000,297.828300,1,baseline,Static,285
2026-06-01 01:33:46,0.000000,0.500000,0.000000,0.000000,0.000000,98.738000,50.866600,4.394500,223.529700,1,baseline,Static,286
2026-06-01 01:33:47,0.000000,0.500000,0.000000,0.000000,0.000000,98.730000,50.908100,3.483000,177.312500,1,baseline,Static,287
2026-06-01 01:33:48,0.000000,0.500000,0.000000,0.000000,0.000000,98.730000,50.925100,3.182900,162.089200,1,baseline,Static,288
2026-06-01 01:33:49,0.264600,0.000000,0.325714,5.529070,0.002780,98.726000,50.862900,4.334100,220.435500,1,baseline,Static,289
2026-06-01 01:33:50,0.300000,0.000000,0.000000,5.935700,0.003000,98.720000,50.809900,5.497000,279.301700,1,baseline,Static,290
2026-06-01 01:33:51,0.300000,0.000000,0.000000,5.935700,0.003000,98.714000,50.784700,5.907400,300.004800,1,baseline,Static,291
2026-06-01 01:33:52,0.000000,0.500000,-0.285714,-0.151360,0.000000,98.710000,50.847100,4.759200,241.974200,1,baseline,Static,292
2026-06-01 01:33:53,0.000000,0.500000,0.000000,0.000000,0.000000,98.704000,50.916300,3.624800,184.559300,1,baseline,Static,293
2026-06-01 01:33:54,0.000000,0.500000,0.000000,0.000000,0.000000,98.700000,50.936100,3.230200,164.534300,1,baseline,Static,294
2026-06-01 01:33:55,0.174600,0.150000,0.325714,3.744030,0.001880,98.700000,50.890400,3.800100,193.375500,1,baseline,Static,295
2026-06-01 01:33:56,0.300000,0.000000,0.000000,5.935700,0.003000,98.692000,50.817600,5.257500,267.165300,1,baseline,Static,296
2026-06-01 01:33:57,0.300000,0.000000,0.000000,5.935700,0.003000,98.689000,50.781900,5.873800,298.282700,1,baseline,Static,297
2026-06-01 01:33:58,0.132000,0.280000,-0.328571,2.437650,0.001260,98.680000,50.806700,5.474800,278.140900,1,baseline,Static,298
2026-06-01 01:33:59,0.000000,0.500000,0.000000,0.000000,0.000000,98.680000,50.882400,3.904900,198.686400,1,baseline,Static,299
2026-06-01 01:34:00,0.000000,0.500000,0.000000,0.000000,0.000000,98.670000,50.910000,3.339800,170.030400,1,baseline,Static,300
2026-06-01 01:34:01,0.053160,0.370000,0.288714,1.321690,0.000660,98.670000,50.915500,3.286900,167.348000,1,baseline,Static,301
2026-06-01 01:34:02,0.300000,0.000000,0.000000,5.935700,0.003000,98.668000,50.828500,4.852800,246.646800,1,baseline,Static,302
2026-06-01 01:34:03,0.300000,0.000000,0.000000,5.935700,0.003000,98.660000,50.780100,5.667500,287.793800,1,baseline,Static,303
2026-06-01 01:34:04,0.246000,0.090000,-0.285714,4.715920,0.002400,98.655000,50.793900,5.873400,298.333100,1,baseline,Static,304
2026-06-01 01:34:05,0.000000,0.500000,0.000000,0.000000,0.000000,98.650000,50.851200,4.447400,226.142900,1,baseline,Static,305
2026-06-01 01:34:06,0.000000,0.500000,0.000000,0.000000,0.000000,98.647000,50.908600,3.485600,177.448000,1,baseline,Static,306
2026-06-01 01:34:07,0.000000,0.500000,0.000000,0.000000,0.000000,98.640000,50.921700,3.167400,161.288900,1,baseline,Static,307
2026-06-01 01:34:08,0.263160,0.020000,0.288714,5.508110,0.002770,98.640000,50.858000,4.372500,222.349100,1,baseline,Static,308
2026-06-01 01:34:09,0.300000,0.000000,0.000000,5.935700,0.003000,98.632000,50.800100,5.501700,279.488900,1,baseline,Static,309
2026-06-01 01:34:10,0.300000,0.000000,0.000000,5.935700,0.003000,98.629000,50.780900,5.934100,301.339300,1,baseline,Static,310
2026-06-01 01:34:11,0.036000,0.440000,-0.285714,0.560930,0.000300,98.620000,50.828300,4.936800,250.906400,1,baseline,Static,311
2026-06-01 01:34:12,0.000000,0.500000,0.000000,0.000000,0.000000,98.620000,50.893900,3.634500,184.971200,1,baseline,Static,312
2026-06-01 01:34:13,0.000000,0.500000,0.000000,0.000000,0.000000,98.613000,50.918800,3.244500,165.205300,1,baseline,Static,313
2026-06-01 01:34:14,0.144180,0.215000,0.285714,3.137120,0.001580,98.610000,50.897400,3.625800,184.523300,1,baseline,Static,314
2026-06-01 01:34:15,0.300000,0.000000,0.000000,5.935700,0.003000,98.608000,50.803700,5.200500,264.199100,1,baseline,Static,315
2026-06-01 01:34:16,0.300000,0.000000,0.000000,5.935700,0.003000,98.684000,50.796000,5.795100,294.368400,1,baseline,Static,316
2026-06-01 01:34:17,0.150000,0.250000,-0.285714,2.816490,0.001500,98.671000,50.815200,5.588600,283.976400,1,baseline,Static,317
2026-06-01 01:34:18,0.000000,0.500000,0.000000,0.000000,0.000000,98.663000,50.874800,4.064100,206.760600,1,baseline,Static,318
2026-06-01 01:34:19,0.000000,0.500000,0.000000,0.000000,0.000000,98.670000,50.917300,3.369600,171.567600,1,baseline,Static,319
2026-06-01 01:34:20,0.012333,0.444444,0.117460,0.322900,0.000167,98.670000,50.918222,3.166556,161.233111,1,baseline,Static,320
2026-06-01 01:34:21,0.299940,0.000000,0.180000,6.129460,0.003090,98.645000,50.840900,4.554500,231.537400,1,baseline,Static,321
2026-06-01 01:34:22,0.300000,0.000000,0.000000,5.935700,0.003000,98.617000,50.782600,5.605800,284.676300,1,baseline,Static,322
2026-06-01 01:34:23,0.270000,0.050000,-0.285714,5.190770,0.002700,98.594000,50.772000,5.833400,296.171400,1,baseline,Static,323
2026-06-01 01:34:24,0.000000,0.500000,0.000000,0.000000,0.000000,98.630000,50.834900,4.502400,228.865300,1,baseline,Static,324
2026-06-01 01:34:25,0.000000,0.500000,0.000000,0.000000,0.000000,98.610909,50.884273,3.494182,177.798727,1,baseline,Static,325
2026-06-01 01:34:26,0.000000,0.500000,0.000000,0.000000,0.000000,98.630000,50.928556,3.180667,161.986556,1,baseline,Static,326
2026-06-01 01:34:27,0.225300,0.100000,0.285714,4.722950,0.002380,98.602000,50.861800,4.044300,205.687600,1,baseline,Static,327
2026-06-01 01:34:28,0.300000,0.000000,0.000000,5.935700,0.003000,98.582000,50.798900,5.422100,275.433300,1,baseline,Static,328
2026-06-01 01:34:29,0.300000,0.000000,0.000000,5.935700,0.003000,98.590000,50.779300,5.877500,298.455200,1,baseline,Static,329
2026-06-01 01:34:30,0.054545,0.409091,-0.259740,0.941618,0.000545,98.581818,50.830182,4.992091,253.729000,1,baseline,Static,330
2026-06-01 01:34:31,0.000000,0.500000,0.000000,0.000000,0.000000,98.587778,50.881667,3.704333,188.481333,1,baseline,Static,331
2026-06-01 01:34:32,0.000000,0.500000,0.000000,0.000000,0.000000,98.595455,50.921818,3.238636,164.916909,1,baseline,Static,332
2026-06-01 01:34:33,0.150333,0.222222,0.317460,3.269156,0.001644,98.570000,50.884889,3.615444,183.954111,1,baseline,Static,333
2026-06-01 01:34:34,0.300000,0.000000,0.000000,5.935700,0.003000,98.562000,50.810900,5.135700,260.944600,1,baseline,Static,334
2026-06-01 01:34:35,0.300000,0.000000,0.000000,5.935700,0.003000,98.547000,50.778500,5.809000,294.971400,1,baseline,Static,335
2026-06-01 01:34:36,0.150000,0.250000,-0.285714,2.816490,0.001500,98.542000,50.773600,5.500400,279.266200,1,baseline,Static,336
2026-06-01 01:34:37,0.000000,0.500000,0.000000,0.000000,0.000000,98.574000,50.865200,4.026300,204.796600,1,baseline,Static,337
2026-06-01 01:34:38,0.000000,0.500000,0.000000,0.000000,0.000000,98.533000,50.899700,3.347700,170.395800,1,baseline,Static,338
2026-06-01 01:34:39,0.045300,0.400000,0.285714,1.142600,0.000570,98.580000,50.899700,3.200000,162.876400,1,baseline,Static,339
2026-06-01 01:34:40,0.300000,0.000000,0.000000,5.935700,0.003000,98.579000,50.833700,4.734300,240.650400,1,baseline,Static,340
2026-06-01 01:34:41,0.300000,0.000000,0.000000,5.935700,0.003000,98.570000,50.797400,5.618700,285.416400,1,baseline,Static,341
2026-06-01 01:34:42,0.240000,0.100000,-0.285714,4.597200,0.002400,98.558000,50.767000,5.819400,295.429700,1,baseline,Static,342
2026-06-01 01:34:43,0.000000,0.500000,0.000000,0.000000,0.000000,98.512000,50.840300,4.314300,219.329300,1,baseline,Static,343
2026-06-01 01:34:44,0.000000,0.500000,0.000000,0.000000,0.000000,98.524000,50.894600,3.460900,176.137100,1,baseline,Static,344
2026-06-01 01:34:45,0.000000,0.500000,0.000000,0.000000,0.000000,98.526000,50.915800,3.135500,159.647200,1,baseline,Static,345
2026-06-01 01:34:46,0.255900,0.050000,0.285714,5.310270,0.002680,98.550000,50.847200,4.162000,211.606300,1,baseline,Static,346
2026-06-01 01:34:47,0.300000,0.000000,0.000000,5.935700,0.003000,98.544000,50.788400,5.423300,275.437200,1,baseline,Static,347
2026-06-01 01:34:48,0.300000,0.000000,0.000000,5.935700,0.003000,98.532000,50.773100,5.889100,299.006800,1,baseline,Static,348
2026-06-01 01:34:49,0.060000,0.400000,-0.285714,1.035780,0.000600,98.483000,50.801900,5.075700,257.841900,1,baseline,Static,349
2026-06-01 01:34:50,0.000000,0.500000,0.000000,0.000000,0.000000,98.514000,50.873600,3.754000,190.976800,1,baseline,Static,350
2026-06-01 01:34:51,0.000000,0.500000,0.000000,0.000000,0.000000,98.457000,50.891200,3.214700,163.598800,1,baseline,Static,351
2026-06-01 01:34:52,0.137700,0.250000,0.285714,2.968200,0.001490,98.520000,50.888600,3.524200,179.321400,1,baseline,Static,352
2026-06-01 01:34:53,0.300000,0.000000,0.000000,5.935700,0.003000,98.519091,50.828455,5.090000,258.712273,1,baseline,Static,353
2026-06-01 01:34:54,0.300000,0.000000,0.000000,5.935700,0.003000,98.510000,50.755889,5.754778,292.087444,1,baseline,Static,354
2026-06-01 01:34:55,0.174000,0.210000,-0.342857,3.229460,0.001710,98.506000,50.775400,5.693800,289.100900,1,baseline,Static,355
2026-06-01 01:34:56,0.000000,0.500000,0.000000,0.000000,0.000000,98.436000,50.852600,4.042300,205.554500,1,baseline,Static,356
2026-06-01 01:34:57,0.000000,0.500000,0.000000,0.000000,0.000000,98.464000,50.897700,3.407300,173.422400,1,baseline,Static,357
2026-06-01 01:34:58,0.047700,0.400000,0.285714,1.194790,0.000600,98.450000,50.894500,3.208800,163.308300,1,baseline,Static,358
2026-06-01 01:34:59,0.300000,0.000000,0.000000,5.935700,0.003000,98.490000,50.831200,4.665700,237.153700,1,baseline,Static,359
2026-06-01 01:35:00,0.300000,0.000000,0.000000,5.935700,0.003000,98.485000,50.776900,5.651100,286.944800,1,baseline,Static,360
2026-06-01 01:35:01,0.240000,0.100000,-0.285714,4.597200,0.002400,98.480000,50.756600,5.883700,298.633900,1,baseline,Static,361
2026-06-01 01:35:02,0.000000,0.500000,0.000000,0.000000,0.000000,98.423000,50.840800,4.366200,221.967800,1,baseline,Static,362
2026-06-01 01:35:03,0.000000,0.500000,0.000000,0.000000,0.000000,98.445000,50.875800,3.502400,178.184600,1,baseline,Static,363
2026-06-01 01:35:04,0.000000,0.500000,0.000000,0.000000,0.000000,98.397000,50.891900,3.136800,159.637900,1,baseline,Static,364
2026-06-01 01:35:05,0.257700,0.050000,0.285714,5.349780,0.002700,98.460000,50.854900,4.134500,210.241500,1,baseline,Static,365
2026-06-01 01:35:06,0.300000,0.000000,0.000000,5.935700,0.003000,98.460000,50.773900,5.412500,274.811700,1,baseline,Static,366
2026-06-01 01:35:07,0.300000,0.000000,0.000000,5.935700,0.003000,98.450000,50.771100,5.896700,299.381100,1,baseline,Static,367
2026-06-01 01:35:08,0.030000,0.450000,-0.285714,0.442210,0.000300,98.439000,50.795500,4.925700,250.183800,1,baseline,Static,368
2026-06-01 01:35:09,0.000000,0.500000,0.000000,0.000000,0.000000,98.384000,50.859600,3.646700,185.466900,1,baseline,Static,369
2026-06-01 01:35:10,0.000000,0.500000,0.000000,0.000000,0.000000,98.396000,50.889500,3.238900,164.825500,1,baseline,Static,370
2026-06-01 01:35:11,0.196500,0.150000,0.285714,4.159880,0.002100,98.350000,50.845300,4.008800,203.814500,1,baseline,Static,371
2026-06-01 01:35:12,0.300000,0.000000,0.000000,5.935700,0.003000,98.348000,50.778200,5.371600,272.752800,1,baseline,Static,372
2026-06-01 01:35:13,0.300000,0.000000,0.000000,5.935700,0.003000,98.340000,50.746700,5.857800,297.264200,1,baseline,Static,373
2026-06-01 01:35:14,0.120000,0.300000,-0.285714,2.222920,0.001200,98.379000,50.780100,5.419000,275.161600,1,baseline,Static,374
2026-06-01 01:35:15,0.000000,0.500000,0.000000,0.000000,0.000000,98.373000,50.836900,3.892300,197.865900,1,baseline,Static,375
2026-06-01 01:35:16,0.000000,0.500000,0.000000,0.000000,0.000000,98.362000,50.876300,3.331300,169.484100,1,baseline,Static,376
2026-06-01 01:35:17,0.078300,0.350000,0.285714,1.817130,0.000910,98.321000,50.878800,3.402700,173.116500,1,baseline,Static,377
2026-06-01 01:35:18,0.300000,0.000000,0.000000,5.935700,0.003000,98.320000,50.792900,4.955900,251.714300,1,baseline,Static,378
2026-06-01 01:35:19,0.300000,0.000000,0.000000,5.935700,0.003000,98.313000,50.761500,5.739700,291.354600,1,baseline,Static,379
2026-06-01 01:35:20,0.207000,0.155000,-0.285714,3.944270,0.002060,98.310000,50.759200,5.687500,288.689000,1,baseline,Static,380
2026-06-01 01:35:21,0.000000,0.500000,0.000000,0.000000,0.000000,98.381000,50.831000,4.310300,219.088500,1,baseline,Static,381
2026-06-01 01:35:22,0.000000,0.500000,0.000000,0.000000,0.000000,98.308000,50.869300,3.393500,172.627000,1,baseline,Static,382
2026-06-01 01:35:23,0.000000,0.500000,0.000000,0.000000,0.000000,98.339000,50.891100,3.166600,161.150400,1,baseline,Static,383
2026-06-01 01:35:24,0.288300,0.000000,0.285714,5.972120,0.003010,98.290000,50.817900,4.516700,229.516300,1,baseline,Static,384
2026-06-01 01:35:25,0.300000,0.000000,0.000000,5.935700,0.003000,98.289000,50.750000,5.535700,280.938900,1,baseline,Static,385
2026-06-01 01:35:26,0.300000,0.000000,0.000000,5.935700,0.003000,98.280000,50.748500,5.931200,300.999900,1,baseline,Static,386
2026-06-01 01:35:27,0.021000,0.465000,-0.335714,0.237650,0.000190,98.312000,50.807400,4.859400,246.886400,1,baseline,Static,387
2026-06-01 01:35:28,0.000000,0.500000,0.000000,0.000000,0.000000,98.315000,50.861200,3.657700,186.029600,1,baseline,Static,388
2026-06-01 01:35:29,0.000000,0.500000,0.000000,0.000000,0.000000,98.318000,50.881600,3.223200,164.001500,1,baseline,Static,389
2026-06-01 01:35:30,0.197700,0.150000,0.285714,4.188200,0.002110,98.273000,50.846400,3.983400,202.530700,1,baseline,Static,390
2026-06-01 01:35:31,0.300000,0.000000,0.000000,5.935700,0.003000,98.260000,50.766500,5.364300,272.323800,1,baseline,Static,391
2026-06-01 01:35:32,0.300000,0.000000,0.000000,5.935700,0.003000,98.253000,50.745400,5.844100,296.561400,1,baseline,Static,392
2026-06-01 01:35:33,0.111000,0.315000,-0.335714,2.018360,0.001090,98.250000,50.773700,5.361900,272.222600,1,baseline,Static,393
2026-06-01 01:35:34,0.000000,0.500000,0.000000,0.000000,0.000000,98.322000,50.849500,3.914700,199.058500,1,baseline,Static,394
2026-06-01 01:35:35,0.000000,0.500000,0.000000,0.000000,0.000000,98.240000,50.881600,3.277500,166.765800,1,baseline,Static,395
2026-06-01 01:35:36,0.079680,0.340000,0.310714,1.859470,0.000930,98.280000,50.864400,3.349100,170.342500,1,baseline,Static,396
2026-06-01 01:35:37,0.300000,0.000000,0.000000,5.935700,0.003000,98.230000,50.801700,4.952300,251.582700,1,baseline,Static,397
2026-06-01 01:35:38,0.300000,0.000000,0.000000,5.935700,0.003000,98.245000,50.761700,5.713900,290.046500,1,baseline,Static,398
2026-06-01 01:35:39,0.240000,0.100000,-0.285714,4.597200,0.002400,98.228000,50.735700,5.846400,296.615800,1,baseline,Static,399
2026-06-01 01:35:40,0.000000,0.500000,0.000000,0.000000,0.000000,98.244000,50.821400,4.291700,218.108700,1,baseline,Static,400
2026-06-01 01:35:41,0.000000,0.500000,0.000000,0.000000,0.000000,98.255000,50.857800,3.493500,177.671600,1,baseline,Static,401
2026-06-01 01:35:42,0.000000,0.500000,0.000000,0.000000,0.000000,98.242000,50.878900,3.130600,159.281400,1,baseline,Static,402
2026-06-01 01:35:43,0.257100,0.030000,0.323571,5.374110,0.002720,98.265000,50.832300,4.255200,216.279400,1,baseline,Static,403
2026-06-01 01:35:44,0.300000,0.000000,0.000000,5.935700,0.003000,98.275000,50.756900,5.454900,276.872500,1,baseline,Static,404
2026-06-01 01:35:45,0.300000,0.000000,0.000000,5.935700,0.003000,98.245000,50.761000,5.860700,297.493400,1,baseline,Static,405
2026-06-01 01:35:46,0.054000,0.410000,-0.285714,0.917070,0.000520,98.198000,50.771900,4.991000,253.378900,1,baseline,Static,406
2026-06-01 01:35:47,0.000000,0.500000,0.000000,0.000000,0.000000,98.237000,50.864100,3.719600,189.192800,1,baseline,Static,407
2026-06-01 01:35:48,0.000000,0.500000,0.000000,0.000000,0.000000,98.198000,50.867500,3.231100,164.359900,1,baseline,Static,408
2026-06-01 01:35:49,0.168960,0.170000,0.324857,3.628010,0.001820,98.196000,50.857700,3.770700,191.755900,1,baseline,Static,409
2026-06-01 01:35:50,0.300000,0.000000,0.000000,5.935700,0.003000,98.206000,50.761300,5.257800,266.891100,1,baseline,Static,410
2026-06-01 01:35:51,0.300000,0.000000,0.000000,5.935700,0.003000,98.233000,50.754600,5.795600,294.152200,1,baseline,Static,411
2026-06-01 01:35:52,0.144000,0.260000,-0.285714,2.697780,0.001420,98.177000,50.757300,5.490300,278.657700,1,baseline,Static,412
2026-06-01 01:35:53,0.000000,0.500000,0.000000,0.000000,0.000000,98.168000,50.836900,3.941500,200.371500,1,baseline,Static,413
2026-06-01 01:35:54,0.000000,0.500000,0.000000,0.000000,0.000000,98.204000,50.857400,3.384700,172.137100,1,baseline,Static,414
2026-06-01 01:35:55,0.078960,0.320000,0.324857,1.864510,0.000930,98.150000,50.853100,3.382300,171.993300,1,baseline,Static,415
2026-06-01 01:35:56,0.300000,0.000000,0.000000,5.935700,0.003000,98.146000,50.783100,4.951000,251.415800,1,baseline,Static,416
2026-06-01 01:35:57,0.300000,0.000000,0.000000,5.935700,0.003000,98.140000,50.743000,5.739000,291.213500,1,baseline,Static,417
2026-06-01 01:35:58,0.210000,0.150000,-0.285714,4.003630,0.002100,98.142000,50.745700,5.753300,291.949400,1,baseline,Static,418
2026-06-01 01:35:59,0.000000,0.500000,0.000000,0.000000,0.000000,98.146000,50.811300,4.211700,213.995400,1,baseline,Static,419
2026-06-01 01:36:00,0.000000,0.500000,0.000000,0.000000,0.000000,98.178000,50.861600,3.422500,174.072600,1,baseline,Static,420
2026-06-01 01:36:01,0.001260,0.470000,0.012000,0.027790,0.000010,98.129000,50.870200,3.175700,161.548100,1,baseline,Static,421
2026-06-01 01:36:02,0.287700,0.000000,0.312857,6.001490,0.003030,98.120000,50.782300,4.538500,230.465800,1,baseline,Static,422
2026-06-01 01:36:03,0.300000,0.000000,0.000000,5.935700,0.003000,98.112000,50.743400,5.589000,283.603000,1,baseline,Static,423
2026-06-01 01:36:04,0.300000,0.000000,0.000000,5.935700,0.003000,98.108000,50.719100,5.958500,302.208600,1,baseline,Static,424
2026-06-01 01:36:05,0.024000,0.460000,-0.285714,0.323500,0.000220,98.142000,50.796100,4.843400,246.009100,1,baseline,Static,425
2026-06-01 01:36:06,0.000000,0.500000,0.000000,0.000000,0.000000,98.116000,50.851300,3.607600,183.450300,1,baseline,Static,426
2026-06-01 01:36:07,0.000000,0.500000,0.000000,0.000000,0.000000,98.145000,50.872600,3.238900,164.771400,1,baseline,Static,427
2026-06-01 01:36:08,0.198960,0.120000,0.324857,4.244070,0.002130,98.090000,50.809500,3.977300,202.070500,1,baseline,Static,428
2026-06-01 01:36:09,0.300000,0.000000,0.000000,5.935700,0.003000,98.086000,50.764500,5.361000,272.144700,1,baseline,Static,429
2026-06-01 01:36:10,0.300000,0.000000,0.000000,5.935700,0.003000,98.080000,50.712600,5.867000,297.531000,1,baseline,Static,430
2026-06-01 01:36:11,0.117000,0.305000,-0.285714,2.163560,0.001160,98.082000,50.771500,5.330900,270.639100,1,baseline,Static,431
2026-06-01 01:36:12,0.000000,0.500000,0.000000,0.000000,0.000000,98.103000,50.831000,3.890400,197.751900,1,baseline,Static,432
2026-06-01 01:36:13,0.000000,0.500000,0.000000,0.000000,0.000000,98.102000,50.857600,3.316100,168.649100,1,baseline,Static,433
2026-06-01 01:36:14,0.078300,0.350000,0.285714,1.824680,0.000920,98.069000,50.849000,3.356900,170.687000,1,baseline,Static,434
2026-06-01 01:36:15,0.300000,0.000000,0.000000,5.935700,0.003000,98.060000,50.766100,4.944500,251.004400,1,baseline,Static,435
2026-06-01 01:36:16,0.300000,0.000000,0.000000,5.935700,0.003000,98.052000,50.744100,5.730600,290.794500,1,baseline,Static,436
2026-06-01 01:36:17,0.222000,0.130000,-0.285714,4.241060,0.002170,98.048000,50.745200,5.762400,292.411800,1,baseline,Static,437
2026-06-01 01:36:18,0.000000,0.500000,0.000000,0.000000,0.000000,98.040000,50.807700,4.270300,216.959800,1,baseline,Static,438
2026-06-01 01:36:19,0.000000,0.500000,0.000000,0.000000,0.000000,98.040000,50.839700,3.463300,176.073500,1,baseline,Static,439
2026-06-01 01:36:20,0.000000,0.500000,0.000000,0.000000,0.000000,98.044000,50.859400,3.169900,161.219900,1,baseline,Static,440
2026-06-01 01:36:21,0.271200,0.000000,0.285714,5.645850,0.002850,98.047000,50.801000,4.349000,220.920100,1,baseline,Static,441
2026-06-01 01:36:22,0.300000,0.000000,0.000000,5.935700,0.003000,98.094000,50.744500,5.530700,280.651400,1,baseline,Static,442
2026-06-01 01:36:23,0.300000,0.000000,0.000000,5.935700,0.003000,98.095000,50.727500,5.897600,299.169600,1,baseline,Static,443
2026-06-01 01:36:24,0.030000,0.450000,-0.285714,0.442210,0.000300,98.058000,50.766900,4.970600,252.321400,1,baseline,Static,444
2026-06-01 01:36:25,0.000000,0.500000,0.000000,0.000000,0.000000,98.034000,50.828300,3.681600,187.127400,1,baseline,Static,445
2026-06-01 01:36:26,0.000000,0.500000,0.000000,0.000000,0.000000,98.034000,50.869200,3.235300,164.576300,1,baseline,Static,446
2026-06-01 01:36:27,0.155820,0.200000,0.289714,3.347260,0.001690,98.001000,50.841300,3.644400,185.273500,1,baseline,Static,447
2026-06-01 01:36:28,0.300000,0.000000,0.000000,5.935700,0.003000,98.000000,50.752100,5.173600,262.566300,1,baseline,Static,448
2026-06-01 01:36:29,0.300000,0.000000,0.000000,5.935700,0.003000,97.992000,50.729700,5.765300,292.471500,1,baseline,Static,449
2026-06-01 01:36:30,0.120000,0.300000,-0.285714,2.222920,0.001200,98.022000,50.737600,5.477300,277.899000,1,baseline,Static,450
2026-06-01 01:36:31,0.000000,0.500000,0.000000,0.000000,0.000000,98.007000,50.826000,3.938800,200.190900,1,baseline,Static,451
2026-06-01 01:36:32,0.000000,0.500000,0.000000,0.000000,0.000000,98.036000,50.843800,3.362800,170.977100,1,baseline,Static,452
2026-06-01 01:36:33,0.094740,0.300000,0.285714,2.135540,0.001070,97.978000,50.825700,3.427700,174.207900,1,baseline,Static,453
2026-06-01 01:36:34,0.300000,0.000000,0.000000,5.935700,0.003000,97.970000,50.755400,4.947900,251.128700,1,baseline,Static,454
2026-06-01 01:36:35,0.300000,0.000000,0.000000,5.935700,0.003000,97.967000,50.715900,5.750000,291.613200,1,baseline,Static,455
2026-06-01 01:36:36,0.180000,0.200000,-0.285714,3.410060,0.001800,97.968000,50.709700,5.700400,289.061000,1,baseline,Static,456
2026-06-01 01:36:37,0.000000,0.500000,0.000000,0.000000,0.000000,97.997000,50.800000,4.136400,210.126000,1,baseline,Static,457
2026-06-01 01:36:38,0.000000,0.500000,0.000000,0.000000,0.000000,97.974000,50.836800,3.403400,173.017100,1,baseline,Static,458
2026-06-01 01:36:39,0.007500,0.450000,0.071429,0.174690,0.000090,97.974000,50.853500,3.170900,161.251000,1,baseline,Static,459
2026-06-01 01:36:40,0.298320,0.000000,0.214286,6.134540,0.003100,97.945000,50.778500,4.533000,230.170300,1,baseline,Static,460
2026-06-01 01:36:41,0.300000,0.000000,0.000000,5.935700,0.003000,97.940000,50.724300,5.546700,281.349100,1,baseline,Static,461
2026-06-01 01:36:42,0.300000,0.000000,0.000000,5.935700,0.003000,97.932000,50.706100,5.909000,299.621100,1,baseline,Static,462
2026-06-01 01:36:43,0.000000,0.500000,-0.285714,-0.151360,0.000000,97.970000,50.781700,4.755300,241.471600,1,baseline,Static,463
2026-06-01 01:36:44,0.000000,0.500000,0.000000,0.000000,0.000000,97.965000,50.832000,3.610300,183.516600,1,baseline,Static,464
2026-06-01 01:36:45,0.000000,0.500000,0.000000,0.000000,0.000000,98.001000,50.841500,3.209200,163.161100,1,baseline,Static,465
2026-06-01 01:36:46,0.217800,0.100000,0.285714,4.563130,0.002290,97.928000,50.825400,3.991500,202.856200,1,baseline,Static,466
2026-06-01 01:36:47,0.300000,0.000000,0.000000,5.935700,0.003000,97.945000,50.730000,5.360700,271.943700,1,baseline,Static,467
2026-06-01 01:36:48,0.300000,0.000000,0.000000,5.935700,0.003000,97.907000,50.720800,5.834200,295.916100,1,baseline,Static,468
2026-06-01 01:36:49,0.090000,0.350000,-0.285714,1.629350,0.000900,97.917000,50.741200,5.321100,269.982400,1,baseline,Static,469
2026-06-01 01:36:50,0.000000,0.500000,0.000000,0.000000,0.000000,97.980000,50.809500,3.841400,195.176600,1,baseline,Static,470
2026-06-01 01:36:51,0.000000,0.500000,0.000000,0.000000,0.000000,97.942000,50.844000,3.295600,167.559400,1,baseline,Static,471
2026-06-01 01:36:52,0.098700,0.300000,0.287143,2.204360,0.001100,97.930000,50.848100,3.390300,172.375900,1,baseline,Static,472
2026-06-01 01:36:53,0.300000,0.000000,0.000000,5.935700,0.003000,97.894000,50.758000,4.943700,250.923800,1,baseline,Static,473
2026-06-01 01:36:54,0.300000,0.000000,0.000000,5.935700,0.003000,97.880000,50.720100,5.725800,290.412300,1,baseline,Static,474
2026-06-01 01:36:55,0.210000,0.150000,-0.357143,3.965790,0.002100,97.907000,50.715100,5.812400,294.774000,1,baseline,Static,475
2026-06-01 01:36:56,0.000000,0.500000,0.000000,0.000000,0.000000,97.910000,50.796800,4.279600,217.376200,1,baseline,Static,476
2026-06-01 01:36:57,0.000000,0.500000,0.000000,0.000000,0.000000,97.914000,50.828100,3.483700,177.069000,1,baseline,Static,477
2026-06-01 01:36:58,0.010500,0.450000,0.100000,0.268400,0.000130,97.944000,50.839700,3.188500,162.101400,1,baseline,Static,478
2026-06-01 01:36:59,0.299820,0.000000,0.186143,6.133730,0.003090,97.940000,50.784300,4.556900,231.411800,1,baseline,Static,479
2026-06-01 01:37:00,0.300000,0.000000,0.000000,5.935700,0.003000,97.936000,50.726000,5.585100,283.310500,1,baseline,Static,480
2026-06-01 01:37:01,0.300000,0.000000,0.000000,5.935700,0.003000,97.930000,50.705700,5.935800,300.978500,1,baseline,Static,481
2026-06-01 01:37:02,0.000000,0.500000,-0.357143,-0.189200,0.000000,97.858000,50.759200,4.761600,241.680400,1,baseline,Static,482
2026-06-01 01:37:03,0.000000,0.500000,0.000000,0.000000,0.000000,97.912000,50.823600,3.629400,184.456300,1,baseline,Static,483
2026-06-01 01:37:04,0.000000,0.500000,0.000000,0.000000,0.000000,97.893000,50.850800,3.234700,164.487100,1,baseline,Static,484
2026-06-01 01:37:05,0.220320,0.100000,0.286143,4.621420,0.002320,97.910000,50.808000,3.944000,200.370400,1,baseline,Static,485
2026-06-01 01:37:06,0.300000,0.000000,0.000000,5.935700,0.003000,97.910000,50.735600,5.347400,271.301600,1,baseline,Static,486
2026-06-01 01:37:07,0.300000,0.000000,0.000000,5.935700,0.003000,97.901000,50.717700,5.872900,297.858400,1,baseline,Static,487
2026-06-01 01:37:08,0.090000,0.350000,-0.357143,1.591510,0.000900,97.882000,50.741800,5.307000,269.270600,1,baseline,Static,488
2026-06-01 01:37:09,0.000000,0.500000,0.000000,0.000000,0.000000,97.850000,50.796700,3.858100,195.973000,1,baseline,Static,489
2026-06-01 01:37:10,0.000000,0.500000,0.000000,0.000000,0.000000,97.863000,50.855100,3.321500,168.915200,1,baseline,Static,490
2026-06-01 01:37:11,0.098940,0.300000,0.325571,2.266690,0.001140,97.869000,50.837600,3.378100,171.728900,1,baseline,Static,491
2026-06-01 01:37:12,0.300000,0.000000,0.000000,5.935700,0.003000,97.880000,50.756900,4.963900,251.949500,1,baseline,Static,492
2026-06-01 01:37:13,0.300000,0.000000,0.000000,5.935700,0.003000,97.876000,50.697800,5.773600,292.706300,1,baseline,Static,493
2026-06-01 01:37:14,0.233333,0.111111,-0.317460,4.448478,0.002333,97.870000,50.694444,5.901222,299.156778,1,baseline,Static,494
2026-06-01 01:37:15,0.000000,0.500000,0.000000,0.000000,0.000000,97.820000,50.776091,4.393636,223.085182,1,baseline,Static,495
2026-06-01 01:37:16,0.000000,0.500000,0.000000,0.000000,0.000000,97.833333,50.838444,3.465333,176.169889,1,baseline,Static,496
2026-06-01 01:37:17,0.011727,0.454545,0.111688,0.297355,0.000145,97.828182,50.831091,3.180091,161.645545,1,baseline,Static,497
2026-06-01 01:37:18,0.299100,0.000000,0.201429,6.136050,0.003090,97.852000,50.778400,4.517700,229.391500,1,baseline,Static,498
2026-06-01 01:37:19,0.300000,0.000000,0.000000,5.935700,0.003000,97.850000,50.731667,5.527000,280.394333,1,baseline,Static,499
2026-06-01 01:37:20,0.300000,0.000000,0.000000,5.935700,0.003000,97.842000,50.711200,5.926800,300.553100,1,baseline,Static,500
2026-06-01 01:37:21,0.000000,0.500000,-0.324675,-0.172000,0.000000,97.823636,50.770091,4.643182,235.720182,1,baseline,Static,501
2026-06-01 01:37:22,0.000000,0.500000,0.000000,0.000000,0.000000,97.812222,50.830111,3.571778,181.553333,1,baseline,Static,502
2026-06-01 01:37:23,0.000000,0.500000,0.000000,0.000000,0.000000,97.766000,50.845900,3.180900,161.735900,1,baseline,Static,503
2026-06-01 01:37:24,0.198300,0.150000,0.313571,4.198930,0.002110,97.830000,50.814000,3.759600,191.016200,1,baseline,Static,504
2026-06-01 01:37:25,0.300000,0.000000,0.000000,5.935700,0.003000,97.812000,50.733900,5.310200,269.403100,1,baseline,Static,505
2026-06-01 01:37:26,0.300000,0.000000,0.000000,5.935700,0.003000,97.817000,50.708200,5.844000,296.340800,1,baseline,Static,506
2026-06-01 01:37:27,0.120000,0.300000,-0.285714,2.222920,0.001200,97.767000,50.735700,5.374000,272.633000,1,baseline,Static,507
2026-06-01 01:37:28,0.000000,0.500000,0.000000,0.000000,0.000000,97.762000,50.792600,3.860000,196.056800,1,baseline,Static,508
2026-06-01 01:37:29,0.000000,0.500000,0.000000,0.000000,0.000000,97.752000,50.814500,3.315300,168.464900,1,baseline,Static,509
2026-06-01 01:37:30,0.108960,0.295000,0.312143,2.431120,0.001220,97.776000,50.819900,3.378600,171.696200,1,baseline,Static,510
2026-06-01 01:37:31,0.300000,0.000000,0.000000,5.935700,0.003000,97.795000,50.731700,4.976400,252.459500,1,baseline,Static,511
2026-06-01 01:37:32,0.300000,0.000000,0.000000,5.935700,0.003000,97.790000,50.714000,5.729600,290.571800,1,baseline,Static,512
2026-06-01 01:37:33,0.210000,0.150000,-0.285714,4.003630,0.002100,97.782000,50.710300,5.803600,294.299500,1,baseline,Static,513
2026-06-01 01:37:34,0.000000,0.500000,0.000000,0.000000,0.000000,97.709000,50.766500,4.187200,212.562400,1,baseline,Static,514
2026-06-01 01:37:35,0.000000,0.500000,0.000000,0.000000,0.000000,97.773000,50.805300,3.482900,176.949600,1,baseline,Static,515
2026-06-01 01:37:36,0.000180,0.490000,0.001714,0.003670,0.000000,97.698000,50.833900,3.202000,162.770100,1,baseline,Static,516
2026-06-01 01:37:37,0.285300,0.000000,0.320000,5.936830,0.002990,97.743000,50.775600,4.420400,224.422700,1,baseline,Static,517
2026-06-01 01:37:38,0.300000,0.000000,0.000000,5.935700,0.003000,97.680000,50.699000,5.550200,281.388500,1,baseline,Static,518
2026-06-01 01:37:39,0.300000,0.000000,0.000000,5.935700,0.003000,97.749000,50.694400,5.932800,300.759800,1,baseline,Static,519
2026-06-01 01:37:40,0.030000,0.450000,-0.285714,0.442210,0.000300,97.724000,50.731300,4.897000,248.398000,1,baseline,Static,520
2026-06-01 01:37:41,0.000000,0.500000,0.000000,0.000000,0.000000,97.699091,50.807909,3.657636,185.833364,1,baseline,Static,521
2026-06-01 01:37:42,0.000000,0.500000,0.000000,0.000000,0.000000,97.695556,50.842000,3.205000,162.948333,1,baseline,Static,522
2026-06-01 01:37:43,0.195480,0.140000,0.321714,4.171570,0.002100,97.657000,50.769800,3.976800,201.885700,1,baseline,Static,523
2026-06-01 01:37:44,0.300000,0.000000,0.000000,5.935700,0.003000,97.650000,50.717900,5.366700,272.183000,1,baseline,Static,524
2026-06-01 01:37:45,0.300000,0.000000,0.000000,5.935700,0.003000,97.645000,50.694600,5.871200,297.637500,1,baseline,Static,525
2026-06-01 01:37:46,0.090000,0.350000,-0.285714,1.629350,0.000900,97.672000,50.712200,5.188900,263.126000,1,baseline,Static,526
2026-06-01 01:37:47,0.000000,0.500000,0.000000,0.000000,0.000000,97.643000,50.797100,3.762500,191.122200,1,baseline,Static,527
2026-06-01 01:37:48,0.000000,0.500000,0.000000,0.000000,0.000000,97.708000,50.818200,3.307000,168.054700,1,baseline,Static,528
2026-06-01 01:37:49,0.106260,0.285000,0.322714,2.404740,0.001210,97.630000,50.817900,3.508800,178.295100,1,baseline,Static,529
2026-06-01 01:37:50,0.300000,0.000000,0.000000,5.935700,0.003000,97.623000,50.713300,5.067500,256.986700,1,baseline,Static,530
2026-06-01 01:37:51,0.300000,0.000000,0.000000,5.935700,0.003000,97.620000,50.692600,5.770900,292.541400,1,baseline,Static,531
2026-06-01 01:37:52,0.210000,0.150000,-0.285714,4.003630,0.002100,97.610000,50.703000,5.716800,289.844200,1,baseline,Static,532
2026-06-01 01:37:53,0.000000,0.500000,0.000000,0.000000,0.000000,97.650000,50.775200,4.212400,213.884000,1,baseline,Static,533
2026-06-01 01:37:54,0.000000,0.500000,0.000000,0.000000,0.000000,97.637000,50.820300,3.418800,173.742000,1,baseline,Static,534
2026-06-01 01:37:55,0.000000,0.500000,0.000000,0.000000,0.000000,97.650000,50.810800,3.176200,161.385600,1,baseline,Static,535
2026-06-01 01:37:56,0.287100,0.000000,0.285714,5.958150,0.003000,97.599000,50.752400,4.517000,229.238000,1,baseline,Static,536
2026-06-01 01:37:57,0.300000,0.000000,0.000000,5.935700,0.003000,97.590000,50.699000,5.602900,284.058500,1,baseline,Static,537
2026-06-01 01:37:58,0.300000,0.000000,0.000000,5.935700,0.003000,97.586000,50.701000,5.887200,298.485400,1,baseline,Static,538
2026-06-01 01:37:59,0.000000,0.500000,-0.285714,-0.151360,0.000000,97.628000,50.745000,4.659500,236.432200,1,baseline,Static,539
2026-06-01 01:38:00,0.000000,0.500000,0.000000,0.000000,0.000000,97.594000,50.805600,3.557600,180.742700,1,baseline,Static,540
2026-06-01 01:38:01,0.000000,0.500000,0.000000,0.000000,0.000000,97.651000,50.834300,3.180500,161.676800,1,baseline,Static,541
2026-06-01 01:38:02,0.226260,0.085000,0.322714,4.786890,0.002410,97.570000,50.764100,4.173000,211.822700,1,baseline,Static,542
2026-06-01 01:38:03,0.300000,0.000000,0.000000,5.935700,0.003000,97.564000,50.711300,5.470500,277.412600,1,baseline,Static,543
2026-06-01 01:38:04,0.300000,0.000000,0.000000,5.935700,0.003000,97.560000,50.678800,5.920500,300.042800,1,baseline,Static,544
2026-06-01 01:38:05,0.090000,0.350000,-0.285714,1.629350,0.000900,97.550000,50.710100,5.125000,259.867400,1,baseline,Static,545
2026-06-01 01:38:06,0.000000,0.500000,0.000000,0.000000,0.000000,97.598000,50.781900,3.818000,193.880300,1,baseline,Static,546
2026-06-01 01:38:07,0.000000,0.500000,0.000000,0.000000,0.000000,97.571000,50.799200,3.305400,167.911400,1,baseline,Static,547
2026-06-01 01:38:08,0.136260,0.235000,0.322714,2.979500,0.001500,97.618000,50.812700,3.571300,181.459000,1,baseline,Static,548
2026-06-01 01:38:09,0.300000,0.000000,0.000000,5.935700,0.003000,97.620000,50.735600,5.075900,257.524200,1,baseline,Static,549
2026-06-01 01:38:10,0.300000,0.000000,0.000000,5.935700,0.003000,97.615000,50.704600,5.756200,291.864400,1,baseline,Static,550
2026-06-01 01:38:11,0.180000,0.200000,-0.285714,3.410060,0.001800,97.575000,50.698100,5.687300,288.318600,1,baseline,Static,551
2026-06-01 01:38:12,0.000000,0.500000,0.000000,0.000000,0.000000,97.560000,50.766700,4.081600,207.205000,1,baseline,Static,552
2026-06-01 01:38:13,0.000000,0.500000,0.000000,0.000000,0.000000,97.536000,50.801500,3.404400,172.947300,1,baseline,Static,553
2026-06-01 01:38:14,0.046260,0.385000,0.322714,1.193040,0.000590,97.582000,50.828900,3.223100,163.826200,1,baseline,Static,554
2026-06-01 01:38:15,0.300000,0.000000,0.000000,5.935700,0.003000,97.592000,50.746800,4.644700,235.689800,1,baseline,Static,555
2026-06-01 01:38:16,0.300000,0.000000,0.000000,5.935700,0.003000,97.590000,50.686300,5.605500,284.123100,1,baseline,Static,556
2026-06-01 01:38:17,0.270000,0.050000,-0.285714,5.190770,0.002700,97.572000,50.672900,5.892700,298.601300,1,baseline,Static,557
2026-06-01 01:38:18,0.000000,0.500000,0.000000,0.000000,0.000000,97.517000,50.756700,4.509200,228.862300,1,baseline,Static,558
2026-06-01 01:38:19,0.000000,0.500000,0.000000,0.000000,0.000000,97.546000,50.802000,3.520400,178.842500,1,baseline,Static,559
2026-06-01 01:38:20,0.000000,0.500000,0.000000,0.000000,0.000000,97.504000,50.806100,3.177600,161.442200,1,baseline,Static,560
2026-06-01 01:38:21,0.227100,0.100000,0.285714,4.749850,0.002390,97.559000,50.780300,3.998900,203.049400,1,baseline,Static,561
2026-06-01 01:38:22,0.300000,0.000000,0.000000,5.935700,0.003000,97.552000,50.719700,5.359700,271.843600,1,baseline,Static,562
2026-06-01 01:38:23,0.300000,0.000000,0.000000,5.935700,0.003000,97.547000,50.684400,5.874300,297.735200,1,baseline,Static,563
2026-06-01 01:38:24,0.084000,0.360000,-0.285714,1.510640,0.000820,97.506000,50.716500,5.231100,265.284700,1,baseline,Static,564
2026-06-01 01:38:25,0.000000,0.500000,0.000000,0.000000,0.000000,97.468000,50.786400,3.761300,191.018700,1,baseline,Static,565
2026-06-01 01:38:26,0.000000,0.500000,0.000000,0.000000,0.000000,97.476000,50.795200,3.301500,167.700300,1,baseline,Static,566
2026-06-01 01:38:27,0.137700,0.250000,0.285714,2.979150,0.001500,97.516000,50.784400,3.509900,178.240000,1,baseline,Static,567
2026-06-01 01:38:28,0.300000,0.000000,0.000000,5.935700,0.003000,97.517000,50.720200,5.084600,257.888500,1,baseline,Static,568
2026-06-01 01:38:29,0.300000,0.000000,0.000000,5.935700,0.003000,97.514000,50.679000,5.756900,291.752700,1,baseline,Static,569
2026-06-01 01:38:30,0.174000,0.210000,-0.285714,3.291350,0.001720,97.520000,50.689400,5.707200,289.287600,1,baseline,Static,570
2026-06-01 01:38:31,0.000000,0.500000,0.000000,0.000000,0.000000,97.457000,50.765800,4.098500,208.060400,1,baseline,Static,571
2026-06-01 01:38:32,0.000000,0.500000,0.000000,0.000000,0.000000,97.462000,50.804500,3.380400,171.740300,1,baseline,Static,572
2026-06-01 01:38:33,0.018960,0.445000,0.180000,0.530730,0.000260,97.429000,50.807700,3.237800,164.503300,1,baseline,Static,573
2026-06-01 01:38:34,0.300000,0.000000,0.105714,6.050190,0.003050,97.420000,50.721400,4.698900,238.323800,1,baseline,Static,574
2026-06-01 01:38:35,0.300000,0.000000,0.000000,5.935700,0.003000,97.418000,50.671300,5.601900,283.854400,1,baseline,Static,575
2026-06-01 01:38:36,0.288000,0.020000,-0.114286,5.637730,0.002850,97.410000,50.678400,5.936300,300.841800,1,baseline,Static,576
2026-06-01 01:38:37,0.000000,0.500000,-0.214286,-0.113520,0.000000,97.482000,50.742000,4.765500,241.792300,1,baseline,Static,577
2026-06-01 01:38:38,0.000000,0.500000,0.000000,0.000000,0.000000,97.400000,50.777900,3.548700,180.192300,1,baseline,Static,578
2026-06-01 01:38:39,0.000000,0.500000,0.000000,0.000000,0.000000,97.432000,50.786700,3.175800,161.287500,1,baseline,Static,579
2026-06-01 01:38:40,0.199680,0.140000,0.310714,4.261840,0.002140,97.395000,50.776500,3.940800,200.082900,1,baseline,Static,580
2026-06-01 01:38:41,0.300000,0.000000,0.000000,5.935700,0.003000,97.390000,50.695800,5.370600,272.264000,1,baseline,Static,581
2026-06-01 01:38:42,0.300000,0.000000,0.000000,5.935700,0.003000,97.384000,50.664200,5.876600,297.733600,1,baseline,Static,582
2026-06-01 01:38:43,0.081000,0.365000,-0.335714,1.424790,0.000790,97.404000,50.708600,5.197200,263.532800,1,baseline,Static,583
2026-06-01 01:38:44,0.000000,0.500000,0.000000,0.000000,0.000000,97.406000,50.777100,3.791400,192.513300,1,baseline,Static,584
2026-06-01 01:38:45,0.000000,0.500000,0.000000,0.000000,0.000000,97.370000,50.798200,3.276400,166.435800,1,baseline,Static,585
2026-06-01 01:38:46,0.140460,0.235000,0.285714,3.052840,0.001530,97.370000,50.778800,3.636800,184.661700,1,baseline,Static,586
2026-06-01 01:38:47,0.300000,0.000000,0.000000,5.935700,0.003000,97.361000,50.711500,5.180700,262.718400,1,baseline,Static,587
2026-06-01 01:38:48,0.300000,0.000000,0.000000,5.935700,0.003000,97.358000,50.676300,5.757000,291.743300,1,baseline,Static,588
2026-06-01 01:38:49,0.153000,0.245000,-0.292857,2.872060,0.001500,97.350000,50.684300,5.612100,284.432700,1,baseline,Static,589
2026-06-01 01:38:50,0.000000,0.500000,0.000000,0.000000,0.000000,97.348000,50.741100,4.016100,203.775500,1,baseline,Static,590
2026-06-01 01:38:51,0.000000,0.500000,0.000000,0.000000,0.000000,97.340000,50.801100,3.353700,170.370700,1,baseline,Static,591
2026-06-01 01:38:52,0.057600,0.350000,0.285714,1.427310,0.000720,97.348000,50.791600,3.328000,169.026300,1,baseline,Static,592
2026-06-01 01:38:53,0.300000,0.000000,0.000000,5.935700,0.003000,97.336000,50.705600,4.849500,245.887600,1,baseline,Static,593
2026-06-01 01:38:54,0.300000,0.000000,0.000000,5.935700,0.003000,97.338000,50.673600,5.647800,286.193200,1,baseline,Static,594
2026-06-01 01:38:55,0.210000,0.150000,-0.285714,4.003630,0.002100,97.323000,50.657100,5.790900,293.347500,1,baseline,Static,595
2026-06-01 01:38:56,0.000000,0.500000,0.000000,0.000000,0.000000,97.320000,50.731600,4.331000,219.716600,1,baseline,Static,596
2026-06-01 01:38:57,0.000000,0.500000,0.000000,0.000000,0.000000,97.315000,50.787400,3.435600,174.486100,1,baseline,Static,597
2026-06-01 01:38:58,0.000000,0.500000,0.000000,0.000000,0.000000,97.310000,50.781500,3.156200,160.276000,1,baseline,Static,598
2026-06-01 01:38:59,0.268800,0.000000,0.285714,5.588280,0.002820,97.310000,50.728100,4.345500,220.428700,1,baseline,Static,599
2026-06-01 01:39:00,0.300000,0.000000,0.000000,5.935700,0.003000,97.302000,50.696600,5.521800,279.932400,1,baseline,Static,600
2026-06-01 01:39:01,0.300000,0.000000,0.000000,5.935700,0.003000,97.298000,50.653200,5.891500,298.422100,1,baseline,Static,601
2026-06-01 01:39:02,0.030000,0.450000,-0.285714,0.442210,0.000300,97.290000,50.705800,4.958800,251.421500,1,baseline,Static,602
2026-06-01 01:39:03,0.000000,0.500000,0.000000,0.000000,0.000000,97.290000,50.769100,3.716200,188.666500,1,baseline,Static,603
2026-06-01 01:39:04,0.000000,0.500000,0.000000,0.000000,0.000000,97.281000,50.776800,3.222000,163.601100,1,baseline,Static,604
2026-06-01 01:39:05,0.178800,0.150000,0.285714,3.804350,0.001910,97.280000,50.757200,3.790500,192.364700,1,baseline,Static,605
2026-06-01 01:39:06,0.300000,0.000000,0.000000,5.935700,0.003000,97.276000,50.680100,5.281000,267.642800,1,baseline,Static,606
2026-06-01 01:39:07,0.300000,0.000000,0.000000,5.935700,0.003000,97.270000,50.652400,5.830000,295.302200,1,baseline,Static,607
2026-06-01 01:39:08,0.120000,0.300000,-0.285714,2.222920,0.001200,97.263000,50.688600,5.454600,276.478400,1,baseline,Static,608
2026-06-01 01:39:09,0.000000,0.500000,0.000000,0.000000,0.000000,97.260000,50.758600,3.937400,199.850500,1,baseline,Static,609
2026-06-01 01:39:10,0.000000,0.500000,0.000000,0.000000,0.000000,97.258000,50.778100,3.334000,169.292900,1,baseline,Static,610
2026-06-01 01:39:11,0.090000,0.300000,0.285714,2.043730,0.001020,97.250000,50.782100,3.396800,172.486300,1,baseline,Static,611
2026-06-01 01:39:12,0.300000,0.000000,0.000000,5.935700,0.003000,97.250000,50.696500,4.969700,251.942000,1,baseline,Static,612
2026-06-01 01:39:13,0.300000,0.000000,0.000000,5.935700,0.003000,97.241000,50.656300,5.742700,290.902200,1,baseline,Static,613
2026-06-01 01:39:14,0.210000,0.150000,-0.285714,4.003630,0.002100,97.238000,50.663500,5.822100,294.968400,1,baseline,Static,614
2026-06-01 01:39:15,0.000000,0.500000,0.000000,0.000000,0.000000,97.255000,50.736500,4.324900,219.422900,1,baseline,Static,615
2026-06-01 01:39:16,0.000000,0.500000,0.000000,0.000000,0.000000,97.238000,50.767900,3.470800,176.207800,1,baseline,Static,616
2026-06-01 01:39:17,0.005700,0.450000,0.054286,0.135120,0.000070,97.267000,50.794600,3.216100,163.360600,1,baseline,Static,617
2026-06-01 01:39:18,0.296700,0.000000,0.231429,6.121050,0.003080,97.261000,50.718800,4.514600,228.967100,1,baseline,Static,618
2026-06-01 01:39:19,0.300000,0.000000,0.000000,5.935700,0.003000,97.257000,50.660000,5.595500,283.467500,1,baseline,Static,619
2026-06-01 01:39:20,0.300000,0.000000,0.000000,5.935700,0.003000,97.268000,50.647900,5.935000,300.596800,1,baseline,Static,620
2026-06-01 01:39:21,0.000000,0.500000,-0.285714,-0.151360,0.000000,97.212000,50.706000,4.749900,240.837000,1,baseline,Static,621
2026-06-01 01:39:22,0.000000,0.500000,0.000000,0.000000,0.000000,97.224000,50.765200,3.612400,183.383000,1,baseline,Static,622
2026-06-01 01:39:23,0.000000,0.500000,0.000000,0.000000,0.000000,97.224000,50.797000,3.210200,163.067100,1,baseline,Static,623
2026-06-01 01:39:24,0.212400,0.100000,0.285714,4.477810,0.002250,97.244000,50.741000,3.959400,200.884800,1,baseline,Static,624
2026-06-01 01:39:25,0.300000,0.000000,0.000000,5.935700,0.003000,97.222000,50.670400,5.370200,272.108500,1,baseline,Static,625
2026-06-01 01:39:26,0.300000,0.000000,0.000000,5.935700,0.003000,97.233000,50.638300,5.878000,297.652400,1,baseline,Static,626
2026-06-01 01:39:27,0.060000,0.400000,-0.285714,1.035780,0.000600,97.194000,50.688100,5.128100,259.914400,1,baseline,Static,627
2026-06-01 01:39:28,0.000000,0.500000,0.000000,0.000000,0.000000,97.214000,50.762200,3.732100,189.446500,1,baseline,Static,628
2026-06-01 01:39:29,0.000000,0.500000,0.000000,0.000000,0.000000,97.186000,50.780200,3.258800,165.483600,1,baseline,Static,629
2026-06-01 01:39:30,0.122400,0.250000,0.285714,2.697100,0.001350,97.209000,50.768800,3.498700,177.617400,1,baseline,Static,630
2026-06-01 01:39:31,0.300000,0.000000,0.000000,5.935700,0.003000,97.220000,50.697300,5.074300,257.246100,1,baseline,Static,631
2026-06-01 01:39:32,0.300000,0.000000,0.000000,5.935700,0.003000,97.197000,50.657900,5.771400,292.366700,1,baseline,Static,632
2026-06-01 01:39:33,0.180000,0.200000,-0.285714,3.410060,0.001800,97.207000,50.669900,5.710300,289.335500,1,baseline,Static,633
2026-06-01 01:39:34,0.000000,0.500000,0.000000,0.000000,0.000000,97.152000,50.735300,4.145300,210.303500,1,baseline,Static,634
2026-06-01 01:39:35,0.000000,0.500000,0.000000,0.000000,0.000000,97.175000,50.754300,3.413700,173.258200,1,baseline,Static,635
2026-06-01 01:39:36,0.006900,0.450000,0.065714,0.167840,0.000080,97.156000,50.763000,3.190900,161.979200,1,baseline,Static,636
2026-06-01 01:39:37,0.297840,0.000000,0.225143,6.136800,0.003090,97.167000,50.726600,4.516600,229.100100,1,baseline,Static,637
2026-06-01 01:39:38,0.300000,0.000000,0.000000,5.935700,0.003000,97.162000,50.658500,5.564400,281.880000,1,baseline,Static,638
2026-06-01 01:39:39,0.270000,0.050000,-0.285714,5.190770,0.002700,97.174000,50.639700,5.899100,298.725000,1,baseline,Static,639
2026-06-01 01:39:40,0.000000,0.500000,0.000000,0.000000,0.000000,97.144000,50.701300,4.595300,232.985900,1,baseline,Static,640
2026-06-01 01:39:41,0.000000,0.500000,0.000000,0.000000,0.000000,97.137000,50.775000,3.562100,180.864700,1,baseline,Static,641
2026-06-01 01:39:42,0.000000,0.500000,0.000000,0.000000,0.000000,97.126000,50.768700,3.191600,162.032300,1,baseline,Static,642
2026-06-01 01:39:43,0.248700,0.050000,0.285714,5.176410,0.002600,97.165000,50.737700,4.144900,210.292400,1,baseline,Static,643
2026-06-01 01:39:44,0.300000,0.000000,0.000000,5.935700,0.003000,97.151000,50.661600,5.404800,273.811400,1,baseline,Static,644
2026-06-01 01:39:45,0.300000,0.000000,0.000000,5.935700,0.003000,97.180000,50.623500,5.885000,297.918600,1,baseline,Static,645
2026-06-01 01:39:46,0.066667,0.388889,-0.317460,1.150867,0.000667,97.172222,50.657222,5.196111,263.199000,1,baseline,Static,646
2026-06-01 01:39:47,0.000000,0.500000,0.000000,0.000000,0.000000,97.170000,50.758300,3.827700,194.284700,1,baseline,Static,647
2026-06-01 01:39:48,0.000000,0.500000,0.000000,0.000000,0.000000,97.168182,50.766273,3.310545,168.063273,1,baseline,Static,648
2026-06-01 01:39:49,0.161700,0.200000,0.285714,3.450860,0.001740,97.160000,50.751900,3.656500,185.569200,1,baseline,Static,649
2026-06-01 01:39:50,0.300000,0.000000,0.000000,5.935700,0.003000,97.160000,50.679400,5.165000,261.758000,1,baseline,Static,650
2026-06-01 01:39:51,0.300000,0.000000,0.000000,5.935700,0.003000,97.151000,50.644100,5.783100,292.880200,1,baseline,Static,651
2026-06-01 01:39:52,0.133333,0.277778,-0.317460,2.469911,0.001333,97.148889,50.665333,5.539444,280.645667,1,baseline,Static,652
2026-06-01 01:39:53,0.000000,0.500000,0.000000,0.000000,0.000000,97.140000,50.739909,3.953455,200.597727,1,baseline,Static,653
2026-06-01 01:39:54,0.000000,0.500000,0.000000,0.000000,0.000000,97.131111,50.758111,3.345778,169.825000,1,baseline,Static,654
2026-06-01 01:39:55,0.065727,0.363636,0.259740,1.526409,0.000764,97.129091,50.765364,3.321909,168.633091,1,baseline,Static,655
2026-06-01 01:39:56,0.300000,0.000000,0.000000,5.935700,0.003000,97.122000,50.691300,4.862700,246.488400,1,baseline,Static,656
2026-06-01 01:39:57,0.300000,0.000000,0.000000,5.935700,0.003000,97.109000,50.671300,5.652300,286.408600,1,baseline,Static,657
2026-06-01 01:39:58,0.210000,0.150000,-0.285714,4.003630,0.002100,97.112000,50.641000,5.793600,293.386400,1,baseline,Static,658
2026-06-01 01:39:59,0.000000,0.500000,0.000000,0.000000,0.000000,97.114444,50.726333,4.355889,220.951778,1,baseline,Static,659
2026-06-01 01:40:00,0.000000,0.500000,0.000000,0.000000,0.000000,97.110000,50.755400,3.466800,175.957400,1,baseline,Static,660
2026-06-01 01:40:01,0.000000,0.500000,0.000000,0.000000,0.000000,97.110000,50.768091,3.161000,160.478182,1,baseline,Static,661
2026-06-01 01:40:02,0.282300,0.000000,0.285714,5.834040,0.002940,97.103000,50.713700,4.339800,220.074500,1,baseline,Static,662
2026-06-01 01:40:03,0.300000,0.000000,0.000000,5.935700,0.003000,97.100000,50.661400,5.511600,279.222600,1,baseline,Static,663
2026-06-01 01:40:04,0.300000,0.000000,0.000000,5.935700,0.003000,97.091000,50.642500,5.916500,299.625500,1,baseline,Static,664
2026-06-01 01:40:05,0.000000,0.500000,-0.285714,-0.151360,0.000000,97.090000,50.688400,4.758700,241.188900,1,baseline,Static,665
2026-06-01 01:40:06,0.000000,0.500000,0.000000,0.000000,0.000000,97.080000,50.757600,3.604400,182.950300,1,baseline,Static,666
2026-06-01 01:40:07,0.000000,0.500000,0.000000,0.000000,0.000000,97.080000,50.751556,3.232667,164.061111,1,baseline,Static,667
2026-06-01 01:40:08,0.200945,0.136364,0.283766,4.220718,0.002127,97.079091,50.737545,3.877273,196.699364,1,baseline,Static,668
2026-06-01 01:40:09,0.300000,0.000000,0.000000,5.935700,0.003000,97.070000,50.655900,5.381500,272.602300,1,baseline,Static,669
2026-06-01 01:40:10,0.300000,0.000000,0.000000,5.935700,0.003000,97.066000,50.636200,5.837400,295.584200,1,baseline,Static,670
2026-06-01 01:40:11,0.060000,0.400000,-0.285714,1.035780,0.000600,97.060000,50.655600,5.146200,260.659100,1,baseline,Static,671
2026-06-01 01:40:12,0.000000,0.500000,0.000000,0.000000,0.000000,97.056667,50.729000,3.811667,193.358222,1,baseline,Static,672
2026-06-01 01:40:13,0.000000,0.500000,0.000000,0.000000,0.000000,97.050000,50.750900,3.264500,165.677700,1,baseline,Static,673
2026-06-01 01:40:14,0.134520,0.250000,0.321714,2.949340,0.001480,97.050000,50.746700,3.458900,175.518500,1,baseline,Static,674
2026-06-01 01:40:15,0.300000,0.000000,0.000000,5.935700,0.003000,97.045000,50.666200,5.089500,257.861700,1,baseline,Static,675
2026-06-01 01:40:16,0.300000,0.000000,0.000000,5.935700,0.003000,97.014000,50.644000,5.776800,292.558800,1,baseline,Static,676
2026-06-01 01:40:17,0.180000,0.200000,-0.285714,3.410060,0.001800,96.975000,50.649800,5.598700,283.560400,1,baseline,Static,677
2026-06-01 01:40:18,0.000000,0.500000,0.000000,0.000000,0.000000,97.003000,50.724500,4.088900,207.405200,1,baseline,Static,678
2026-06-01 01:40:19,0.000000,0.500000,0.000000,0.000000,0.000000,96.956000,50.765500,3.361300,170.636900,1,baseline,Static,679
2026-06-01 01:40:20,0.053160,0.370000,0.305000,1.360000,0.000680,96.948000,50.770100,3.309000,167.995700,1,baseline,Static,680
2026-06-01 01:40:21,0.300000,0.000000,0.000000,5.935700,0.003000,96.931000,50.666100,4.838100,245.122300,1,baseline,Static,681
2026-06-01 01:40:22,0.300000,0.000000,0.000000,5.935700,0.003000,96.929000,50.639500,5.656900,286.462500,1,baseline,Static,682
2026-06-01 01:40:23,0.258000,0.070000,-0.314286,4.938200,0.002540,96.920000,50.624600,5.870900,297.208800,1,baseline,Static,683
2026-06-01 01:40:24,0.000000,0.500000,0.000000,0.000000,0.000000,96.918000,50.691700,4.421100,224.095200,1,baseline,Static,684
2026-06-01 01:40:25,0.000000,0.500000,0.000000,0.000000,0.000000,96.910000,50.735500,3.520800,178.628600,1,baseline,Static,685
2026-06-01 01:40:26,0.000000,0.500000,0.000000,0.000000,0.000000,96.910000,50.753100,3.164400,160.603400,1,baseline,Static,686
2026-06-01 01:40:27,0.233400,0.050000,0.325714,4.923880,0.002490,96.907000,50.706600,4.133400,209.574800,1,baseline,Static,687
2026-06-01 01:40:28,0.300000,0.000000,0.000000,5.935700,0.003000,96.900000,50.641800,5.401400,273.532000,1,baseline,Static,688
2026-06-01 01:40:29,0.300000,0.000000,0.000000,5.935700,0.003000,96.895000,50.623000,5.865000,296.903700,1,baseline,Static,689
2026-06-01 01:40:30,0.075000,0.375000,-0.285714,1.332570,0.000710,96.890000,50.648000,5.157700,261.209900,1,baseline,Static,690
2026-06-01 01:40:31,0.000000,0.500000,0.000000,0.000000,0.000000,96.884000,50.725200,3.768300,191.143900,1,baseline,Static,691
2026-06-01 01:40:32,0.000000,0.500000,0.000000,0.000000,0.000000,96.880000,50.742500,3.257300,165.281900,1,baseline,Static,692
2026-06-01 01:40:33,0.142200,0.205000,0.325714,3.108780,0.001560,96.880000,50.735600,3.627100,184.013200,1,baseline,Static,693
2026-06-01 01:40:34,0.300000,0.000000,0.000000,5.935700,0.003000,96.872000,50.651600,5.172900,262.010000,1,baseline,Static,694
2026-06-01 01:40:35,0.300000,0.000000,0.000000,5.935700,0.003000,96.870000,50.630000,5.793600,293.329000,1,baseline,Static,695
2026-06-01 01:40:36,0.141000,0.265000,-0.307143,2.627070,0.001380,96.860000,50.637100,5.456700,276.305600,1,baseline,Static,696
2026-06-01 01:40:37,0.000000,0.500000,0.000000,0.000000,0.000000,96.860000,50.717000,3.964200,201.048600,1,baseline,Static,697
2026-06-01 01:40:38,0.000000,0.500000,0.000000,0.000000,0.000000,96.851000,50.740700,3.307000,167.800000,1,baseline,Static,698
2026-06-01 01:40:39,0.052200,0.355000,0.325714,1.313400,0.000660,96.850000,50.764700,3.279300,166.473000,1,baseline,Static,699
2026-06-01 01:40:40,0.300000,0.000000,0.000000,5.935700,0.003000,96.848000,50.654500,4.784000,242.320100,1,baseline,Static,700
2026-06-01 01:40:41,0.300000,0.000000,0.000000,5.935700,0.003000,96.840000,50.639000,5.655300,286.375500,1,baseline,Static,701
2026-06-01 01:40:42,0.255000,0.075000,-0.285714,4.893990,0.002510,96.835000,50.613800,5.899800,298.608600,1,baseline,Static,702
2026-06-01 01:40:43,0.000000,0.500000,0.000000,0.000000,0.000000,96.830000,50.693300,4.428100,224.466700,1,baseline,Static,703
2026-06-01 01:40:44,0.000000,0.500000,0.000000,0.000000,0.000000,96.827000,50.730400,3.504100,177.761100,1,baseline,Static,704
2026-06-01 01:40:45,0.000000,0.500000,0.000000,0.000000,0.000000,96.820000,50.763100,3.151100,159.960000,1,baseline,Static,705
2026-06-01 01:40:46,0.264600,0.000000,0.325714,5.521210,0.002780,96.820000,50.700600,4.398000,222.968600,1,baseline,Static,706
2026-06-01 01:40:47,0.300000,0.000000,0.000000,5.935700,0.003000,96.813000,50.639500,5.484100,277.709300,1,baseline,Static,707
2026-06-01 01:40:48,0.300000,0.000000,0.000000,5.935700,0.003000,96.810000,50.607000,5.904600,298.813800,1,baseline,Static,708
2026-06-01 01:40:49,0.039000,0.435000,-0.285714,0.620280,0.000340,96.800000,50.668700,4.996400,253.138500,1,baseline,Static,709
2026-06-01 01:40:50,0.000000,0.500000,0.000000,0.000000,0.000000,96.800000,50.723100,3.655700,185.429800,1,baseline,Static,710
2026-06-01 01:40:51,0.000000,0.500000,0.000000,0.000000,0.000000,96.794000,50.728800,3.233700,164.039900,1,baseline,Static,711
2026-06-01 01:40:52,0.174600,0.150000,0.325714,3.758630,0.001880,96.790000,50.706400,3.842200,194.808900,1,baseline,Static,712
2026-06-01 01:40:53,0.300000,0.000000,0.000000,5.935700,0.003000,96.788000,50.625600,5.262600,266.421800,1,baseline,Static,713
2026-06-01 01:40:54,0.300000,0.000000,0.000000,5.935700,0.003000,96.780000,50.606300,5.838900,295.484400,1,baseline,Static,714
2026-06-01 01:40:55,0.132000,0.280000,-0.285714,2.460350,0.001270,96.774000,50.639800,5.471600,277.074700,1,baseline,Static,715
2026-06-01 01:40:56,0.000000,0.500000,0.000000,0.000000,0.000000,96.770000,50.696800,3.925800,199.023200,1,baseline,Static,716
2026-06-01 01:40:57,0.000000,0.500000,0.000000,0.000000,0.000000,96.770000,50.731600,3.336900,169.286100,1,baseline,Static,717
2026-06-01 01:40:58,0.083400,0.300000,0.325714,1.970390,0.000990,96.760000,50.729000,3.388600,171.896600,1,baseline,Static,718
2026-06-01 01:40:59,0.300000,0.000000,0.000000,5.935700,0.003000,96.760000,50.635600,4.950900,250.683900,1,baseline,Static,719
2026-06-01 01:41:00,0.300000,0.000000,0.000000,5.935700,0.003000,96.752000,50.602400,5.725200,289.710300,1,baseline,Static,720
2026-06-01 01:41:01,0.219000,0.135000,-0.285714,4.181700,0.002140,96.749000,50.619000,5.835800,295.395500,1,baseline,Static,721
2026-06-01 01:41:02,0.000000,0.500000,0.000000,0.000000,0.000000,96.740000,50.674400,4.270100,216.376700,1,baseline,Static,722
2026-06-01 01:41:03,0.000000,0.500000,0.000000,0.000000,0.000000,96.740000,50.735100,3.442000,174.629800,1,baseline,Static,723
2026-06-01 01:41:04,0.000000,0.500000,0.000000,0.000000,0.000000,96.736000,50.750600,3.169800,160.868600,1,baseline,Static,724
2026-06-01 01:41:05,0.262200,0.025000,0.287857,5.487230,0.002760,96.730000,50.676500,4.342200,220.038800,1,baseline,Static,725
2026-06-01 01:41:06,0.300000,0.000000,0.000000,5.935700,0.003000,96.728000,50.616800,5.516400,279.222300,1,baseline,Static,726
2026-06-01 01:41:07,0.300000,0.000000,0.000000,5.935700,0.003000,96.720000,50.594300,5.888700,297.934200,1,baseline,Static,727
2026-06-01 01:41:08,0.036000,0.440000,-0.285714,0.560930,0.000300,96.715000,50.640400,4.974600,251.894700,1,baseline,Static,728
2026-06-01 01:41:09,0.000000,0.500000,0.000000,0.000000,0.000000,96.710000,50.718500,3.681300,186.708400,1,baseline,Static,729
2026-06-01 01:41:10,0.000000,0.500000,0.000000,0.000000,0.000000,96.710000,50.729900,3.206600,162.670400,1,baseline,Static,730
2026-06-01 01:41:11,0.172200,0.175000,0.287857,3.685710,0.001850,96.703000,50.717600,3.788600,192.139200,1,baseline,Static,731
2026-06-01 01:41:12,0.300000,0.000000,0.000000,5.935700,0.003000,96.700000,50.634700,5.301900,268.454300,1,baseline,Static,732
2026-06-01 01:41:13,0.300000,0.000000,0.000000,5.935700,0.003000,96.693000,50.598700,5.821800,294.576200,1,baseline,Static,733
2026-06-01 01:41:14,0.102000,0.330000,-0.285714,1.866780,0.000970,96.690000,50.635600,5.320100,269.371600,1,baseline,Static,734
2026-06-01 01:41:15,0.000000,0.500000,0.000000,0.000000,0.000000,96.689000,50.698300,3.823900,193.863800,1,baseline,Static,735
2026-06-01 01:41:16,0.000000,0.500000,0.000000,0.000000,0.000000,96.680000,50.737700,3.296700,167.266100,1,baseline,Static,736
2026-06-01 01:41:17,0.090000,0.300000,0.296428,2.052470,0.001030,96.679000,50.721900,3.388300,171.857100,1,baseline,Static,737
2026-06-01 01:41:18,0.300000,0.000000,0.000000,5.935700,0.003000,96.670000,50.640500,4.945200,250.419100,1,baseline,Static,738
2026-06-01 01:41:19,0.300000,0.000000,0.000000,5.935700,0.003000,96.668000,50.615800,5.728600,289.956400,1,baseline,Static,739
2026-06-01 01:41:20,0.180000,0.200000,-0.285714,3.410060,0.001800,96.693000,50.626200,5.703000,288.712900,1,baseline,Static,740
2026-06-01 01:41:21,0.000000,0.500000,0.000000,0.000000,0.000000,96.713000,50.677000,4.149700,210.287400,1,baseline,Static,741
2026-06-01 01:41:22,0.000000,0.500000,0.000000,0.000000,0.000000,96.728000,50.718700,3.383800,171.621300,1,baseline,Static,742
2026-06-01 01:41:23,0.009900,0.450000,0.117857,0.254590,0.000130,96.714000,50.743200,3.151900,159.937700,1,baseline,Static,743
2026-06-01 01:41:24,0.299640,0.000000,0.191429,6.135900,0.003100,96.721000,50.675200,4.529700,229.532800,1,baseline,Static,744
2026-06-01 01:41:25,0.300000,0.000000,0.000000,5.935700,0.003000,96.723000,50.631000,5.538000,280.392300,1,baseline,Static,745
2026-06-01 01:41:26,0.270000,0.050000,-0.285714,5.190770,0.002700,96.710000,50.591500,5.903700,298.677900,1,baseline,Static,746
2026-06-01 01:41:27,0.000000,0.500000,0.000000,0.000000,0.000000,96.710000,50.653600,4.581200,232.047600,1,baseline,Static,747
2026-06-01 01:41:28,0.000000,0.500000,0.000000,0.000000,0.000000,96.700000,50.712667,3.562222,180.650111,1,baseline,Static,748
2026-06-01 01:41:29,0.000000,0.500000,0.000000,0.000000,0.000000,96.705455,50.742818,3.184091,161.569091,1,baseline,Static,749
2026-06-01 01:41:30,0.219540,0.100000,0.309286,4.609780,0.002330,96.700000,50.690800,3.980900,201.772800,1,baseline,Static,750
2026-06-01 01:41:31,0.300000,0.000000,0.000000,5.935700,0.003000,96.689000,50.640800,5.358800,271.375100,1,baseline,Static,751
2026-06-01 01:41:32,0.300000,0.000000,0.000000,5.935700,0.003000,96.673000,50.594800,5.889900,297.996500,1,baseline,Static,752
2026-06-01 01:41:33,0.100000,0.333333,-0.317460,1.810389,0.001000,96.675556,50.629333,5.371667,271.945222,1,baseline,Static,753
2026-06-01 01:41:34,0.000000,0.500000,0.000000,0.000000,0.000000,96.672727,50.716636,3.913727,198.481636,1,baseline,Static,754
2026-06-01 01:41:35,0.000000,0.500000,0.000000,0.000000,0.000000,96.680000,50.715600,3.294800,167.096600,1,baseline,Static,755
2026-06-01 01:41:36,0.101040,0.300000,0.285714,2.249050,0.001130,96.672000,50.717500,3.385400,171.690100,1,baseline,Static,756
2026-06-01 01:41:37,0.300000,0.000000,0.000000,5.935700,0.003000,96.662000,50.650600,4.933500,249.876500,1,baseline,Static,757
2026-06-01 01:41:38,0.300000,0.000000,0.000000,5.935700,0.003000,96.638000,50.605400,5.702900,288.596400,1,baseline,Static,758
2026-06-01 01:41:39,0.210000,0.150000,-0.285714,4.003630,0.002100,96.643000,50.602000,5.797400,293.356000,1,baseline,Static,759
2026-06-01 01:41:40,0.000000,0.500000,0.000000,0.000000,0.000000,96.650000,50.675800,4.301200,217.961100,1,baseline,Static,760
2026-06-01 01:41:41,0.000000,0.500000,0.000000,0.000000,0.000000,96.650000,50.721000,3.446000,174.782200,1,baseline,Static,761
2026-06-01 01:41:42,0.000000,0.500000,0.000000,0.000000,0.000000,96.648000,50.740200,3.152500,159.959000,1,baseline,Static,762
2026-06-01 01:41:43,0.281700,0.000000,0.285714,5.817900,0.002930,96.632000,50.679900,4.336400,219.756600,1,baseline,Static,763
2026-06-01 01:41:44,0.300000,0.000000,0.000000,5.935700,0.003000,96.630000,50.608800,5.512300,278.969600,1,baseline,Static,764
2026-06-01 01:41:45,0.300000,0.000000,0.000000,5.935700,0.003000,96.630000,50.593300,5.890200,298.004100,1,baseline,Static,765
2026-06-01 01:41:46,0.000000,0.500000,-0.285714,-0.151360,0.000000,96.626000,50.660300,4.748800,240.556800,1,baseline,Static,766
2026-06-01 01:41:47,0.000000,0.500000,0.000000,0.000000,0.000000,96.620000,50.716400,3.606100,182.888500,1,baseline,Static,767
2026-06-01 01:41:48,0.000000,0.500000,0.000000,0.000000,0.000000,96.620000,50.726222,3.221111,163.395444,1,baseline,Static,768
2026-06-01 01:41:49,0.175909,0.181818,0.259740,3.701018,0.001864,96.616364,50.713091,3.724455,188.862909,1,baseline,Static,769
2026-06-01 01:41:50,0.300000,0.000000,0.000000,5.935700,0.003000,96.610000,50.621600,5.273600,266.952000,1,baseline,Static,770
2026-06-01 01:41:51,0.300000,0.000000,0.000000,5.935700,0.003000,96.604000,50.581600,5.824800,294.625800,1,baseline,Static,771
2026-06-01 01:41:52,0.120000,0.300000,-0.357143,2.185080,0.001200,96.600000,50.615300,5.442400,275.461300,1,baseline,Static,772
2026-06-01 01:41:53,0.000000,0.500000,0.000000,0.000000,0.000000,96.592222,50.676111,3.993111,202.355556,1,baseline,Static,773
2026-06-01 01:41:54,0.000000,0.500000,0.000000,0.000000,0.000000,96.590000,50.716000,3.351500,169.975800,1,baseline,Static,774
2026-06-01 01:41:55,0.073500,0.350000,0.285714,1.716340,0.000860,96.590000,50.725900,3.303000,167.547400,1,baseline,Static,775
2026-06-01 01:41:56,0.300000,0.000000,0.000000,5.935700,0.003000,96.582000,50.660200,4.822700,244.306300,1,baseline,Static,776
2026-06-01 01:41:57,0.300000,0.000000,0.000000,5.935700,0.003000,96.579091,50.589636,5.690091,287.858636,1,baseline,Static,777
2026-06-01 01:41:58,0.210000,0.150000,-0.357143,3.965790,0.002100,96.570000,50.591300,5.792800,293.065800,1,baseline,Static,778
2026-06-01 01:41:59,0.000000,0.500000,0.000000,0.000000,0.000000,96.568889,50.653333,4.372333,221.466000,1,baseline,Static,779
2026-06-01 01:42:00,0.000000,0.500000,0.000000,0.000000,0.000000,96.560000,50.707273,3.493909,177.165000,1,baseline,Static,780
2026-06-01 01:42:01,0.000000,0.500000,0.000000,0.000000,0.000000,96.560000,50.725333,3.163556,160.472000,1,baseline,Static,781
2026-06-01 01:42:02,0.282900,0.000000,0.285714,5.856240,0.002950,96.557000,50.670800,4.326600,219.213300,1,baseline,Static,782
2026-06-01 01:42:03,0.300000,0.000000,0.000000,5.935700,0.003000,96.550000,50.610400,5.528400,279.792600,1,baseline,Static,783
2026-06-01 01:42:04,0.300000,0.000000,0.000000,5.935700,0.003000,96.545000,50.584500,5.933200,300.127700,1,baseline,Static,784
2026-06-01 01:42:05,0.027273,0.454545,-0.324675,0.367609,0.000273,96.531818,50.630091,4.871636,246.633455,1,baseline,Static,785
2026-06-01 01:42:06,0.000000,0.500000,0.000000,0.000000,0.000000,96.534444,50.709111,3.651667,185.172000,1,baseline,Static,786
2026-06-01 01:42:07,0.000000,0.500000,0.000000,0.000000,0.000000,96.530000,50.723727,3.206727,162.656182,1,baseline,Static,787
2026-06-01 01:42:08,0.215000,0.111111,0.317460,4.529656,0.002278,96.530000,50.692556,3.869111,196.117333,1,baseline,Static,788
2026-06-01 01:42:09,0.300000,0.000000,0.000000,5.935700,0.003000,96.521818,50.614091,5.318182,269.171273,1,baseline,Static,789
2026-06-01 01:42:10,0.300000,0.000000,0.000000,5.935700,0.003000,96.518000,50.584300,5.838800,295.350400,1,baseline,Static,790
2026-06-01 01:42:11,0.100000,0.333333,-0.396825,1.768344,0.001000,96.510000,50.625222,5.397111,273.224222,1,baseline,Static,791
2026-06-01 01:42:12,0.000000,0.500000,0.000000,0.000000,0.000000,96.510000,50.700818,3.890000,197.225000,1,baseline,Static,792
2026-06-01 01:42:13,0.000000,0.500000,0.000000,0.000000,0.000000,96.500000,50.718900,3.305500,167.649800,1,baseline,Static,793
2026-06-01 01:42:14,0.081933,0.333333,0.358571,1.941589,0.000967,96.500000,50.716556,3.305778,167.651333,1,baseline,Static,794
2026-06-01 01:42:15,0.300000,0.000000,0.000000,5.935700,0.003000,96.498000,50.632700,4.833600,244.727700,1,baseline,Static,795
2026-06-01 01:42:16,0.300000,0.000000,0.000000,5.935700,0.003000,96.490000,50.590700,5.666200,286.659700,1,baseline,Static,796
2026-06-01 01:42:17,0.210000,0.150000,-0.357143,3.965790,0.002100,96.469000,50.590300,5.759500,291.375300,1,baseline,Static,797
2026-06-01 01:42:18,0.000000,0.500000,0.000000,0.000000,0.000000,96.435455,50.659727,4.146273,210.040364,1,baseline,Static,798
2026-06-01 01:42:19,0.000000,0.500000,0.000000,0.000000,0.000000,96.430000,50.718667,3.405333,172.714667,1,baseline,Static,799
2026-06-01 01:42:20,0.019680,0.440000,0.185714,0.544930,0.000270,96.414000,50.706000,3.203600,162.440600,1,baseline,Static,800
2026-06-01 01:42:21,0.300000,0.000000,0.100000,6.044000,0.003050,96.384000,50.642300,4.682200,237.108500,1,baseline,Static,801
2026-06-01 01:42:22,0.300000,0.000000,0.000000,5.935700,0.003000,96.380000,50.578400,5.599900,283.236200,1,baseline,Static,802
2026-06-01 01:42:23,0.279000,0.035000,-0.200000,5.414250,0.002740,96.380000,50.563400,5.933000,299.993400,1,baseline,Static,803
2026-06-01 01:42:24,0.000000,0.500000,-0.107143,-0.056760,0.000000,96.370000,50.625700,4.632000,234.492200,1,baseline,Static,804
2026-06-01 01:42:25,0.000000,0.500000,0.000000,0.000000,0.000000,96.361000,50.669100,3.566800,180.723600,1,baseline,Static,805
2026-06-01 01:42:26,0.000000,0.500000,0.000000,0.000000,0.000000,96.360000,50.700100,3.182100,161.331900,1,baseline,Static,806
2026-06-01 01:42:27,0.231300,0.080000,0.285714,4.830660,0.002430,96.368000,50.670400,4.097500,207.609800,1,baseline,Static,807
2026-06-01 01:42:28,0.300000,0.000000,0.000000,5.935700,0.003000,96.350000,50.599000,5.428700,274.680100,1,baseline,Static,808
2026-06-01 01:42:29,0.300000,0.000000,0.000000,5.935700,0.003000,96.346000,50.574100,5.877400,297.244300,1,baseline,Static,809
2026-06-01 01:42:30,0.069000,0.385000,-0.307143,1.202500,0.000640,96.348000,50.617000,5.193000,262.839000,1,baseline,Static,810
2026-06-01 01:42:31,0.000000,0.500000,0.000000,0.000000,0.000000,96.337000,50.680900,3.785300,191.840900,1,baseline,Static,811
2026-06-01 01:42:32,0.000000,0.500000,0.000000,0.000000,0.000000,96.339000,50.697300,3.279300,166.251600,1,baseline,Static,812
2026-06-01 01:42:33,0.140460,0.235000,0.285714,3.061280,0.001540,96.330000,50.673000,3.687000,186.824100,1,baseline,Static,813
2026-06-01 01:42:34,0.300000,0.000000,0.000000,5.935700,0.003000,96.324000,50.604600,5.174000,261.824600,1,baseline,Static,814
2026-06-01 01:42:35,0.300000,0.000000,0.000000,5.935700,0.003000,96.320000,50.569700,5.776400,292.109600,1,baseline,Static,815
2026-06-01 01:42:36,0.135000,0.275000,-0.285714,2.519710,0.001310,96.311000,50.587200,5.466700,276.525100,1,baseline,Static,816
2026-06-01 01:42:37,0.000000,0.500000,0.000000,0.000000,0.000000,96.310000,50.656900,3.926400,198.896200,1,baseline,Static,817
2026-06-01 01:42:38,0.000000,0.500000,0.000000,0.000000,0.000000,96.313000,50.693700,3.296800,167.125900,1,baseline,Static,818
2026-06-01 01:42:39,0.051300,0.380000,0.285714,1.299010,0.000650,96.300000,50.692800,3.288500,166.701400,1,baseline,Static,819
2026-06-01 01:42:40,0.300000,0.000000,0.000000,5.935700,0.003000,96.299000,50.614300,4.839800,244.955100,1,baseline,Static,820
2026-06-01 01:42:41,0.300000,0.000000,0.000000,5.935700,0.003000,96.290000,50.571900,5.684200,287.459900,1,baseline,Static,821
2026-06-01 01:42:42,0.222000,0.130000,-0.285714,4.241060,0.002170,96.286000,50.577600,5.827600,294.744900,1,baseline,Static,822
2026-06-01 01:42:43,0.000000,0.500000,0.000000,0.000000,0.000000,96.280000,50.645100,4.290500,217.292200,1,baseline,Static,823
2026-06-01 01:42:44,0.000000,0.500000,0.000000,0.000000,0.000000,96.280000,50.681400,3.424900,173.575400,1,baseline,Static,824
2026-06-01 01:42:45,0.000000,0.500000,0.000000,0.000000,0.000000,96.271000,50.686800,3.126700,158.482000,1,baseline,Static,825
2026-06-01 01:42:46,0.263160,0.020000,0.285714,5.485330,0.002760,96.270000,50.642100,4.348200,220.181800,1,baseline,Static,826
2026-06-01 01:42:47,0.300000,0.000000,0.000000,5.935700,0.003000,96.265000,50.574700,5.511100,278.723700,1,baseline,Static,827
2026-06-01 01:42:48,0.300000,0.000000,0.000000,5.935700,0.003000,96.260000,50.559800,5.909200,298.767500,1,baseline,Static,828
2026-06-01 01:42:49,0.036000,0.440000,-0.300000,0.553360,0.000300,96.251000,50.595800,4.982300,252.066400,1,baseline,Static,829
2026-06-01 01:42:50,0.000000,0.500000,0.000000,0.000000,0.000000,96.250000,50.655000,3.688200,186.824200,1,baseline,Static,830
2026-06-01 01:42:51,0.000000,0.500000,0.000000,0.000000,0.000000,96.247000,50.691100,3.202400,162.331300,1,baseline,Static,831
2026-06-01 01:42:52,0.145260,0.210000,0.302143,3.175710,0.001590,96.240000,50.652800,3.629900,183.853600,1,baseline,Static,832
2026-06-01 01:42:53,0.300000,0.000000,0.000000,5.935700,0.003000,96.240000,50.593400,5.189700,262.557600,1,baseline,Static,833
2026-06-01 01:42:54,0.300000,0.000000,0.000000,5.935700,0.003000,96.230000,50.546500,5.812300,293.791300,1,baseline,Static,834
2026-06-01 01:42:55,0.171000,0.215000,-0.307143,3.220640,0.001680,96.227000,50.572100,5.580700,282.213000,1,baseline,Static,835
2026-06-01 01:42:56,0.000000,0.500000,0.000000,0.000000,0.000000,96.220000,50.629500,4.054600,205.272800,1,baseline,Static,836
2026-06-01 01:42:57,0.000000,0.500000,0.000000,0.000000,0.000000,96.220000,50.672200,3.386900,171.621000,1,baseline,Static,837
2026-06-01 01:42:58,0.022200,0.405000,0.225714,0.649540,0.000320,96.214000,50.698500,3.194700,161.967800,1,baseline,Static,838
2026-06-01 01:42:59,0.300000,0.000000,0.100000,6.044000,0.003050,96.210000,50.614900,4.686800,237.213600,1,baseline,Static,839
2026-06-01 01:43:00,0.300000,0.000000,0.000000,5.935700,0.003000,96.248000,50.579800,5.636600,285.096700,1,baseline,Static,840
2026-06-01 01:43:01,0.270000,0.050000,-0.285714,5.190770,0.002700,96.251000,50.536900,5.907700,298.555400,1,baseline,Static,841
2026-06-01 01:43:02,0.000000,0.500000,0.000000,0.000000,0.000000,96.218000,50.621000,4.611400,233.414900,1,baseline,Static,842
2026-06-01 01:43:03,0.000000,0.500000,0.000000,0.000000,0.000000,96.214000,50.675100,3.562500,180.530600,1,baseline,Static,843
2026-06-01 01:43:04,0.000000,0.500000,0.000000,0.000000,0.000000,96.190000,50.694000,3.197000,162.069500,1,baseline,Static,844
2026-06-01 01:43:05,0.241800,0.050000,0.325714,5.076900,0.002570,96.180000,50.644000,4.143000,209.793300,1,baseline,Static,845
2026-06-01 01:43:06,0.300000,0.000000,0.000000,5.935700,0.003000,96.180000,50.597500,5.444900,275.497800,1,baseline,Static,846
2026-06-01 01:43:07,0.300000,0.000000,0.000000,5.935700,0.003000,96.170000,50.545500,5.884400,297.427800,1,baseline,Static,847
2026-06-01 01:43:08,0.030000,0.450000,-0.357143,0.404370,0.000300,96.193000,50.596000,4.960900,250.992400,1,baseline,Static,848
2026-06-01 01:43:09,0.000000,0.500000,0.000000,0.000000,0.000000,96.160000,50.669400,3.669200,185.911700,1,baseline,Static,849
2026-06-01 01:43:10,0.000000,0.500000,0.000000,0.000000,0.000000,96.200000,50.705600,3.238300,164.200700,1,baseline,Static,850
2026-06-01 01:43:11,0.151800,0.200000,0.325714,3.293410,0.001660,96.157000,50.666000,3.610800,182.937400,1,baseline,Static,851
2026-06-01 01:43:12,0.300000,0.000000,0.000000,5.935700,0.003000,96.150000,50.597000,5.189700,262.579700,1,baseline,Static,852
2026-06-01 01:43:13,0.300000,0.000000,0.000000,5.935700,0.003000,96.146000,50.550300,5.809800,293.684500,1,baseline,Static,853
2026-06-01 01:43:14,0.150000,0.250000,-0.285714,2.816490,0.001500,96.148000,50.563800,5.617200,284.015600,1,baseline,Static,854
2026-06-01 01:43:15,0.000000,0.500000,0.000000,0.000000,0.000000,96.184000,50.657200,4.067000,206.017500,1,baseline,Static,855
2026-06-01 01:43:16,0.000000,0.500000,0.000000,0.000000,0.000000,96.171000,50.690900,3.346200,169.620900,1,baseline,Static,856
2026-06-01 01:43:17,0.070020,0.350000,0.325286,1.670100,0.000840,96.186000,50.683800,3.293800,166.936300,1,baseline,Static,857
2026-06-01 01:43:18,0.300000,0.000000,0.000000,5.935700,0.003000,96.176000,50.597800,4.842400,245.004600,1,baseline,Static,858
2026-06-01 01:43:19,0.300000,0.000000,0.000000,5.935700,0.003000,96.201000,50.581000,5.644000,285.477200,1,baseline,Static,859
2026-06-01 01:43:20,0.240000,0.100000,-0.285714,4.597200,0.002400,96.198000,50.558200,5.877400,297.148600,1,baseline,Static,860
2026-06-01 01:43:21,0.000000,0.500000,0.000000,0.000000,0.000000,96.190000,50.627700,4.438000,224.682500,1,baseline,Static,861
2026-06-01 01:43:22,0.000000,0.500000,0.000000,0.000000,0.000000,96.190000,50.667300,3.519200,178.306700,1,baseline,Static,862
2026-06-01 01:43:23,0.000000,0.500000,0.000000,0.000000,0.000000,96.182000,50.689400,3.168500,160.609600,1,baseline,Static,863
2026-06-01 01:43:24,0.251040,0.050000,0.312143,5.236360,0.002640,96.180000,50.659000,4.137200,209.571000,1,baseline,Static,864
2026-06-01 01:43:25,0.300000,0.000000,0.000000,5.935700,0.003000,96.176000,50.592100,5.450100,275.727400,1,baseline,Static,865
2026-06-01 01:43:26,0.300000,0.000000,0.000000,5.935700,0.003000,96.170000,50.554200,5.871700,296.839800,1,baseline,Static,866
2026-06-01 01:43:27,0.033333,0.444444,-0.317460,0.491344,0.000333,96.163333,50.593667,5.037222,254.834111,1,baseline,Static,867
2026-06-01 01:43:28,0.000000,0.500000,0.000000,0.000000,0.000000,96.160000,50.669545,3.735364,189.270091,1,baseline,Static,868
2026-06-01 01:43:29,0.000000,0.500000,0.000000,0.000000,0.000000,96.160000,50.675556,3.271111,165.765667,1,baseline,Static,869
2026-06-01 01:43:30,0.176127,0.181818,0.293377,3.739073,0.001882,96.150909,50.649636,3.711364,187.966909,1,baseline,Static,870
2026-06-01 01:43:31,0.300000,0.000000,0.000000,5.935700,0.003000,96.150000,50.584000,5.307600,268.478800,1,baseline,Static,871
2026-06-01 01:43:32,0.300000,0.000000,0.000000,5.935700,0.003000,96.141111,50.541111,5.784778,292.369000,1,baseline,Static,872
2026-06-01 01:43:33,0.136364,0.272727,-0.259740,2.560445,0.001364,96.138182,50.579273,5.478182,277.072636,1,baseline,Static,873
2026-06-01 01:43:34,0.000000,0.500000,0.000000,0.000000,0.000000,96.130000,50.664100,3.975100,201.387700,1,baseline,Static,874
2026-06-01 01:43:35,0.000000,0.500000,0.000000,0.000000,0.000000,96.130000,50.680000,3.349600,169.757200,1,baseline,Static,875
2026-06-01 01:43:36,0.045600,0.388889,0.346191,1.223100,0.000611,96.126667,50.684556,3.221111,163.254667,1,baseline,Static,876
2026-06-01 01:43:37,0.300000,0.000000,0.000571,5.936320,0.003000,96.120000,50.593100,4.710900,238.327600,1,baseline,Static,877
2026-06-01 01:43:38,0.300000,0.000000,0.000000,5.935700,0.003000,96.117000,50.551700,5.634900,284.853100,1,baseline,Static,878
2026-06-01 01:43:39,0.218182,0.136364,-0.259740,4.179273,0.002182,96.110000,50.550909,5.783182,292.345091,1,baseline,Static,879
2026-06-01 01:43:40,0.000000,0.500000,0.000000,0.000000,0.000000,96.104444,50.632667,4.294111,217.419556,1,baseline,Static,880
2026-06-01 01:43:41,0.000000,0.500000,0.000000,0.000000,0.000000,96.100000,50.670727,3.483091,176.488091,1,baseline,Static,881
2026-06-01 01:43:42,0.000000,0.500000,0.000000,0.000000,0.000000,96.100000,50.684222,3.125222,158.398889,1,baseline,Static,882
2026-06-01 01:43:43,0.283740,0.000000,0.322714,5.911150,0.002980,96.094000,50.621700,4.371600,221.281700,1,baseline,Static,883
2026-06-01 01:43:44,0.300000,0.000000,0.000000,5.935700,0.003000,96.090000,50.566800,5.513500,278.793000,1,baseline,Static,884
2026-06-01 01:43:45,0.300000,0.000000,0.000000,5.935700,0.003000,96.065000,50.548100,5.904700,298.471700,1,baseline,Static,885
2026-06-01 01:43:46,0.027273,0.454545,-0.259740,0.402009,0.000273,96.080000,50.585455,4.852545,245.463091,1,baseline,Static,886
2026-06-01 01:43:47,0.000000,0.500000,0.000000,0.000000,0.000000,96.061111,50.651222,3.639333,184.337000,1,baseline,Static,887
2026-06-01 01:43:48,0.000000,0.500000,0.000000,0.000000,0.000000,96.070000,50.677300,3.264100,165.415100,1,baseline,Static,888
2026-06-01 01:43:49,0.195900,0.150000,0.319286,4.156200,0.002100,96.069000,50.652300,3.831100,194.030300,1,baseline,Static,889
2026-06-01 01:43:50,0.300000,0.000000,0.000000,5.935700,0.003000,96.036000,50.560800,5.314700,268.712300,1,baseline,Static,890
2026-06-01 01:43:51,0.300000,0.000000,0.000000,5.935700,0.003000,96.048000,50.548600,5.831700,294.783300,1,baseline,Static,891
2026-06-01 01:43:52,0.120000,0.300000,-0.285714,2.222920,0.001200,96.033000,50.566400,5.423700,274.246100,1,baseline,Static,892
2026-06-01 01:43:53,0.000000,0.500000,0.000000,0.000000,0.000000,96.045455,50.635273,3.922545,198.615091,1,baseline,Static,893
2026-06-01 01:43:54,0.000000,0.500000,0.000000,0.000000,0.000000,96.031111,50.694111,3.309000,167.745556,1,baseline,Static,894
2026-06-01 01:43:55,0.093000,0.318182,0.286364,2.098309,0.001055,96.040000,50.668727,3.359091,170.191727,1,baseline,Static,895
2026-06-01 01:43:56,0.300000,0.000000,0.000000,5.935700,0.003000,96.034444,50.590333,4.898111,247.790111,1,baseline,Static,896
2026-06-01 01:43:57,0.300000,0.000000,0.000000,5.935700,0.003000,96.030000,50.538700,5.661100,286.102900,1,baseline,Static,897
2026-06-01 01:43:58,0.240000,0.100000,-0.285714,4.597200,0.002400,96.022000,50.539600,5.864800,296.402800,1,baseline,Static,898
2026-06-01 01:43:59,0.000000,0.500000,0.000000,0.000000,0.000000,96.011818,50.624818,4.355909,220.509273,1,baseline,Static,899
2026-06-01 01:44:00,0.000000,0.500000,0.000000,0.000000,0.000000,96.011111,50.676000,3.468889,175.790222,1,baseline,Static,900
2026-06-01 01:44:01,0.011727,0.454545,0.139610,0.319727,0.000164,96.010000,50.670182,3.188273,161.551091,1,baseline,Static,901
2026-06-01 01:44:02,0.300000,0.000000,0.162857,6.112080,0.003080,96.009000,50.599200,4.517800,228.583600,1,baseline,Static,902
2026-06-01 01:44:03,0.300000,0.000000,0.000000,5.935700,0.003000,96.000000,50.559889,5.504889,278.325444,1,baseline,Static,903
2026-06-01 01:44:04,0.272727,0.045455,-0.259740,5.258491,0.002727,95.996364,50.534273,5.916909,299.007182,1,baseline,Static,904
2026-06-01 01:44:05,0.000000,0.500000,0.000000,0.000000,0.000000,95.980000,50.585556,4.592444,232.303556,1,baseline,Static,905
2026-06-01 01:44:06,0.000000,0.500000,0.000000,0.000000,0.000000,95.989091,50.649455,3.580727,181.356545,1,baseline,Static,906
2026-06-01 01:44:07,0.000000,0.500000,0.000000,0.000000,0.000000,95.971111,50.672111,3.224444,163.388222,1,baseline,Static,907
2026-06-01 01:44:08,0.202091,0.136364,0.286364,4.248091,0.002145,95.980000,50.659000,3.870091,196.033818,1,baseline,Static,908
2026-06-01 01:44:09,0.300000,0.000000,0.000000,5.935700,0.003000,95.974000,50.573200,5.367800,271.461100,1,baseline,Static,909
2026-06-01 01:44:10,0.300000,0.000000,0.000000,5.935700,0.003000,95.970000,50.552100,5.881300,297.312900,1,baseline,Static,910
2026-06-01 01:44:11,0.066667,0.388889,-0.317460,1.150867,0.000667,95.961111,50.581222,5.239000,264.990778,1,baseline,Static,911
2026-06-01 01:44:12,0.000000,0.500000,0.000000,0.000000,0.000000,95.951818,50.620818,3.812273,192.978727,1,baseline,Static,912
2026-06-01 01:44:13,0.000000,0.500000,0.000000,0.000000,0.000000,95.947778,50.675333,3.300222,167.239333,1,baseline,Static,913
2026-06-01 01:44:14,0.135900,0.250000,0.319286,2.969060,0.001500,95.950000,50.669400,3.528700,178.779900,1,baseline,Static,914
2026-06-01 01:44:15,0.300000,0.000000,0.000000,5.935700,0.003000,95.950000,50.570000,5.081500,256.955900,1,baseline,Static,915
2026-06-01 01:44:16,0.300000,0.000000,0.000000,5.935700,0.003000,95.940000,50.527300,5.788300,292.467900,1,baseline,Static,916
2026-06-01 01:44:17,0.180000,0.200000,-0.285714,3.410060,0.001800,95.928000,50.550100,5.730000,289.639200,1,baseline,Static,917
2026-06-01 01:44:18,0.000000,0.500000,0.000000,0.000000,0.000000,95.889000,50.602200,4.145700,209.772800,1,baseline,Static,918
2026-06-01 01:44:19,0.000000,0.500000,0.000000,0.000000,0.000000,95.903000,50.668100,3.385200,171.521000,1,baseline,Static,919
2026-06-01 01:44:20,0.022200,0.405000,0.225714,0.644640,0.000320,95.840000,50.648700,3.224300,163.309300,1,baseline,Static,920
2026-06-01 01:44:21,0.300000,0.000000,0.100000,6.044000,0.003050,95.837000,50.582400,4.674300,236.428800,1,baseline,Static,921
2026-06-01 01:44:22,0.300000,0.000000,0.000000,5.935700,0.003000,95.830000,50.541800,5.604400,283.257400,1,baseline,Static,922
2026-06-01 01:44:23,0.267000,0.055000,-0.292857,5.127630,0.002660,95.824000,50.517700,5.856200,295.836500,1,baseline,Static,923
2026-06-01 01:44:24,0.000000,0.500000,0.000000,0.000000,0.000000,95.820000,50.587500,4.412400,223.205300,1,baseline,Static,924
2026-06-01 01:44:25,0.000000,0.500000,0.000000,0.000000,0.000000,95.816000,50.632700,3.499800,177.206800,1,baseline,Static,925
2026-06-01 01:44:26,0.000000,0.500000,0.000000,0.000000,0.000000,95.810000,50.663500,3.175000,160.856800,1,baseline,Static,926
2026-06-01 01:44:27,0.232200,0.055000,0.325714,4.908490,0.002470,95.810000,50.597300,4.168700,210.910600,1,baseline,Static,927
2026-06-01 01:44:28,0.300000,0.000000,0.000000,5.935700,0.003000,95.803000,50.550700,5.452900,275.643100,1,baseline,Static,928
2026-06-01 01:44:29,0.300000,0.000000,0.000000,5.935700,0.003000,95.799000,50.520300,5.882900,297.206800,1,baseline,Static,929
2026-06-01 01:44:30,0.075000,0.375000,-0.285714,1.332570,0.000710,95.790000,50.548400,5.138100,259.708000,1,baseline,Static,930
2026-06-01 01:44:31,0.000000,0.500000,0.000000,0.000000,0.000000,95.790000,50.627300,3.781000,191.413600,1,baseline,Static,931
2026-06-01 01:44:32,0.000000,0.500000,0.000000,0.000000,0.000000,95.782000,50.652000,3.265100,165.383000,1,baseline,Static,932
2026-06-01 01:44:33,0.111300,0.280000,0.287143,2.495120,0.001250,95.780000,50.622700,3.503400,177.341500,1,baseline,Static,933
2026-06-01 01:44:34,0.300000,0.000000,0.000000,5.935700,0.003000,95.778000,50.543600,5.071000,256.306000,1,baseline,Static,934
2026-06-01 01:44:35,0.300000,0.000000,0.000000,5.935700,0.003000,95.770000,50.528600,5.745500,290.309600,1,baseline,Static,935
2026-06-01 01:44:36,0.165000,0.225000,-0.285714,3.113280,0.001610,95.765000,50.531700,5.593900,282.664500,1,baseline,Static,936
2026-06-01 01:44:37,0.000000,0.500000,0.000000,0.000000,0.000000,95.760000,50.603900,4.016900,203.259800,1,baseline,Static,937
2026-06-01 01:44:38,0.000000,0.500000,0.000000,0.000000,0.000000,95.760000,50.656800,3.342500,169.318100,1,baseline,Static,938
2026-06-01 01:44:39,0.021300,0.430000,0.198571,0.614030,0.000310,95.750000,50.641800,3.208900,162.502100,1,baseline,Static,939
2026-06-01 01:44:40,0.300000,0.000000,0.088571,6.031630,0.003040,95.750000,50.575600,4.665300,235.943300,1,baseline,Static,940
2026-06-01 01:44:41,0.300000,0.000000,0.000000,5.935700,0.003000,95.743000,50.532600,5.630500,284.519100,1,baseline,Static,941
2026-06-01 01:44:42,0.279000,0.035000,-0.200000,5.414250,0.002740,95.740000,50.507500,5.919700,298.989100,1,baseline,Static,942
2026-06-01 01:44:43,0.000000,0.500000,-0.085714,-0.045410,0.000000,95.730000,50.572200,4.590200,232.120800,1,baseline,Static,943
2026-06-01 01:44:44,0.000000,0.500000,0.000000,0.000000,0.000000,95.730000,50.616400,3.574800,180.941000,1,baseline,Static,944
2026-06-01 01:44:45,0.000000,0.500000,0.000000,0.000000,0.000000,95.726000,50.646800,3.204800,162.312300,1,baseline,Static,945
2026-06-01 01:44:46,0.205260,0.110000,0.285714,4.351610,0.002190,95.720000,50.610700,3.981700,201.495000,1,baseline,Static,946
2026-06-01 01:44:47,0.300000,0.000000,0.000000,5.935700,0.003000,95.719000,50.528500,5.343200,269.982200,1,baseline,Static,947
2026-06-01 01:44:48,0.300000,0.000000,0.000000,5.935700,0.003000,95.710000,50.511000,5.831100,294.533300,1,baseline,Static,948
2026-06-01 01:44:49,0.063000,0.395000,-0.285714,1.095130,0.000600,95.706000,50.556400,5.116000,258.629600,1,baseline,Static,949
2026-06-01 01:44:50,0.000000,0.500000,0.000000,0.000000,0.000000,95.700000,50.603100,3.731500,188.822300,1,baseline,Static,950
2026-06-01 01:44:51,0.000000,0.500000,0.000000,0.000000,0.000000,95.700000,50.645200,3.285800,166.410300,1,baseline,Static,951
2026-06-01 01:44:52,0.114180,0.265000,0.285714,2.515700,0.001270,95.694000,50.626100,3.502700,177.315600,1,baseline,Static,952
2026-06-01 01:44:53,0.300000,0.000000,0.000000,5.935700,0.003000,95.690000,50.558300,5.095100,257.586000,1,baseline,Static,953
2026-06-01 01:44:54,0.300000,0.000000,0.000000,5.935700,0.003000,95.684000,50.518100,5.731900,289.565500,1,baseline,Static,954
2026-06-01 01:44:55,0.153000,0.245000,-0.285714,2.875840,0.001500,95.680000,50.525700,5.573600,281.603100,1,baseline,Static,955
2026-06-01 01:44:56,0.000000,0.500000,0.000000,0.000000,0.000000,95.672000,50.595700,3.984100,201.574500,1,baseline,Static,956
2026-06-01 01:44:57,0.000000,0.500000,0.000000,0.000000,0.000000,95.670000,50.647500,3.351700,169.754500,1,baseline,Static,957
2026-06-01 01:44:58,0.025260,0.410000,0.220000,0.685670,0.000340,95.670000,50.635400,3.233900,163.747500,1,baseline,Static,958
2026-06-01 01:44:59,0.300000,0.000000,0.065714,6.006870,0.003030,95.661000,50.555800,4.679700,236.571700,1,baseline,Static,959
2026-06-01 01:45:00,0.300000,0.000000,0.000000,5.935700,0.003000,95.660000,50.510400,5.645400,285.149700,1,baseline,Static,960
2026-06-01 01:45:01,0.270000,0.050000,-0.285714,5.190770,0.002700,95.650000,50.510000,5.933400,299.696100,1,baseline,Static,961
2026-06-01 01:45:02,0.000000,0.500000,0.000000,0.000000,0.000000,95.648000,50.567300,4.595700,232.377800,1,baseline,Static,962
2026-06-01 01:45:03,0.000000,0.500000,0.000000,0.000000,0.000000,95.640000,50.618200,3.546300,179.502300,1,baseline,Static,963
2026-06-01 01:45:04,0.000000,0.500000,0.000000,0.000000,0.000000,95.640000,50.638100,3.200800,162.082000,1,baseline,Static,964
2026-06-01 01:45:05,0.235260,0.060000,0.285714,4.911390,0.002470,95.636000,50.579000,4.179100,211.356200,1,baseline,Static,965
2026-06-01 01:45:06,0.300000,0.000000,0.000000,5.935700,0.003000,95.630000,50.531000,5.442100,274.989000,1,baseline,Static,966
2026-06-01 01:45:07,0.300000,0.000000,0.000000,5.935700,0.003000,95.624000,50.504600,5.893200,297.633900,1,baseline,Static,967
2026-06-01 01:45:08,0.060000,0.400000,-0.285714,1.035780,0.000600,95.620000,50.531100,5.132400,259.329500,1,baseline,Static,968
2026-06-01 01:45:09,0.000000,0.500000,0.000000,0.000000,0.000000,95.613000,50.607200,3.726400,188.578800,1,baseline,Static,969
2026-06-01 01:45:10,0.000000,0.500000,0.000000,0.000000,0.000000,95.610000,50.643900,3.290200,166.628100,1,baseline,Static,970
2026-06-01 01:45:11,0.116400,0.255000,0.300714,2.571240,0.001300,95.610000,50.610300,3.489500,176.593900,1,baseline,Static,971
2026-06-01 01:45:12,0.300000,0.000000,0.000000,5.935700,0.003000,95.602000,50.537400,5.069400,256.185300,1,baseline,Static,972
2026-06-01 01:45:13,0.300000,0.000000,0.000000,5.935700,0.003000,95.599000,50.508300,5.774800,291.674700,1,baseline,Static,973
2026-06-01 01:45:14,0.180000,0.200000,-0.285714,3.410060,0.001800,95.590000,50.517600,5.738300,289.879200,1,baseline,Static,974
2026-06-01 01:45:15,0.000000,0.500000,0.000000,0.000000,0.000000,95.589000,50.574400,4.134400,209.086400,1,baseline,Static,975
2026-06-01 01:45:16,0.000000,0.500000,0.000000,0.000000,0.000000,95.580000,50.623800,3.404600,172.354500,1,baseline,Static,976
2026-06-01 01:45:17,0.031200,0.400000,0.248571,0.854960,0.000430,95.588000,50.642800,3.224900,163.315900,1,baseline,Static,977
2026-06-01 01:45:18,0.300000,0.000000,0.046429,5.985990,0.003020,95.609000,50.561200,4.662900,235.756400,1,baseline,Static,978
2026-06-01 01:45:19,0.300000,0.000000,0.000000,5.935700,0.003000,95.587000,50.505400,5.663800,286.050500,1,baseline,Static,979
2026-06-01 01:45:20,0.270000,0.050000,-0.285714,5.190770,0.002700,95.650000,50.497500,5.919300,298.911000,1,baseline,Static,980
2026-06-01 01:45:21,0.000000,0.500000,0.000000,0.000000,0.000000,95.576000,50.545100,4.593100,232.143900,1,baseline,Static,981
2026-06-01 01:45:22,0.000000,0.500000,0.000000,0.000000,0.000000,95.640000,50.640900,3.545700,179.555900,1,baseline,Static,982
2026-06-01 01:45:23,0.000000,0.500000,0.000000,0.000000,0.000000,95.629000,50.630900,3.182000,161.106900,1,baseline,Static,983
2026-06-01 01:45:24,0.220020,0.100000,0.325286,4.654850,0.002350,95.630000,50.597000,3.958600,200.273500,1,baseline,Static,984
2026-06-01 01:45:25,0.300000,0.000000,0.000000,5.935700,0.003000,95.630000,50.539500,5.381300,271.965800,1,baseline,Static,985
2026-06-01 01:45:26,0.300000,0.000000,0.000000,5.935700,0.003000,95.620000,50.502000,5.866400,296.263400,1,baseline,Static,986
2026-06-01 01:45:27,0.060000,0.400000,-0.285714,1.035780,0.000600,95.584000,50.551900,5.125800,259.109800,1,baseline,Static,987
2026-06-01 01:45:28,0.000000,0.500000,0.000000,0.000000,0.000000,95.578000,50.620700,3.749600,189.801300,1,baseline,Static,988
2026-06-01 01:45:29,0.000000,0.500000,0.000000,0.000000,0.000000,95.592000,50.631000,3.269400,165.532700,1,baseline,Static,989
2026-06-01 01:45:30,0.130020,0.250000,0.325286,2.871720,0.001450,95.605000,50.614800,3.481300,176.198500,1,baseline,Static,990
2026-06-01 01:45:31,0.300000,0.000000,0.000000,5.935700,0.003000,95.600000,50.553400,5.088300,257.226000,1,baseline,Static,991
2026-06-01 01:45:32,0.300000,0.000000,0.000000,5.935700,0.003000,95.595000,50.502500,5.759400,290.862700,1,baseline,Static,992
2026-06-01 01:45:33,0.150000,0.250000,-0.285714,2.816490,0.001500,95.581000,50.503000,5.586300,282.120100,1,baseline,Static,993
2026-06-01 01:45:34,0.000000,0.500000,0.000000,0.000000,0.000000,95.532000,50.585100,4.030700,203.885700,1,baseline,Static,994
2026-06-01 01:45:35,0.000000,0.500000,0.000000,0.000000,0.000000,95.580000,50.618100,3.335800,168.852000,1,baseline,Static,995
2026-06-01 01:45:36,0.041040,0.400000,0.312857,1.097550,0.000550,95.580000,50.626300,3.209500,162.480000,1,baseline,Static,996
2026-06-01 01:45:37,0.300000,0.000000,0.012000,5.948700,0.003000,95.572000,50.561700,4.704800,237.868400,1,baseline,Static,997
2026-06-01 01:45:38,0.300000,0.000000,0.000000,5.935700,0.003000,95.570000,50.511400,5.604700,283.104300,1,baseline,Static,998
2026-06-01 01:45:39,0.266667,0.055556,-0.317460,5.108000,0.002667,95.560000,50.493556,5.910333,298.433556,1,baseline,Static,999
2026-06-01 01:45:40,0.000000,0.500000,0.000000,0.000000,0.000000,95.551818,50.563000,4.498818,227.466455,1,baseline,Static,1000
2026-06-01 01:45:41,0.000000,0.500000,0.000000,0.000000,0.000000,95.550000,50.603900,3.513700,177.803600,1,baseline,Static,1001
2026-06-01 01:45:42,0.000000,0.500000,0.000000,0.000000,0.000000,95.542000,50.635700,3.139500,158.969900,1,baseline,Static,1002
2026-06-01 01:45:43,0.281040,0.000000,0.285857,5.817500,0.002930,95.548000,50.558200,4.374000,221.127600,1,baseline,Static,1003
2026-06-01 01:45:44,0.300000,0.000000,0.000000,5.935700,0.003000,95.540000,50.514222,5.461222,275.868778,1,baseline,Static,1004
2026-06-01 01:45:45,0.300000,0.000000,0.000000,5.935700,0.003000,95.527000,50.490800,5.889800,297.380300,1,baseline,Static,1005
2026-06-01 01:45:46,0.054545,0.409091,-0.259740,0.941618,0.000545,95.530000,50.531364,5.045636,254.939909,1,baseline,Static,1006
2026-06-01 01:45:47,0.000000,0.500000,0.000000,0.000000,0.000000,95.525556,50.607556,3.719667,188.244889,1,baseline,Static,1007
2026-06-01 01:45:48,0.000000,0.500000,0.000000,0.000000,0.000000,95.520000,50.621545,3.248273,164.433545,1,baseline,Static,1008
2026-06-01 01:45:49,0.193500,0.150000,0.285714,4.071120,0.002050,95.520000,50.595200,3.775200,190.988600,1,baseline,Static,1009
2026-06-01 01:45:50,0.300000,0.000000,0.000000,5.935700,0.003000,95.513000,50.519900,5.311100,268.314200,1,baseline,Static,1010
2026-06-01 01:45:51,0.300000,0.000000,0.000000,5.935700,0.003000,95.510000,50.503900,5.832800,294.578100,1,baseline,Static,1011
2026-06-01 01:45:52,0.090000,0.350000,-0.285714,1.629350,0.000900,95.500000,50.518300,5.274000,266.417600,1,baseline,Static,1012
2026-06-01 01:45:53,0.000000,0.500000,0.000000,0.000000,0.000000,95.500000,50.586400,3.833700,193.928200,1,baseline,Static,1013
2026-06-01 01:45:54,0.000000,0.500000,0.000000,0.000000,0.000000,95.492222,50.626778,3.324889,168.329889,1,baseline,Static,1014
2026-06-01 01:45:55,0.094091,0.318182,0.259740,2.084727,0.001045,95.490000,50.610455,3.350000,169.540636,1,baseline,Static,1015
2026-06-01 01:45:56,0.300000,0.000000,0.000000,5.935700,0.003000,95.488000,50.543300,4.955900,250.483900,1,baseline,Static,1016
2026-06-01 01:45:57,0.300000,0.000000,0.000000,5.935700,0.003000,95.480000,50.490400,5.726300,289.123000,1,baseline,Static,1017
2026-06-01 01:45:58,0.200000,0.166667,-0.317460,3.788956,0.002000,95.475556,50.489667,5.775333,291.589111,1,baseline,Static,1018
2026-06-01 01:45:59,0.000000,0.500000,0.000000,0.000000,0.000000,95.470000,50.569364,4.231545,213.978636,1,baseline,Static,1019
2026-06-01 01:46:00,0.000000,0.500000,0.000000,0.000000,0.000000,95.470000,50.614556,3.405222,172.353000,1,baseline,Static,1020
2026-06-01 01:46:01,0.012273,0.454545,0.116883,0.308645,0.000155,95.460909,50.629273,3.165545,160.268273,1,baseline,Static,1021
2026-06-01 01:46:02,0.300000,0.000000,0.157143,6.105890,0.003080,95.460000,50.559400,4.500900,227.556100,1,baseline,Static,1022
2026-06-01 01:46:03,0.300000,0.000000,0.000000,5.935700,0.003000,95.454000,50.489500,5.555700,280.500500,1,baseline,Static,1023
2026-06-01 01:46:04,0.300000,0.000000,0.000000,5.935700,0.003000,95.450000,50.490500,5.911900,298.494900,1,baseline,Static,1024
2026-06-01 01:46:05,0.000000,0.500000,-0.317460,-0.168178,0.000000,95.441111,50.552556,4.829889,244.153444,1,baseline,Static,1025
2026-06-01 01:46:06,0.000000,0.500000,0.000000,0.000000,0.000000,95.440000,50.594636,3.667273,185.540091,1,baseline,Static,1026
2026-06-01 01:46:07,0.000000,0.500000,0.000000,0.000000,0.000000,95.437778,50.620556,3.235333,163.774222,1,baseline,Static,1027
2026-06-01 01:46:08,0.176836,0.181818,0.292468,3.754927,0.001891,95.430000,50.585091,3.740636,189.204545,1,baseline,Static,1028
2026-06-01 01:46:09,0.300000,0.000000,0.000000,5.935700,0.003000,95.429000,50.525700,5.263600,265.946100,1,baseline,Static,1029
2026-06-01 01:46:10,0.300000,0.000000,0.000000,5.935700,0.003000,95.420000,50.476500,5.816100,293.576600,1,baseline,Static,1030
2026-06-01 01:46:11,0.120000,0.300000,-0.357143,2.185080,0.001200,95.416000,50.502000,5.463600,275.908300,1,baseline,Static,1031
2026-06-01 01:46:12,0.000000,0.500000,0.000000,0.000000,0.000000,95.410000,50.559000,3.970444,200.739333,1,baseline,Static,1032
2026-06-01 01:46:13,0.000000,0.500000,0.000000,0.000000,0.000000,95.410000,50.602273,3.363636,170.205364,1,baseline,Static,1033
2026-06-01 01:46:14,0.045600,0.388889,0.346191,1.210378,0.000600,95.403333,50.614222,3.181444,161.026333,1,baseline,Static,1034
2026-06-01 01:46:15,0.300000,0.000000,0.000571,5.936320,0.003000,95.333000,50.519000,4.777700,241.354900,1,baseline,Static,1035
2026-06-01 01:46:16,0.300000,0.000000,0.000000,5.935700,0.003000,95.310000,50.479000,5.690400,287.245300,1,baseline,Static,1036
2026-06-01 01:46:17,0.270000,0.050000,-0.285714,5.190770,0.002700,95.304000,50.472800,5.876200,296.586300,1,baseline,Static,1037
2026-06-01 01:46:18,0.000000,0.500000,0.000000,0.000000,0.000000,95.325000,50.530600,4.508100,227.786000,1,baseline,Static,1038
2026-06-01 01:46:19,0.000000,0.500000,0.000000,0.000000,0.000000,95.314000,50.610300,3.497800,177.021500,1,baseline,Static,1039
2026-06-01 01:46:20,0.000000,0.500000,0.000000,0.000000,0.000000,95.299000,50.606200,3.205800,162.233400,1,baseline,Static,1040
2026-06-01 01:46:21,0.258000,0.025000,0.324286,5.407090,0.002720,95.290000,50.552300,4.379500,221.376000,1,baseline,Static,1041
2026-06-01 01:46:22,0.300000,0.000000,0.000000,5.935700,0.003000,95.282000,50.490400,5.507600,278.082500,1,baseline,Static,1042
2026-06-01 01:46:23,0.300000,0.000000,0.000000,5.935700,0.003000,95.278000,50.478300,5.914800,298.570200,1,baseline,Static,1043
2026-06-01 01:46:24,0.051000,0.415000,-0.307143,0.846360,0.000480,95.270000,50.509200,4.897400,247.341700,1,baseline,Static,1044
2026-06-01 01:46:25,0.000000,0.500000,0.000000,0.000000,0.000000,95.270000,50.581400,3.673400,185.800200,1,baseline,Static,1045
2026-06-01 01:46:26,0.000000,0.500000,0.000000,0.000000,0.000000,95.271000,50.599900,3.228800,163.375700,1,baseline,Static,1046
2026-06-01 01:46:27,0.171060,0.160000,0.325571,3.690880,0.001850,95.260000,50.588300,3.790500,191.742000,1,baseline,Static,1047
2026-06-01 01:46:28,0.300000,0.000000,0.000000,5.935700,0.003000,95.257000,50.500600,5.264900,265.877300,1,baseline,Static,1048
2026-06-01 01:46:29,0.300000,0.000000,0.000000,5.935700,0.003000,95.250000,50.466300,5.856400,295.549100,1,baseline,Static,1049
2026-06-01 01:46:30,0.141000,0.265000,-0.307143,2.627070,0.001380,95.243000,50.502100,5.450700,275.258600,1,baseline,Static,1050
2026-06-01 01:46:31,0.000000,0.500000,0.000000,0.000000,0.000000,95.240000,50.567000,3.920800,198.257800,1,baseline,Static,1051
2026-06-01 01:46:32,0.000000,0.500000,0.000000,0.000000,0.000000,95.238000,50.596700,3.340900,169.037500,1,baseline,Static,1052
2026-06-01 01:46:33,0.079980,0.315000,0.325286,1.867720,0.000940,95.239000,50.597800,3.412400,172.650900,1,baseline,Static,1053
2026-06-01 01:46:34,0.300000,0.000000,0.000000,5.935700,0.003000,95.230000,50.500500,4.984800,251.729300,1,baseline,Static,1054
2026-06-01 01:46:35,0.300000,0.000000,0.000000,5.935700,0.003000,95.221000,50.455800,5.754300,290.337300,1,baseline,Static,1055
2026-06-01 01:46:36,0.231000,0.115000,-0.307143,4.407780,0.002280,95.226000,50.478400,5.822100,293.885100,1,baseline,Static,1056
2026-06-01 01:46:37,0.000000,0.500000,0.000000,0.000000,0.000000,95.210000,50.544000,4.288400,216.753700,1,baseline,Static,1057
2026-06-01 01:46:38,0.000000,0.500000,0.000000,0.000000,0.000000,95.210000,50.577100,3.467200,175.359000,1,baseline,Static,1058
2026-06-01 01:46:39,0.001680,0.465000,0.016000,0.034970,0.000020,95.204000,50.593400,3.174300,160.598700,1,baseline,Static,1059
2026-06-01 01:46:40,0.288300,0.000000,0.309286,6.000600,0.003030,95.200000,50.533900,4.504900,227.634100,1,baseline,Static,1060
2026-06-01 01:46:41,0.300000,0.000000,0.000000,5.935700,0.003000,95.205000,50.473100,5.545300,279.886400,1,baseline,Static,1061
2026-06-01 01:46:42,0.300000,0.000000,0.000000,5.935700,0.003000,95.198000,50.452000,5.887700,297.046300,1,baseline,Static,1062
2026-06-01 01:46:43,0.021000,0.465000,-0.307143,0.252790,0.000180,95.183000,50.537400,4.780100,241.559800,1,baseline,Static,1063
2026-06-01 01:46:44,0.000000,0.500000,0.000000,0.000000,0.000000,95.180000,50.572300,3.648700,184.519700,1,baseline,Static,1064
2026-06-01 01:46:45,0.000000,0.500000,0.000000,0.000000,0.000000,95.180000,50.597100,3.185200,161.162100,1,baseline,Static,1065
2026-06-01 01:46:46,0.170460,0.185000,0.286571,3.634160,0.001830,95.180000,50.566200,3.785500,191.404000,1,baseline,Static,1066
2026-06-01 01:46:47,0.300000,0.000000,0.000000,5.935700,0.003000,95.194000,50.488600,5.235600,264.334400,1,baseline,Static,1067
2026-06-01 01:46:48,0.300000,0.000000,0.000000,5.935700,0.003000,95.180000,50.439800,5.846800,294.912100,1,baseline,Static,1068
2026-06-01 01:46:49,0.105000,0.325000,-0.321429,1.907220,0.001000,95.159000,50.501400,5.305400,267.915700,1,baseline,Static,1069
2026-06-01 01:46:50,0.000000,0.500000,0.000000,0.000000,0.000000,95.150000,50.551000,3.879300,196.098000,1,baseline,Static,1070
2026-06-01 01:46:51,0.000000,0.500000,0.000000,0.000000,0.000000,95.150000,50.599300,3.291100,166.527900,1,baseline,Static,1071
2026-06-01 01:46:52,0.081300,0.330000,0.287143,1.875750,0.000940,95.148000,50.569800,3.370400,170.431900,1,baseline,Static,1072
2026-06-01 01:46:53,0.300000,0.000000,0.000000,5.935700,0.003000,95.140000,50.514200,4.931800,249.123500,1,baseline,Static,1073
2026-06-01 01:46:54,0.300000,0.000000,0.000000,5.935700,0.003000,95.137000,50.457700,5.722900,288.762700,1,baseline,Static,1074
2026-06-01 01:46:55,0.198000,0.170000,-0.314286,3.751060,0.001940,95.130000,50.473100,5.685200,286.943800,1,baseline,Static,1075
2026-06-01 01:46:56,0.000000,0.500000,0.000000,0.000000,0.000000,95.125000,50.545800,4.138100,209.152500,1,baseline,Static,1076
2026-06-01 01:46:57,0.000000,0.500000,0.000000,0.000000,0.000000,95.120000,50.574600,3.401300,172.018700,1,baseline,Static,1077
2026-06-01 01:46:58,0.000600,0.480000,0.007143,0.013420,0.000010,95.120000,50.588500,3.165700,160.145500,1,baseline,Static,1078
2026-06-01 01:46:59,0.290700,0.000000,0.280000,6.013480,0.003030,95.114000,50.517900,4.527800,228.719800,1,baseline,Static,1079
2026-06-01 01:47:00,0.300000,0.000000,0.000000,5.935700,0.003000,95.110000,50.474800,5.578200,281.556700,1,baseline,Static,1080
2026-06-01 01:47:01,0.300000,0.000000,0.000000,5.935700,0.003000,95.102000,50.457700,5.908200,298.112700,1,baseline,Static,1081
2026-06-01 01:47:02,0.006000,0.490000,-0.285714,-0.032640,0.000000,95.100000,50.506400,4.750200,239.898000,1,baseline,Static,1082
2026-06-01 01:47:03,0.000000,0.500000,0.000000,0.000000,0.000000,95.091000,50.550700,3.615400,182.758500,1,baseline,Static,1083
2026-06-01 01:47:04,0.000000,0.500000,0.000000,0.000000,0.000000,95.090000,50.601400,3.188200,161.327000,1,baseline,Static,1084
2026-06-01 01:47:05,0.201300,0.130000,0.287143,4.267230,0.002150,95.090000,50.543700,4.009200,202.620700,1,baseline,Static,1085
2026-06-01 01:47:06,0.300000,0.000000,0.000000,5.935700,0.003000,95.080000,50.483100,5.379100,271.551600,1,baseline,Static,1086
2026-06-01 01:47:07,0.300000,0.000000,0.000000,5.935700,0.003000,95.077000,50.448500,5.875200,296.393300,1,baseline,Static,1087
2026-06-01 01:47:08,0.099000,0.335000,-0.285714,1.807420,0.000940,95.070000,50.497200,5.321700,268.715300,1,baseline,Static,1088
2026-06-01 01:47:09,0.000000,0.500000,0.000000,0.000000,0.000000,95.067000,50.551200,3.835500,193.881800,1,baseline,Static,1089
2026-06-01 01:47:10,0.000000,0.500000,0.000000,0.000000,0.000000,95.060000,50.570800,3.296100,166.684400,1,baseline,Static,1090
2026-06-01 01:47:11,0.112200,0.275000,0.287857,2.519380,0.001260,95.060000,50.598400,3.522500,178.223100,1,baseline,Static,1091
2026-06-01 01:47:12,0.300000,0.000000,0.000000,5.935700,0.003000,95.054000,50.490600,5.110200,258.017100,1,baseline,Static,1092
2026-06-01 01:47:13,0.300000,0.000000,0.000000,5.935700,0.003000,95.050000,50.467600,5.742000,289.783600,1,baseline,Static,1093
2026-06-01 01:47:14,0.186000,0.190000,-0.285714,3.528780,0.001800,95.042000,50.460200,5.720000,288.632500,1,baseline,Static,1094
2026-06-01 01:47:15,0.000000,0.500000,0.000000,0.000000,0.000000,95.040000,50.550000,4.168900,210.733500,1,baseline,Static,1095
2026-06-01 01:47:16,0.000000,0.500000,0.000000,0.000000,0.000000,95.041000,50.585000,3.424700,173.239400,1,baseline,Static,1096
2026-06-01 01:47:17,0.027600,0.400000,0.239286,0.778850,0.000390,95.038000,50.582000,3.207800,162.258500,1,baseline,Static,1097
2026-06-01 01:47:18,0.300000,0.000000,0.054286,5.994500,0.003030,95.062000,50.515400,4.694600,237.141400,1,baseline,Static,1098
2026-06-01 01:47:19,0.300000,0.000000,0.000000,5.935700,0.003000,95.098000,50.476800,5.653200,285.357300,1,baseline,Static,1099
2026-06-01 01:47:20,0.270000,0.050000,-0.285714,5.190770,0.002700,95.100000,50.467900,5.912000,298.364100,1,baseline,Static,1100
2026-06-01 01:47:21,0.000000,0.500000,0.000000,0.000000,0.000000,95.094000,50.506600,4.599600,232.298000,1,baseline,Static,1101
2026-06-01 01:47:22,0.000000,0.500000,0.000000,0.000000,0.000000,95.058000,50.580600,3.553200,179.720700,1,baseline,Static,1102
2026-06-01 01:47:23,0.000000,0.500000,0.000000,0.000000,0.000000,95.090000,50.591900,3.221000,162.955100,1,baseline,Static,1103
2026-06-01 01:47:24,0.221040,0.100000,0.285714,4.630200,0.002330,95.083000,50.558400,3.966200,200.517500,1,baseline,Static,1104
2026-06-01 01:47:25,0.300000,0.000000,0.000000,5.935700,0.003000,95.080000,50.472000,5.341700,269.607500,1,baseline,Static,1105
2026-06-01 01:47:26,0.300000,0.000000,0.000000,5.935700,0.003000,95.072000,50.439800,5.859000,295.522900,1,baseline,Static,1106
2026-06-01 01:47:27,0.090000,0.350000,-0.285714,1.629350,0.000900,95.070000,50.466100,5.351000,270.030200,1,baseline,Static,1107
2026-06-01 01:47:28,0.000000,0.500000,0.000000,0.000000,0.000000,95.060000,50.551500,3.832700,193.741700,1,baseline,Static,1108
2026-06-01 01:47:29,0.000000,0.500000,0.000000,0.000000,0.000000,95.060000,50.566600,3.290200,166.373400,1,baseline,Static,1109
2026-06-01 01:47:30,0.130320,0.250000,0.285714,2.831580,0.001420,95.059000,50.569100,3.514400,177.713400,1,baseline,Static,1110
2026-06-01 01:47:31,0.300000,0.000000,0.000000,5.935700,0.003000,95.050000,50.498600,5.102700,257.674200,1,baseline,Static,1111
2026-06-01 01:47:32,0.300000,0.000000,0.000000,5.935700,0.003000,95.047000,50.459900,5.731900,289.230400,1,baseline,Static,1112
2026-06-01 01:47:33,0.180000,0.200000,-0.285714,3.410060,0.001800,95.040000,50.464000,5.719400,288.614300,1,baseline,Static,1113
2026-06-01 01:47:34,0.000000,0.500000,0.000000,0.000000,0.000000,95.035000,50.528500,4.134100,208.883900,1,baseline,Static,1114
2026-06-01 01:47:35,0.000000,0.500000,0.000000,0.000000,0.000000,95.030000,50.576400,3.430800,173.516900,1,baseline,Static,1115
2026-06-01 01:47:36,0.040320,0.400000,0.284000,1.049010,0.000520,95.030000,50.600800,3.202400,162.043400,1,baseline,Static,1116
2026-06-01 01:47:37,0.300000,0.000000,0.001714,5.937560,0.003000,95.015000,50.520500,4.693500,237.108400,1,baseline,Static,1117
2026-06-01 01:47:38,0.300000,0.000000,0.000000,5.935700,0.003000,95.020000,50.468100,5.643400,284.810100,1,baseline,Static,1118
2026-06-01 01:47:39,0.240000,0.100000,-0.285714,4.597200,0.002400,95.012000,50.451600,5.899800,297.651700,1,baseline,Static,1119
2026-06-01 01:47:40,0.000000,0.500000,0.000000,0.000000,0.000000,95.010000,50.507778,4.491222,226.830444,1,baseline,Static,1120
2026-06-01 01:47:41,0.000000,0.500000,0.000000,0.000000,0.000000,95.002727,50.573636,3.516545,177.845545,1,baseline,Static,1121
2026-06-01 01:47:42,0.000000,0.500000,0.000000,0.000000,0.000000,95.000000,50.577100,3.143800,159.003700,1,baseline,Static,1122
2026-06-01 01:47:43,0.250320,0.050000,0.285714,5.210200,0.002620,95.000000,50.538400,4.102000,207.283300,1,baseline,Static,1123
2026-06-01 01:47:44,0.300000,0.000000,0.000000,5.935700,0.003000,94.990000,50.461200,5.458800,275.450600,1,baseline,Static,1124
2026-06-01 01:47:45,0.300000,0.000000,0.000000,5.935700,0.003000,94.987778,50.445556,5.854778,295.346444,1,baseline,Static,1125
2026-06-01 01:47:46,0.060000,0.400000,-0.285714,1.035780,0.000600,94.971000,50.477800,5.103300,257.583500,1,baseline,Static,1126
2026-06-01 01:47:47,0.000000,0.500000,0.000000,0.000000,0.000000,94.979091,50.540545,3.758545,189.955545,1,baseline,Static,1127
2026-06-01 01:47:48,0.000000,0.500000,0.000000,0.000000,0.000000,94.970000,50.581444,3.216333,162.687222,1,baseline,Static,1128
2026-06-01 01:47:49,0.162300,0.200000,0.315000,3.504790,0.001770,94.953000,50.545200,3.651900,184.571000,1,baseline,Static,1129
2026-06-01 01:47:50,0.300000,0.000000,0.000000,5.935700,0.003000,94.958000,50.472300,5.172000,261.043900,1,baseline,Static,1130
2026-06-01 01:47:51,0.300000,0.000000,0.000000,5.935700,0.003000,94.944000,50.455900,5.815300,293.415100,1,baseline,Static,1131
2026-06-01 01:47:52,0.136364,0.272727,-0.259740,2.560445,0.001364,94.945455,50.454727,5.499091,277.442909,1,baseline,Static,1132
2026-06-01 01:47:53,0.000000,0.500000,0.000000,0.000000,0.000000,94.920000,50.537778,3.929333,198.580778,1,baseline,Static,1133
2026-06-01 01:47:54,0.000000,0.500000,0.000000,0.000000,0.000000,94.945455,50.558545,3.376909,170.730091,1,baseline,Static,1134
2026-06-01 01:47:55,0.048333,0.388889,0.317460,1.247522,0.000622,94.913333,50.583444,3.228556,163.311556,1,baseline,Static,1135
2026-06-01 01:47:56,0.300000,0.000000,0.000000,5.935700,0.003000,94.931000,50.493100,4.708300,237.731000,1,baseline,Static,1136
2026-06-01 01:47:57,0.300000,0.000000,0.000000,5.935700,0.003000,94.907000,50.449400,5.677000,286.399300,1,baseline,Static,1137
2026-06-01 01:47:58,0.240000,0.100000,-0.285714,4.597200,0.002400,94.902000,50.440200,5.851900,295.170300,1,baseline,Static,1138
2026-06-01 01:47:59,0.000000,0.500000,0.000000,0.000000,0.000000,94.903000,50.517800,4.398300,222.189300,1,baseline,Static,1139
2026-06-01 01:48:00,0.000000,0.500000,0.000000,0.000000,0.000000,94.903636,50.553455,3.460636,174.944909,1,baseline,Static,1140
2026-06-01 01:48:01,0.000000,0.500000,0.000000,0.000000,0.000000,94.912222,50.585444,3.142556,158.967000,1,baseline,Static,1141
2026-06-01 01:48:02,0.253500,0.050000,0.285714,5.280540,0.002660,94.886000,50.514700,4.170900,210.674800,1,baseline,Static,1142
2026-06-01 01:48:03,0.300000,0.000000,0.000000,5.935700,0.003000,94.889000,50.456600,5.445800,274.777600,1,baseline,Static,1143
2026-06-01 01:48:04,0.300000,0.000000,0.000000,5.935700,0.003000,94.866000,50.439200,5.915500,298.372600,1,baseline,Static,1144
2026-06-01 01:48:05,0.027273,0.454545,-0.259740,0.402009,0.000273,94.892727,50.495727,4.879273,246.371727,1,baseline,Static,1145
2026-06-01 01:48:06,0.000000,0.500000,0.000000,0.000000,0.000000,94.881111,50.543333,3.640222,183.985000,1,baseline,Static,1146
2026-06-01 01:48:07,0.000000,0.500000,0.000000,0.000000,0.000000,94.881818,50.545091,3.221909,162.850545,1,baseline,Static,1147
2026-06-01 01:48:08,0.181667,0.166667,0.317460,3.891800,0.001956,94.880000,50.545889,3.684000,186.198444,1,baseline,Static,1148
2026-06-01 01:48:09,0.300000,0.000000,0.000000,5.935700,0.003000,94.880000,50.462900,5.196900,262.238900,1,baseline,Static,1149
2026-06-01 01:48:10,0.300000,0.000000,0.000000,5.935700,0.003000,94.872000,50.441600,5.805000,292.813100,1,baseline,Static,1150
2026-06-01 01:48:11,0.120000,0.300000,-0.285714,2.222920,0.001200,94.851000,50.442400,5.450500,274.922700,1,baseline,Static,1151
2026-06-01 01:48:12,0.000000,0.500000,0.000000,0.000000,0.000000,94.860000,50.526600,3.916900,197.907300,1,baseline,Static,1152
2026-06-01 01:48:13,0.000000,0.500000,0.000000,0.000000,0.000000,94.843636,50.550818,3.293818,166.504364,1,baseline,Static,1153
2026-06-01 01:48:14,0.081667,0.333333,0.317460,1.907044,0.000956,94.857778,50.551778,3.257556,164.672333,1,baseline,Static,1154
2026-06-01 01:48:15,0.300000,0.000000,0.000000,5.935700,0.003000,94.842000,50.491200,4.854800,245.115900,1,baseline,Static,1155
2026-06-01 01:48:16,0.300000,0.000000,0.000000,5.935700,0.003000,94.838000,50.429400,5.670000,285.934000,1,baseline,Static,1156
2026-06-01 01:48:17,0.240000,0.100000,-0.285714,4.597200,0.002400,94.822000,50.425400,5.852100,295.094000,1,baseline,Static,1157
2026-06-01 01:48:18,0.000000,0.500000,0.000000,0.000000,0.000000,94.834545,50.503545,4.342091,219.284273,1,baseline,Static,1158
2026-06-01 01:48:19,0.000000,0.500000,0.000000,0.000000,0.000000,94.830000,50.565222,3.457222,174.814222,1,baseline,Static,1159
2026-06-01 01:48:20,0.012273,0.454545,0.116883,0.318773,0.000164,94.821818,50.563000,3.195909,161.595182,1,baseline,Static,1160
2026-06-01 01:48:21,0.300000,0.000000,0.157143,6.105890,0.003080,94.823000,50.494200,4.550200,229.756000,1,baseline,Static,1161
2026-06-01 01:48:22,0.300000,0.000000,0.000000,5.935700,0.003000,94.820000,50.466100,5.547800,279.974600,1,baseline,Static,1162
2026-06-01 01:48:23,0.270000,0.050000,-0.285714,5.190770,0.002700,94.811000,50.432500,5.919000,298.509700,1,baseline,Static,1163
2026-06-01 01:48:24,0.000000,0.500000,0.000000,0.000000,0.000000,94.770000,50.500778,4.572778,230.924000,1,baseline,Static,1164
2026-06-01 01:48:25,0.000000,0.500000,0.000000,0.000000,0.000000,94.792000,50.540400,3.630500,183.485100,1,baseline,Static,1165
2026-06-01 01:48:26,0.000000,0.500000,0.000000,0.000000,0.000000,94.763636,50.552545,3.201000,161.818182,1,baseline,Static,1166
2026-06-01 01:48:27,0.224100,0.100000,0.285714,4.685230,0.002360,94.799000,50.511300,3.975500,200.780000,1,baseline,Static,1167
2026-06-01 01:48:28,0.300000,0.000000,0.000000,5.935700,0.003000,94.790000,50.439700,5.386700,271.703300,1,baseline,Static,1168
2026-06-01 01:48:29,0.300000,0.000000,0.000000,5.935700,0.003000,94.786000,50.433800,5.863600,295.722000,1,baseline,Static,1169
2026-06-01 01:48:30,0.066667,0.388889,-0.317460,1.150867,0.000667,94.770000,50.456111,5.222667,263.506556,1,baseline,Static,1170
2026-06-01 01:48:31,0.000000,0.500000,0.000000,0.000000,0.000000,94.744545,50.535091,3.756818,189.848000,1,baseline,Static,1171
2026-06-01 01:48:32,0.000000,0.500000,0.000000,0.000000,0.000000,94.743333,50.555222,3.280667,165.852222,1,baseline,Static,1172
2026-06-01 01:48:33,0.148091,0.227273,0.287662,3.178118,0.001600,94.770000,50.535909,3.612545,182.550364,1,baseline,Static,1173
2026-06-01 01:48:34,0.300000,0.000000,0.000000,5.935700,0.003000,94.764000,50.444200,5.226500,263.640800,1,baseline,Static,1174
2026-06-01 01:48:35,0.300000,0.000000,0.000000,5.935700,0.003000,94.760000,50.425800,5.774800,291.197600,1,baseline,Static,1175
2026-06-01 01:48:36,0.150000,0.250000,-0.285714,2.816490,0.001500,94.751000,50.441300,5.638800,284.413900,1,baseline,Static,1176
2026-06-01 01:48:37,0.000000,0.500000,0.000000,0.000000,0.000000,94.720000,50.499667,4.096556,206.870222,1,baseline,Static,1177
2026-06-01 01:48:38,0.000000,0.500000,0.000000,0.000000,0.000000,94.744000,50.538500,3.388100,171.228600,1,baseline,Static,1178
2026-06-01 01:48:39,0.040091,0.409091,0.259740,1.019000,0.000509,94.710909,50.559273,3.215545,162.576364,1,baseline,Static,1179
2026-06-01 01:48:40,0.300000,0.000000,0.000000,5.935700,0.003000,94.739000,50.478000,4.666100,235.532500,1,baseline,Static,1180
2026-06-01 01:48:41,0.300000,0.000000,0.000000,5.935700,0.003000,94.730000,50.434600,5.616400,283.258700,1,baseline,Static,1181
2026-06-01 01:48:42,0.266667,0.055556,-0.317460,5.108000,0.002667,94.726667,50.424444,5.915889,298.305556,1,baseline,Static,1182
2026-06-01 01:48:43,0.000000,0.500000,0.000000,0.000000,0.000000,94.693000,50.489000,4.552800,229.856200,1,baseline,Static,1183
2026-06-01 01:48:44,0.000000,0.500000,0.000000,0.000000,0.000000,94.648000,50.539000,3.502400,177.006000,1,baseline,Static,1184
2026-06-01 01:48:45,0.000000,0.500000,0.000000,0.000000,0.000000,94.630000,50.553600,3.159500,159.723400,1,baseline,Static,1185
2026-06-01 01:48:46,0.232200,0.075000,0.287857,4.897870,0.002470,94.634000,50.514400,4.110800,207.641000,1,baseline,Static,1186
2026-06-01 01:48:47,0.300000,0.000000,0.000000,5.935700,0.003000,94.646000,50.443800,5.423600,273.585300,1,baseline,Static,1187
2026-06-01 01:48:48,0.300000,0.000000,0.000000,5.935700,0.003000,94.631000,50.413600,5.859500,295.397900,1,baseline,Static,1188
2026-06-01 01:48:49,0.060000,0.400000,-0.285714,1.035780,0.000600,94.610000,50.444700,5.161300,260.340000,1,baseline,Static,1189
2026-06-01 01:48:50,0.000000,0.500000,0.000000,0.000000,0.000000,94.666000,50.511400,3.762900,190.064200,1,baseline,Static,1190
2026-06-01 01:48:51,0.000000,0.500000,0.000000,0.000000,0.000000,94.617000,50.545400,3.265700,165.065300,1,baseline,Static,1191
2026-06-01 01:48:52,0.122400,0.250000,0.285714,2.694750,0.001350,94.664000,50.515500,3.482500,175.914600,1,baseline,Static,1192
2026-06-01 01:48:53,0.300000,0.000000,0.000000,5.935700,0.003000,94.671000,50.442900,5.098800,257.196000,1,baseline,Static,1193
2026-06-01 01:48:54,0.300000,0.000000,0.000000,5.935700,0.003000,94.654000,50.424800,5.773000,291.100200,1,baseline,Static,1194
2026-06-01 01:48:55,0.180000,0.200000,-0.285714,3.410060,0.001800,94.659000,50.428800,5.708200,287.850500,1,baseline,Static,1195
2026-06-01 01:48:56,0.000000,0.500000,0.000000,0.000000,0.000000,94.588000,50.493700,4.156400,209.868800,1,baseline,Static,1196
2026-06-01 01:48:57,0.000000,0.500000,0.000000,0.000000,0.000000,94.615000,50.526200,3.444000,174.012500,1,baseline,Static,1197
2026-06-01 01:48:58,0.006900,0.450000,0.065714,0.164990,0.000080,94.594000,50.550200,3.208800,162.205400,1,baseline,Static,1198
2026-06-01 01:48:59,0.297840,0.000000,0.225143,6.136800,0.003090,94.633000,50.464900,4.560600,230.138200,1,baseline,Static,1199
2026-06-01 01:49:00,0.300000,0.000000,0.000000,5.935700,0.003000,94.618000,50.440400,5.597200,282.321900,1,baseline,Static,1200
2026-06-01 01:49:01,0.300000,0.000000,0.000000,5.935700,0.003000,94.631000,50.406600,5.932700,299.047300,1,baseline,Static,1201
2026-06-01 01:49:02,0.000000,0.500000,-0.285714,-0.151360,0.000000,94.592000,50.454500,4.772600,240.786800,1,baseline,Static,1202
2026-06-01 01:49:03,0.000000,0.500000,0.000000,0.000000,0.000000,94.581000,50.521900,3.601400,181.945800,1,baseline,Static,1203
2026-06-01 01:49:04,0.000000,0.500000,0.000000,0.000000,0.000000,94.558000,50.533300,3.240400,163.749000,1,baseline,Static,1204
2026-06-01 01:49:05,0.214740,0.100000,0.290857,4.522500,0.002270,94.580000,50.489100,3.967000,200.276700,1,baseline,Static,1205
2026-06-01 01:49:06,0.300000,0.000000,0.000000,5.935700,0.003000,94.585000,50.428600,5.366100,270.599900,1,baseline,Static,1206
2026-06-01 01:49:07,0.300000,0.000000,0.000000,5.935700,0.003000,94.594000,50.403400,5.875200,296.129600,1,baseline,Static,1207
2026-06-01 01:49:08,0.090000,0.350000,-0.285714,1.629350,0.000900,94.583000,50.440700,5.290300,266.836900,1,baseline,Static,1208
2026-06-01 01:49:09,0.000000,0.500000,0.000000,0.000000,0.000000,94.520000,50.512100,3.849300,194.428700,1,baseline,Static,1209
2026-06-01 01:49:10,0.000000,0.500000,0.000000,0.000000,0.000000,94.573000,50.533200,3.299500,166.733000,1,baseline,Static,1210
2026-06-01 01:49:11,0.125820,0.250000,0.289714,2.756790,0.001390,94.510000,50.513500,3.514000,177.492000,1,baseline,Static,1211
2026-06-01 01:49:12,0.300000,0.000000,0.000000,5.935700,0.003000,94.533000,50.438100,5.060400,255.237400,1,baseline,Static,1212
2026-06-01 01:49:13,0.300000,0.000000,0.000000,5.935700,0.003000,94.525000,50.409800,5.771000,290.912900,1,baseline,Static,1213
2026-06-01 01:49:14,0.150000,0.250000,-0.285714,2.816490,0.001500,94.538000,50.424700,5.583100,281.516200,1,baseline,Static,1214
2026-06-01 01:49:15,0.000000,0.500000,0.000000,0.000000,0.000000,94.516000,50.498400,4.060200,205.030400,1,baseline,Static,1215
2026-06-01 01:49:16,0.000000,0.500000,0.000000,0.000000,0.000000,94.530000,50.503600,3.388000,171.105800,1,baseline,Static,1216
2026-06-01 01:49:17,0.064740,0.350000,0.285714,1.544810,0.000770,94.507000,50.540700,3.271000,165.313000,1,baseline,Static,1217
2026-06-01 01:49:18,0.300000,0.000000,0.000000,5.935700,0.003000,94.480000,50.443400,4.811400,242.697300,1,baseline,Static,1218
2026-06-01 01:49:19,0.300000,0.000000,0.000000,5.935700,0.003000,94.472000,50.410000,5.671900,285.920200,1,baseline,Static,1219
2026-06-01 01:49:20,0.240000,0.100000,-0.285714,4.597200,0.002400,94.469000,50.389000,5.907500,297.670600,1,baseline,Static,1220
2026-06-01 01:49:21,0.000000,0.500000,0.000000,0.000000,0.000000,94.530000,50.481400,4.448400,224.545700,1,baseline,Static,1221
2026-06-01 01:49:22,0.000000,0.500000,0.000000,0.000000,0.000000,94.468000,50.511200,3.484300,175.995800,1,baseline,Static,1222
2026-06-01 01:49:23,0.000000,0.500000,0.000000,0.000000,0.000000,94.540000,50.526400,3.202300,161.800500,1,baseline,Static,1223
2026-06-01 01:49:24,0.277800,0.000000,0.285714,5.753850,0.002890,94.528000,50.479800,4.355800,219.866700,1,baseline,Static,1224
2026-06-01 01:49:25,0.300000,0.000000,0.000000,5.935700,0.003000,94.530000,50.420889,5.480889,276.349222,1,baseline,Static,1225
2026-06-01 01:49:26,0.300000,0.000000,0.000000,5.935700,0.003000,94.524545,50.384909,5.913545,297.954091,1,baseline,Static,1226
2026-06-01 01:49:27,0.033333,0.444444,-0.317460,0.491344,0.000333,94.520000,50.449333,5.027556,253.618333,1,baseline,Static,1227
2026-06-01 01:49:28,0.000000,0.500000,0.000000,0.000000,0.000000,94.489000,50.515500,3.781600,191.029100,1,baseline,Static,1228
2026-06-01 01:49:29,0.000000,0.500000,0.000000,0.000000,0.000000,94.502000,50.533800,3.280400,165.770800,1,baseline,Static,1229
2026-06-01 01:49:30,0.164700,0.200000,0.285714,3.534770,0.001780,94.440000,50.493200,3.763200,190.009800,1,baseline,Static,1230
2026-06-01 01:49:31,0.300000,0.000000,0.000000,5.935700,0.003000,94.461000,50.423700,5.247600,264.599500,1,baseline,Static,1231
2026-06-01 01:49:32,0.300000,0.000000,0.000000,5.935700,0.003000,94.447000,50.405500,5.854900,295.119900,1,baseline,Static,1232
2026-06-01 01:49:33,0.136364,0.272727,-0.259740,2.560445,0.001364,94.475455,50.424364,5.536182,279.150364,1,baseline,Static,1233
2026-06-01 01:49:34,0.000000,0.500000,0.000000,0.000000,0.000000,94.440000,50.502889,3.920778,198.001444,1,baseline,Static,1234
2026-06-01 01:49:35,0.000000,0.500000,0.000000,0.000000,0.000000,94.465455,50.531636,3.296727,166.587091,1,baseline,Static,1235
2026-06-01 01:49:36,0.083000,0.333333,0.317460,1.942222,0.000978,94.433333,50.510222,3.383222,170.882333,1,baseline,Static,1236
2026-06-01 01:49:37,0.300000,0.000000,0.000000,5.935700,0.003000,94.433000,50.454300,4.915600,248.008300,1,baseline,Static,1237
2026-06-01 01:49:38,0.300000,0.000000,0.000000,5.935700,0.003000,94.428000,50.393300,5.745400,289.530300,1,baseline,Static,1238
2026-06-01 01:49:39,0.210000,0.150000,-0.285714,4.003630,0.002100,94.433000,50.405500,5.701100,287.360500,1,baseline,Static,1239
2026-06-01 01:49:40,0.000000,0.500000,0.000000,0.000000,0.000000,94.460000,50.488800,4.257100,214.926000,1,baseline,Static,1240
2026-06-01 01:49:41,0.000000,0.500000,0.000000,0.000000,0.000000,94.416364,50.520364,3.437455,173.661091,1,baseline,Static,1241
2026-06-01 01:49:42,0.014333,0.444444,0.170635,0.412956,0.000211,94.441111,50.522556,3.203000,161.823000,1,baseline,Static,1242
2026-06-01 01:49:43,0.300000,0.000000,0.162857,6.112080,0.003080,94.397000,50.455900,4.628500,233.516800,1,baseline,Static,1243
2026-06-01 01:49:44,0.300000,0.000000,0.000000,5.935700,0.003000,94.410000,50.405500,5.591100,281.818400,1,baseline,Static,1244
2026-06-01 01:49:45,0.300000,0.000000,0.000000,5.935700,0.003000,94.351000,50.381700,5.918900,298.203300,1,baseline,Static,1245
2026-06-01 01:49:46,0.000000,0.500000,-0.285714,-0.151360,0.000000,94.382000,50.465400,4.627400,233.517000,1,baseline,Static,1246
2026-06-01 01:49:47,0.000000,0.500000,0.000000,0.000000,0.000000,94.376000,50.508100,3.588000,181.222100,1,baseline,Static,1247
2026-06-01 01:49:48,0.000000,0.500000,0.000000,0.000000,0.000000,94.397000,50.536200,3.167300,160.064000,1,baseline,Static,1248
2026-06-01 01:49:49,0.224100,0.100000,0.319286,4.714310,0.002380,94.420000,50.483400,3.960300,199.906200,1,baseline,Static,1249
2026-06-01 01:49:50,0.300000,0.000000,0.000000,5.935700,0.003000,94.418000,50.427900,5.358300,270.202600,1,baseline,Static,1250
2026-06-01 01:49:51,0.300000,0.000000,0.000000,5.935700,0.003000,94.410000,50.391300,5.880500,296.325700,1,baseline,Static,1251
2026-06-01 01:49:52,0.090000,0.350000,-0.285714,1.629350,0.000900,94.347000,50.418100,5.178400,261.064100,1,baseline,Static,1252
2026-06-01 01:49:53,0.000000,0.500000,0.000000,0.000000,0.000000,94.359000,50.492400,3.797100,191.720200,1,baseline,Static,1253
2026-06-01 01:49:54,0.000000,0.500000,0.000000,0.000000,0.000000,94.319000,50.511400,3.269000,165.121100,1,baseline,Static,1254
2026-06-01 01:49:55,0.135480,0.240000,0.321714,2.961750,0.001490,94.391000,50.506000,3.519300,177.738900,1,baseline,Static,1255
2026-06-01 01:49:56,0.300000,0.000000,0.000000,5.935700,0.003000,94.390000,50.423600,5.072700,255.779600,1,baseline,Static,1256
2026-06-01 01:49:57,0.300000,0.000000,0.000000,5.935700,0.003000,94.382000,50.379000,5.761600,290.263300,1,baseline,Static,1257
2026-06-01 01:49:58,0.141000,0.265000,-0.335714,2.611930,0.001390,94.362000,50.401800,5.552300,279.835700,1,baseline,Static,1258
2026-06-01 01:49:59,0.000000,0.500000,0.000000,0.000000,0.000000,94.306000,50.478500,3.933500,198.549500,1,baseline,Static,1259
2026-06-01 01:50:00,0.000000,0.500000,0.000000,0.000000,0.000000,94.307000,50.505100,3.335800,168.475000,1,baseline,Static,1260
2026-06-01 01:50:01,0.044100,0.400000,0.319286,1.149260,0.000580,94.341000,50.530500,3.228000,163.112300,1,baseline,Static,1261
2026-06-01 01:50:02,0.300000,0.000000,0.000000,5.935700,0.003000,94.360000,50.456800,4.678500,236.049400,1,baseline,Static,1262
2026-06-01 01:50:03,0.300000,0.000000,0.000000,5.935700,0.003000,94.357273,50.394182,5.646636,284.557818,1,baseline,Static,1263
2026-06-01 01:50:04,0.266667,0.055556,-0.317460,5.108000,0.002667,94.350000,50.394333,5.923444,298.506778,1,baseline,Static,1264
2026-06-01 01:50:05,0.000000,0.500000,0.000000,0.000000,0.000000,94.296000,50.450900,4.497900,226.916500,1,baseline,Static,1265
2026-06-01 01:50:06,0.000000,0.500000,0.000000,0.000000,0.000000,94.308000,50.503000,3.524300,177.985200,1,baseline,Static,1266
2026-06-01 01:50:07,0.000000,0.500000,0.000000,0.000000,0.000000,94.259000,50.527300,3.161000,159.716900,1,baseline,Static,1267
2026-06-01 01:50:08,0.225900,0.100000,0.285714,4.719980,0.002380,94.334000,50.474700,3.966900,200.211200,1,baseline,Static,1268
2026-06-01 01:50:09,0.300000,0.000000,0.000000,5.935700,0.003000,94.330000,50.420800,5.361300,270.313400,1,baseline,Static,1269
2026-06-01 01:50:10,0.300000,0.000000,0.000000,5.935700,0.003000,94.315000,50.381400,5.879000,296.191700,1,baseline,Static,1270
2026-06-01 01:50:11,0.090000,0.350000,-0.285714,1.629350,0.000900,94.311000,50.385700,5.297100,266.878100,1,baseline,Static,1271
2026-06-01 01:50:12,0.000000,0.500000,0.000000,0.000000,0.000000,94.246000,50.491200,3.790900,191.407000,1,baseline,Static,1272
2026-06-01 01:50:13,0.000000,0.500000,0.000000,0.000000,0.000000,94.258000,50.508600,3.269500,165.138400,1,baseline,Static,1273
2026-06-01 01:50:14,0.135900,0.250000,0.285714,2.939270,0.001480,94.274000,50.500800,3.507800,177.139800,1,baseline,Static,1274
2026-06-01 01:50:15,0.300000,0.000000,0.000000,5.935700,0.003000,94.300000,50.423300,5.072100,255.737600,1,baseline,Static,1275
2026-06-01 01:50:16,0.300000,0.000000,0.000000,5.935700,0.003000,94.289000,50.394500,5.759300,290.237800,1,baseline,Static,1276
2026-06-01 01:50:17,0.174000,0.210000,-0.285714,3.291350,0.001720,94.246000,50.384500,5.628800,283.598600,1,baseline,Static,1277
2026-06-01 01:50:18,0.000000,0.500000,0.000000,0.000000,0.000000,94.209000,50.477900,4.071400,205.506600,1,baseline,Static,1278
2026-06-01 01:50:19,0.000000,0.500000,0.000000,0.000000,0.000000,94.200000,50.497900,3.376700,170.517700,1,baseline,Static,1279
2026-06-01 01:50:20,0.020460,0.435000,0.191429,0.593100,0.000290,94.192000,50.484300,3.216900,162.400600,1,baseline,Static,1280
2026-06-01 01:50:21,0.300000,0.000000,0.094286,6.037820,0.003050,94.190000,50.438000,4.669400,235.503300,1,baseline,Static,1281
2026-06-01 01:50:22,0.300000,0.000000,0.000000,5.935700,0.003000,94.185000,50.376900,5.638900,284.069400,1,baseline,Static,1282
2026-06-01 01:50:23,0.270000,0.050000,-0.285714,5.190770,0.002700,94.180000,50.359100,5.966400,300.462000,1,baseline,Static,1283
2026-06-01 01:50:24,0.000000,0.500000,0.000000,0.000000,0.000000,94.171000,50.421800,4.560900,229.965000,1,baseline,Static,1284
2026-06-01 01:50:25,0.000000,0.500000,0.000000,0.000000,0.000000,94.170000,50.491000,3.575300,180.519500,1,baseline,Static,1285
2026-06-01 01:50:26,0.000000,0.500000,0.000000,0.000000,0.000000,94.168000,50.507800,3.195700,161.407600,1,baseline,Static,1286
2026-06-01 01:50:27,0.208800,0.100000,0.297857,4.427290,0.002230,94.160000,50.462200,3.964600,200.055500,1,baseline,Static,1287
2026-06-01 01:50:28,0.300000,0.000000,0.000000,5.935700,0.003000,94.160000,50.392300,5.357600,269.977100,1,baseline,Static,1288
2026-06-01 01:50:29,0.300000,0.000000,0.000000,5.935700,0.003000,94.150000,50.362800,5.898200,297.049200,1,baseline,Static,1289
2026-06-01 01:50:30,0.060000,0.400000,-0.285714,1.035780,0.000600,94.147000,50.404400,5.155400,259.833800,1,baseline,Static,1290
2026-06-01 01:50:31,0.000000,0.500000,0.000000,0.000000,0.000000,94.140000,50.477100,3.715900,187.567100,1,baseline,Static,1291
2026-06-01 01:50:32,0.000000,0.500000,0.000000,0.000000,0.000000,94.140000,50.503200,3.293400,166.326100,1,baseline,Static,1292
2026-06-01 01:50:33,0.118800,0.250000,0.297857,2.647390,0.001330,94.136000,50.490000,3.489200,176.154600,1,baseline,Static,1293
2026-06-01 01:50:34,0.300000,0.000000,0.000000,5.935700,0.003000,94.130000,50.405400,5.094800,256.803700,1,baseline,Static,1294
2026-06-01 01:50:35,0.300000,0.000000,0.000000,5.935700,0.003000,94.125000,50.362600,5.760300,290.099800,1,baseline,Static,1295
2026-06-01 01:50:36,0.180000,0.200000,-0.285714,3.410060,0.001800,94.120000,50.377500,5.718800,288.090200,1,baseline,Static,1296
2026-06-01 01:50:37,0.000000,0.500000,0.000000,0.000000,0.000000,94.112000,50.464600,4.164100,210.134100,1,baseline,Static,1297
2026-06-01 01:50:38,0.000000,0.500000,0.000000,0.000000,0.000000,94.110000,50.502000,3.378100,170.599900,1,baseline,Static,1298
2026-06-01 01:50:39,0.004500,0.450000,0.042857,0.103890,0.000050,94.110000,50.500100,3.182800,160.731800,1,baseline,Static,1299
2026-06-01 01:50:40,0.291300,0.000000,0.282857,6.069910,0.003060,94.102000,50.431300,4.469200,225.376900,1,baseline,Static,1300
2026-06-01 01:50:41,0.300000,0.000000,0.000000,5.935700,0.003000,94.100000,50.365800,5.607900,282.443700,1,baseline,Static,1301
2026-06-01 01:50:42,0.270000,0.050000,-0.285714,5.190770,0.002700,94.090000,50.356900,5.890400,296.622200,1,baseline,Static,1302
2026-06-01 01:50:43,0.000000,0.500000,0.000000,0.000000,0.000000,94.089000,50.433300,4.589300,231.441500,1,baseline,Static,1303
2026-06-01 01:50:44,0.000000,0.500000,0.000000,0.000000,0.000000,94.089000,50.469500,3.524700,177.888200,1,baseline,Static,1304
2026-06-01 01:50:45,0.000000,0.500000,0.000000,0.000000,0.000000,94.080000,50.483400,3.202600,161.676500,1,baseline,Static,1305
2026-06-01 01:50:46,0.209400,0.100000,0.325714,4.451680,0.002240,94.078000,50.453400,3.963800,199.965400,1,baseline,Static,1306
2026-06-01 01:50:47,0.300000,0.000000,0.000000,5.935700,0.003000,94.079000,50.382400,5.362900,270.194000,1,baseline,Static,1307
2026-06-01 01:50:48,0.300000,0.000000,0.000000,5.935700,0.003000,94.066000,50.369600,5.849600,294.642200,1,baseline,Static,1308
2026-06-01 01:50:49,0.060000,0.400000,-0.285714,1.035780,0.000600,94.068000,50.401100,5.116000,257.828900,1,baseline,Static,1309
2026-06-01 01:50:50,0.000000,0.500000,0.000000,0.000000,0.000000,94.056000,50.473800,3.753700,189.459700,1,baseline,Static,1310
2026-06-01 01:50:51,0.000000,0.500000,0.000000,0.000000,0.000000,94.059000,50.500300,3.259100,164.585700,1,baseline,Static,1311
2026-06-01 01:50:52,0.119400,0.250000,0.325714,2.662310,0.001330,94.050000,50.476100,3.521500,177.741000,1,baseline,Static,1312
2026-06-01 01:50:53,0.300000,0.000000,0.000000,5.935700,0.003000,94.044000,50.411800,5.076800,255.922400,1,baseline,Static,1313
2026-06-01 01:50:54,0.300000,0.000000,0.000000,5.935700,0.003000,94.040000,50.351600,5.754000,289.723200,1,baseline,Static,1314
2026-06-01 01:50:55,0.150000,0.250000,-0.285714,2.816490,0.001500,94.031000,50.371600,5.574600,280.794700,1,baseline,Static,1315
2026-06-01 01:50:56,0.000000,0.500000,0.000000,0.000000,0.000000,94.030000,50.431800,4.017100,202.588400,1,baseline,Static,1316
2026-06-01 01:50:57,0.000000,0.500000,0.000000,0.000000,0.000000,94.041000,50.477600,3.391000,171.167400,1,baseline,Static,1317
2026-06-01 01:50:58,0.060000,0.350000,0.296428,1.459910,0.000730,94.029000,50.492200,3.280100,165.615000,1,baseline,Static,1318
2026-06-01 01:50:59,0.300000,0.000000,0.000000,5.935700,0.003000,94.019000,50.403900,4.827500,243.322000,1,baseline,Static,1319
2026-06-01 01:51:00,0.300000,0.000000,0.000000,5.935700,0.003000,94.010000,50.361500,5.662900,285.188600,1,baseline,Static,1320
2026-06-01 01:51:01,0.240000,0.100000,-0.285714,4.597200,0.002400,94.006000,50.363600,5.855600,294.906800,1,baseline,Static,1321
2026-06-01 01:51:02,0.000000,0.500000,0.000000,0.000000,0.000000,94.017000,50.439700,4.441800,224.037800,1,baseline,Static,1322
2026-06-01 01:51:03,0.000000,0.500000,0.000000,0.000000,0.000000,93.999000,50.463600,3.483400,175.784500,1,baseline,Static,1323
2026-06-01 01:51:04,0.000000,0.500000,0.000000,0.000000,0.000000,93.990000,50.491400,3.127800,157.928100,1,baseline,Static,1324
2026-06-01 01:51:05,0.271200,0.000000,0.295000,5.650650,0.002850,93.990000,50.450900,4.332600,218.571500,1,baseline,Static,1325
2026-06-01 01:51:06,0.300000,0.000000,0.000000,5.935700,0.003000,93.984000,50.385900,5.501300,277.184600,1,baseline,Static,1326
2026-06-01 01:51:07,0.300000,0.000000,0.000000,5.935700,0.003000,93.980000,50.346700,5.897400,296.912900,1,baseline,Static,1327
2026-06-01 01:51:08,0.000000,0.500000,-0.285714,-0.151360,0.000000,93.971000,50.404600,4.763600,240.099400,1,baseline,Static,1328
2026-06-01 01:51:09,0.000000,0.500000,0.000000,0.000000,0.000000,93.970000,50.467600,3.591700,181.263000,1,baseline,Static,1329
2026-06-01 01:51:10,0.000000,0.500000,0.000000,0.000000,0.000000,93.967000,50.489800,3.228200,162.990000,1,baseline,Static,1330
2026-06-01 01:51:11,0.181200,0.150000,0.295000,3.868890,0.001950,93.960000,50.446700,3.782800,190.813200,1,baseline,Static,1331
2026-06-01 01:51:12,0.300000,0.000000,0.000000,5.935700,0.003000,93.959000,50.396700,5.268900,265.531000,1,baseline,Static,1332
2026-06-01 01:51:13,0.300000,0.000000,0.000000,5.935700,0.003000,93.950000,50.348600,5.839100,293.989200,1,baseline,Static,1333
2026-06-01 01:51:14,0.120000,0.300000,-0.285714,2.222920,0.001200,93.946000,50.385800,5.474500,275.820500,1,baseline,Static,1334
2026-06-01 01:51:15,0.000000,0.500000,0.000000,0.000000,0.000000,93.975000,50.443200,3.942400,198.859500,1,baseline,Static,1335
2026-06-01 01:51:16,0.000000,0.500000,0.000000,0.000000,0.000000,93.940000,50.465700,3.354500,169.285800,1,baseline,Static,1336
2026-06-01 01:51:17,0.093600,0.300000,0.292143,2.129340,0.001070,94.003000,50.489200,3.401900,171.754500,1,baseline,Static,1337
2026-06-01 01:51:18,0.300000,0.000000,0.000000,5.935700,0.003000,94.014000,50.389700,4.945700,249.205100,1,baseline,Static,1338
2026-06-01 01:51:19,0.300000,0.000000,0.000000,5.935700,0.003000,94.010000,50.363100,5.730400,288.600000,1,baseline,Static,1339
2026-06-01 01:51:20,0.233333,0.111111,-0.317460,4.448478,0.002333,93.992222,50.351556,5.844444,294.272444,1,baseline,Static,1340
2026-06-01 01:51:21,0.000000,0.500000,0.000000,0.000000,0.000000,94.000000,50.420400,4.435000,223.605900,1,baseline,Static,1341
2026-06-01 01:51:22,0.000000,0.500000,0.000000,0.000000,0.000000,93.977000,50.475200,3.488900,176.103000,1,baseline,Static,1342
2026-06-01 01:51:23,0.000000,0.500000,0.000000,0.000000,0.000000,93.981000,50.512200,3.212100,162.248700,1,baseline,Static,1343
2026-06-01 01:51:24,0.285300,0.000000,0.285714,5.916410,0.002980,93.936000,50.407500,4.449900,224.297500,1,baseline,Static,1344
2026-06-01 01:51:25,0.300000,0.000000,0.000000,5.935700,0.003000,93.939000,50.362500,5.522300,278.117500,1,baseline,Static,1345
2026-06-01 01:51:26,0.300000,0.000000,0.000000,5.935700,0.003000,93.925000,50.348300,5.919800,298.051100,1,baseline,Static,1346
2026-06-01 01:51:27,0.030000,0.450000,-0.285714,0.442210,0.000300,93.938000,50.411100,4.854700,244.727000,1,baseline,Static,1347
2026-06-01 01:51:28,0.000000,0.500000,0.000000,0.000000,0.000000,93.942000,50.444700,3.648900,184.064500,1,baseline,Static,1348
2026-06-01 01:51:29,0.000000,0.500000,0.000000,0.000000,0.000000,93.952000,50.479300,3.203600,161.715200,1,baseline,Static,1349
2026-06-01 01:51:30,0.165900,0.200000,0.319286,3.585590,0.001810,93.917000,50.448300,3.773400,190.342400,1,baseline,Static,1350
2026-06-01 01:51:31,0.300000,0.000000,0.000000,5.935700,0.003000,93.906000,50.373000,5.248300,264.366200,1,baseline,Static,1351
2026-06-01 01:51:32,0.300000,0.000000,0.000000,5.935700,0.003000,93.907000,50.346200,5.810900,292.556500,1,baseline,Static,1352
2026-06-01 01:51:33,0.120000,0.300000,-0.285714,2.222920,0.001200,93.901000,50.361800,5.410600,272.469100,1,baseline,Static,1353
2026-06-01 01:51:34,0.000000,0.500000,0.000000,0.000000,0.000000,93.931000,50.459300,3.930300,198.318700,1,baseline,Static,1354
2026-06-01 01:51:35,0.000000,0.500000,0.000000,0.000000,0.000000,93.888182,50.474818,3.292909,166.208182,1,baseline,Static,1355
2026-06-01 01:51:36,0.106500,0.300000,0.317857,2.390150,0.001200,93.930000,50.476700,3.385300,170.875100,1,baseline,Static,1356
2026-06-01 01:51:37,0.300000,0.000000,0.000000,5.935700,0.003000,93.930000,50.398900,4.942400,249.088600,1,baseline,Static,1357
2026-06-01 01:51:38,0.300000,0.000000,0.000000,5.935700,0.003000,93.920000,50.351200,5.734500,288.738000,1,baseline,Static,1358
2026-06-01 01:51:39,0.200000,0.166667,-0.317460,3.788956,0.002000,93.908889,50.353333,5.769222,290.490667,1,baseline,Static,1359
2026-06-01 01:51:40,0.000000,0.500000,0.000000,0.000000,0.000000,93.886000,50.421200,4.219900,212.768900,1,baseline,Static,1360
2026-06-01 01:51:41,0.000000,0.500000,0.000000,0.000000,0.000000,93.865000,50.448400,3.441200,173.599600,1,baseline,Static,1361
2026-06-01 01:51:42,0.000000,0.500000,0.000000,0.000000,0.000000,93.904000,50.481500,3.185300,160.798500,1,baseline,Static,1362
2026-06-01 01:51:43,0.286500,0.000000,0.317857,5.948170,0.003000,93.900000,50.430200,4.353900,219.552800,1,baseline,Static,1363
2026-06-01 01:51:44,0.300000,0.000000,0.000000,5.935700,0.003000,93.897000,50.378000,5.508500,277.503600,1,baseline,Static,1364
2026-06-01 01:51:45,0.300000,0.000000,0.000000,5.935700,0.003000,93.873000,50.346300,5.889200,296.498800,1,baseline,Static,1365
2026-06-01 01:51:46,0.021000,0.465000,-0.335714,0.237650,0.000190,93.827000,50.388800,4.861400,244.938900,1,baseline,Static,1366
2026-06-01 01:51:47,0.000000,0.500000,0.000000,0.000000,0.000000,93.830000,50.445700,3.645200,183.884700,1,baseline,Static,1367
2026-06-01 01:51:48,0.000000,0.500000,0.000000,0.000000,0.000000,93.808000,50.467500,3.174300,160.198500,1,baseline,Static,1368
2026-06-01 01:51:49,0.165480,0.190000,0.321714,3.554450,0.001790,93.870000,50.450300,3.651700,184.212200,1,baseline,Static,1369
2026-06-01 01:51:50,0.300000,0.000000,0.000000,5.935700,0.003000,93.870000,50.377700,5.163300,260.113600,1,baseline,Static,1370
2026-06-01 01:51:51,0.300000,0.000000,0.000000,5.935700,0.003000,93.853000,50.350300,5.795500,291.805600,1,baseline,Static,1371
2026-06-01 01:51:52,0.111000,0.315000,-0.335714,1.970940,0.001060,93.842000,50.357000,5.396700,271.748100,1,baseline,Static,1372
2026-06-01 01:51:53,0.000000,0.500000,0.000000,0.000000,0.000000,93.794000,50.439600,3.861200,194.752500,1,baseline,Static,1373
2026-06-01 01:51:54,0.000000,0.500000,0.000000,0.000000,0.000000,93.787000,50.463800,3.282200,165.633700,1,baseline,Static,1374
2026-06-01 01:51:55,0.075480,0.340000,0.321714,1.782410,0.000890,93.821000,50.471900,3.265500,164.808700,1,baseline,Static,1375
2026-06-01 01:51:56,0.300000,0.000000,0.000000,5.935700,0.003000,93.840000,50.400200,4.825900,243.222300,1,baseline,Static,1376
2026-06-01 01:51:57,0.300000,0.000000,0.000000,5.935700,0.003000,93.837000,50.356100,5.705700,287.314300,1,baseline,Static,1377
2026-06-01 01:51:58,0.204000,0.160000,-0.342857,3.823030,0.002010,93.830000,50.341200,5.797800,291.865900,1,baseline,Static,1378
2026-06-01 01:51:59,0.000000,0.500000,0.000000,0.000000,0.000000,93.758000,50.416700,4.194200,211.442600,1,baseline,Static,1379
2026-06-01 01:52:00,0.000000,0.500000,0.000000,0.000000,0.000000,93.780000,50.460100,3.395600,171.341500,1,baseline,Static,1380
2026-06-01 01:52:01,0.000180,0.490000,0.001714,0.003600,0.000000,93.757000,50.444100,3.133000,158.041100,1,baseline,Static,1381
2026-06-01 01:52:02,0.285300,0.000000,0.320000,5.929030,0.002990,93.814000,50.405700,4.379900,220.757300,1,baseline,Static,1382
2026-06-01 01:52:03,0.300000,0.000000,0.000000,5.935700,0.003000,93.810000,50.360400,5.505400,277.251700,1,baseline,Static,1383
2026-06-01 01:52:04,0.291000,0.015000,-0.085714,5.712220,0.002890,93.794000,50.340800,5.895900,296.803500,1,baseline,Static,1384
2026-06-01 01:52:05,0.000000,0.500000,-0.250000,-0.132440,0.000000,93.764000,50.390400,4.686800,236.162600,1,baseline,Static,1385
2026-06-01 01:52:06,0.000000,0.500000,0.000000,0.000000,0.000000,93.734000,50.448000,3.555300,179.356400,1,baseline,Static,1386
2026-06-01 01:52:07,0.000000,0.500000,0.000000,0.000000,0.000000,93.723000,50.458100,3.195200,161.223700,1,baseline,Static,1387
2026-06-01 01:52:08,0.195480,0.140000,0.321714,4.148020,0.002090,93.772000,50.441400,3.815900,192.463200,1,baseline,Static,1388
2026-06-01 01:52:09,0.300000,0.000000,0.000000,5.935700,0.003000,93.780000,50.357700,5.298100,266.799500,1,baseline,Static,1389
2026-06-01 01:52:10,0.300000,0.000000,0.000000,5.935700,0.003000,93.778000,50.330000,5.840800,293.967900,1,baseline,Static,1390
2026-06-01 01:52:11,0.081000,0.365000,-0.335714,1.424790,0.000790,93.762000,50.364800,5.282500,266.042400,1,baseline,Static,1391
2026-06-01 01:52:12,0.000000,0.500000,0.000000,0.000000,0.000000,93.689000,50.435900,3.759900,189.629700,1,baseline,Static,1392
2026-06-01 01:52:13,0.000000,0.500000,0.000000,0.000000,0.000000,93.720000,50.458400,3.291900,166.104300,1,baseline,Static,1393
2026-06-01 01:52:14,0.106260,0.285000,0.322714,2.416910,0.001210,93.675000,50.446500,3.484900,175.788500,1,baseline,Static,1394
2026-06-01 01:52:15,0.300000,0.000000,0.000000,5.935700,0.003000,93.670000,50.350700,5.083900,255.970200,1,baseline,Static,1395
2026-06-01 01:52:16,0.300000,0.000000,0.000000,5.935700,0.003000,93.665000,50.337900,5.754500,289.668200,1,baseline,Static,1396
2026-06-01 01:52:17,0.150000,0.250000,-0.285714,2.816490,0.001500,93.660000,50.333800,5.584300,281.074500,1,baseline,Static,1397
2026-06-01 01:52:18,0.000000,0.500000,0.000000,0.000000,0.000000,93.653000,50.418700,4.053500,204.369400,1,baseline,Static,1398
2026-06-01 01:52:19,0.000000,0.500000,0.000000,0.000000,0.000000,93.668000,50.457600,3.381900,170.641000,1,baseline,Static,1399
2026-06-01 01:52:20,0.067800,0.350000,0.287857,1.606570,0.000800,93.722000,50.462800,3.310400,167.046500,1,baseline,Static,1400
2026-06-01 01:52:21,0.300000,0.000000,0.000000,5.935700,0.003000,93.730000,50.388100,4.837400,243.739000,1,baseline,Static,1401
2026-06-01 01:52:22,0.300000,0.000000,0.000000,5.935700,0.003000,93.720000,50.319200,5.670700,285.343100,1,baseline,Static,1402
2026-06-01 01:52:23,0.240000,0.100000,-0.285714,4.597200,0.002400,93.717000,50.328200,5.883800,296.119500,1,baseline,Static,1403
2026-06-01 01:52:24,0.000000,0.500000,0.000000,0.000000,0.000000,93.686000,50.400200,4.422700,222.891700,1,baseline,Static,1404
2026-06-01 01:52:25,0.000000,0.500000,0.000000,0.000000,0.000000,93.710000,50.432100,3.501600,176.591000,1,baseline,Static,1405
2026-06-01 01:52:26,0.000000,0.500000,0.000000,0.000000,0.000000,93.693000,50.463700,3.171300,160.034900,1,baseline,Static,1406
2026-06-01 01:52:27,0.280320,0.000000,0.286143,5.815060,0.002930,93.700000,50.392600,4.347900,219.087600,1,baseline,Static,1407
2026-06-01 01:52:28,0.300000,0.000000,0.000000,5.935700,0.003000,93.695000,50.346800,5.510200,277.420400,1,baseline,Static,1408
2026-06-01 01:52:29,0.300000,0.000000,0.000000,5.935700,0.003000,93.690000,50.315000,5.888800,296.295100,1,baseline,Static,1409
2026-06-01 01:52:30,0.000000,0.500000,-0.285714,-0.151360,0.000000,93.673000,50.375300,4.748300,239.181300,1,baseline,Static,1410
2026-06-01 01:52:31,0.000000,0.500000,0.000000,0.000000,0.000000,93.664000,50.441500,3.621400,182.667900,1,baseline,Static,1411
2026-06-01 01:52:32,0.000000,0.500000,0.000000,0.000000,0.000000,93.660000,50.443600,3.197200,161.278900,1,baseline,Static,1412
2026-06-01 01:52:33,0.190320,0.150000,0.286143,4.021350,0.002020,93.670000,50.420400,3.792100,191.187400,1,baseline,Static,1413
2026-06-01 01:52:34,0.300000,0.000000,0.000000,5.935700,0.003000,93.670000,50.347000,5.276400,265.645600,1,baseline,Static,1414
2026-06-01 01:52:35,0.300000,0.000000,0.000000,5.935700,0.003000,93.660000,50.335000,5.811600,292.528800,1,baseline,Static,1415
2026-06-01 01:52:36,0.090000,0.350000,-0.285714,1.629350,0.000900,93.657000,50.360500,5.314300,267.617800,1,baseline,Static,1416
2026-06-01 01:52:37,0.000000,0.500000,0.000000,0.000000,0.000000,93.626000,50.427100,3.845200,193.900500,1,baseline,Static,1417
2026-06-01 01:52:38,0.000000,0.500000,0.000000,0.000000,0.000000,93.642000,50.465600,3.271200,165.080800,1,baseline,Static,1418
2026-06-01 01:52:39,0.128700,0.250000,0.285714,2.800220,0.001400,93.619000,50.447800,3.500100,176.564400,1,baseline,Static,1419
2026-06-01 01:52:40,0.300000,0.000000,0.000000,5.935700,0.003000,93.607000,50.341700,5.074200,255.442200,1,baseline,Static,1420
2026-06-01 01:52:41,0.300000,0.000000,0.000000,5.935700,0.003000,93.602000,50.321600,5.783700,291.043500,1,baseline,Static,1421
2026-06-01 01:52:42,0.150000,0.250000,-0.285714,2.816490,0.001500,93.621000,50.335100,5.575700,280.635200,1,baseline,Static,1422
2026-06-01 01:52:43,0.000000,0.500000,0.000000,0.000000,0.000000,93.615000,50.409000,4.024100,202.847500,1,baseline,Static,1423
2026-06-01 01:52:44,0.000000,0.500000,0.000000,0.000000,0.000000,93.593333,50.444333,3.372000,170.096667,1,baseline,Static,1424
2026-06-01 01:52:45,0.036655,0.409091,0.258182,0.951682,0.000473,93.620000,50.437909,3.240818,163.456273,1,baseline,Static,1425
2026-06-01 01:52:46,0.300000,0.000000,0.001714,5.937560,0.003000,93.595000,50.374000,4.704500,236.984500,1,baseline,Static,1426
2026-06-01 01:52:47,0.300000,0.000000,0.000000,5.935700,0.003000,93.601000,50.322600,5.621600,282.889800,1,baseline,Static,1427
2026-06-01 01:52:48,0.240000,0.100000,-0.285714,4.597200,0.002400,93.600000,50.339000,5.897000,296.846600,1,baseline,Static,1428
2026-06-01 01:52:49,0.000000,0.500000,0.000000,0.000000,0.000000,93.599000,50.389700,4.441100,223.774600,1,baseline,Static,1429
2026-06-01 01:52:50,0.000000,0.500000,0.000000,0.000000,0.000000,93.566000,50.426700,3.513300,177.161800,1,baseline,Static,1430
2026-06-01 01:52:51,0.000000,0.500000,0.000000,0.000000,0.000000,93.590000,50.441000,3.182000,160.502400,1,baseline,Static,1431
2026-06-01 01:52:52,0.250320,0.050000,0.285714,5.205860,0.002620,93.579000,50.406900,4.178100,210.580900,1,baseline,Static,1432
2026-06-01 01:52:53,0.300000,0.000000,0.000000,5.935700,0.003000,93.556000,50.335400,5.422700,272.951500,1,baseline,Static,1433
2026-06-01 01:52:54,0.300000,0.000000,0.000000,5.935700,0.003000,93.558000,50.300500,5.873900,295.458900,1,baseline,Static,1434
2026-06-01 01:52:55,0.033333,0.444444,-0.317460,0.491344,0.000333,93.561111,50.350889,5.031444,253.311222,1,baseline,Static,1435
2026-06-01 01:52:56,0.000000,0.500000,0.000000,0.000000,0.000000,93.566364,50.405364,3.723364,187.672364,1,baseline,Static,1436
2026-06-01 01:52:57,0.000000,0.500000,0.000000,0.000000,0.000000,93.560000,50.444900,3.243200,163.602100,1,baseline,Static,1437
2026-06-01 01:52:58,0.188700,0.150000,0.307857,4.004620,0.002010,93.560000,50.421400,3.815400,192.370900,1,baseline,Static,1438
2026-06-01 01:52:59,0.300000,0.000000,0.000000,5.935700,0.003000,93.553000,50.367200,5.292800,266.582600,1,baseline,Static,1439
2026-06-01 01:53:00,0.300000,0.000000,0.000000,5.935700,0.003000,93.550000,50.316700,5.823200,293.002400,1,baseline,Static,1440
2026-06-01 01:53:01,0.120000,0.300000,-0.285714,2.222920,0.001200,93.532000,50.326700,5.499300,276.747000,1,baseline,Static,1441
2026-06-01 01:53:02,0.000000,0.500000,0.000000,0.000000,0.000000,93.540000,50.408900,3.912600,197.226600,1,baseline,Static,1442
2026-06-01 01:53:03,0.000000,0.500000,0.000000,0.000000,0.000000,93.516000,50.453400,3.335500,168.285100,1,baseline,Static,1443
2026-06-01 01:53:04,0.098700,0.300000,0.307857,2.240700,0.001120,93.530000,50.449300,3.420700,172.562500,1,baseline,Static,1444
2026-06-01 01:53:05,0.300000,0.000000,0.000000,5.935700,0.003000,93.528000,50.359200,4.966300,250.093100,1,baseline,Static,1445
2026-06-01 01:53:06,0.300000,0.000000,0.000000,5.935700,0.003000,93.520000,50.331889,5.699111,286.847111,1,baseline,Static,1446
2026-06-01 01:53:07,0.190909,0.181818,-0.324675,3.605264,0.001909,93.515455,50.317909,5.707818,287.198909,1,baseline,Static,1447
2026-06-01 01:53:08,0.000000,0.500000,0.000000,0.000000,0.000000,93.510000,50.398700,4.180100,210.666200,1,baseline,Static,1448
2026-06-01 01:53:09,0.000000,0.500000,0.000000,0.000000,0.000000,93.509000,50.432100,3.401400,171.539800,1,baseline,Static,1449
2026-06-01 01:53:10,0.009300,0.450000,0.110714,0.255950,0.000130,93.492000,50.435300,3.164800,159.618100,1,baseline,Static,1450
2026-06-01 01:53:11,0.299333,0.000000,0.219048,6.159744,0.003100,93.500000,50.377889,4.436000,223.466222,1,baseline,Static,1451
2026-06-01 01:53:12,0.300000,0.000000,0.000000,5.935700,0.003000,93.494545,50.332000,5.540545,278.865364,1,baseline,Static,1452
2026-06-01 01:53:13,0.300000,0.000000,0.000000,5.935700,0.003000,93.490000,50.298900,5.903300,296.929100,1,baseline,Static,1453
2026-06-01 01:53:14,0.000000,0.500000,-0.285714,-0.151360,0.000000,93.472000,50.366600,4.770200,240.242200,1,baseline,Static,1454
2026-06-01 01:53:15,0.000000,0.500000,0.000000,0.000000,0.000000,93.470000,50.430889,3.604889,181.797222,1,baseline,Static,1455
2026-06-01 01:53:16,0.000000,0.500000,0.000000,0.000000,0.000000,93.468182,50.436818,3.238636,163.345182,1,baseline,Static,1456
2026-06-01 01:53:17,0.181667,0.166667,0.317460,3.891800,0.001956,93.434444,50.378000,3.824111,192.627000,1,baseline,Static,1457
2026-06-01 01:53:18,0.300000,0.000000,0.000000,5.935700,0.003000,93.390000,50.345300,5.270800,265.358800,1,baseline,Static,1458
2026-06-01 01:53:19,0.300000,0.000000,0.000000,5.935700,0.003000,93.378000,50.300100,5.820000,292.743900,1,baseline,Static,1459
2026-06-01 01:53:20,0.138000,0.270000,-0.285714,2.579060,0.001350,93.370000,50.310800,5.446900,274.024800,1,baseline,Static,1460
2026-06-01 01:53:21,0.000000,0.500000,0.000000,0.000000,0.000000,93.369000,50.376900,3.944600,198.712300,1,baseline,Static,1461
2026-06-01 01:53:22,0.000000,0.500000,0.000000,0.000000,0.000000,93.360000,50.450100,3.326800,167.837200,1,baseline,Static,1462
2026-06-01 01:53:23,0.081300,0.330000,0.287143,1.880040,0.000940,93.360000,50.424200,3.361300,169.484400,1,baseline,Static,1463
2026-06-01 01:53:24,0.300000,0.000000,0.000000,5.935700,0.003000,93.356000,50.346600,4.954900,249.461600,1,baseline,Static,1464
2026-06-01 01:53:25,0.300000,0.000000,0.000000,5.935700,0.003000,93.350000,50.320600,5.670100,285.322200,1,baseline,Static,1465
2026-06-01 01:53:26,0.198000,0.170000,-0.314286,3.751060,0.001940,93.343000,50.300800,5.706200,287.021700,1,baseline,Static,1466
2026-06-01 01:53:27,0.000000,0.500000,0.000000,0.000000,0.000000,93.340000,50.370800,4.162500,209.662300,1,baseline,Static,1467
2026-06-01 01:53:28,0.000000,0.500000,0.000000,0.000000,0.000000,93.336000,50.417700,3.386700,170.749800,1,baseline,Static,1468
2026-06-01 01:53:29,0.000600,0.480000,0.007143,0.013110,0.000010,93.330000,50.419800,3.155000,159.075800,1,baseline,Static,1469
2026-06-01 01:53:30,0.290700,0.000000,0.280000,6.013480,0.003030,93.330000,50.341900,4.521500,227.612000,1,baseline,Static,1470
2026-06-01 01:53:31,0.300000,0.000000,0.000000,5.935700,0.003000,93.322000,50.312100,5.551500,279.306800,1,baseline,Static,1471
2026-06-01 01:53:32,0.285000,0.025000,-0.178571,5.544320,0.002800,93.318000,50.310500,5.912700,297.469700,1,baseline,Static,1472
2026-06-01 01:53:33,0.000000,0.500000,-0.142857,-0.075680,0.000000,93.310000,50.365500,4.554600,229.380500,1,baseline,Static,1473
2026-06-01 01:53:34,0.000000,0.500000,0.000000,0.000000,0.000000,93.310000,50.413200,3.564400,179.694600,1,baseline,Static,1474
2026-06-01 01:53:35,0.000000,0.500000,0.000000,0.000000,0.000000,93.303000,50.419500,3.215400,162.118700,1,baseline,Static,1475
2026-06-01 01:53:36,0.233400,0.050000,0.325714,4.903160,0.002480,93.300000,50.382300,4.135200,208.322600,1,baseline,Static,1476
2026-06-01 01:53:37,0.300000,0.000000,0.000000,5.935700,0.003000,93.297000,50.327800,5.447800,274.172800,1,baseline,Static,1477
2026-06-01 01:53:38,0.300000,0.000000,0.000000,5.935700,0.003000,93.316000,50.304900,5.890200,296.306500,1,baseline,Static,1478
2026-06-01 01:53:39,0.075000,0.375000,-0.321429,1.313650,0.000700,93.291000,50.340100,5.135700,258.512400,1,baseline,Static,1479
2026-06-01 01:53:40,0.000000,0.500000,0.000000,0.000000,0.000000,93.280000,50.389900,3.750100,188.961000,1,baseline,Static,1480
2026-06-01 01:53:41,0.000000,0.500000,0.000000,0.000000,0.000000,93.280000,50.422200,3.257500,164.249400,1,baseline,Static,1481
2026-06-01 01:53:42,0.111300,0.280000,0.287143,2.469160,0.001240,93.270000,50.388000,3.513300,177.014100,1,baseline,Static,1482
2026-06-01 01:53:43,0.300000,0.000000,0.000000,5.935700,0.003000,93.270000,50.336300,5.088100,256.107800,1,baseline,Static,1483
2026-06-01 01:53:44,0.300000,0.000000,0.000000,5.935700,0.003000,93.262000,50.280700,5.813100,292.284600,1,baseline,Static,1484
2026-06-01 01:53:45,0.180000,0.200000,-0.285714,3.410060,0.001800,93.258000,50.305800,5.711600,287.318500,1,baseline,Static,1485
2026-06-01 01:53:46,0.000000,0.500000,0.000000,0.000000,0.000000,93.250000,50.378400,4.188400,210.997200,1,baseline,Static,1486
2026-06-01 01:53:47,0.000000,0.500000,0.000000,0.000000,0.000000,93.250000,50.420700,3.388500,170.850700,1,baseline,Static,1487
2026-06-01 01:53:48,0.024180,0.415000,0.218286,0.671720,0.000340,93.246000,50.406400,3.249300,163.783700,1,baseline,Static,1488
2026-06-01 01:53:49,0.300000,0.000000,0.071429,6.013060,0.003040,93.240000,50.351900,4.677200,235.494600,1,baseline,Static,1489
2026-06-01 01:53:50,0.300000,0.000000,0.000000,5.935700,0.003000,93.237000,50.297900,5.649300,284.147100,1,baseline,Static,1490
2026-06-01 01:53:51,0.270000,0.050000,-0.285714,5.190770,0.002700,93.230000,50.296500,5.920200,297.765100,1,baseline,Static,1491
2026-06-01 01:53:52,0.000000,0.500000,0.000000,0.000000,0.000000,93.223000,50.351900,4.578600,230.527000,1,baseline,Static,1492
2026-06-01 01:53:53,0.000000,0.500000,0.000000,0.000000,0.000000,93.220000,50.397400,3.538500,178.333600,1,baseline,Static,1493
2026-06-01 01:53:54,0.000000,0.500000,0.000000,0.000000,0.000000,93.220000,50.421700,3.186300,160.658100,1,baseline,Static,1494
2026-06-01 01:53:55,0.234180,0.065000,0.289714,4.924720,0.002490,93.212000,50.361600,4.188000,210.900300,1,baseline,Static,1495
2026-06-01 01:53:56,0.300000,0.000000,0.000000,5.935700,0.003000,93.210000,50.315200,5.426000,273.009800,1,baseline,Static,1496
2026-06-01 01:53:57,0.300000,0.000000,0.000000,5.935700,0.003000,93.201000,50.272100,5.862500,294.719300,1,baseline,Static,1497
2026-06-01 01:53:58,0.036000,0.440000,-0.342857,0.530650,0.000300,93.199000,50.343800,4.939700,248.661600,1,baseline,Static,1498
2026-06-01 01:53:59,0.000000,0.500000,0.000000,0.000000,0.000000,93.190000,50.378100,3.682400,185.512300,1,baseline,Static,1499
2026-06-01 01:54:00,0.000000,0.500000,0.000000,0.000000,0.000000,93.190000,50.408000,3.233100,162.973700,1,baseline,Static,1500
2026-06-01 01:54:01,0.145260,0.210000,0.290857,3.170130,0.001600,93.189000,50.371900,3.649100,183.797600,1,baseline,Static,1501
2026-06-01 01:54:02,0.300000,0.000000,0.000000,5.935700,0.003000,93.180000,50.300800,5.193200,261.213400,1,baseline,Static,1502
2026-06-01 01:54:03,0.300000,0.000000,0.000000,5.935700,0.003000,93.177000,50.268400,5.780500,290.574900,1,baseline,Static,1503
2026-06-01 01:54:04,0.150000,0.250000,-0.285714,2.816490,0.001500,93.170000,50.269800,5.606000,281.804500,1,baseline,Static,1504
2026-06-01 01:54:05,0.000000,0.500000,0.000000,0.000000,0.000000,93.165000,50.380000,4.044800,203.775400,1,baseline,Static,1505
2026-06-01 01:54:06,0.000000,0.500000,0.000000,0.000000,0.000000,93.160000,50.394600,3.394000,171.038700,1,baseline,Static,1506
2026-06-01 01:54:07,0.054180,0.365000,0.289714,1.362860,0.000690,93.160000,50.404700,3.337600,168.227400,1,baseline,Static,1507
2026-06-01 01:54:08,0.300000,0.000000,0.000000,5.935700,0.003000,93.154000,50.315500,4.837700,243.405000,1,baseline,Static,1508
2026-06-01 01:54:09,0.300000,0.000000,0.000000,5.935700,0.003000,93.150000,50.275700,5.685300,285.832700,1,baseline,Static,1509
2026-06-01 01:54:10,0.240000,0.100000,-0.285714,4.597200,0.002400,93.141000,50.273700,5.887800,295.998500,1,baseline,Static,1510
2026-06-01 01:54:11,0.000000,0.500000,0.000000,0.000000,0.000000,93.140000,50.330100,4.435800,223.245600,1,baseline,Static,1511
2026-06-01 01:54:12,0.000000,0.500000,0.000000,0.000000,0.000000,93.131000,50.381800,3.495100,176.090100,1,baseline,Static,1512
2026-06-01 01:54:13,0.000000,0.500000,0.000000,0.000000,0.000000,93.130000,50.416400,3.188100,160.731800,1,baseline,Static,1513
2026-06-01 01:54:14,0.236400,0.055000,0.285714,4.967270,0.002500,93.129000,50.374100,4.155400,209.306900,1,baseline,Static,1514
2026-06-01 01:54:15,0.300000,0.000000,0.000000,5.935700,0.003000,93.120000,50.292000,5.423800,272.769900,1,baseline,Static,1515
2026-06-01 01:54:16,0.300000,0.000000,0.000000,5.935700,0.003000,93.133000,50.271400,5.883300,295.762200,1,baseline,Static,1516
2026-06-01 01:54:17,0.030000,0.450000,-0.285714,0.442210,0.000300,93.126000,50.306700,4.961200,249.569000,1,baseline,Static,1517
2026-06-01 01:54:18,0.000000,0.500000,0.000000,0.000000,0.000000,93.108000,50.399600,3.693900,186.167100,1,baseline,Static,1518
2026-06-01 01:54:19,0.000000,0.500000,0.000000,0.000000,0.000000,93.145000,50.403900,3.243900,163.505500,1,baseline,Static,1519
2026-06-01 01:54:20,0.181200,0.150000,0.297857,3.864350,0.001950,93.100000,50.367800,3.842300,193.516500,1,baseline,Static,1520
2026-06-01 01:54:21,0.300000,0.000000,0.000000,5.935700,0.003000,93.094000,50.299000,5.287200,265.935000,1,baseline,Static,1521
2026-06-01 01:54:22,0.300000,0.000000,0.000000,5.935700,0.003000,93.098000,50.299200,5.817500,292.616200,1,baseline,Static,1522
2026-06-01 01:54:23,0.100000,0.333333,-0.396825,1.768344,0.001000,93.131111,50.297889,5.416667,272.426667,1,baseline,Static,1523
2026-06-01 01:54:24,0.000000,0.500000,0.000000,0.000000,0.000000,93.160000,50.388909,3.918182,197.427636,1,baseline,Static,1524
2026-06-01 01:54:25,0.000000,0.500000,0.000000,0.000000,0.000000,93.160000,50.396800,3.283400,165.471600,1,baseline,Static,1525
2026-06-01 01:54:26,0.098700,0.300000,0.307857,2.221510,0.001110,93.159000,50.394000,3.384800,170.570300,1,baseline,Static,1526
2026-06-01 01:54:27,0.300000,0.000000,0.000000,5.935700,0.003000,93.142000,50.322500,4.945900,248.876400,1,baseline,Static,1527
2026-06-01 01:54:28,0.300000,0.000000,0.000000,5.935700,0.003000,93.147000,50.300500,5.721200,287.778100,1,baseline,Static,1528
2026-06-01 01:54:29,0.210000,0.150000,-0.285714,4.003630,0.002100,93.140000,50.283400,5.823700,292.830900,1,baseline,Static,1529
2026-06-01 01:54:30,0.000000,0.500000,0.000000,0.000000,0.000000,93.135000,50.341400,4.274400,215.172900,1,baseline,Static,1530
2026-06-01 01:54:31,0.000000,0.500000,0.000000,0.000000,0.000000,93.122000,50.386800,3.448100,173.737200,1,baseline,Static,1531
2026-06-01 01:54:32,0.000000,0.500000,0.000000,0.000000,0.000000,93.130000,50.419400,3.175000,160.081500,1,baseline,Static,1532
2026-06-01 01:54:33,0.281040,0.000000,0.285714,5.810470,0.002930,93.124000,50.354200,4.340400,218.541200,1,baseline,Static,1533
2026-06-01 01:54:34,0.300000,0.000000,0.000000,5.935700,0.003000,93.111000,50.287300,5.534800,278.326600,1,baseline,Static,1534
2026-06-01 01:54:35,0.300000,0.000000,0.000000,5.935700,0.003000,93.112000,50.259700,5.916300,297.351800,1,baseline,Static,1535
2026-06-01 01:54:36,0.000000,0.500000,-0.285714,-0.151360,0.000000,93.110000,50.336500,4.735400,238.350400,1,baseline,Static,1536
2026-06-01 01:54:37,0.000000,0.500000,0.000000,0.000000,0.000000,93.094000,50.379400,3.610000,181.870000,1,baseline,Static,1537
2026-06-01 01:54:38,0.000000,0.500000,0.000000,0.000000,0.000000,93.100000,50.396100,3.199600,161.246300,1,baseline,Static,1538
2026-06-01 01:54:39,0.218700,0.100000,0.307857,4.605390,0.002310,93.100000,50.357900,3.979000,200.356600,1,baseline,Static,1539
2026-06-01 01:54:40,0.300000,0.000000,0.000000,5.935700,0.003000,93.090000,50.286556,5.324556,267.753444,1,baseline,Static,1540
2026-06-01 01:54:41,0.300000,0.000000,0.000000,5.935700,0.003000,93.087273,50.285545,5.842545,293.794455,1,baseline,Static,1541
2026-06-01 01:54:42,0.090000,0.350000,-0.285714,1.629350,0.000900,93.080000,50.309000,5.319200,267.581400,1,baseline,Static,1542
2026-06-01 01:54:43,0.000000,0.500000,0.000000,0.000000,0.000000,93.078889,50.376444,3.894333,196.178000,1,baseline,Static,1543
2026-06-01 01:54:44,0.000000,0.500000,0.000000,0.000000,0.000000,93.062000,50.404600,3.295000,166.083400,1,baseline,Static,1544
2026-06-01 01:54:45,0.100320,0.300000,0.310714,2.275380,0.001140,93.070000,50.392600,3.409700,171.816500,1,baseline,Static,1545
2026-06-01 01:54:46,0.300000,0.000000,0.000000,5.935700,0.003000,93.066000,50.311900,4.970800,250.085400,1,baseline,Static,1546
2026-06-01 01:54:47,0.300000,0.000000,0.000000,5.935700,0.003000,93.060000,50.280900,5.705200,286.861900,1,baseline,Static,1547
2026-06-01 01:54:48,0.210000,0.150000,-0.285714,4.003630,0.002100,93.053000,50.259800,5.775200,290.257400,1,baseline,Static,1548
2026-06-01 01:54:49,0.000000,0.500000,0.000000,0.000000,0.000000,93.050000,50.341800,4.245400,213.716000,1,baseline,Static,1549
2026-06-01 01:54:50,0.000000,0.500000,0.000000,0.000000,0.000000,93.044545,50.388273,3.430455,172.853273,1,baseline,Static,1550
2026-06-01 01:54:51,0.000000,0.500000,0.000000,0.000000,0.000000,93.040000,50.390333,3.160444,159.257000,1,baseline,Static,1551
2026-06-01 01:54:52,0.282300,0.000000,0.285714,5.854330,0.002950,93.040000,50.330400,4.377700,220.314500,1,baseline,Static,1552
2026-06-01 01:54:53,0.300000,0.000000,0.000000,5.935700,0.003000,93.031000,50.282000,5.512200,277.160700,1,baseline,Static,1553
2026-06-01 01:54:54,0.300000,0.000000,0.000000,5.935700,0.003000,93.028000,50.259200,5.913600,297.211300,1,baseline,Static,1554
2026-06-01 01:54:55,0.000000,0.500000,-0.259740,-0.137600,0.000000,93.020000,50.327727,4.696273,236.335000,1,baseline,Static,1555
2026-06-01 01:54:56,0.000000,0.500000,0.000000,0.000000,0.000000,93.020000,50.379778,3.574667,180.089000,1,baseline,Static,1556
2026-06-01 01:54:57,0.000000,0.500000,0.000000,0.000000,0.000000,93.011818,50.399818,3.231091,162.846000,1,baseline,Static,1557
2026-06-01 01:54:58,0.213667,0.111111,0.317460,4.514967,0.002278,93.010000,50.357889,3.886222,195.682111,1,baseline,Static,1558
2026-06-01 01:54:59,0.300000,0.000000,0.000000,5.935700,0.003000,93.007000,50.293900,5.274400,265.265100,1,baseline,Static,1559
2026-06-01 01:55:00,0.300000,0.000000,0.000000,5.935700,0.003000,93.000000,50.254000,5.809200,291.934600,1,baseline,Static,1560
2026-06-01 01:55:01,0.109091,0.318182,-0.259740,2.020836,0.001091,92.992727,50.288545,5.379909,270.529636,1,baseline,Static,1561
2026-06-01 01:55:02,0.000000,0.500000,0.000000,0.000000,0.000000,92.990000,50.351556,3.892333,195.981556,1,baseline,Static,1562
2026-06-01 01:55:03,0.000000,0.500000,0.000000,0.000000,0.000000,92.987273,50.381000,3.316545,167.090818,1,baseline,Static,1563
2026-06-01 01:55:04,0.132300,0.250000,0.285714,2.868720,0.001450,92.980000,50.379800,3.493100,175.958700,1,baseline,Static,1564
2026-06-01 01:55:05,0.300000,0.000000,0.000000,5.935700,0.003000,92.980000,50.297100,5.074700,255.238700,1,baseline,Static,1565
2026-06-01 01:55:06,0.300000,0.000000,0.000000,5.935700,0.003000,92.971000,50.277300,5.770700,290.131900,1,baseline,Static,1566
2026-06-01 01:55:07,0.200000,0.166667,-0.317460,3.788956,0.002000,92.967778,50.250444,5.844556,293.685000,1,baseline,Static,1567
2026-06-01 01:55:08,0.000000,0.500000,0.000000,0.000000,0.000000,92.960000,50.333818,4.241909,213.502273,1,baseline,Static,1568
2026-06-01 01:55:09,0.000000,0.500000,0.000000,0.000000,0.000000,92.960000,50.386889,3.399667,171.297444,1,baseline,Static,1569
2026-06-01 01:55:10,0.011727,0.454545,0.111688,0.294927,0.000145,92.954545,50.384636,3.181000,160.272727,1,baseline,Static,1570
2026-06-01 01:55:11,0.300000,0.000000,0.162857,6.112080,0.003080,92.950000,50.315400,4.525700,227.705500,1,baseline,Static,1571
2026-06-01 01:55:12,0.300000,0.000000,0.000000,5.935700,0.003000,92.946000,50.281500,5.584000,280.772100,1,baseline,Static,1572
2026-06-01 01:55:13,0.270000,0.050000,-0.285714,5.190770,0.002700,92.940000,50.258200,5.881000,295.567700,1,baseline,Static,1573
2026-06-01 01:55:14,0.000000,0.500000,0.000000,0.000000,0.000000,92.933333,50.314444,4.667778,234.846667,1,baseline,Static,1574
2026-06-01 01:55:15,0.000000,0.500000,0.000000,0.000000,0.000000,92.930000,50.378200,3.615900,182.160000,1,baseline,Static,1575
2026-06-01 01:55:16,0.000000,0.500000,0.000000,0.000000,0.000000,92.930000,50.385182,3.242000,163.348000,1,baseline,Static,1576
2026-06-01 01:55:17,0.222900,0.100000,0.285714,4.658460,0.002340,92.921000,50.331600,3.975000,200.047200,1,baseline,Static,1577
2026-06-01 01:55:18,0.300000,0.000000,0.000000,5.935700,0.003000,92.920000,50.284400,5.351400,269.091000,1,baseline,Static,1578
2026-06-01 01:55:19,0.300000,0.000000,0.000000,5.935700,0.003000,92.911000,50.253200,5.867100,294.841600,1,baseline,Static,1579
2026-06-01 01:55:20,0.066667,0.388889,-0.317460,1.150867,0.000667,92.910000,50.278778,5.215333,262.203667,1,baseline,Static,1580
2026-06-01 01:55:21,0.000000,0.500000,0.000000,0.000000,0.000000,92.900000,50.366000,3.802909,191.537455,1,baseline,Static,1581
2026-06-01 01:55:22,0.000000,0.500000,0.000000,0.000000,0.000000,92.900000,50.386556,3.260778,164.297556,1,baseline,Static,1582
2026-06-01 01:55:23,0.120818,0.272727,0.259740,2.613709,0.001309,92.898182,50.370091,3.489000,175.726273,1,baseline,Static,1583
2026-06-01 01:55:24,0.300000,0.000000,0.000000,5.935700,0.003000,92.890000,50.301000,5.067800,254.914700,1,baseline,Static,1584
2026-06-01 01:55:25,0.300000,0.000000,0.000000,5.935700,0.003000,92.887000,50.253000,5.731900,288.044000,1,baseline,Static,1585
2026-06-01 01:55:26,0.180000,0.200000,-0.285714,3.410060,0.001800,92.880000,50.253800,5.732800,288.088700,1,baseline,Static,1586
2026-06-01 01:55:27,0.000000,0.500000,0.000000,0.000000,0.000000,92.875556,50.323444,4.195667,211.132667,1,baseline,Static,1587
2026-06-01 01:55:28,0.000000,0.500000,0.000000,0.000000,0.000000,92.870000,50.385600,3.435800,173.114200,1,baseline,Static,1588
2026-06-01 01:55:29,0.039000,0.409091,0.259740,0.997309,0.000491,92.870000,50.391455,3.253545,163.951636,1,baseline,Static,1589
2026-06-01 01:55:30,0.300000,0.000000,0.000000,5.935700,0.003000,92.863000,50.298100,4.700400,236.422900,1,baseline,Static,1590
2026-06-01 01:55:31,0.300000,0.000000,0.000000,5.935700,0.003000,92.860000,50.251800,5.610900,281.959500,1,baseline,Static,1591
2026-06-01 01:55:32,0.270000,0.050000,-0.285714,5.190770,0.002700,92.851000,50.249000,5.914300,297.186600,1,baseline,Static,1592
2026-06-01 01:55:33,0.000000,0.500000,0.000000,0.000000,0.000000,92.850000,50.302333,4.675889,235.194556,1,baseline,Static,1593
2026-06-01 01:55:34,0.000000,0.500000,0.000000,0.000000,0.000000,92.840909,50.353545,3.595545,181.046636,1,baseline,Static,1594
2026-06-01 01:55:35,0.000000,0.500000,0.000000,0.000000,0.000000,92.840000,50.365111,3.220778,162.213778,1,baseline,Static,1595
2026-06-01 01:55:36,0.222900,0.100000,0.285714,4.669100,0.002350,92.839000,50.350200,3.987700,200.754600,1,baseline,Static,1596
2026-06-01 01:55:37,0.300000,0.000000,0.000000,5.935700,0.003000,92.830000,50.271500,5.357400,269.323000,1,baseline,Static,1597
2026-06-01 01:55:38,0.300000,0.000000,0.000000,5.935700,0.003000,92.827000,50.235300,5.874000,295.082500,1,baseline,Static,1598
2026-06-01 01:55:39,0.081818,0.363636,-0.259740,1.481227,0.000818,92.820000,50.265091,5.237455,263.252000,1,baseline,Static,1599
2026-06-01 01:55:40,0.000000,0.500000,0.000000,0.000000,0.000000,92.816667,50.358111,3.803333,191.525000,1,baseline,Static,1600
2026-06-01 01:55:41,0.000000,0.500000,0.000000,0.000000,0.000000,92.810000,50.377900,3.303700,166.431700,1,baseline,Static,1601
2026-06-01 01:55:42,0.132900,0.250000,0.285714,2.883070,0.001450,92.810000,50.367200,3.517700,177.165500,1,baseline,Static,1602
2026-06-01 01:55:43,0.300000,0.000000,0.000000,5.935700,0.003000,92.803636,50.269818,5.139818,258.370636,1,baseline,Static,1603
2026-06-01 01:55:44,0.300000,0.000000,0.000000,5.935700,0.003000,92.800000,50.255889,5.784444,290.702111,1,baseline,Static,1604
2026-06-01 01:55:45,0.163636,0.227273,-0.259740,3.100055,0.001636,92.790909,50.260273,5.601000,281.506636,1,baseline,Static,1605
2026-06-01 01:55:46,0.000000,0.500000,0.000000,0.000000,0.000000,92.790000,50.345667,4.083222,205.568000,1,baseline,Static,1606
2026-06-01 01:55:47,0.000000,0.500000,0.000000,0.000000,0.000000,92.782727,50.363091,3.378818,170.167000,1,baseline,Static,1607
2026-06-01 01:55:48,0.016333,0.444444,0.155556,0.444467,0.000222,92.771111,50.363333,3.193111,160.812556,1,baseline,Static,1608
2026-06-01 01:55:49,0.299820,0.000000,0.181714,6.128940,0.003090,92.780000,50.301900,4.517400,227.227700,1,baseline,Static,1609
2026-06-01 01:55:50,0.300000,0.000000,0.000000,5.935700,0.003000,92.770000,50.259200,5.551400,279.004400,1,baseline,Static,1610
2026-06-01 01:55:51,0.300000,0.000000,0.000000,5.935700,0.003000,92.759000,50.236500,5.877200,295.251000,1,baseline,Static,1611
2026-06-01 01:55:52,0.000000,0.500000,-0.324675,-0.172000,0.000000,92.760000,50.278273,4.706727,236.630909,1,baseline,Static,1612
2026-06-01 01:55:53,0.000000,0.500000,0.000000,0.000000,0.000000,92.758889,50.361889,3.541556,178.357778,1,baseline,Static,1613
2026-06-01 01:55:54,0.000000,0.500000,0.000000,0.000000,0.000000,92.750000,50.379182,3.207091,161.570455,1,baseline,Static,1614
2026-06-01 01:55:55,0.249467,0.055556,0.357460,5.255611,0.002644,92.732222,50.329556,4.110889,206.876889,1,baseline,Static,1615
2026-06-01 01:55:56,0.300000,0.000000,0.000000,5.935700,0.003000,92.745000,50.283200,5.356800,269.352600,1,baseline,Static,1616
2026-06-01 01:55:57,0.300000,0.000000,0.000000,5.935700,0.003000,92.732000,50.224900,5.875400,295.090100,1,baseline,Static,1617
2026-06-01 01:55:58,0.054545,0.409091,-0.259740,0.941618,0.000545,92.731818,50.291909,5.034727,253.190000,1,baseline,Static,1618
2026-06-01 01:55:59,0.000000,0.500000,0.000000,0.000000,0.000000,92.730000,50.340556,3.711889,186.854667,1,baseline,Static,1619
2026-06-01 01:56:00,0.000000,0.500000,0.000000,0.000000,0.000000,92.726364,50.376455,3.243182,163.379909,1,baseline,Static,1620
2026-06-01 01:56:01,0.149467,0.222222,0.357460,3.277044,0.001644,92.720000,50.336667,3.527889,177.576000,1,baseline,Static,1621
2026-06-01 01:56:02,0.300000,0.000000,0.000000,5.935700,0.003000,92.719091,50.284364,5.128909,257.896455,1,baseline,Static,1622
2026-06-01 01:56:03,0.300000,0.000000,0.000000,5.935700,0.003000,92.710000,50.254667,5.796444,291.298222,1,baseline,Static,1623
2026-06-01 01:56:04,0.150000,0.250000,-0.285714,2.816490,0.001500,92.707000,50.243400,5.591700,280.934500,1,baseline,Static,1624
2026-06-01 01:56:05,0.000000,0.500000,0.000000,0.000000,0.000000,92.692727,50.328636,3.988091,200.709000,1,baseline,Static,1625
2026-06-01 01:56:06,0.000000,0.500000,0.000000,0.000000,0.000000,92.700000,50.355778,3.379222,170.163111,1,baseline,Static,1626
2026-06-01 01:56:07,0.067745,0.363636,0.292468,1.593736,0.000800,92.693636,50.349636,3.266182,164.444636,1,baseline,Static,1627
2026-06-01 01:56:08,0.300000,0.000000,0.000000,5.935700,0.003000,92.690000,50.286100,4.853900,244.070900,1,baseline,Static,1628
2026-06-01 01:56:09,0.300000,0.000000,0.000000,5.935700,0.003000,92.685000,50.256800,5.661400,284.521000,1,baseline,Static,1629
2026-06-01 01:56:10,0.233333,0.111111,-0.317460,4.448478,0.002333,92.680000,50.246778,5.851667,294.024556,1,baseline,Static,1630
2026-06-01 01:56:11,0.000000,0.500000,0.000000,0.000000,0.000000,92.665455,50.310273,4.362727,219.473091,1,baseline,Static,1631
2026-06-01 01:56:12,0.000000,0.500000,0.000000,0.000000,0.000000,92.670000,50.365778,3.432444,172.875222,1,baseline,Static,1632
2026-06-01 01:56:13,0.000000,0.500000,0.000000,0.000000,0.000000,92.670000,50.370273,3.175818,159.966182,1,baseline,Static,1633
2026-06-01 01:56:14,0.284520,0.000000,0.321714,5.908100,0.002980,92.661000,50.322900,4.331800,217.986300,1,baseline,Static,1634
2026-06-01 01:56:15,0.300000,0.000000,0.000000,5.935700,0.003000,92.660000,50.253100,5.531300,277.963500,1,baseline,Static,1635
2026-06-01 01:56:16,0.300000,0.000000,0.000000,5.935700,0.003000,92.650000,50.223111,5.912333,296.935667,1,baseline,Static,1636
2026-06-01 01:56:17,0.060000,0.400000,-0.357143,0.997940,0.000600,92.632000,50.260000,5.076000,255.102600,1,baseline,Static,1637
2026-06-01 01:56:18,0.000000,0.500000,0.000000,0.000000,0.000000,92.616000,50.339500,3.735800,188.056600,1,baseline,Static,1638
2026-06-01 01:56:19,0.000000,0.500000,0.000000,0.000000,0.000000,92.595000,50.361300,3.260600,164.210000,1,baseline,Static,1639
2026-06-01 01:56:20,0.169680,0.190000,0.310714,3.648270,0.001830,92.550000,50.323700,3.841700,193.313100,1,baseline,Static,1640
2026-06-01 01:56:21,0.300000,0.000000,0.000000,5.935700,0.003000,92.547000,50.259800,5.293300,266.035000,1,baseline,Static,1641
2026-06-01 01:56:22,0.300000,0.000000,0.000000,5.935700,0.003000,92.540000,50.223200,5.820700,292.332800,1,baseline,Static,1642
2026-06-01 01:56:23,0.108000,0.320000,-0.285714,1.985490,0.001050,92.534000,50.251600,5.311400,266.889600,1,baseline,Static,1643
2026-06-01 01:56:24,0.000000,0.500000,0.000000,0.000000,0.000000,92.530000,50.317300,3.828000,192.612600,1,baseline,Static,1644
2026-06-01 01:56:25,0.000000,0.500000,0.000000,0.000000,0.000000,92.538000,50.339800,3.303300,166.286200,1,baseline,Static,1645
2026-06-01 01:56:26,0.084180,0.315000,0.303571,1.968280,0.000990,92.520000,50.326300,3.412500,171.728100,1,baseline,Static,1646
2026-06-01 01:56:27,0.300000,0.000000,0.000000,5.935700,0.003000,92.520000,50.258500,4.954200,248.986800,1,baseline,Static,1647
2026-06-01 01:56:28,0.300000,0.000000,0.000000,5.935700,0.003000,92.513000,50.210200,5.746700,288.539700,1,baseline,Static,1648
2026-06-01 01:56:29,0.213000,0.145000,-0.292857,4.059200,0.002100,92.509000,50.231300,5.838000,293.247700,1,baseline,Static,1649
2026-06-01 01:56:30,0.000000,0.500000,0.000000,0.000000,0.000000,92.500000,50.313400,4.287100,215.691300,1,baseline,Static,1650
2026-06-01 01:56:31,0.000000,0.500000,0.000000,0.000000,0.000000,92.500000,50.333700,3.448300,173.565600,1,baseline,Static,1651
2026-06-01 01:56:32,0.001260,0.470000,0.012000,0.028310,0.000010,92.496000,50.360400,3.219500,162.134300,1,baseline,Static,1652
2026-06-01 01:56:33,0.291900,0.000000,0.293000,6.071480,0.003060,92.490000,50.277300,4.544200,228.462500,1,baseline,Static,1653
2026-06-01 01:56:34,0.300000,0.000000,0.000000,5.935700,0.003000,92.487000,50.234000,5.597100,281.164000,1,baseline,Static,1654
2026-06-01 01:56:35,0.300000,0.000000,0.000000,5.935700,0.003000,92.480000,50.200900,5.923800,297.379700,1,baseline,Static,1655
2026-06-01 01:56:36,0.003000,0.495000,-0.292857,-0.095790,0.000000,92.474000,50.274900,4.790800,240.838900,1,baseline,Static,1656
2026-06-01 01:56:37,0.000000,0.500000,0.000000,0.000000,0.000000,92.470000,50.311800,3.606500,181.448100,1,baseline,Static,1657
2026-06-01 01:56:38,0.000000,0.500000,0.000000,0.000000,0.000000,92.470000,50.348400,3.216300,161.935700,1,baseline,Static,1658
2026-06-01 01:56:39,0.203160,0.120000,0.305000,4.310820,0.002170,92.462000,50.326000,3.952900,198.910100,1,baseline,Static,1659
2026-06-01 01:56:40,0.300000,0.000000,0.000000,5.935700,0.003000,92.460000,50.241000,5.348300,268.704200,1,baseline,Static,1660
2026-06-01 01:56:41,0.300000,0.000000,0.000000,5.935700,0.003000,92.452000,50.212600,5.862000,294.345900,1,baseline,Static,1661
2026-06-01 01:56:42,0.069000,0.385000,-0.285714,1.213850,0.000640,92.450000,50.251600,5.179700,260.265200,1,baseline,Static,1662
2026-06-01 01:56:43,0.000000,0.500000,0.000000,0.000000,0.000000,92.440000,50.313800,3.755200,188.936600,1,baseline,Static,1663
2026-06-01 01:56:44,0.000000,0.500000,0.000000,0.000000,0.000000,92.440000,50.337500,3.257000,163.949900,1,baseline,Static,1664
2026-06-01 01:56:45,0.114180,0.265000,0.303571,2.567180,0.001300,92.439000,50.322400,3.496400,175.933400,1,baseline,Static,1665
2026-06-01 01:56:46,0.300000,0.000000,0.000000,5.935700,0.003000,92.430000,50.261900,5.053200,253.981000,1,baseline,Static,1666
2026-06-01 01:56:47,0.300000,0.000000,0.000000,5.935700,0.003000,92.427000,50.216100,5.765200,289.505700,1,baseline,Static,1667
2026-06-01 01:56:48,0.180000,0.200000,-0.285714,3.410060,0.001800,92.420000,50.210300,5.734800,287.936000,1,baseline,Static,1668
2026-06-01 01:56:49,0.000000,0.500000,0.000000,0.000000,0.000000,92.416000,50.288500,4.134100,207.889200,1,baseline,Static,1669
2026-06-01 01:56:50,0.000000,0.500000,0.000000,0.000000,0.000000,92.410000,50.326500,3.397200,170.965900,1,baseline,Static,1670
2026-06-01 01:56:51,0.002700,0.455000,0.025714,0.057320,0.000030,92.418000,50.329200,3.181700,160.131300,1,baseline,Static,1671
2026-06-01 01:56:52,0.289500,0.000000,0.300000,6.009530,0.003030,92.405000,50.282800,4.526000,227.567600,1,baseline,Static,1672
2026-06-01 01:56:53,0.300000,0.000000,0.000000,5.935700,0.003000,92.400000,50.210900,5.574700,279.910700,1,baseline,Static,1673
2026-06-01 01:56:54,0.270000,0.050000,-0.285714,5.190770,0.002700,92.392000,50.213400,5.876700,295.089300,1,baseline,Static,1674
2026-06-01 01:56:55,0.000000,0.500000,0.000000,0.000000,0.000000,92.390000,50.276700,4.560600,229.280300,1,baseline,Static,1675
2026-06-01 01:56:56,0.000000,0.500000,0.000000,0.000000,0.000000,92.382000,50.335800,3.542700,178.322100,1,baseline,Static,1676
2026-06-01 01:56:57,0.000000,0.500000,0.000000,0.000000,0.000000,92.380000,50.339300,3.198600,161.014800,1,baseline,Static,1677
2026-06-01 01:56:58,0.234180,0.065000,0.303571,4.904330,0.002480,92.380000,50.297800,4.138000,208.110400,1,baseline,Static,1678
2026-06-01 01:56:59,0.300000,0.000000,0.000000,5.935700,0.003000,92.370000,50.213200,5.433200,272.814900,1,baseline,Static,1679
2026-06-01 01:57:00,0.300000,0.000000,0.000000,5.935700,0.003000,92.367000,50.206600,5.871600,294.793500,1,baseline,Static,1680
2026-06-01 01:57:01,0.060000,0.400000,-0.285714,1.035780,0.000600,92.360000,50.243600,5.157000,259.090700,1,baseline,Static,1681
2026-06-01 01:57:02,0.000000,0.500000,0.000000,0.000000,0.000000,92.359000,50.317200,3.752900,188.831600,1,baseline,Static,1682
2026-06-01 01:57:03,0.000000,0.500000,0.000000,0.000000,0.000000,92.350000,50.323300,3.271900,164.652400,1,baseline,Static,1683
2026-06-01 01:57:04,0.145260,0.210000,0.302143,3.148470,0.001580,92.350000,50.314800,3.630400,182.653100,1,baseline,Static,1684
2026-06-01 01:57:05,0.300000,0.000000,0.000000,5.935700,0.003000,92.345000,50.249500,5.183500,260.463800,1,baseline,Static,1685
2026-06-01 01:57:06,0.300000,0.000000,0.000000,5.935700,0.003000,92.340000,50.205600,5.806700,291.528300,1,baseline,Static,1686
2026-06-01 01:57:07,0.150000,0.250000,-0.285714,2.816490,0.001500,92.332000,50.229500,5.604600,281.510400,1,baseline,Static,1687
2026-06-01 01:57:08,0.000000,0.500000,0.000000,0.000000,0.000000,92.330000,50.277000,4.052300,203.733600,1,baseline,Static,1688
2026-06-01 01:57:09,0.000000,0.500000,0.000000,0.000000,0.000000,92.325000,50.331500,3.366700,169.450100,1,baseline,Static,1689
2026-06-01 01:57:10,0.022200,0.405000,0.225714,0.620750,0.000310,92.320000,50.324000,3.220400,162.061100,1,baseline,Static,1690
2026-06-01 01:57:11,0.300000,0.000000,0.100000,6.044000,0.003050,92.320000,50.261700,4.694400,235.935900,1,baseline,Static,1691
2026-06-01 01:57:12,0.300000,0.000000,0.000000,5.935700,0.003000,92.310000,50.207300,5.639100,283.122300,1,baseline,Static,1692
2026-06-01 01:57:13,0.240000,0.100000,-0.285714,4.597200,0.002400,92.307000,50.192500,5.857100,293.981100,1,baseline,Static,1693
2026-06-01 01:57:14,0.000000,0.500000,0.000000,0.000000,0.000000,92.300000,50.265600,4.446900,223.520800,1,baseline,Static,1694
2026-06-01 01:57:15,0.000000,0.500000,0.000000,0.000000,0.000000,92.300000,50.320000,3.534700,177.865500,1,baseline,Static,1695
2026-06-01 01:57:16,0.000000,0.500000,0.000000,0.000000,0.000000,92.310000,50.310900,3.169800,159.474400,1,baseline,Static,1696
2026-06-01 01:57:17,0.270000,0.000000,0.296428,5.635320,0.002840,92.290000,50.274500,4.371000,219.743400,1,baseline,Static,1697
2026-06-01 01:57:18,0.300000,0.000000,0.000000,5.935700,0.003000,92.329000,50.227200,5.476500,275.069900,1,baseline,Static,1698
2026-06-01 01:57:19,0.300000,0.000000,0.000000,5.935700,0.003000,92.363000,50.185300,5.895500,295.867500,1,baseline,Static,1699
2026-06-01 01:57:20,0.000000,0.500000,-0.285714,-0.151360,0.000000,92.297000,50.262900,4.779300,240.202400,1,baseline,Static,1700
2026-06-01 01:57:21,0.000000,0.500000,0.000000,0.000000,0.000000,92.344000,50.312600,3.647100,183.495800,1,baseline,Static,1701
2026-06-01 01:57:22,0.000000,0.500000,0.000000,0.000000,0.000000,92.323333,50.323222,3.268889,164.500556,1,baseline,Static,1702
2026-06-01 01:57:23,0.161040,0.200000,0.285857,3.443220,0.001730,92.350000,50.326900,3.608100,181.571100,1,baseline,Static,1703
2026-06-01 01:57:24,0.300000,0.000000,0.000000,5.935700,0.003000,92.342000,50.240400,5.220800,262.294500,1,baseline,Static,1704
2026-06-01 01:57:25,0.300000,0.000000,0.000000,5.935700,0.003000,92.339000,50.211600,5.813400,291.897300,1,baseline,Static,1705
2026-06-01 01:57:26,0.109091,0.318182,-0.259740,2.020836,0.001091,92.330000,50.224727,5.364455,269.412000,1,baseline,Static,1706
2026-06-01 01:57:27,0.000000,0.500000,0.000000,0.000000,0.000000,92.320000,50.306200,3.877700,195.067700,1,baseline,Static,1707
2026-06-01 01:57:28,0.000000,0.500000,0.000000,0.000000,0.000000,92.320000,50.325600,3.319900,167.075800,1,baseline,Static,1708
2026-06-01 01:57:29,0.078933,0.333333,0.317619,1.849778,0.000922,92.320000,50.341444,3.309222,166.586667,1,baseline,Static,1709
2026-06-01 01:57:30,0.300000,0.000000,0.000000,5.935700,0.003000,92.316364,50.251182,4.875455,244.994273,1,baseline,Static,1710
2026-06-01 01:57:31,0.300000,0.000000,0.000000,5.935700,0.003000,92.310000,50.195400,5.738400,288.038600,1,baseline,Static,1711
2026-06-01 01:57:32,0.233333,0.111111,-0.317460,4.448478,0.002333,92.303333,50.199667,5.886778,295.511333,1,baseline,Static,1712
2026-06-01 01:57:33,0.000000,0.500000,0.000000,0.000000,0.000000,92.291818,50.270455,4.367455,219.544091,1,baseline,Static,1713
2026-06-01 01:57:34,0.000000,0.500000,0.000000,0.000000,0.000000,92.295000,50.316600,3.462700,174.230700,1,baseline,Static,1714
2026-06-01 01:57:35,0.000000,0.500000,0.000000,0.000000,0.000000,92.290000,50.333000,3.169556,159.532556,1,baseline,Static,1715
2026-06-01 01:57:36,0.256364,0.045455,0.294805,5.345645,0.002691,92.290000,50.288727,4.190000,210.685455,1,baseline,Static,1716
2026-06-01 01:57:37,0.300000,0.000000,0.000000,5.935700,0.003000,92.282000,50.209000,5.531800,277.744800,1,baseline,Static,1717
2026-06-01 01:57:38,0.300000,0.000000,0.000000,5.935700,0.003000,92.280000,50.192333,5.854667,293.858444,1,baseline,Static,1718
2026-06-01 01:57:39,0.027273,0.454545,-0.259740,0.402009,0.000273,92.270000,50.244455,4.869364,244.641364,1,baseline,Static,1719
2026-06-01 01:57:40,0.000000,0.500000,0.000000,0.000000,0.000000,92.260000,50.302444,3.657111,183.959889,1,baseline,Static,1720
2026-06-01 01:57:41,0.000000,0.500000,0.000000,0.000000,0.000000,92.263636,50.333273,3.189273,160.526818,1,baseline,Static,1721
2026-06-01 01:57:42,0.191040,0.150000,0.324857,4.070790,0.002040,92.260000,50.305700,3.799900,191.133700,1,baseline,Static,1722
2026-06-01 01:57:43,0.300000,0.000000,0.000000,5.935700,0.003000,92.257000,50.224200,5.263300,264.341900,1,baseline,Static,1723
2026-06-01 01:57:44,0.300000,0.000000,0.000000,5.935700,0.003000,92.250000,50.216111,5.813556,291.934111,1,baseline,Static,1724
2026-06-01 01:57:45,0.150000,0.250000,-0.357143,2.778650,0.001500,92.211000,50.195800,5.540300,278.091100,1,baseline,Static,1725
2026-06-01 01:57:46,0.000000,0.500000,0.000000,0.000000,0.000000,92.240000,50.287455,3.965182,199.389273,1,baseline,Static,1726
2026-06-01 01:57:47,0.000000,0.500000,0.000000,0.000000,0.000000,92.180000,50.319889,3.301333,166.123111,1,baseline,Static,1727
2026-06-01 01:57:48,0.042300,0.400000,0.315000,1.117830,0.000560,92.222000,50.326900,3.211000,161.600800,1,baseline,Static,1728
2026-06-01 01:57:49,0.300000,0.000000,0.000000,5.935700,0.003000,92.230000,50.252100,4.695000,235.925100,1,baseline,Static,1729
2026-06-01 01:57:50,0.300000,0.000000,0.000000,5.935700,0.003000,92.224000,50.191100,5.622900,282.220800,1,baseline,Static,1730
2026-06-01 01:57:51,0.270000,0.050000,-0.285714,5.190770,0.002700,92.211000,50.181400,5.950100,298.585100,1,baseline,Static,1731
2026-06-01 01:57:52,0.000000,0.500000,0.000000,0.000000,0.000000,92.159091,50.254000,4.427091,222.477636,1,baseline,Static,1732
2026-06-01 01:57:53,0.000000,0.500000,0.000000,0.000000,0.000000,92.200000,50.288444,3.510556,176.536111,1,baseline,Static,1733
2026-06-01 01:57:54,0.000000,0.500000,0.000000,0.000000,0.000000,92.190000,50.312545,3.172636,159.623818,1,baseline,Static,1734
2026-06-01 01:57:55,0.282900,0.000000,0.316429,5.870210,0.002960,92.200000,50.257500,4.336300,217.918900,1,baseline,Static,1735
2026-06-01 01:57:56,0.300000,0.000000,0.000000,5.935700,0.003000,92.198889,50.197111,5.496222,275.889889,1,baseline,Static,1736
2026-06-01 01:57:57,0.300000,0.000000,0.000000,5.935700,0.003000,92.190000,50.188545,5.878364,295.027182,1,baseline,Static,1737
2026-06-01 01:57:58,0.033333,0.444444,-0.317460,0.491344,0.000333,92.157778,50.218667,5.005889,251.374000,1,baseline,Static,1738
2026-06-01 01:57:59,0.000000,0.500000,0.000000,0.000000,0.000000,92.180000,50.295600,3.770900,189.656700,1,baseline,Static,1739
2026-06-01 01:58:00,0.000000,0.500000,0.000000,0.000000,0.000000,92.144000,50.307000,3.228000,162.390300,1,baseline,Static,1740
2026-06-01 01:58:01,0.162900,0.200000,0.316429,3.515890,0.001770,92.174000,50.299600,3.677100,184.943200,1,baseline,Static,1741
2026-06-01 01:58:02,0.300000,0.000000,0.000000,5.935700,0.003000,92.170000,50.217100,5.158600,259.044000,1,baseline,Static,1742
2026-06-01 01:58:03,0.300000,0.000000,0.000000,5.935700,0.003000,92.163000,50.186200,5.810800,291.620200,1,baseline,Static,1743
2026-06-01 01:58:04,0.150000,0.250000,-0.285714,2.816490,0.001500,92.160000,50.208400,5.605600,281.436600,1,baseline,Static,1744
2026-06-01 01:58:05,0.000000,0.500000,0.000000,0.000000,0.000000,92.136364,50.277545,4.024727,202.350636,1,baseline,Static,1745
2026-06-01 01:58:06,0.000000,0.500000,0.000000,0.000000,0.000000,92.150000,50.303000,3.301778,166.088667,1,baseline,Static,1746
2026-06-01 01:58:07,0.044100,0.400000,0.285714,1.135440,0.000570,92.113000,50.320100,3.264600,164.271400,1,baseline,Static,1747
2026-06-01 01:58:08,0.300000,0.000000,0.000000,5.935700,0.003000,92.108000,50.237400,4.768200,239.538400,1,baseline,Static,1748
2026-06-01 01:58:09,0.300000,0.000000,0.000000,5.935700,0.003000,92.112000,50.202900,5.629400,282.612900,1,baseline,Static,1749
2026-06-01 01:58:10,0.270000,0.050000,-0.285714,5.190770,0.002700,92.112000,50.178700,5.907000,296.404100,1,baseline,Static,1750
2026-06-01 01:58:11,0.000000,0.500000,0.000000,0.000000,0.000000,92.118000,50.242500,4.568300,229.510400,1,baseline,Static,1751
2026-06-01 01:58:12,0.000000,0.500000,0.000000,0.000000,0.000000,92.098182,50.296091,3.479727,175.016182,1,baseline,Static,1752
2026-06-01 01:58:13,0.000000,0.500000,0.000000,0.000000,0.000000,92.110000,50.312222,3.171667,159.572333,1,baseline,Static,1753
2026-06-01 01:58:14,0.224700,0.100000,0.285714,4.706750,0.002380,92.081000,50.270100,4.059800,204.059500,1,baseline,Static,1754
2026-06-01 01:58:15,0.300000,0.000000,0.000000,5.935700,0.003000,92.033000,50.193800,5.438400,272.972500,1,baseline,Static,1755
2026-06-01 01:58:16,0.300000,0.000000,0.000000,5.935700,0.003000,92.020000,50.179400,5.915100,296.816500,1,baseline,Static,1756
2026-06-01 01:58:17,0.060000,0.400000,-0.285714,1.035780,0.000600,92.066000,50.216500,5.093800,255.777900,1,baseline,Static,1757
2026-06-01 01:58:18,0.000000,0.500000,0.000000,0.000000,0.000000,92.010000,50.265400,3.710900,186.530300,1,baseline,Static,1758
2026-06-01 01:58:19,0.000000,0.500000,0.000000,0.000000,0.000000,92.090000,50.304800,3.250600,163.521200,1,baseline,Static,1759
2026-06-01 01:58:20,0.135900,0.250000,0.285714,2.958950,0.001490,92.018000,50.270600,3.578700,179.888100,1,baseline,Static,1760
2026-06-01 01:58:21,0.300000,0.000000,0.000000,5.935700,0.003000,92.000000,50.220400,5.191100,260.696700,1,baseline,Static,1761
2026-06-01 01:58:22,0.300000,0.000000,0.000000,5.935700,0.003000,91.990000,50.184100,5.793300,290.732400,1,baseline,Static,1762
2026-06-01 01:58:23,0.180000,0.200000,-0.285714,3.410060,0.001800,91.996000,50.186700,5.631500,282.613000,1,baseline,Static,1763
2026-06-01 01:58:24,0.000000,0.500000,0.000000,0.000000,0.000000,92.034000,50.254300,4.123500,207.225600,1,baseline,Static,1764
2026-06-01 01:58:25,0.000000,0.500000,0.000000,0.000000,0.000000,92.016364,50.307909,3.365636,169.317091,1,baseline,Static,1765
2026-06-01 01:58:26,0.051667,0.388889,0.317460,1.320700,0.000667,92.010000,50.290111,3.315889,166.754667,1,baseline,Static,1766
2026-06-01 01:58:27,0.300000,0.000000,0.000000,5.935700,0.003000,91.970000,50.210200,4.831300,242.572700,1,baseline,Static,1767
2026-06-01 01:58:28,0.300000,0.000000,0.000000,5.935700,0.003000,91.965000,50.192600,5.680200,285.103800,1,baseline,Static,1768
2026-06-01 01:58:29,0.270000,0.050000,-0.285714,5.190770,0.002700,91.968000,50.174400,5.882600,295.153000,1,baseline,Static,1769
2026-06-01 01:58:30,0.000000,0.500000,0.000000,0.000000,0.000000,91.996000,50.240000,4.492700,225.704400,1,baseline,Static,1770
2026-06-01 01:58:31,0.000000,0.500000,0.000000,0.000000,0.000000,91.977000,50.284900,3.537600,177.881300,1,baseline,Static,1771
2026-06-01 01:58:32,0.000000,0.500000,0.000000,0.000000,0.000000,92.030000,50.312600,3.198800,160.939500,1,baseline,Static,1772
2026-06-01 01:58:33,0.227700,0.100000,0.285714,4.781770,0.002410,91.958000,50.259900,4.108800,206.493200,1,baseline,Static,1773
2026-06-01 01:58:34,0.300000,0.000000,0.000000,5.935700,0.003000,91.940000,50.185200,5.449100,273.465100,1,baseline,Static,1774
2026-06-01 01:58:35,0.300000,0.000000,0.000000,5.935700,0.003000,91.948000,50.159600,5.849500,293.408000,1,baseline,Static,1775
2026-06-01 01:58:36,0.087000,0.355000,-0.350000,1.535940,0.000860,91.937000,50.213700,5.122200,257.177000,1,baseline,Static,1776
2026-06-01 01:58:37,0.000000,0.500000,0.000000,0.000000,0.000000,91.983000,50.278300,3.786300,190.368400,1,baseline,Static,1777
2026-06-01 01:58:38,0.000000,0.500000,0.000000,0.000000,0.000000,91.952000,50.304900,3.296000,165.804800,1,baseline,Static,1778
2026-06-01 01:58:39,0.137100,0.250000,0.285714,2.955030,0.001480,92.000000,50.280300,3.538600,177.909800,1,baseline,Static,1779
2026-06-01 01:58:40,0.300000,0.000000,0.000000,5.935700,0.003000,91.997000,50.203200,5.042000,253.118400,1,baseline,Static,1780
2026-06-01 01:58:41,0.300000,0.000000,0.000000,5.935700,0.003000,91.990000,50.181200,5.754000,288.743400,1,baseline,Static,1781
2026-06-01 01:58:42,0.177000,0.205000,-0.350000,3.300840,0.001750,91.968000,50.180400,5.677000,284.865200,1,baseline,Static,1782
2026-06-01 01:58:43,0.000000,0.500000,0.000000,0.000000,0.000000,91.911000,50.264100,4.059700,204.053000,1,baseline,Static,1783
2026-06-01 01:58:44,0.000000,0.500000,0.000000,0.000000,0.000000,91.908000,50.263500,3.414700,171.634000,1,baseline,Static,1784
2026-06-01 01:58:45,0.049680,0.390000,0.285714,1.230820,0.000610,91.898000,50.294300,3.284400,165.182600,1,baseline,Static,1785
2026-06-01 01:58:46,0.300000,0.000000,0.000000,5.935700,0.003000,91.882000,50.216600,4.836300,242.850800,1,baseline,Static,1786
2026-06-01 01:58:47,0.300000,0.000000,0.000000,5.935700,0.003000,91.880000,50.153000,5.691000,285.418900,1,baseline,Static,1787
2026-06-01 01:58:48,0.240000,0.100000,-0.285714,4.597200,0.002400,91.870000,50.151200,5.875500,294.662900,1,baseline,Static,1788
2026-06-01 01:58:49,0.000000,0.500000,0.000000,0.000000,0.000000,91.869000,50.225600,4.451300,223.551800,1,baseline,Static,1789
2026-06-01 01:58:50,0.000000,0.500000,0.000000,0.000000,0.000000,91.860000,50.276600,3.532600,177.607400,1,baseline,Static,1790
2026-06-01 01:58:51,0.000000,0.500000,0.000000,0.000000,0.000000,91.876000,50.296400,3.153200,158.596000,1,baseline,Static,1791
2026-06-01 01:58:52,0.244740,0.050000,0.290857,5.100320,0.002570,91.857000,50.240100,4.161400,209.056100,1,baseline,Static,1792
2026-06-01 01:58:53,0.300000,0.000000,0.000000,5.935700,0.003000,91.850000,50.183400,5.430800,272.534300,1,baseline,Static,1793
2026-06-01 01:58:54,0.300000,0.000000,0.000000,5.935700,0.003000,91.845000,50.162200,5.929900,297.457700,1,baseline,Static,1794
2026-06-01 01:58:55,0.030000,0.450000,-0.285714,0.442210,0.000300,91.848000,50.194000,4.949700,248.430700,1,baseline,Static,1795
2026-06-01 01:58:56,0.000000,0.500000,0.000000,0.000000,0.000000,91.844000,50.263100,3.677800,184.856000,1,baseline,Static,1796
2026-06-01 01:58:57,0.000000,0.500000,0.000000,0.000000,0.000000,91.848000,50.293900,3.251300,163.520100,1,baseline,Static,1797
2026-06-01 01:58:58,0.182400,0.150000,0.285714,3.863010,0.001940,91.838000,50.241400,3.783900,190.091900,1,baseline,Static,1798
2026-06-01 01:58:59,0.300000,0.000000,0.000000,5.935700,0.003000,91.823000,50.189100,5.267100,264.347700,1,baseline,Static,1799
