_time,linear_velocity_ms,angular_velocity_rads,linear_acceleration_ms2,motor_power_total_W,motor_load_ratio,battery_SOC_percent,battery_voltage_V,battery_current_A,battery_power_draw_W,condition_id,condition_name,condition_class,timestep
2026-06-01 04:00:40,0.000000,0.475000,0.000000,0.000000,0.000000,64.230000,47.763000,3.433300,163.983900,6,mixed,Mixed,0
2026-06-01 04:00:41,0.000000,0.500000,0.000000,0.000000,0.000000,64.214000,47.742800,3.151800,150.474700,6,mixed,Mixed,1
2026-06-01 04:00:42,0.000000,0.500000,0.000000,0.000000,0.000000,64.212727,47.762182,3.019091,144.198727,6,mixed,Mixed,2
2026-06-01 04:00:43,0.000000,0.500000,0.000000,0.000000,0.000000,64.184444,47.753778,3.023556,144.386000,6,mixed,Mixed,3
2026-06-01 04:00:44,0.000000,0.500000,0.000000,0.000000,0.000000,64.208000,47.762100,2.991100,142.860700,6,mixed,Mixed,4
2026-06-01 04:00:45,0.000000,0.500000,0.000000,0.000000,0.000000,64.180909,47.747727,3.035545,144.940091,6,mixed,Mixed,5
2026-06-01 04:00:46,0.000000,0.261111,0.000000,0.000000,0.000000,64.210000,47.779111,2.643000,126.274000,6,mixed,Mixed,6
2026-06-01 04:00:47,0.420960,0.000000,0.611428,9.243410,0.004610,64.207000,47.638000,5.296000,252.099200,6,mixed,Mixed,7
2026-06-01 04:00:48,0.365455,0.000000,-0.558442,7.230818,0.003600,64.197273,47.505364,8.237091,391.219091,6,mixed,Mixed,8
2026-06-01 04:00:49,0.000000,0.194444,0.000000,0.000000,0.000000,64.163333,47.717778,4.091333,195.211000,6,mixed,Mixed,9
2026-06-01 04:00:50,0.000000,0.500000,0.000000,0.000000,0.000000,64.158000,47.741800,3.289800,157.059700,6,mixed,Mixed,10
2026-06-01 04:00:51,0.000000,0.500000,0.000000,0.000000,0.000000,64.144000,47.757000,3.077500,146.973100,6,mixed,Mixed,11
2026-06-01 04:00:52,0.000000,0.500000,0.000000,0.000000,0.000000,64.172727,47.742818,3.050727,145.650636,6,mixed,Mixed,12
2026-06-01 04:00:53,0.000000,0.500000,0.000000,0.000000,0.000000,64.117778,47.744333,3.007111,143.573556,6,mixed,Mixed,13
2026-06-01 04:00:54,0.000000,0.500000,0.000000,0.000000,0.000000,64.170000,47.770000,2.979900,142.349200,6,mixed,Mixed,14
2026-06-01 04:00:55,0.000000,0.500000,0.000000,0.000000,0.000000,64.138000,47.762600,3.021400,144.309400,6,mixed,Mixed,15
2026-06-01 04:00:56,0.112036,0.081818,0.544156,3.031873,0.001509,64.170000,47.763455,2.981636,142.382091,6,mixed,Mixed,16
2026-06-01 04:00:57,0.600000,0.000000,0.012000,11.897490,0.005920,64.164000,47.508900,7.917600,376.085600,6,mixed,Mixed,17
2026-06-01 04:00:58,0.114000,0.000000,-0.585714,2.255580,0.001120,64.156000,47.579900,6.485600,308.430600,6,mixed,Mixed,18
2026-06-01 04:00:59,0.000000,0.361111,0.000000,0.000000,0.000000,64.132222,47.756778,3.342667,159.633333,6,mixed,Mixed,19
2026-06-01 04:01:00,0.000000,0.500000,0.000000,0.000000,0.000000,64.094000,47.739600,3.085700,147.310000,6,mixed,Mixed,20
2026-06-01 04:01:01,0.000000,0.500000,0.000000,0.000000,0.000000,64.123000,47.739200,3.021000,144.219600,6,mixed,Mixed,21
2026-06-01 04:01:02,0.000000,0.500000,0.000000,0.000000,0.000000,64.124000,47.746800,3.013300,143.875200,6,mixed,Mixed,22
2026-06-01 04:01:03,0.000000,0.500000,0.000000,0.000000,0.000000,64.100000,47.736300,3.012100,143.786800,6,mixed,Mixed,23
2026-06-01 04:01:04,0.000000,0.500000,0.000000,0.000000,0.000000,64.132000,47.751700,3.032700,144.816500,6,mixed,Mixed,24
2026-06-01 04:01:05,0.000000,0.440000,0.000000,0.000000,0.000000,64.091000,47.752900,2.912900,139.100000,6,mixed,Mixed,25
2026-06-01 04:01:06,0.242880,0.000000,0.611429,5.732010,0.002860,64.130000,47.709800,3.710800,176.883800,6,mixed,Mixed,26
2026-06-01 04:01:07,0.570000,0.000000,-0.357143,11.277920,0.005610,64.124000,47.466500,8.526900,404.704700,6,mixed,Mixed,27
2026-06-01 04:01:08,0.000000,0.040000,-0.285714,0.000000,0.000000,64.109000,47.631600,5.363700,255.384600,6,mixed,Mixed,28
2026-06-01 04:01:09,0.000000,0.500000,0.000000,0.000000,0.000000,64.046000,47.711300,3.377600,161.148800,6,mixed,Mixed,29
2026-06-01 04:01:10,0.000000,0.500000,0.000000,0.000000,0.000000,64.030000,47.719900,3.107200,148.274200,6,mixed,Mixed,30
2026-06-01 04:01:11,0.000000,0.500000,0.000000,0.000000,0.000000,64.022000,47.751000,3.061100,146.170900,6,mixed,Mixed,31
2026-06-01 04:01:12,0.000000,0.500000,0.000000,0.000000,0.000000,64.020000,47.736300,3.026900,144.493100,6,mixed,Mixed,32
2026-06-01 04:01:13,0.000000,0.500000,0.000000,0.000000,0.000000,64.020000,47.761100,3.011100,143.813100,6,mixed,Mixed,33
2026-06-01 04:01:14,0.000000,0.500000,0.000000,0.000000,0.000000,64.033000,47.751300,2.972300,141.932000,6,mixed,Mixed,34
2026-06-01 04:01:15,0.006900,0.150000,-0.016429,0.164990,0.000080,64.010000,47.753100,2.670100,127.501800,6,mixed,Mixed,35
2026-06-01 04:01:16,0.000000,0.000000,0.000000,0.000000,0.000000,64.010000,47.804600,1.798700,85.978000,6,mixed,Mixed,36
2026-06-01 04:01:17,0.000000,0.000000,0.000000,0.000000,0.000000,64.010000,47.837700,0.917500,43.889400,6,mixed,Mixed,37
2026-06-01 04:01:18,0.000000,0.000000,0.000000,0.000000,0.000000,64.010000,47.854900,0.648600,31.038500,6,mixed,Mixed,38
2026-06-01 04:01:19,0.000000,0.000000,0.000000,0.000000,0.000000,64.010000,47.856700,0.550600,26.350700,6,mixed,Mixed,39
2026-06-01 04:01:20,0.000000,0.000000,0.000000,0.000000,0.000000,64.010000,47.846700,0.536000,25.646200,6,mixed,Mixed,40
2026-06-01 04:01:21,0.000000,0.000000,0.000000,0.000000,0.000000,64.010000,47.853600,0.495900,23.730100,6,mixed,Mixed,41
2026-06-01 04:01:22,0.000000,0.000000,0.000000,0.000000,0.000000,64.010000,47.872700,0.474700,22.725500,6,mixed,Mixed,42
2026-06-01 04:01:23,0.000000,0.000000,0.000000,0.000000,0.000000,64.010000,47.844300,0.522000,24.974800,6,mixed,Mixed,43
2026-06-01 04:01:24,0.000000,0.000000,0.000000,0.000000,0.000000,64.010000,47.858400,0.494200,23.651600,6,mixed,Mixed,44
2026-06-01 04:01:25,0.000000,0.000000,0.000000,0.000000,0.000000,64.010000,47.875600,0.477900,22.879600,6,mixed,Mixed,45
2026-06-01 04:01:26,0.000000,0.000000,0.000000,0.000000,0.000000,64.010000,47.867800,0.522400,25.006400,6,mixed,Mixed,46
2026-06-01 04:01:27,0.000000,0.000000,0.000000,0.000000,0.000000,64.006000,47.865000,0.509600,24.392400,6,mixed,Mixed,47
2026-06-01 04:01:28,0.000000,0.000000,0.000000,0.000000,0.000000,64.000000,47.845000,0.524300,25.084700,6,mixed,Mixed,48
2026-06-01 04:01:29,0.000000,0.000000,0.000000,0.000000,0.000000,64.000000,47.871700,0.464000,22.212900,6,mixed,Mixed,49
2026-06-01 04:01:30,0.000000,0.000000,0.000000,0.000000,0.000000,64.000000,47.858500,0.502500,24.048400,6,mixed,Mixed,50
2026-06-01 04:01:31,0.000000,0.000000,0.000000,0.000000,0.000000,64.000000,47.874200,0.535700,25.645300,6,mixed,Mixed,51
2026-06-01 04:01:32,0.000000,0.000000,0.000000,0.000000,0.000000,64.000000,47.855300,0.535300,25.617300,6,mixed,Mixed,52
2026-06-01 04:01:33,0.000000,0.000000,0.000000,0.000000,0.000000,64.000000,47.875400,0.519600,24.876200,6,mixed,Mixed,53
2026-06-01 04:01:34,0.000000,0.000000,0.000000,0.000000,0.000000,64.000000,47.862900,0.503000,24.074800,6,mixed,Mixed,54
2026-06-01 04:01:35,0.000000,0.000000,0.000000,0.000000,0.000000,64.000000,47.857300,0.521300,24.948100,6,mixed,Mixed,55
2026-06-01 04:01:36,0.000000,0.000000,0.000000,0.000000,0.000000,64.000000,47.878300,0.535800,25.653300,6,mixed,Mixed,56
2026-06-01 04:01:37,0.000000,0.000000,0.000000,0.000000,0.000000,64.000000,47.853800,0.516900,24.735700,6,mixed,Mixed,57
2026-06-01 04:01:38,0.000000,0.000000,0.000000,0.000000,0.000000,64.000000,47.868400,0.519600,24.872200,6,mixed,Mixed,58
2026-06-01 04:01:39,0.000000,0.000000,0.000000,0.000000,0.000000,64.000000,47.876200,0.500300,23.952500,6,mixed,Mixed,59
2026-06-01 04:01:40,0.000000,0.000000,0.000000,0.000000,0.000000,64.000000,47.860000,0.491200,23.508600,6,mixed,Mixed,60
2026-06-01 04:01:41,0.000000,0.000000,0.000000,0.000000,0.000000,64.000000,47.854100,0.505800,24.204400,6,mixed,Mixed,61
2026-06-01 04:01:42,0.000000,0.000000,0.000000,0.000000,0.000000,64.000000,47.870300,0.478400,22.902600,6,mixed,Mixed,62
2026-06-01 04:01:43,0.000000,0.000000,0.000000,0.000000,0.000000,64.000000,47.860800,0.482300,23.083200,6,mixed,Mixed,63
2026-06-01 04:01:44,0.000000,0.000000,0.000000,0.000000,0.000000,64.008000,47.849300,0.494500,23.660700,6,mixed,Mixed,64
2026-06-01 04:01:45,0.000000,0.000000,0.000000,0.000000,0.000000,64.080000,47.867900,0.462500,22.138500,6,mixed,Mixed,65
2026-06-01 04:01:46,0.143300,0.000000,0.190476,2.963780,0.001500,64.080000,47.822400,1.552400,74.208800,6,mixed,Mixed,66
2026-06-01 04:01:47,0.200000,0.000000,0.000000,3.957200,0.002000,64.080000,47.732600,3.275600,156.351500,6,mixed,Mixed,67
2026-06-01 04:01:48,0.200000,0.000000,0.000000,3.957200,0.002000,64.070000,47.691800,3.914000,186.665700,6,mixed,Mixed,68
2026-06-01 04:01:49,0.346300,0.000000,0.190476,7.112140,0.003590,64.070000,47.636100,5.225200,248.871600,6,mixed,Mixed,69
2026-06-01 04:01:50,0.400000,0.000000,0.000000,7.914300,0.004000,64.061111,47.548111,6.970444,331.424444,6,mixed,Mixed,70
2026-06-01 04:01:51,0.424455,0.000000,0.173160,8.757264,0.004418,64.054545,47.510545,7.764727,368.900455,6,mixed,Mixed,71
2026-06-01 04:01:52,0.600000,0.000000,0.000000,11.871500,0.005900,64.045000,47.399400,9.850700,466.899000,6,mixed,Mixed,72
2026-06-01 04:01:53,0.240000,0.000000,-0.571429,4.748600,0.002360,64.033000,47.444200,9.060800,429.725600,6,mixed,Mixed,73
2026-06-01 04:01:54,0.000000,0.000000,0.000000,0.000000,0.000000,64.030000,47.703300,3.788100,180.658100,6,mixed,Mixed,74
2026-06-01 04:01:55,0.000000,0.222222,0.000000,0.000000,0.000000,63.986667,47.797889,1.918667,91.703556,6,mixed,Mixed,75
2026-06-01 04:01:56,0.000000,0.500000,0.000000,0.000000,0.000000,64.020000,47.760300,2.477000,118.299700,6,mixed,Mixed,76
2026-06-01 04:01:57,0.000000,0.500000,0.000000,0.000000,0.000000,63.998182,47.758909,2.855545,136.376909,6,mixed,Mixed,77
2026-06-01 04:01:58,0.000000,0.500000,0.000000,0.000000,0.000000,63.990000,47.740000,2.939222,140.319556,6,mixed,Mixed,78
2026-06-01 04:01:59,0.000000,0.500000,0.000000,0.000000,0.000000,64.014000,47.731100,2.962200,141.388600,6,mixed,Mixed,79
2026-06-01 04:02:00,0.000000,0.500000,0.000000,0.000000,0.000000,63.994000,47.734900,2.979700,142.235900,6,mixed,Mixed,80
2026-06-01 04:02:01,0.000000,0.500000,0.000000,0.000000,0.000000,64.002000,47.742600,3.008500,143.633100,6,mixed,Mixed,81
2026-06-01 04:02:02,0.000000,0.000000,0.000000,0.000000,0.000000,64.010000,47.792100,1.945700,92.982500,6,mixed,Mixed,82
2026-06-01 04:02:03,0.454500,0.000000,0.589286,9.907330,0.004940,63.995000,47.640600,5.034000,239.621500,6,mixed,Mixed,83
2026-06-01 04:02:04,0.540000,0.000000,-0.238095,10.340530,0.005150,63.995000,47.430500,9.165900,434.720300,6,mixed,Mixed,84
2026-06-01 04:02:05,0.400000,0.000000,0.000000,7.914300,0.004000,63.986000,47.444100,8.766100,415.898700,6,mixed,Mixed,85
2026-06-01 04:02:06,0.400000,0.000000,0.000000,7.914300,0.004000,63.977000,47.471200,8.289200,393.497300,6,mixed,Mixed,86
2026-06-01 04:02:07,0.260000,0.000000,-0.190476,5.006800,0.002530,63.969000,47.530800,7.241700,344.171900,6,mixed,Mixed,87
2026-06-01 04:02:08,0.200000,0.000000,0.000000,3.957200,0.002000,63.960000,47.624800,5.333900,254.019100,6,mixed,Mixed,88
2026-06-01 04:02:09,0.200000,0.000000,0.000000,3.957200,0.002000,63.959000,47.655100,4.638200,221.031600,6,mixed,Mixed,89
2026-06-01 04:02:10,0.080000,0.000000,-0.190476,1.582880,0.000800,63.950000,47.705400,3.727500,177.795500,6,mixed,Mixed,90
2026-06-01 04:02:11,0.000000,0.000000,0.000000,0.000000,0.000000,63.950000,47.787600,1.720800,82.227500,6,mixed,Mixed,91
2026-06-01 04:02:12,0.000000,0.300000,0.000000,0.000000,0.000000,63.934000,47.818100,1.410400,67.432400,6,mixed,Mixed,92
2026-06-01 04:02:13,0.000000,0.500000,0.000000,0.000000,0.000000,63.941818,47.774091,2.406182,114.949000,6,mixed,Mixed,93
2026-06-01 04:02:14,0.000000,0.500000,0.000000,0.000000,0.000000,63.897778,47.735111,2.812000,134.230556,6,mixed,Mixed,94
2026-06-01 04:02:15,0.000000,0.500000,0.000000,0.000000,0.000000,63.924000,47.741000,2.929000,139.833500,6,mixed,Mixed,95
2026-06-01 04:02:16,0.000000,0.500000,0.000000,0.000000,0.000000,63.903636,47.710545,2.968000,141.604636,6,mixed,Mixed,96
2026-06-01 04:02:17,0.000000,0.500000,0.000000,0.000000,0.000000,63.908889,47.727444,2.972333,141.862111,6,mixed,Mixed,97
2026-06-01 04:02:18,0.000000,0.450000,0.000000,0.000000,0.000000,63.898000,47.715500,2.964500,141.450900,6,mixed,Mixed,98
2026-06-01 04:02:19,0.000000,0.000000,0.000000,0.000000,0.000000,63.930000,47.797200,1.838500,87.869600,6,mixed,Mixed,99
2026-06-01 04:02:20,0.000000,0.000000,0.000000,0.000000,0.000000,63.930000,47.838600,0.945300,45.221300,6,mixed,Mixed,100
2026-06-01 04:02:21,0.000000,0.000000,0.000000,0.000000,0.000000,63.930000,47.837818,0.659727,31.560091,6,mixed,Mixed,101
2026-06-01 04:02:22,0.000000,0.000000,0.000000,0.000000,0.000000,63.930000,47.866778,0.592222,28.347000,6,mixed,Mixed,102
2026-06-01 04:02:23,0.000000,0.000000,0.000000,0.000000,0.000000,63.930000,47.865400,0.540600,25.875900,6,mixed,Mixed,103
2026-06-01 04:02:24,0.000000,0.000000,0.000000,0.000000,0.000000,63.930000,47.869200,0.512100,24.513300,6,mixed,Mixed,104
2026-06-01 04:02:25,0.191700,0.000000,0.190476,3.910380,0.001980,63.930000,47.783500,2.009500,96.001300,6,mixed,Mixed,105
2026-06-01 04:02:26,0.200000,0.000000,0.000000,3.957200,0.002000,63.920909,47.694545,3.530000,168.355818,6,mixed,Mixed,106
2026-06-01 04:02:27,0.200000,0.000000,0.000000,3.957200,0.002000,63.920000,47.683111,3.977556,189.662667,6,mixed,Mixed,107
2026-06-01 04:02:28,0.373500,0.000000,0.205952,7.664170,0.003860,63.916000,47.613800,5.476200,260.724300,6,mixed,Mixed,108
2026-06-01 04:02:29,0.400000,0.000000,0.000000,7.914300,0.004000,63.909000,47.528600,7.105600,337.716100,6,mixed,Mixed,109
2026-06-01 04:02:30,0.449900,0.000000,0.214048,9.341420,0.004700,63.900000,47.465600,7.906600,375.280600,6,mixed,Mixed,110
2026-06-01 04:02:31,0.600000,0.000000,0.000000,11.871500,0.005900,63.890000,47.374364,10.125636,479.678727,6,mixed,Mixed,111
2026-06-01 04:02:32,0.120000,0.000000,-0.571429,2.374300,0.001180,63.880000,47.477300,8.001100,379.662200,6,mixed,Mixed,112
2026-06-01 04:02:33,0.000000,0.000000,0.000000,0.000000,0.000000,63.871111,47.720778,3.254556,155.278667,6,mixed,Mixed,113
2026-06-01 04:02:34,0.000000,0.300000,0.000000,0.000000,0.000000,63.862000,47.756000,1.977000,94.411300,6,mixed,Mixed,114
2026-06-01 04:02:35,0.000000,0.500000,0.000000,0.000000,0.000000,63.838000,47.736500,2.582100,123.260400,6,mixed,Mixed,115
2026-06-01 04:02:36,0.000000,0.500000,0.000000,0.000000,0.000000,63.834000,47.722000,2.883800,137.620300,6,mixed,Mixed,116
2026-06-01 04:02:37,0.000000,0.500000,0.000000,0.000000,0.000000,63.820000,47.717300,2.958900,141.190800,6,mixed,Mixed,117
2026-06-01 04:02:38,0.000000,0.500000,0.000000,0.000000,0.000000,63.804000,47.730800,2.931700,139.931700,6,mixed,Mixed,118
2026-06-01 04:02:39,0.000000,0.500000,0.000000,0.000000,0.000000,63.852000,47.728900,2.980300,142.246400,6,mixed,Mixed,119
2026-06-01 04:02:40,0.000000,0.450000,0.000000,0.000000,0.000000,63.778000,47.710700,2.957400,141.097900,6,mixed,Mixed,120
2026-06-01 04:02:41,0.014700,0.000000,0.140000,0.378790,0.000190,63.778000,47.774500,2.016400,96.315300,6,mixed,Mixed,121
2026-06-01 04:02:42,0.568200,0.000000,0.471429,12.103130,0.006030,63.767000,47.509000,6.831200,324.433400,6,mixed,Mixed,122
2026-06-01 04:02:43,0.480000,0.000000,-0.190476,9.222130,0.004620,63.757000,47.409500,9.176400,435.046000,6,mixed,Mixed,123
2026-06-01 04:02:44,0.400000,0.000000,0.000000,7.914300,0.004000,63.748000,47.451100,8.433700,400.190100,6,mixed,Mixed,124
2026-06-01 04:02:45,0.384000,0.000000,-0.152381,7.487710,0.003780,63.747000,47.468700,8.120600,385.473100,6,mixed,Mixed,125
2026-06-01 04:02:46,0.200000,0.000000,-0.038095,3.929690,0.001980,63.738000,47.533400,6.307400,299.799000,6,mixed,Mixed,126
2026-06-01 04:02:47,0.200000,0.000000,0.000000,3.957200,0.002000,63.793000,47.619100,4.968200,236.577700,6,mixed,Mixed,127
2026-06-01 04:02:48,0.200000,0.000000,0.000000,3.957200,0.002000,63.753000,47.659200,4.504000,214.656400,6,mixed,Mixed,128
2026-06-01 04:02:49,0.000000,0.000000,-0.190476,0.000000,0.000000,63.752000,47.729000,2.797000,133.479700,6,mixed,Mixed,129
2026-06-01 04:02:50,0.000000,0.000000,0.000000,0.000000,0.000000,63.751000,47.811300,1.318100,63.017800,6,mixed,Mixed,130
2026-06-01 04:02:51,0.000000,0.500000,0.000000,0.000000,0.000000,63.737000,47.768800,1.809300,86.420400,6,mixed,Mixed,131
2026-06-01 04:02:52,0.000000,0.500000,0.000000,0.000000,0.000000,63.760000,47.724000,2.601900,124.170800,6,mixed,Mixed,132
2026-06-01 04:02:53,0.000000,0.500000,0.000000,0.000000,0.000000,63.742000,47.733300,2.869900,136.988800,6,mixed,Mixed,133
2026-06-01 04:02:54,0.000000,0.500000,0.000000,0.000000,0.000000,63.741000,47.728100,2.974400,141.962100,6,mixed,Mixed,134
2026-06-01 04:02:55,0.000000,0.500000,0.000000,0.000000,0.000000,63.770000,47.744100,2.978200,142.192100,6,mixed,Mixed,135
2026-06-01 04:02:56,0.000000,0.500000,0.000000,0.000000,0.000000,63.708000,47.718400,2.999500,143.131200,6,mixed,Mixed,136
2026-06-01 04:02:57,0.000000,0.250000,0.000000,0.000000,0.000000,63.772000,47.735500,2.648700,126.434800,6,mixed,Mixed,137
2026-06-01 04:02:58,0.000000,0.000000,0.000000,0.000000,0.000000,63.780000,47.803400,1.375400,65.742900,6,mixed,Mixed,138
2026-06-01 04:02:59,0.000000,0.000000,0.000000,0.000000,0.000000,63.780000,47.814000,0.820900,39.249200,6,mixed,Mixed,139
2026-06-01 04:03:00,0.000000,0.000000,0.000000,0.000000,0.000000,63.780000,47.836300,0.581300,27.807000,6,mixed,Mixed,140
2026-06-01 04:03:01,0.000000,0.000000,0.000000,0.000000,0.000000,63.780000,47.838700,0.510900,24.439800,6,mixed,Mixed,141
2026-06-01 04:03:02,0.000000,0.000000,0.000000,0.000000,0.000000,63.780000,47.854700,0.502300,24.037000,6,mixed,Mixed,142
2026-06-01 04:03:03,0.082700,0.000000,0.196905,1.768480,0.000890,63.780000,47.810300,0.965300,46.144400,6,mixed,Mixed,143
2026-06-01 04:03:04,0.200000,0.000000,0.000000,3.957200,0.002000,63.762000,47.723700,2.934900,140.057300,6,mixed,Mixed,144
2026-06-01 04:03:05,0.200000,0.000000,0.000000,3.957200,0.002000,63.770000,47.678100,3.831700,182.688300,6,mixed,Mixed,145
2026-06-01 04:03:06,0.264500,0.000000,0.190476,5.494170,0.002770,63.758000,47.655400,4.455400,212.311800,6,mixed,Mixed,146
2026-06-01 04:03:07,0.400000,0.000000,0.000000,7.914300,0.004000,63.760000,47.532400,6.513900,309.608200,6,mixed,Mixed,147
2026-06-01 04:03:08,0.400000,0.000000,0.000000,7.914300,0.004000,63.752000,47.489900,7.505300,356.426300,6,mixed,Mixed,148
2026-06-01 04:03:09,0.564500,0.000000,0.190476,11.565580,0.005760,63.744000,47.414300,9.131800,432.941800,6,mixed,Mixed,149
2026-06-01 04:03:10,0.372000,0.000000,-0.685714,7.360330,0.003660,63.725000,47.373600,9.828300,465.527600,6,mixed,Mixed,150
2026-06-01 04:03:11,0.000000,0.000000,0.000000,0.000000,0.000000,63.726000,47.643300,4.497000,214.200600,6,mixed,Mixed,151
2026-06-01 04:03:12,0.000000,0.145000,0.000000,0.000000,0.000000,63.720000,47.769400,2.031200,97.024700,6,mixed,Mixed,152
2026-06-01 04:03:13,0.000000,0.500000,0.000000,0.000000,0.000000,63.656000,47.741800,2.404400,114.788400,6,mixed,Mixed,153
2026-06-01 04:03:14,0.000000,0.500000,0.000000,0.000000,0.000000,63.694000,47.727500,2.820300,134.603900,6,mixed,Mixed,154
2026-06-01 04:03:15,0.000000,0.500000,0.000000,0.000000,0.000000,63.657778,47.715444,2.908333,138.772444,6,mixed,Mixed,155
2026-06-01 04:03:16,0.000000,0.500000,0.000000,0.000000,0.000000,63.710000,47.706091,2.956000,141.018545,6,mixed,Mixed,156
2026-06-01 04:03:17,0.000000,0.500000,0.000000,0.000000,0.000000,63.710000,47.724444,2.958444,141.189556,6,mixed,Mixed,157
2026-06-01 04:03:18,0.000000,0.500000,0.000000,0.000000,0.000000,63.710000,47.711455,3.011455,143.680273,6,mixed,Mixed,158
2026-06-01 04:03:19,0.000000,0.055556,0.000000,0.000000,0.000000,63.684444,47.760444,2.196889,104.914556,6,mixed,Mixed,159
2026-06-01 04:03:20,0.336900,0.000000,0.611429,7.623400,0.003800,63.660000,47.641600,4.009400,190.779300,6,mixed,Mixed,160
2026-06-01 04:03:21,0.580000,0.000000,-0.190476,11.200730,0.005570,63.611000,47.402800,8.985700,425.926900,6,mixed,Mixed,161
2026-06-01 04:03:22,0.400000,0.000000,0.000000,7.914300,0.004000,63.601000,47.421600,8.871500,420.696700,6,mixed,Mixed,162
2026-06-01 04:03:23,0.400000,0.000000,0.000000,7.914300,0.004000,63.592000,47.439500,8.324900,394.928000,6,mixed,Mixed,163
2026-06-01 04:03:24,0.300000,0.000000,-0.190476,5.798220,0.002930,63.583000,47.477000,7.432100,352.837100,6,mixed,Mixed,164
2026-06-01 04:03:25,0.200000,0.000000,0.000000,3.957200,0.002000,63.579000,47.576300,5.474000,260.426800,6,mixed,Mixed,165
2026-06-01 04:03:26,0.200000,0.000000,0.000000,3.957200,0.002000,63.570000,47.621600,4.693200,223.497600,6,mixed,Mixed,166
2026-06-01 04:03:27,0.100000,0.000000,-0.238095,1.978600,0.001000,63.570000,47.678400,3.718200,177.244400,6,mixed,Mixed,167
2026-06-01 04:03:28,0.000000,0.000000,0.000000,0.000000,0.000000,63.568000,47.768800,1.734400,82.841300,6,mixed,Mixed,168
2026-06-01 04:03:29,0.000000,0.200000,0.000000,0.000000,0.000000,63.560000,47.784600,1.231800,58.859300,6,mixed,Mixed,169
2026-06-01 04:03:30,0.000000,0.500000,0.000000,0.000000,0.000000,63.594000,47.755500,2.262400,108.038100,6,mixed,Mixed,170
2026-06-01 04:03:31,0.000000,0.500000,0.000000,0.000000,0.000000,63.560000,47.701000,2.789300,133.052400,6,mixed,Mixed,171
2026-06-01 04:03:32,0.000000,0.500000,0.000000,0.000000,0.000000,63.632000,47.712500,2.921600,139.396200,6,mixed,Mixed,172
2026-06-01 04:03:33,0.000000,0.500000,0.000000,0.000000,0.000000,63.553000,47.709100,2.994900,142.884000,6,mixed,Mixed,173
2026-06-01 04:03:34,0.000000,0.500000,0.000000,0.000000,0.000000,63.584000,47.700300,2.994600,142.842900,6,mixed,Mixed,174
2026-06-01 04:03:35,0.000000,0.500000,0.000000,0.000000,0.000000,63.590000,47.690700,3.023500,144.192800,6,mixed,Mixed,175
2026-06-01 04:03:36,0.000000,0.000000,0.000000,0.000000,0.000000,63.630000,47.758400,1.946800,92.966000,6,mixed,Mixed,176
2026-06-01 04:03:37,0.000000,0.000000,0.000000,0.000000,0.000000,63.630000,47.792800,1.013500,48.436900,6,mixed,Mixed,177
2026-06-01 04:03:38,0.000000,0.000000,0.000000,0.000000,0.000000,63.630000,47.819900,0.689400,32.966300,6,mixed,Mixed,178
2026-06-01 04:03:39,0.000000,0.000000,0.000000,0.000000,0.000000,63.630000,47.831000,0.550000,26.307300,6,mixed,Mixed,179
2026-06-01 04:03:40,0.000000,0.000000,0.000000,0.000000,0.000000,63.630000,47.831200,0.494200,23.638000,6,mixed,Mixed,180
2026-06-01 04:03:41,0.000000,0.000000,0.000000,0.000000,0.000000,63.630000,47.832700,0.517700,24.763500,6,mixed,Mixed,181
2026-06-01 04:03:42,0.175300,0.000000,0.201667,3.597250,0.001820,63.626000,47.759400,1.836800,87.695600,6,mixed,Mixed,182
2026-06-01 04:03:43,0.200000,0.000000,0.000000,3.957200,0.002000,63.620000,47.686900,3.385500,161.439100,6,mixed,Mixed,183
2026-06-01 04:03:44,0.200000,0.000000,0.000000,3.957200,0.002000,63.620000,47.651500,3.959400,188.669800,6,mixed,Mixed,184
2026-06-01 04:03:45,0.378160,0.000000,0.194857,7.763560,0.003910,63.554000,47.574500,5.625200,267.590200,6,mixed,Mixed,185
2026-06-01 04:03:46,0.400000,0.000000,0.000000,7.914300,0.004000,63.532000,47.472000,7.187900,341.222300,6,mixed,Mixed,186
2026-06-01 04:03:47,0.456260,0.000000,0.227476,9.516360,0.004780,63.533000,47.445600,8.011500,380.104400,6,mixed,Mixed,187
2026-06-01 04:03:48,0.600000,0.000000,0.000000,11.871500,0.005900,63.514000,47.320700,10.207300,483.006300,6,mixed,Mixed,188
2026-06-01 04:03:49,0.120000,0.000000,-0.571429,2.374300,0.001180,63.520000,47.476600,7.507300,356.226800,6,mixed,Mixed,189
2026-06-01 04:03:50,0.000000,0.000000,0.000000,0.000000,0.000000,63.499000,47.710500,2.895000,138.097500,6,mixed,Mixed,190
2026-06-01 04:03:51,0.000000,0.350000,0.000000,0.000000,0.000000,63.498000,47.746100,2.097700,100.155700,6,mixed,Mixed,191
2026-06-01 04:03:52,0.000000,0.500000,0.000000,0.000000,0.000000,63.490000,47.713900,2.652400,126.555200,6,mixed,Mixed,192
2026-06-01 04:03:53,0.000000,0.500000,0.000000,0.000000,0.000000,63.481000,47.698800,2.869300,136.862000,6,mixed,Mixed,193
2026-06-01 04:03:54,0.000000,0.500000,0.000000,0.000000,0.000000,63.480000,47.693000,2.962000,141.267000,6,mixed,Mixed,194
2026-06-01 04:03:55,0.000000,0.500000,0.000000,0.000000,0.000000,63.480000,47.683100,2.984300,142.301300,6,mixed,Mixed,195
2026-06-01 04:03:56,0.000000,0.500000,0.000000,0.000000,0.000000,63.476000,47.681900,3.025300,144.252200,6,mixed,Mixed,196
2026-06-01 04:03:57,0.000000,0.385000,0.000000,0.000000,0.000000,63.470000,47.704300,2.869600,136.886200,6,mixed,Mixed,197
2026-06-01 04:03:58,0.018300,0.000000,0.174286,0.486660,0.000240,63.478000,47.746700,1.890500,90.246500,6,mixed,Mixed,198
2026-06-01 04:03:59,0.571200,0.000000,0.437143,12.109890,0.006020,63.467000,47.505900,6.785600,322.248300,6,mixed,Mixed,199
2026-06-01 04:04:00,0.500000,0.000000,-0.190476,9.617850,0.004810,63.457000,47.372500,9.364400,443.614900,6,mixed,Mixed,200
2026-06-01 04:04:01,0.400000,0.000000,0.000000,7.914300,0.004000,63.447000,47.416900,8.596600,407.620800,6,mixed,Mixed,201
2026-06-01 04:04:02,0.400000,0.000000,0.000000,7.914300,0.004000,63.438000,47.431900,8.185500,388.253800,6,mixed,Mixed,202
2026-06-01 04:04:03,0.200000,0.000000,-0.190476,3.819670,0.001930,63.430000,47.518700,6.296800,299.180600,6,mixed,Mixed,203
2026-06-01 04:04:04,0.200000,0.000000,0.000000,3.957200,0.002000,63.424000,47.590500,4.940800,235.130900,6,mixed,Mixed,204
2026-06-01 04:04:05,0.200000,0.000000,0.000000,3.957200,0.002000,63.420000,47.607100,4.441600,211.452500,6,mixed,Mixed,205
2026-06-01 04:04:06,0.000000,0.000000,-0.190476,0.000000,0.000000,63.420000,47.707900,2.541500,121.231000,6,mixed,Mixed,206
2026-06-01 04:04:07,0.000000,0.000000,0.000000,0.000000,0.000000,63.415000,47.788900,1.225700,58.572500,6,mixed,Mixed,207
2026-06-01 04:04:08,0.000000,0.450000,0.000000,0.000000,0.000000,63.410000,47.728500,1.752600,83.643100,6,mixed,Mixed,208
2026-06-01 04:04:09,0.000000,0.500000,0.000000,0.000000,0.000000,63.410000,47.706000,2.553400,121.812200,6,mixed,Mixed,209
2026-06-01 04:04:10,0.000000,0.500000,0.000000,0.000000,0.000000,63.410000,47.695900,2.896500,138.151300,6,mixed,Mixed,210
2026-06-01 04:04:11,0.000000,0.500000,0.000000,0.000000,0.000000,63.417000,47.683900,2.954300,140.872600,6,mixed,Mixed,211
2026-06-01 04:04:12,0.000000,0.500000,0.000000,0.000000,0.000000,63.400000,47.685900,2.968000,141.531400,6,mixed,Mixed,212
2026-06-01 04:04:13,0.000000,0.500000,0.000000,0.000000,0.000000,63.400000,47.665400,3.006100,143.287000,6,mixed,Mixed,213
2026-06-01 04:04:14,0.000000,0.285000,0.000000,0.000000,0.000000,63.400000,47.688800,2.654100,126.558500,6,mixed,Mixed,214
2026-06-01 04:04:15,0.000000,0.000000,0.000000,0.000000,0.000000,63.400000,47.776800,1.326200,63.354900,6,mixed,Mixed,215
2026-06-01 04:04:16,0.000000,0.000000,0.000000,0.000000,0.000000,63.394000,47.785700,0.802100,38.327600,6,mixed,Mixed,216
2026-06-01 04:04:17,0.000000,0.000000,0.000000,0.000000,0.000000,63.399000,47.793600,0.625400,29.889300,6,mixed,Mixed,217
2026-06-01 04:04:18,0.000000,0.000000,0.000000,0.000000,0.000000,63.399000,47.806600,0.483900,23.133500,6,mixed,Mixed,218
2026-06-01 04:04:19,0.000000,0.000000,0.000000,0.000000,0.000000,63.390000,47.793000,0.553600,26.458000,6,mixed,Mixed,219
2026-06-01 04:04:20,0.060660,0.000000,0.190476,1.334330,0.000670,63.390000,47.779800,0.843600,40.299800,6,mixed,Mixed,220
2026-06-01 04:04:21,0.200000,0.000000,0.000000,3.957200,0.002000,63.390000,47.697300,2.786100,132.879000,6,mixed,Mixed,221
2026-06-01 04:04:22,0.200000,0.000000,0.000000,3.957200,0.002000,63.390000,47.629500,3.741400,178.198700,6,mixed,Mixed,222
2026-06-01 04:04:23,0.262160,0.000000,0.190476,5.453050,0.002750,63.382000,47.618700,4.423300,210.622400,6,mixed,Mixed,223
2026-06-01 04:04:24,0.400000,0.000000,0.000000,7.914300,0.004000,63.387000,47.518700,6.517000,309.665100,6,mixed,Mixed,224
2026-06-01 04:04:25,0.400000,0.000000,0.000000,7.914300,0.004000,63.370000,47.466700,7.503400,356.159500,6,mixed,Mixed,225
2026-06-01 04:04:26,0.541680,0.000000,0.229238,11.203900,0.005590,63.362000,47.391400,8.883000,420.946900,6,mixed,Mixed,226
2026-06-01 04:04:27,0.444000,0.000000,-0.571429,8.784910,0.004370,63.352000,47.337900,10.127100,479.353500,6,mixed,Mixed,227
2026-06-01 04:04:28,0.000000,0.000000,0.000000,0.000000,0.000000,63.350000,47.586100,4.925600,234.298000,6,mixed,Mixed,228
2026-06-01 04:04:29,0.000000,0.080000,0.000000,0.000000,0.000000,63.340000,47.710100,2.122000,101.230000,6,mixed,Mixed,229
2026-06-01 04:04:30,0.000000,0.500000,0.000000,0.000000,0.000000,63.340000,47.707800,2.318800,110.618900,6,mixed,Mixed,230
2026-06-01 04:04:31,0.000000,0.500000,0.000000,0.000000,0.000000,63.337000,47.697200,2.768600,132.053800,6,mixed,Mixed,231
2026-06-01 04:04:32,0.000000,0.500000,0.000000,0.000000,0.000000,63.330000,47.693500,2.905100,138.553600,6,mixed,Mixed,232
2026-06-01 04:04:33,0.000000,0.500000,0.000000,0.000000,0.000000,63.338000,47.672700,2.967600,141.473100,6,mixed,Mixed,233
2026-06-01 04:04:34,0.000000,0.500000,0.000000,0.000000,0.000000,63.338000,47.689600,2.955600,140.951400,6,mixed,Mixed,234
2026-06-01 04:04:35,0.000000,0.500000,0.000000,0.000000,0.000000,63.322000,47.694200,2.976000,141.937800,6,mixed,Mixed,235
2026-06-01 04:04:36,0.000000,0.155000,0.000000,0.000000,0.000000,63.320000,47.708800,2.417700,115.328400,6,mixed,Mixed,236
2026-06-01 04:04:37,0.304500,0.000000,0.571428,6.945690,0.003470,63.328000,47.645300,3.752500,178.595300,6,mixed,Mixed,237
2026-06-01 04:04:38,0.592000,0.000000,-0.095238,11.575690,0.005760,63.312000,47.398600,8.826400,418.325200,6,mixed,Mixed,238
2026-06-01 04:04:39,0.400000,0.000000,-0.114286,7.749270,0.003910,63.326000,47.367200,8.965800,424.678000,6,mixed,Mixed,239
2026-06-01 04:04:40,0.400000,0.000000,0.000000,7.914300,0.004000,63.292000,47.411300,8.319500,394.436000,6,mixed,Mixed,240
2026-06-01 04:04:41,0.294000,0.000000,-0.204762,5.669200,0.002860,63.284000,47.452900,7.437600,352.901500,6,mixed,Mixed,241
2026-06-01 04:04:42,0.200000,0.000000,0.000000,3.957200,0.002000,63.280000,47.543600,5.468800,259.992900,6,mixed,Mixed,242
2026-06-01 04:04:43,0.200000,0.000000,0.000000,3.957200,0.002000,63.270000,47.585000,4.692200,223.275400,6,mixed,Mixed,243
2026-06-01 04:04:44,0.092000,0.000000,-0.209524,1.820310,0.000920,63.278000,47.622600,3.719600,177.112200,6,mixed,Mixed,244
2026-06-01 04:04:45,0.000000,0.000000,0.000000,0.000000,0.000000,63.286000,47.738500,1.708400,81.554000,6,mixed,Mixed,245
2026-06-01 04:04:46,0.000000,0.225000,0.000000,0.000000,0.000000,63.288000,47.768600,1.268300,60.579400,6,mixed,Mixed,246
2026-06-01 04:04:47,0.000000,0.500000,0.000000,0.000000,0.000000,63.260000,47.702400,2.274300,108.484200,6,mixed,Mixed,247
2026-06-01 04:04:48,0.000000,0.500000,0.000000,0.000000,0.000000,63.284000,47.693900,2.721100,129.779700,6,mixed,Mixed,248
2026-06-01 04:04:49,0.000000,0.500000,0.000000,0.000000,0.000000,63.268000,47.694700,2.916200,139.087900,6,mixed,Mixed,249
2026-06-01 04:04:50,0.000000,0.500000,0.000000,0.000000,0.000000,63.272000,47.691700,2.957900,141.067300,6,mixed,Mixed,250
2026-06-01 04:04:51,0.000000,0.500000,0.000000,0.000000,0.000000,63.258000,47.667600,2.966900,141.424400,6,mixed,Mixed,251
2026-06-01 04:04:52,0.000000,0.465000,0.000000,0.000000,0.000000,63.258000,47.665500,2.961700,141.171300,6,mixed,Mixed,252
2026-06-01 04:04:53,0.000000,0.000000,0.000000,0.000000,0.000000,63.250000,47.729000,1.835500,87.605700,6,mixed,Mixed,253
2026-06-01 04:04:54,0.000000,0.000000,0.000000,0.000000,0.000000,63.250000,47.765000,0.982300,46.917200,6,mixed,Mixed,254
2026-06-01 04:04:55,0.000000,0.000000,0.000000,0.000000,0.000000,63.246000,47.791300,0.664200,31.741700,6,mixed,Mixed,255
2026-06-01 04:04:56,0.000000,0.000000,0.000000,0.000000,0.000000,63.240000,47.797500,0.541400,25.877800,6,mixed,Mixed,256
2026-06-01 04:04:57,0.000000,0.000000,0.000000,0.000000,0.000000,63.240000,47.793800,0.515600,24.641200,6,mixed,Mixed,257
2026-06-01 04:04:58,0.000000,0.000000,0.000000,0.000000,0.000000,63.240000,47.806200,0.510700,24.414400,6,mixed,Mixed,258
2026-06-01 04:04:59,0.183460,0.000000,0.227762,3.774800,0.001900,63.240000,47.698400,2.034000,96.991500,6,mixed,Mixed,259
2026-06-01 04:05:00,0.200000,0.000000,0.000000,3.957200,0.002000,63.240000,47.639800,3.459300,164.797700,6,mixed,Mixed,260
2026-06-01 04:05:01,0.200000,0.000000,0.000000,3.957200,0.002000,63.238000,47.624800,3.985400,189.802400,6,mixed,Mixed,261
2026-06-01 04:05:02,0.361160,0.000000,0.190476,7.414560,0.003740,63.230000,47.551400,5.449800,259.102900,6,mixed,Mixed,262
2026-06-01 04:05:03,0.400000,0.000000,0.000000,7.914300,0.004000,63.225000,47.479300,7.093700,336.797100,6,mixed,Mixed,263
2026-06-01 04:05:04,0.461160,0.000000,0.190476,9.530400,0.004780,63.217000,47.421000,8.016200,380.119300,6,mixed,Mixed,264
2026-06-01 04:05:05,0.600000,0.000000,0.000000,11.871500,0.005900,63.206000,47.315700,10.196000,482.412700,6,mixed,Mixed,265
2026-06-01 04:05:06,0.060000,0.000000,-0.571429,1.187150,0.000590,63.197000,47.456400,7.302200,346.330200,6,mixed,Mixed,266
2026-06-01 04:05:07,0.000000,0.000000,0.000000,0.000000,0.000000,63.190000,47.663900,2.853300,135.978500,6,mixed,Mixed,267
2026-06-01 04:05:08,0.000000,0.400000,0.000000,0.000000,0.000000,63.198000,47.722300,2.044500,97.563900,6,mixed,Mixed,268
2026-06-01 04:05:09,0.000000,0.500000,0.000000,0.000000,0.000000,63.214000,47.693600,2.676800,127.665600,6,mixed,Mixed,269
2026-06-01 04:05:10,0.000000,0.500000,0.000000,0.000000,0.000000,63.238000,47.687000,2.901900,138.382700,6,mixed,Mixed,270
2026-06-01 04:05:11,0.000000,0.500000,0.000000,0.000000,0.000000,63.188000,47.646600,2.942700,140.209200,6,mixed,Mixed,271
2026-06-01 04:05:12,0.000000,0.500000,0.000000,0.000000,0.000000,63.236000,47.673200,3.008300,143.415600,6,mixed,Mixed,272
2026-06-01 04:05:13,0.000000,0.500000,0.000000,0.000000,0.000000,63.196000,47.661400,2.991100,142.559300,6,mixed,Mixed,273
2026-06-01 04:05:14,0.000000,0.360000,0.000000,0.000000,0.000000,63.206000,47.657700,2.841500,135.417700,6,mixed,Mixed,274
2026-06-01 04:05:15,0.027000,0.000000,0.248571,0.743890,0.000370,63.170000,47.721400,1.926500,91.924200,6,mixed,Mixed,275
2026-06-01 04:05:16,0.582900,0.000000,0.362857,12.228140,0.006090,63.168000,47.466000,6.757500,320.652200,6,mixed,Mixed,276
2026-06-01 04:05:17,0.460000,0.000000,-0.190476,8.826410,0.004430,63.166000,47.349900,9.193900,435.325000,6,mixed,Mixed,277
2026-06-01 04:05:18,0.400000,0.000000,0.000000,7.914300,0.004000,63.157000,47.408900,8.434400,399.865300,6,mixed,Mixed,278
2026-06-01 04:05:19,0.360000,0.000000,-0.190476,6.985350,0.003530,63.164000,47.393400,8.056700,381.830100,6,mixed,Mixed,279
2026-06-01 04:05:20,0.200000,0.000000,0.000000,3.957200,0.002000,63.198000,47.508500,6.070600,288.388900,6,mixed,Mixed,280
2026-06-01 04:05:21,0.200000,0.000000,0.000000,3.957200,0.002000,63.210000,47.564900,4.865000,231.403100,6,mixed,Mixed,281
2026-06-01 04:05:22,0.180000,0.000000,-0.190476,3.561480,0.001800,63.203000,47.591100,4.448500,211.709800,6,mixed,Mixed,282
2026-06-01 04:05:23,0.000000,0.000000,0.000000,0.000000,0.000000,63.200000,47.684300,2.562100,122.145200,6,mixed,Mixed,283
2026-06-01 04:05:24,0.000000,0.050000,0.000000,0.000000,0.000000,63.200000,47.753800,1.218000,58.160500,6,mixed,Mixed,284
2026-06-01 04:05:25,0.000000,0.500000,0.000000,0.000000,0.000000,63.190000,47.718111,1.897667,90.549444,6,mixed,Mixed,285
2026-06-01 04:05:26,0.000000,0.500000,0.000000,0.000000,0.000000,63.190000,47.667727,2.585727,123.256273,6,mixed,Mixed,286
2026-06-01 04:05:27,0.000000,0.500000,0.000000,0.000000,0.000000,63.190000,47.665778,2.846444,135.677111,6,mixed,Mixed,287
2026-06-01 04:05:28,0.000000,0.500000,0.000000,0.000000,0.000000,63.190000,47.670300,2.955200,140.874700,6,mixed,Mixed,288
2026-06-01 04:05:29,0.000000,0.500000,0.000000,0.000000,0.000000,63.190000,47.661364,2.998909,142.931273,6,mixed,Mixed,289
2026-06-01 04:05:30,0.000000,0.500000,0.000000,0.000000,0.000000,63.183000,47.658000,3.021100,143.979500,6,mixed,Mixed,290
2026-06-01 04:05:31,0.000000,0.222222,0.000000,0.000000,0.000000,63.180000,47.702778,2.620889,125.016333,6,mixed,Mixed,291
2026-06-01 04:05:32,0.000000,0.000000,0.000000,0.000000,0.000000,63.172000,47.738600,1.354100,64.640500,6,mixed,Mixed,292
2026-06-01 04:05:33,0.000000,0.000000,0.000000,0.000000,0.000000,63.180000,47.761900,0.830100,39.646800,6,mixed,Mixed,293
2026-06-01 04:05:34,0.000000,0.000000,0.000000,0.000000,0.000000,63.180000,47.776700,0.619700,29.607100,6,mixed,Mixed,294
2026-06-01 04:05:35,0.000000,0.000000,0.000000,0.000000,0.000000,63.180000,47.791000,0.525500,25.114100,6,mixed,Mixed,295
2026-06-01 04:05:36,0.000000,0.000000,0.000000,0.000000,0.000000,63.172000,47.785800,0.516500,24.680800,6,mixed,Mixed,296
2026-06-01 04:05:37,0.069900,0.000000,0.190476,1.507630,0.000760,63.172000,47.764300,0.878100,41.933900,6,mixed,Mixed,297
2026-06-01 04:05:38,0.200000,0.000000,0.000000,3.957200,0.002000,63.176000,47.670300,2.819600,134.402400,6,mixed,Mixed,298
2026-06-01 04:05:39,0.200000,0.000000,0.000000,3.957200,0.002000,63.170000,47.621100,3.729000,177.574400,6,mixed,Mixed,299
2026-06-01 04:05:40,0.251700,0.000000,0.210238,5.270820,0.002660,63.170000,47.610300,4.274800,203.516100,6,mixed,Mixed,300
2026-06-01 04:05:41,0.400000,0.000000,0.000000,7.914300,0.004000,63.161000,47.481900,6.338800,300.967000,6,mixed,Mixed,301
2026-06-01 04:05:42,0.400000,0.000000,0.000000,7.914300,0.004000,63.155000,47.420400,7.413800,351.562200,6,mixed,Mixed,302
2026-06-01 04:05:43,0.527500,0.000000,0.208333,10.874080,0.005430,63.147000,47.360200,8.665300,410.358200,6,mixed,Mixed,303
2026-06-01 04:05:44,0.540000,0.000000,-0.571429,10.684350,0.005310,63.136000,47.284400,10.497800,496.376800,6,mixed,Mixed,304
2026-06-01 04:05:45,0.000000,0.000000,0.000000,0.000000,0.000000,63.119000,47.527000,5.976000,283.885600,6,mixed,Mixed,305
2026-06-01 04:05:46,0.000000,0.000000,0.000000,0.000000,0.000000,63.096000,47.690200,2.376000,113.283900,6,mixed,Mixed,306
2026-06-01 04:05:47,0.000000,0.500000,0.000000,0.000000,0.000000,63.120000,47.698800,2.209500,105.389600,6,mixed,Mixed,307
2026-06-01 04:05:48,0.000000,0.500000,0.000000,0.000000,0.000000,63.096000,47.665300,2.752100,131.179900,6,mixed,Mixed,308
2026-06-01 04:05:49,0.000000,0.500000,0.000000,0.000000,0.000000,63.110000,47.668300,2.912000,138.809500,6,mixed,Mixed,309
2026-06-01 04:05:50,0.000000,0.500000,0.000000,0.000000,0.000000,63.086000,47.654300,2.950500,140.604800,6,mixed,Mixed,310
2026-06-01 04:05:51,0.000000,0.500000,0.000000,0.000000,0.000000,63.070000,47.652500,2.999300,142.924100,6,mixed,Mixed,311
2026-06-01 04:05:52,0.000000,0.500000,0.000000,0.000000,0.000000,63.110000,47.655800,2.976300,141.837800,6,mixed,Mixed,312
2026-06-01 04:05:53,0.000000,0.250000,0.000000,0.000000,0.000000,63.038000,47.670200,2.551300,121.612100,6,mixed,Mixed,313
2026-06-01 04:05:54,0.213300,0.000000,0.611429,5.199090,0.002590,63.020000,47.641300,3.259400,155.157500,6,mixed,Mixed,314
2026-06-01 04:05:55,0.600000,0.000000,0.000000,11.871500,0.005900,63.021000,47.380400,8.472800,401.375500,6,mixed,Mixed,315
2026-06-01 04:05:56,0.420000,0.000000,-0.190476,8.034970,0.004050,63.003000,47.340500,9.100500,430.820300,6,mixed,Mixed,316
2026-06-01 04:05:57,0.400000,0.000000,0.000000,7.914300,0.004000,62.994000,47.368500,8.394900,397.653800,6,mixed,Mixed,317
2026-06-01 04:05:58,0.320000,0.000000,-0.190476,6.193930,0.003130,62.985000,47.409300,7.643800,362.365700,6,mixed,Mixed,318
2026-06-01 04:05:59,0.200000,0.000000,0.000000,3.957200,0.002000,62.980000,47.514700,5.598400,265.998700,6,mixed,Mixed,319
2026-06-01 04:06:00,0.200000,0.000000,0.000000,3.957200,0.002000,62.971000,47.554800,4.724400,224.663600,6,mixed,Mixed,320
2026-06-01 04:06:01,0.130000,0.000000,-0.190476,2.572180,0.001300,62.970000,47.588600,4.098400,195.024800,6,mixed,Mixed,321
2026-06-01 04:06:02,0.000000,0.000000,0.000000,0.000000,0.000000,62.970000,47.693600,1.970900,93.993500,6,mixed,Mixed,322
2026-06-01 04:06:03,0.000000,0.165000,0.000000,0.000000,0.000000,62.961000,47.730300,1.229800,58.695100,6,mixed,Mixed,323
2026-06-01 04:06:04,0.000000,0.500000,0.000000,0.000000,0.000000,62.960000,47.684200,2.213300,105.540200,6,mixed,Mixed,324
2026-06-01 04:06:05,0.000000,0.500000,0.000000,0.000000,0.000000,62.960000,47.640000,2.713300,129.263500,6,mixed,Mixed,325
2026-06-01 04:06:06,0.000000,0.500000,0.000000,0.000000,0.000000,62.960000,47.656200,2.927800,139.528100,6,mixed,Mixed,326
2026-06-01 04:06:07,0.000000,0.500000,0.000000,0.000000,0.000000,62.955000,47.666600,2.949100,140.573400,6,mixed,Mixed,327
2026-06-01 04:06:08,0.000000,0.500000,0.000000,0.000000,0.000000,62.950000,47.637800,2.971700,141.564500,6,mixed,Mixed,328
2026-06-01 04:06:09,0.000000,0.500000,0.000000,0.000000,0.000000,62.950000,47.634300,3.025400,144.112900,6,mixed,Mixed,329
2026-06-01 04:06:10,0.000000,0.025000,0.000000,0.000000,0.000000,62.950000,47.697600,1.979800,94.427700,6,mixed,Mixed,330
2026-06-01 04:06:11,0.000000,0.000000,0.000000,0.000000,0.000000,62.950000,47.753200,0.971800,46.406000,6,mixed,Mixed,331
2026-06-01 04:06:12,0.000000,0.000000,0.000000,0.000000,0.000000,62.944000,47.747000,0.663500,31.680300,6,mixed,Mixed,332
2026-06-01 04:06:13,0.000000,0.000000,0.000000,0.000000,0.000000,62.940000,47.769800,0.575300,27.481600,6,mixed,Mixed,333
2026-06-01 04:06:14,0.000000,0.000000,0.000000,0.000000,0.000000,62.940000,47.765400,0.509500,24.336100,6,mixed,Mixed,334
2026-06-01 04:06:15,0.000000,0.000000,0.000000,0.000000,0.000000,62.940000,47.776000,0.486500,23.241800,6,mixed,Mixed,335
2026-06-01 04:06:16,0.159660,0.000000,0.190476,3.294440,0.001660,62.940000,47.718500,1.800700,85.888300,6,mixed,Mixed,336
2026-06-01 04:06:17,0.200000,0.000000,0.000000,3.957200,0.002000,62.940000,47.622500,3.382100,161.059100,6,mixed,Mixed,337
2026-06-01 04:06:18,0.200000,0.000000,0.000000,3.957200,0.002000,62.938000,47.600400,3.936500,187.379900,6,mixed,Mixed,338
2026-06-01 04:06:19,0.341160,0.000000,0.190714,7.018670,0.003540,62.930000,47.533300,5.230600,248.590100,6,mixed,Mixed,339
2026-06-01 04:06:20,0.400000,0.000000,0.000000,7.914300,0.004000,62.925000,47.427700,7.031300,333.476000,6,mixed,Mixed,340
2026-06-01 04:06:21,0.420760,0.000000,0.216286,8.782240,0.004420,62.918000,47.399000,7.751400,367.404100,6,mixed,Mixed,341
2026-06-01 04:06:22,0.600000,0.000000,0.013333,11.900380,0.005920,62.908000,47.297600,9.841100,465.442200,6,mixed,Mixed,342
2026-06-01 04:06:23,0.216000,0.000000,-0.571429,4.273740,0.002130,62.897000,47.354000,8.507800,402.693200,6,mixed,Mixed,343
2026-06-01 04:06:24,0.000000,0.000000,0.000000,0.000000,0.000000,62.890000,47.610500,3.443700,163.915400,6,mixed,Mixed,344
2026-06-01 04:06:25,0.000000,0.315000,0.000000,0.000000,0.000000,62.890000,47.689000,2.060900,98.279500,6,mixed,Mixed,345
2026-06-01 04:06:26,0.000000,0.500000,0.000000,0.000000,0.000000,62.890000,47.651600,2.652200,126.381700,6,mixed,Mixed,346
2026-06-01 04:06:27,0.000000,0.500000,0.000000,0.000000,0.000000,62.890000,47.649600,2.848500,135.729600,6,mixed,Mixed,347
2026-06-01 04:06:28,0.000000,0.500000,0.000000,0.000000,0.000000,62.880000,47.640200,2.965100,141.257700,6,mixed,Mixed,348
2026-06-01 04:06:29,0.000000,0.500000,0.000000,0.000000,0.000000,62.888000,47.623500,2.975700,141.713600,6,mixed,Mixed,349
2026-06-01 04:06:30,0.000000,0.500000,0.000000,0.000000,0.000000,62.903000,47.640300,2.981200,142.025800,6,mixed,Mixed,350
2026-06-01 04:06:31,0.000000,0.350000,0.000000,0.000000,0.000000,62.954000,47.655000,2.885500,137.502200,6,mixed,Mixed,351
2026-06-01 04:06:32,0.031200,0.000000,0.260714,0.863620,0.000430,62.950000,47.690700,1.873900,89.353400,6,mixed,Mixed,352
2026-06-01 04:06:33,0.587100,0.000000,0.322857,12.250590,0.006100,62.949000,47.462500,6.784100,321.878400,6,mixed,Mixed,353
2026-06-01 04:06:34,0.480000,0.000000,-0.190476,9.222130,0.004620,62.939000,47.320700,9.350300,442.460800,6,mixed,Mixed,354
2026-06-01 04:06:35,0.400000,0.000000,0.000000,7.914300,0.004000,62.930000,47.361667,8.566111,405.705444,6,mixed,Mixed,355
2026-06-01 04:06:36,0.381818,0.000000,-0.173160,7.429536,0.003755,62.920909,47.380818,8.153000,386.295727,6,mixed,Mixed,356
2026-06-01 04:06:37,0.200000,0.000000,0.000000,3.957200,0.002000,62.912000,47.464700,6.298900,298.952300,6,mixed,Mixed,357
2026-06-01 04:06:38,0.200000,0.000000,0.000000,3.957200,0.002000,62.909000,47.532900,4.965300,236.012600,6,mixed,Mixed,358
2026-06-01 04:06:39,0.200000,0.000000,0.000000,3.957200,0.002000,62.900000,47.555667,4.515000,214.714667,6,mixed,Mixed,359
2026-06-01 04:06:40,0.020000,0.000000,-0.238095,0.395720,0.000200,62.900000,47.622200,3.043700,144.928700,6,mixed,Mixed,360
2026-06-01 04:06:41,0.000000,0.000000,0.000000,0.000000,0.000000,62.900000,47.707700,1.362600,65.003100,6,mixed,Mixed,361
2026-06-01 04:06:42,0.000000,0.400000,0.000000,0.000000,0.000000,62.891000,47.705600,1.540200,73.474300,6,mixed,Mixed,362
2026-06-01 04:06:43,0.000000,0.500000,0.000000,0.000000,0.000000,62.883636,47.668273,2.513636,119.819455,6,mixed,Mixed,363
2026-06-01 04:06:44,0.000000,0.500000,0.000000,0.000000,0.000000,62.881111,47.640333,2.813556,134.037222,6,mixed,Mixed,364
2026-06-01 04:06:45,0.000000,0.500000,0.000000,0.000000,0.000000,62.866000,47.634600,2.922000,139.187700,6,mixed,Mixed,365
2026-06-01 04:06:46,0.000000,0.500000,0.000000,0.000000,0.000000,62.845000,47.620500,2.991300,142.447100,6,mixed,Mixed,366
2026-06-01 04:06:47,0.000000,0.500000,0.000000,0.000000,0.000000,62.880000,47.625200,2.975000,141.685500,6,mixed,Mixed,367
2026-06-01 04:06:48,0.000000,0.350000,0.000000,0.000000,0.000000,62.832000,47.628200,2.829000,134.740100,6,mixed,Mixed,368
2026-06-01 04:06:49,0.000000,0.000000,0.000000,0.000000,0.000000,62.832000,47.720200,1.520300,72.546900,6,mixed,Mixed,369
2026-06-01 04:06:50,0.000000,0.000000,0.000000,0.000000,0.000000,62.803000,47.739800,0.876300,41.834000,6,mixed,Mixed,370
2026-06-01 04:06:51,0.000000,0.000000,0.000000,0.000000,0.000000,62.826000,47.754500,0.634600,30.305300,6,mixed,Mixed,371
2026-06-01 04:06:52,0.000000,0.000000,0.000000,0.000000,0.000000,62.835000,47.760500,0.551800,26.354100,6,mixed,Mixed,372
2026-06-01 04:06:53,0.000000,0.000000,0.000000,0.000000,0.000000,62.817000,47.745900,0.550600,26.288600,6,mixed,Mixed,373
2026-06-01 04:06:54,0.011100,0.000000,0.105714,0.292890,0.000150,62.823000,47.754200,0.608900,29.074200,6,mixed,Mixed,374
2026-06-01 04:06:55,0.200000,0.000000,0.084762,4.018390,0.002030,62.790000,47.665000,2.478900,118.145300,6,mixed,Mixed,375
2026-06-01 04:06:56,0.200000,0.000000,0.000000,3.957200,0.002000,62.830000,47.585800,3.601600,171.378500,6,mixed,Mixed,376
2026-06-01 04:06:57,0.211700,0.000000,0.111429,4.343960,0.002190,62.819000,47.576500,4.092900,194.719400,6,mixed,Mixed,377
2026-06-01 04:06:58,0.400000,0.000000,0.079048,8.028450,0.004050,62.812000,47.471600,6.024400,285.960000,6,mixed,Mixed,378
2026-06-01 04:06:59,0.400000,0.000000,0.000000,7.914300,0.004000,62.795000,47.413100,7.330900,347.577300,6,mixed,Mixed,379
2026-06-01 04:07:00,0.492300,0.000000,0.190476,10.147200,0.005080,62.789000,47.352000,8.363100,395.983500,6,mixed,Mixed,380
2026-06-01 04:07:01,0.600000,0.000000,0.000000,11.871500,0.005900,62.802000,47.264500,10.400800,491.574000,6,mixed,Mixed,381
2026-06-01 04:07:02,0.060000,0.000000,-0.571429,1.187150,0.000590,62.775000,47.428000,6.835300,324.015700,6,mixed,Mixed,382
2026-06-01 04:07:03,0.000000,0.000000,0.000000,0.000000,0.000000,62.748000,47.631300,2.664000,126.865800,6,mixed,Mixed,383
2026-06-01 04:07:04,0.000000,0.409091,0.000000,0.000000,0.000000,62.798182,47.671091,2.101909,100.194545,6,mixed,Mixed,384
2026-06-01 04:07:05,0.000000,0.500000,0.000000,0.000000,0.000000,62.762222,47.651333,2.684333,127.911111,6,mixed,Mixed,385
2026-06-01 04:07:06,0.000000,0.500000,0.000000,0.000000,0.000000,62.796000,47.629200,2.879100,137.129400,6,mixed,Mixed,386
2026-06-01 04:07:07,0.000000,0.500000,0.000000,0.000000,0.000000,62.762000,47.620700,2.930800,139.566800,6,mixed,Mixed,387
2026-06-01 04:07:08,0.000000,0.500000,0.000000,0.000000,0.000000,62.786000,47.625800,2.986500,142.235000,6,mixed,Mixed,388
2026-06-01 04:07:09,0.000000,0.500000,0.000000,0.000000,0.000000,62.772000,47.617700,3.020100,143.809300,6,mixed,Mixed,389
2026-06-01 04:07:10,0.000000,0.350000,0.000000,0.000000,0.000000,62.776000,47.631000,2.848800,135.686200,6,mixed,Mixed,390
2026-06-01 04:07:11,0.096300,0.000000,0.505714,2.662860,0.001320,62.736000,47.648300,2.434400,115.949000,6,mixed,Mixed,391
2026-06-01 04:07:12,0.600000,0.000000,0.082143,12.049420,0.005990,62.722000,47.390200,7.688500,364.295100,6,mixed,Mixed,392
2026-06-01 04:07:13,0.440000,0.000000,-0.190476,8.430690,0.004240,62.753000,47.322000,9.130500,432.076400,6,mixed,Mixed,393
2026-06-01 04:07:14,0.400000,0.000000,0.000000,7.914300,0.004000,62.735000,47.355400,8.372200,396.468300,6,mixed,Mixed,394
2026-06-01 04:07:15,0.340000,0.000000,-0.190476,6.589640,0.003330,62.702000,47.387400,7.801900,369.705200,6,mixed,Mixed,395
2026-06-01 04:07:16,0.200000,0.000000,0.000000,3.957200,0.002000,62.696000,47.477300,5.769500,273.903400,6,mixed,Mixed,396
2026-06-01 04:07:17,0.200000,0.000000,0.000000,3.957200,0.002000,62.671000,47.522700,4.776500,226.990000,6,mixed,Mixed,397
2026-06-01 04:07:18,0.160000,0.000000,-0.190476,3.165760,0.001600,62.670000,47.545300,4.210300,200.178100,6,mixed,Mixed,398
2026-06-01 04:07:19,0.000000,0.000000,0.000000,0.000000,0.000000,62.669000,47.645600,2.201100,104.860700,6,mixed,Mixed,399
2026-06-01 04:07:20,0.000000,0.050000,0.000000,0.000000,0.000000,62.660000,47.715600,1.168900,55.774300,6,mixed,Mixed,400
2026-06-01 04:07:21,0.000000,0.500000,0.000000,0.000000,0.000000,62.700000,47.660200,1.980400,94.385200,6,mixed,Mixed,401
2026-06-01 04:07:22,0.000000,0.500000,0.000000,0.000000,0.000000,62.660000,47.627600,2.673500,127.329900,6,mixed,Mixed,402
2026-06-01 04:07:23,0.000000,0.500000,0.000000,0.000000,0.000000,62.660000,47.630700,2.859300,136.190100,6,mixed,Mixed,403
2026-06-01 04:07:24,0.000000,0.500000,0.000000,0.000000,0.000000,62.655000,47.607400,2.970500,141.417100,6,mixed,Mixed,404
2026-06-01 04:07:25,0.000000,0.500000,0.000000,0.000000,0.000000,62.650000,47.611400,2.997300,142.705100,6,mixed,Mixed,405
2026-06-01 04:07:26,0.000000,0.500000,0.000000,0.000000,0.000000,62.658000,47.610300,3.002600,142.953800,6,mixed,Mixed,406
2026-06-01 04:07:27,0.000000,0.175000,0.000000,0.000000,0.000000,62.650000,47.653000,2.381000,113.443100,6,mixed,Mixed,407
2026-06-01 04:07:28,0.000000,0.000000,0.000000,0.000000,0.000000,62.645000,47.716200,1.223900,58.396800,6,mixed,Mixed,408
2026-06-01 04:07:29,0.000000,0.000000,0.000000,0.000000,0.000000,62.640000,47.723400,0.759000,36.220500,6,mixed,Mixed,409
2026-06-01 04:07:30,0.000000,0.000000,0.000000,0.000000,0.000000,62.640000,47.726900,0.586500,27.992000,6,mixed,Mixed,410
2026-06-01 04:07:31,0.000000,0.000000,0.000000,0.000000,0.000000,62.640000,47.740700,0.489700,23.378400,6,mixed,Mixed,411
2026-06-01 04:07:32,0.000000,0.000000,0.000000,0.000000,0.000000,62.640000,47.752700,0.509700,24.340100,6,mixed,Mixed,412
2026-06-01 04:07:33,0.099160,0.000000,0.190905,2.098590,0.001050,62.640000,47.708800,1.176100,56.086900,6,mixed,Mixed,413
2026-06-01 04:07:34,0.200000,0.000000,0.000000,3.957200,0.002000,62.640000,47.602700,3.092100,147.184100,6,mixed,Mixed,414
2026-06-01 04:07:35,0.200000,0.000000,0.000000,3.957200,0.002000,62.639000,47.578000,3.852100,183.274200,6,mixed,Mixed,415
2026-06-01 04:07:36,0.280660,0.000000,0.190476,5.823440,0.002930,62.630000,47.531000,4.638100,220.435300,6,mixed,Mixed,416
2026-06-01 04:07:37,0.400000,0.000000,0.000000,7.914300,0.004000,62.627000,47.440600,6.634600,314.739800,6,mixed,Mixed,417
2026-06-01 04:07:38,0.400000,0.000000,0.000000,7.914300,0.004000,62.620000,47.395300,7.535100,357.128700,6,mixed,Mixed,418
2026-06-01 04:07:39,0.580660,0.000000,0.190476,11.897260,0.005930,62.609000,47.309000,9.367700,443.152900,6,mixed,Mixed,419
2026-06-01 04:07:40,0.402000,0.000000,-0.614286,7.953900,0.003960,62.598000,47.242900,9.955200,470.243200,6,mixed,Mixed,420
2026-06-01 04:07:41,0.000000,0.000000,0.000000,0.000000,0.000000,62.590000,47.548800,4.512100,214.460800,6,mixed,Mixed,421
2026-06-01 04:07:42,0.000000,0.115000,0.000000,0.000000,0.000000,62.590000,47.673300,2.043700,97.425100,6,mixed,Mixed,422
2026-06-01 04:07:43,0.000000,0.500000,0.000000,0.000000,0.000000,62.590000,47.639000,2.403600,114.505000,6,mixed,Mixed,423
2026-06-01 04:07:44,0.000000,0.500000,0.000000,0.000000,0.000000,62.589000,47.614100,2.832300,134.857900,6,mixed,Mixed,424
2026-06-01 04:07:45,0.000000,0.500000,0.000000,0.000000,0.000000,62.580000,47.629600,2.923600,139.250000,6,mixed,Mixed,425
2026-06-01 04:07:46,0.000000,0.500000,0.000000,0.000000,0.000000,62.604000,47.622500,2.952500,140.605800,6,mixed,Mixed,426
2026-06-01 04:07:47,0.000000,0.500000,0.000000,0.000000,0.000000,62.576000,47.589400,2.995500,142.554300,6,mixed,Mixed,427
2026-06-01 04:07:48,0.000000,0.500000,0.000000,0.000000,0.000000,62.627000,47.612900,3.010200,143.324700,6,mixed,Mixed,428
2026-06-01 04:07:49,0.000000,0.055000,0.000000,0.000000,0.000000,62.570000,47.655100,2.096800,99.906400,6,mixed,Mixed,429
2026-06-01 04:07:50,0.428100,0.000000,0.611428,9.361150,0.004660,62.568000,47.497300,4.994500,237.036600,6,mixed,Mixed,430
2026-06-01 04:07:51,0.540000,0.000000,-0.190476,10.409290,0.005190,62.558000,47.285100,9.204400,435.210700,6,mixed,Mixed,431
2026-06-01 04:07:52,0.400000,0.000000,0.000000,7.914300,0.004000,62.549000,47.317000,8.796800,416.238100,6,mixed,Mixed,432
2026-06-01 04:07:53,0.400000,0.000000,0.000000,7.914300,0.004000,62.548000,47.337400,8.255600,390.797300,6,mixed,Mixed,433
2026-06-01 04:07:54,0.260000,0.000000,-0.190476,5.006800,0.002530,62.530000,47.392100,7.244500,343.303500,6,mixed,Mixed,434
2026-06-01 04:07:55,0.200000,0.000000,0.000000,3.957200,0.002000,62.533000,47.476100,5.345800,253.789800,6,mixed,Mixed,435
2026-06-01 04:07:56,0.200000,0.000000,0.000000,3.957200,0.002000,62.568000,47.530000,4.609400,219.085700,6,mixed,Mixed,436
2026-06-01 04:07:57,0.080000,0.000000,-0.238095,1.582880,0.000800,62.591000,47.569700,3.701500,176.057500,6,mixed,Mixed,437
2026-06-01 04:07:58,0.000000,0.000000,0.000000,0.000000,0.000000,62.594000,47.671000,1.719600,81.968300,6,mixed,Mixed,438
2026-06-01 04:07:59,0.000000,0.300000,0.000000,0.000000,0.000000,62.590000,47.672800,1.365200,65.075800,6,mixed,Mixed,439
2026-06-01 04:08:00,0.000000,0.500000,0.000000,0.000000,0.000000,62.566000,47.643200,2.354000,112.149500,6,mixed,Mixed,440
2026-06-01 04:08:01,0.000000,0.500000,0.000000,0.000000,0.000000,62.572222,47.621667,2.789000,132.817222,6,mixed,Mixed,441
2026-06-01 04:08:02,0.000000,0.500000,0.000000,0.000000,0.000000,62.566364,47.605000,2.908909,138.478545,6,mixed,Mixed,442
2026-06-01 04:08:03,0.000000,0.500000,0.000000,0.000000,0.000000,62.545556,47.609889,2.959333,140.893778,6,mixed,Mixed,443
2026-06-01 04:08:04,0.000000,0.500000,0.000000,0.000000,0.000000,62.565455,47.609364,2.992818,142.486364,6,mixed,Mixed,444
2026-06-01 04:08:05,0.000000,0.500000,0.000000,0.000000,0.000000,62.525556,47.614667,2.980556,141.918889,6,mixed,Mixed,445
2026-06-01 04:08:06,0.000000,0.000000,0.000000,0.000000,0.000000,62.535000,47.665600,1.897200,90.419800,6,mixed,Mixed,446
2026-06-01 04:08:07,0.000000,0.000000,0.000000,0.000000,0.000000,62.515000,47.708500,0.949900,45.316500,6,mixed,Mixed,447
2026-06-01 04:08:08,0.000000,0.000000,0.000000,0.000000,0.000000,62.498000,47.725700,0.675700,32.248100,6,mixed,Mixed,448
2026-06-01 04:08:09,0.000000,0.000000,0.000000,0.000000,0.000000,62.506000,47.725000,0.547100,26.110400,6,mixed,Mixed,449
2026-06-01 04:08:10,0.000000,0.000000,0.000000,0.000000,0.000000,62.498000,47.738200,0.498200,23.782400,6,mixed,Mixed,450
2026-06-01 04:08:11,0.000000,0.000000,0.000000,0.000000,0.000000,62.490000,47.730100,0.488400,23.310800,6,mixed,Mixed,451
2026-06-01 04:08:12,0.151100,0.000000,0.216905,3.128130,0.001580,62.506000,47.666700,1.762700,83.990500,6,mixed,Mixed,452
2026-06-01 04:08:13,0.200000,0.000000,0.000000,3.957200,0.002000,62.506000,47.574400,3.364000,160.036700,6,mixed,Mixed,453
2026-06-01 04:08:14,0.200000,0.000000,0.000000,3.957200,0.002000,62.481000,47.562000,3.937100,187.256100,6,mixed,Mixed,454
2026-06-01 04:08:15,0.351700,0.000000,0.190476,7.216010,0.003640,62.496000,47.483100,5.454000,258.944700,6,mixed,Mixed,455
2026-06-01 04:08:16,0.400000,0.000000,0.000000,7.914300,0.004000,62.471000,47.385900,7.111000,336.959600,6,mixed,Mixed,456
2026-06-01 04:08:17,0.451700,0.000000,0.190476,9.336930,0.004700,62.472000,47.348200,8.000500,378.792400,6,mixed,Mixed,457
2026-06-01 04:08:18,0.600000,0.000000,0.000000,11.871500,0.005900,62.454000,47.230100,10.180800,480.825300,6,mixed,Mixed,458
2026-06-01 04:08:19,0.180000,0.000000,-0.714286,3.561450,0.001770,62.467000,47.339600,8.072500,381.975300,6,mixed,Mixed,459
2026-06-01 04:08:20,0.000000,0.000000,0.000000,0.000000,0.000000,62.440000,47.576700,3.130400,148.903000,6,mixed,Mixed,460
2026-06-01 04:08:21,0.000000,0.300000,0.000000,0.000000,0.000000,62.480000,47.654800,1.938500,92.376500,6,mixed,Mixed,461
2026-06-01 04:08:22,0.000000,0.500000,0.000000,0.000000,0.000000,62.457000,47.621400,2.616100,124.581500,6,mixed,Mixed,462
2026-06-01 04:08:23,0.000000,0.500000,0.000000,0.000000,0.000000,62.494000,47.598800,2.835400,134.961700,6,mixed,Mixed,463
2026-06-01 04:08:24,0.000000,0.500000,0.000000,0.000000,0.000000,62.438000,47.586900,2.928400,139.352800,6,mixed,Mixed,464
2026-06-01 04:08:25,0.000000,0.500000,0.000000,0.000000,0.000000,62.475000,47.606800,2.977600,141.754300,6,mixed,Mixed,465
2026-06-01 04:08:26,0.000000,0.500000,0.000000,0.000000,0.000000,62.456364,47.588182,3.029000,144.145091,6,mixed,Mixed,466
2026-06-01 04:08:27,0.000000,0.444444,0.000000,0.000000,0.000000,62.464444,47.615778,2.902333,138.193333,6,mixed,Mixed,467
2026-06-01 04:08:28,0.014700,0.000000,0.140000,0.396990,0.000200,62.420000,47.641200,2.021500,96.292100,6,mixed,Mixed,468
2026-06-01 04:08:29,0.564000,0.000000,0.471429,12.015700,0.005980,62.413000,47.403300,6.855900,324.846800,6,mixed,Mixed,469
2026-06-01 04:08:30,0.500000,0.000000,-0.190476,9.617850,0.004810,62.404000,47.276400,9.340000,441.558400,6,mixed,Mixed,470
2026-06-01 04:08:31,0.400000,0.000000,0.000000,7.914300,0.004000,62.402000,47.323000,8.575700,405.823400,6,mixed,Mixed,471
2026-06-01 04:08:32,0.400000,0.000000,0.000000,7.914300,0.004000,62.385000,47.327800,8.137800,385.143300,6,mixed,Mixed,472
2026-06-01 04:08:33,0.200000,0.000000,-0.190476,3.819670,0.001930,62.379000,47.419200,6.315500,299.471700,6,mixed,Mixed,473
2026-06-01 04:08:34,0.200000,0.000000,0.000000,3.957200,0.002000,62.370000,47.495500,4.939400,234.595700,6,mixed,Mixed,474
2026-06-01 04:08:35,0.200000,0.000000,0.000000,3.957200,0.002000,62.370000,47.519500,4.475700,212.683200,6,mixed,Mixed,475
2026-06-01 04:08:36,0.020000,0.000000,-0.238095,0.395720,0.000200,62.360000,47.598200,2.769600,131.817200,6,mixed,Mixed,476
2026-06-01 04:08:37,0.000000,0.000000,0.000000,0.000000,0.000000,62.360000,47.662100,1.300200,61.969800,6,mixed,Mixed,477
2026-06-01 04:08:38,0.000000,0.450000,0.000000,0.000000,0.000000,62.376000,47.646300,1.805200,86.002000,6,mixed,Mixed,478
2026-06-01 04:08:39,0.000000,0.500000,0.000000,0.000000,0.000000,62.392000,47.602700,2.528000,120.337000,6,mixed,Mixed,479
2026-06-01 04:08:40,0.000000,0.500000,0.000000,0.000000,0.000000,62.425455,47.618727,2.837818,135.132818,6,mixed,Mixed,480
2026-06-01 04:08:41,0.000000,0.500000,0.000000,0.000000,0.000000,62.360000,47.579889,2.935444,139.668333,6,mixed,Mixed,481
2026-06-01 04:08:42,0.000000,0.500000,0.000000,0.000000,0.000000,62.406000,47.587700,2.990100,142.292000,6,mixed,Mixed,482
2026-06-01 04:08:43,0.000000,0.500000,0.000000,0.000000,0.000000,62.374000,47.588400,2.980600,141.841000,6,mixed,Mixed,483
2026-06-01 04:08:44,0.000000,0.300000,0.000000,0.000000,0.000000,62.430000,47.617200,2.776600,132.210100,6,mixed,Mixed,484
2026-06-01 04:08:45,0.000000,0.000000,0.000000,0.000000,0.000000,62.422000,47.658000,1.474200,70.249200,6,mixed,Mixed,485
2026-06-01 04:08:46,0.000000,0.000000,0.000000,0.000000,0.000000,62.420000,47.700300,0.832200,39.697900,6,mixed,Mixed,486
2026-06-01 04:08:47,0.000000,0.000000,0.000000,0.000000,0.000000,62.420000,47.704900,0.651300,31.069000,6,mixed,Mixed,487
2026-06-01 04:08:48,0.000000,0.000000,0.000000,0.000000,0.000000,62.420000,47.718400,0.558000,26.625400,6,mixed,Mixed,488
2026-06-01 04:08:49,0.000000,0.000000,0.000000,0.000000,0.000000,62.420000,47.708900,0.519900,24.803900,6,mixed,Mixed,489
2026-06-01 04:08:50,0.054700,0.000000,0.203095,1.212750,0.000610,62.420000,47.705500,0.701800,33.471100,6,mixed,Mixed,490
2026-06-01 04:08:51,0.200000,0.000000,0.000000,3.957200,0.002000,62.420000,47.601000,2.679900,127.565800,6,mixed,Mixed,491
2026-06-01 04:08:52,0.200000,0.000000,0.000000,3.957200,0.002000,62.420000,47.554300,3.660600,174.076800,6,mixed,Mixed,492
2026-06-01 04:08:53,0.251100,0.000000,0.216905,5.260460,0.002650,62.410000,47.538500,4.289500,203.912400,6,mixed,Mixed,493
2026-06-01 04:08:54,0.400000,0.000000,0.000000,7.914300,0.004000,62.408000,47.421900,6.322100,299.793900,6,mixed,Mixed,494
2026-06-01 04:08:55,0.400000,0.000000,0.000000,7.914300,0.004000,62.400000,47.349700,7.449800,352.744100,6,mixed,Mixed,495
2026-06-01 04:08:56,0.554700,0.000000,0.203095,11.398920,0.005680,62.391000,47.284300,8.886100,420.143400,6,mixed,Mixed,496
2026-06-01 04:08:57,0.480000,0.000000,-0.571429,9.497200,0.004720,62.372000,47.218700,10.322600,487.402800,6,mixed,Mixed,497
2026-06-01 04:08:58,0.000000,0.000000,0.000000,0.000000,0.000000,62.370000,47.466600,5.500900,261.005300,6,mixed,Mixed,498
2026-06-01 04:08:59,0.000000,0.050000,0.000000,0.000000,0.000000,62.362000,47.632700,2.282300,108.703500,6,mixed,Mixed,499
2026-06-01 04:09:00,0.000000,0.500000,0.000000,0.000000,0.000000,62.301000,47.619000,2.363100,112.528500,6,mixed,Mixed,500
2026-06-01 04:09:01,0.000000,0.500000,0.000000,0.000000,0.000000,62.329000,47.605400,2.739200,130.399900,6,mixed,Mixed,501
2026-06-01 04:09:02,0.000000,0.500000,0.000000,0.000000,0.000000,62.336000,47.579200,2.911200,138.513300,6,mixed,Mixed,502
2026-06-01 04:09:03,0.000000,0.500000,0.000000,0.000000,0.000000,62.312000,47.583300,2.965900,141.126600,6,mixed,Mixed,503
2026-06-01 04:09:04,0.000000,0.500000,0.000000,0.000000,0.000000,62.338000,47.593900,3.004700,143.005000,6,mixed,Mixed,504
2026-06-01 04:09:05,0.000000,0.500000,0.000000,0.000000,0.000000,62.286000,47.564900,2.965000,141.029600,6,mixed,Mixed,505
2026-06-01 04:09:06,0.000000,0.200000,0.000000,0.000000,0.000000,62.350000,47.613400,2.584700,123.048300,6,mixed,Mixed,506
2026-06-01 04:09:07,0.279300,0.000000,0.611429,6.440850,0.003210,62.350000,47.560300,3.300400,156.800800,6,mixed,Mixed,507
2026-06-01 04:09:08,0.600000,0.000000,0.000000,11.871500,0.005900,62.340000,47.307800,8.504100,402.254500,6,mixed,Mixed,508
2026-06-01 04:09:09,0.400000,0.000000,-0.190476,7.639250,0.003860,62.331000,47.280900,9.098700,430.191500,6,mixed,Mixed,509
2026-06-01 04:09:10,0.400000,0.000000,0.000000,7.914300,0.004000,62.321000,47.303800,8.389500,396.853600,6,mixed,Mixed,510
2026-06-01 04:09:11,0.320000,0.000000,-0.190476,6.193930,0.003130,62.312000,47.346700,7.783400,368.505500,6,mixed,Mixed,511
2026-06-01 04:09:12,0.200000,0.000000,0.000000,3.957200,0.002000,62.306000,47.430000,5.745300,272.493500,6,mixed,Mixed,512
2026-06-01 04:09:13,0.200000,0.000000,0.000000,3.957200,0.002000,62.300000,47.485000,4.773545,226.672727,6,mixed,Mixed,513
2026-06-01 04:09:14,0.111111,0.000000,-0.211640,2.198444,0.001111,62.296667,47.532889,4.037000,191.875889,6,mixed,Mixed,514
2026-06-01 04:09:15,0.000000,0.000000,0.000000,0.000000,0.000000,62.290000,47.624700,2.020200,96.196100,6,mixed,Mixed,515
2026-06-01 04:09:16,0.000000,0.200000,0.000000,0.000000,0.000000,62.290000,47.678000,1.254000,59.784700,6,mixed,Mixed,516
2026-06-01 04:09:17,0.000000,0.500000,0.000000,0.000000,0.000000,62.210000,47.584700,2.266200,107.834200,6,mixed,Mixed,517
2026-06-01 04:09:18,0.000000,0.500000,0.000000,0.000000,0.000000,62.249000,47.604000,2.715400,129.263400,6,mixed,Mixed,518
2026-06-01 04:09:19,0.000000,0.500000,0.000000,0.000000,0.000000,62.232000,47.592500,2.888200,137.457200,6,mixed,Mixed,519
2026-06-01 04:09:20,0.000000,0.500000,0.000000,0.000000,0.000000,62.208000,47.556800,2.984200,141.918600,6,mixed,Mixed,520
2026-06-01 04:09:21,0.000000,0.500000,0.000000,0.000000,0.000000,62.200000,47.573100,3.001500,142.791000,6,mixed,Mixed,521
2026-06-01 04:09:22,0.000000,0.500000,0.000000,0.000000,0.000000,62.194000,47.578900,2.949300,140.323400,6,mixed,Mixed,522
2026-06-01 04:09:23,0.000000,0.000000,0.000000,0.000000,0.000000,62.190000,47.632000,1.844100,87.824300,6,mixed,Mixed,523
2026-06-01 04:09:24,0.000000,0.000000,0.000000,0.000000,0.000000,62.190000,47.660400,0.947100,45.138900,6,mixed,Mixed,524
2026-06-01 04:09:25,0.000000,0.000000,0.000000,0.000000,0.000000,62.190000,47.696900,0.649800,30.992400,6,mixed,Mixed,525
2026-06-01 04:09:26,0.000000,0.000000,0.000000,0.000000,0.000000,62.190000,47.693500,0.538500,25.682200,6,mixed,Mixed,526
2026-06-01 04:09:27,0.000000,0.000000,0.000000,0.000000,0.000000,62.190000,47.694100,0.506600,24.161600,6,mixed,Mixed,527
2026-06-01 04:09:28,0.000000,0.000000,0.000000,0.000000,0.000000,62.190000,47.691200,0.478800,22.834700,6,mixed,Mixed,528
2026-06-01 04:09:29,0.158160,0.000000,0.190476,3.266870,0.001640,62.190000,47.632200,1.819600,86.649800,6,mixed,Mixed,529
2026-06-01 04:09:30,0.200000,0.000000,0.000000,3.957200,0.002000,62.187000,47.569600,3.408900,162.158000,6,mixed,Mixed,530
2026-06-01 04:09:31,0.200000,0.000000,0.000000,3.957200,0.002000,62.180000,47.535900,3.956200,188.061700,6,mixed,Mixed,531
2026-06-01 04:09:32,0.358660,0.000000,0.190476,7.371020,0.003720,62.179000,47.451400,5.440200,258.127400,6,mixed,Mixed,532
2026-06-01 04:09:33,0.400000,0.000000,0.000000,7.914300,0.004000,62.170000,47.361400,7.118200,337.120700,6,mixed,Mixed,533
2026-06-01 04:09:34,0.458160,0.000000,0.190476,9.477620,0.004760,62.162000,47.317300,8.018700,379.399700,6,mixed,Mixed,534
2026-06-01 04:09:35,0.600000,0.000000,0.000000,11.871500,0.005900,62.153000,47.217800,10.209300,482.052000,6,mixed,Mixed,535
2026-06-01 04:09:36,0.096000,0.000000,-0.657143,1.899440,0.000950,62.141000,47.351000,7.305400,345.698100,6,mixed,Mixed,536
2026-06-01 04:09:37,0.000000,0.000000,0.000000,0.000000,0.000000,62.140000,47.568700,2.874800,136.712500,6,mixed,Mixed,537
2026-06-01 04:09:38,0.000000,0.370000,0.000000,0.000000,0.000000,62.138000,47.598500,2.061600,98.124500,6,mixed,Mixed,538
2026-06-01 04:09:39,0.000000,0.500000,0.000000,0.000000,0.000000,62.130000,47.583100,2.657200,126.437000,6,mixed,Mixed,539
2026-06-01 04:09:40,0.000000,0.500000,0.000000,0.000000,0.000000,62.130000,47.569600,2.875700,136.795700,6,mixed,Mixed,540
2026-06-01 04:09:41,0.000000,0.500000,0.000000,0.000000,0.000000,62.130000,47.561600,2.955200,140.554000,6,mixed,Mixed,541
2026-06-01 04:09:42,0.000000,0.500000,0.000000,0.000000,0.000000,62.125000,47.572100,2.979400,141.736300,6,mixed,Mixed,542
2026-06-01 04:09:43,0.000000,0.500000,0.000000,0.000000,0.000000,62.120000,47.571600,2.946400,140.165300,6,mixed,Mixed,543
2026-06-01 04:09:44,0.000000,0.395000,0.000000,0.000000,0.000000,62.128000,47.577100,2.856100,135.882000,6,mixed,Mixed,544
2026-06-01 04:09:45,0.018300,0.000000,0.174286,0.524410,0.000260,62.120000,47.616900,1.879800,89.490000,6,mixed,Mixed,545
2026-06-01 04:09:46,0.578700,0.000000,0.398571,12.218060,0.006080,62.112000,47.373200,6.751700,319.742200,6,mixed,Mixed,546
2026-06-01 04:09:47,0.490000,0.000000,-0.214286,9.385620,0.004700,62.104000,47.246300,9.339300,441.243300,6,mixed,Mixed,547
2026-06-01 04:09:48,0.400000,0.000000,0.000000,7.914300,0.004000,62.094000,47.278800,8.566300,405.006100,6,mixed,Mixed,548
2026-06-01 04:09:49,0.390000,0.000000,-0.095238,7.647680,0.003860,62.085000,47.322000,8.139400,385.170700,6,mixed,Mixed,549
2026-06-01 04:09:50,0.200000,0.000000,-0.119048,3.871240,0.001950,62.079000,47.383400,6.313500,299.136200,6,mixed,Mixed,550
2026-06-01 04:09:51,0.200000,0.000000,0.000000,3.957200,0.002000,62.070000,47.450700,4.956600,235.193600,6,mixed,Mixed,551
2026-06-01 04:09:52,0.190000,0.000000,-0.095238,3.759340,0.001900,62.069000,47.494000,4.447400,211.225000,6,mixed,Mixed,552
2026-06-01 04:09:53,0.000000,0.000000,-0.119048,0.000000,0.000000,62.060000,47.590300,2.543200,121.012700,6,mixed,Mixed,553
2026-06-01 04:09:54,0.000000,0.000000,0.000000,0.000000,0.000000,62.060000,47.640200,1.219000,58.071500,6,mixed,Mixed,554
2026-06-01 04:09:55,0.000000,0.480000,0.000000,0.000000,0.000000,62.060000,47.619800,1.802300,85.815900,6,mixed,Mixed,555
2026-06-01 04:09:56,0.000000,0.500000,0.000000,0.000000,0.000000,62.060000,47.573600,2.601000,123.737600,6,mixed,Mixed,556
2026-06-01 04:09:57,0.000000,0.500000,0.000000,0.000000,0.000000,62.058000,47.558700,2.861500,136.089100,6,mixed,Mixed,557
2026-06-01 04:09:58,0.000000,0.500000,0.000000,0.000000,0.000000,62.050000,47.564500,2.961600,140.867000,6,mixed,Mixed,558
2026-06-01 04:09:59,0.000000,0.500000,0.000000,0.000000,0.000000,62.050000,47.543000,2.975000,141.439900,6,mixed,Mixed,559
2026-06-01 04:10:00,0.000000,0.500000,0.000000,0.000000,0.000000,62.050000,47.566700,2.999900,142.695400,6,mixed,Mixed,560
2026-06-01 04:10:01,0.000000,0.290000,0.000000,0.000000,0.000000,62.043000,47.577500,2.658300,126.466500,6,mixed,Mixed,561
2026-06-01 04:10:02,0.000000,0.000000,0.000000,0.000000,0.000000,62.040000,47.626300,1.370700,65.279900,6,mixed,Mixed,562
2026-06-01 04:10:03,0.000000,0.000000,0.000000,0.000000,0.000000,62.040000,47.664300,0.806400,38.436100,6,mixed,Mixed,563
2026-06-01 04:10:04,0.000000,0.000000,0.000000,0.000000,0.000000,62.040000,47.688500,0.593100,28.283700,6,mixed,Mixed,564
2026-06-01 04:10:05,0.000000,0.000000,0.000000,0.000000,0.000000,62.040000,47.680100,0.540300,25.760500,6,mixed,Mixed,565
2026-06-01 04:10:06,0.000000,0.000000,0.000000,0.000000,0.000000,62.040000,47.678700,0.531100,25.322000,6,mixed,Mixed,566
2026-06-01 04:10:07,0.058920,0.000000,0.229524,1.325440,0.000670,62.040000,47.662500,0.862900,41.109200,6,mixed,Mixed,567
2026-06-01 04:10:08,0.200000,0.000000,0.000000,3.957200,0.002000,62.040000,47.554000,2.790900,132.709100,6,mixed,Mixed,568
2026-06-01 04:10:09,0.200000,0.000000,0.000000,3.957200,0.002000,62.034000,47.519500,3.749600,178.177700,6,mixed,Mixed,569
2026-06-01 04:10:10,0.258160,0.000000,0.190476,5.382980,0.002710,62.030000,47.477500,4.429000,210.259000,6,mixed,Mixed,570
2026-06-01 04:10:11,0.400000,0.000000,0.000000,7.914300,0.004000,62.025000,47.384400,6.528600,309.343500,6,mixed,Mixed,571
2026-06-01 04:10:12,0.400000,0.000000,0.000000,7.914300,0.004000,62.018000,47.316300,7.465200,353.223900,6,mixed,Mixed,572
2026-06-01 04:10:13,0.557660,0.000000,0.190476,11.446330,0.005710,62.008000,47.253400,9.108800,430.409900,6,mixed,Mixed,573
2026-06-01 04:10:14,0.450000,0.000000,-0.642857,8.903620,0.004430,61.997000,47.181300,10.217900,482.055200,6,mixed,Mixed,574
2026-06-01 04:10:15,0.000000,0.000000,0.000000,0.000000,0.000000,61.990000,47.437800,5.000000,237.089600,6,mixed,Mixed,575
2026-06-01 04:10:16,0.000000,0.120000,0.000000,0.000000,0.000000,61.990000,47.600500,2.168200,103.201000,6,mixed,Mixed,576
2026-06-01 04:10:17,0.000000,0.500000,0.000000,0.000000,0.000000,61.990000,47.575700,2.478100,117.898100,6,mixed,Mixed,577
2026-06-01 04:10:18,0.000000,0.500000,0.000000,0.000000,0.000000,61.988000,47.553600,2.814000,133.814800,6,mixed,Mixed,578
2026-06-01 04:10:19,0.000000,0.500000,0.000000,0.000000,0.000000,61.996000,47.571300,2.938800,139.802800,6,mixed,Mixed,579
2026-06-01 04:10:20,0.000000,0.500000,0.000000,0.000000,0.000000,62.026000,47.537600,3.002200,142.717600,6,mixed,Mixed,580
2026-06-01 04:10:21,0.000000,0.500000,0.000000,0.000000,0.000000,61.986000,47.559200,2.975500,141.512600,6,mixed,Mixed,581
2026-06-01 04:10:22,0.000000,0.500000,0.000000,0.000000,0.000000,62.034000,47.553300,3.017700,143.501500,6,mixed,Mixed,582
2026-06-01 04:10:23,0.000000,0.050000,0.000000,0.000000,0.000000,61.970000,47.612000,2.113300,100.607000,6,mixed,Mixed,583
2026-06-01 04:10:24,0.434700,0.000000,0.571429,9.443720,0.004710,61.965000,47.449500,4.996600,236.881200,6,mixed,Mixed,584
2026-06-01 04:10:25,0.542000,0.000000,-0.233333,10.386980,0.005170,61.956000,47.226000,9.164400,432.786500,6,mixed,Mixed,585
2026-06-01 04:10:26,0.400000,0.000000,0.000000,7.914300,0.004000,61.947000,47.269500,8.752900,413.741000,6,mixed,Mixed,586
2026-06-01 04:10:27,0.400000,0.000000,0.000000,7.914300,0.004000,61.938000,47.269700,8.300900,392.380800,6,mixed,Mixed,587
2026-06-01 04:10:28,0.260000,0.000000,-0.190476,5.006800,0.002530,61.946000,47.337800,7.246200,342.991200,6,mixed,Mixed,588
2026-06-01 04:10:29,0.200000,0.000000,0.000000,3.957200,0.002000,61.921000,47.441200,5.372100,254.853400,6,mixed,Mixed,589
2026-06-01 04:10:30,0.200000,0.000000,0.000000,3.957200,0.002000,61.928000,47.452300,4.666000,221.411900,6,mixed,Mixed,590
2026-06-01 04:10:31,0.080000,0.000000,-0.190476,1.582880,0.000800,61.911000,47.511600,3.706800,176.084000,6,mixed,Mixed,591
2026-06-01 04:10:32,0.000000,0.000000,0.000000,0.000000,0.000000,61.910000,47.601500,1.725900,82.143900,6,mixed,Mixed,592
2026-06-01 04:10:33,0.000000,0.300000,0.000000,0.000000,0.000000,61.934000,47.614700,1.391700,66.263200,6,mixed,Mixed,593
2026-06-01 04:10:34,0.000000,0.500000,0.000000,0.000000,0.000000,61.966000,47.584900,2.368700,112.712100,6,mixed,Mixed,594
2026-06-01 04:10:35,0.000000,0.500000,0.000000,0.000000,0.000000,61.942000,47.552500,2.778500,132.123600,6,mixed,Mixed,595
2026-06-01 04:10:36,0.000000,0.500000,0.000000,0.000000,0.000000,61.942000,47.557200,2.917000,138.724800,6,mixed,Mixed,596
2026-06-01 04:10:37,0.000000,0.500000,0.000000,0.000000,0.000000,61.972000,47.556200,2.965800,141.042100,6,mixed,Mixed,597
2026-06-01 04:10:38,0.000000,0.500000,0.000000,0.000000,0.000000,61.908000,47.552800,2.969500,141.208200,6,mixed,Mixed,598
2026-06-01 04:10:39,0.000000,0.400000,0.000000,0.000000,0.000000,61.977000,47.565300,2.915900,138.694000,6,mixed,Mixed,599
2026-06-01 04:10:40,0.000000,0.000000,0.000000,0.000000,0.000000,61.970000,47.622900,1.673500,79.691300,6,mixed,Mixed,600
2026-06-01 04:10:41,0.000000,0.000000,0.000000,0.000000,0.000000,61.970000,47.660600,0.905100,43.133900,6,mixed,Mixed,601
2026-06-01 04:10:42,0.000000,0.000000,0.000000,0.000000,0.000000,61.970000,47.670700,0.648700,30.924700,6,mixed,Mixed,602
2026-06-01 04:10:43,0.000000,0.000000,0.000000,0.000000,0.000000,61.970000,47.681700,0.547900,26.124800,6,mixed,Mixed,603
2026-06-01 04:10:44,0.000000,0.000000,0.000000,0.000000,0.000000,61.970000,47.682000,0.516444,24.625222,6,mixed,Mixed,604
2026-06-01 04:10:45,0.004091,0.000000,0.048701,0.098873,0.000045,61.970000,47.681364,0.529909,25.266000,6,mixed,Mixed,605
2026-06-01 04:10:46,0.200000,0.000000,0.147619,4.063780,0.002050,61.970000,47.606400,2.246000,106.906000,6,mixed,Mixed,606
2026-06-01 04:10:47,0.200000,0.000000,0.000000,3.957200,0.002000,61.968000,47.505600,3.561000,169.164600,6,mixed,Mixed,607
2026-06-01 04:10:48,0.205100,0.000000,0.048571,4.114210,0.002080,61.960000,47.492300,4.034800,191.620100,6,mixed,Mixed,608
2026-06-01 04:10:49,0.400000,0.000000,0.141905,8.119210,0.004100,61.958000,47.409600,5.922500,280.770700,6,mixed,Mixed,609
2026-06-01 04:10:50,0.400000,0.000000,0.000000,7.914300,0.004000,61.950000,47.353600,7.289600,345.188900,6,mixed,Mixed,610
2026-06-01 04:10:51,0.504500,0.000000,0.190476,10.377490,0.005190,61.941000,47.295900,8.407200,397.595700,6,mixed,Mixed,611
2026-06-01 04:10:52,0.600000,0.000000,0.000000,11.871500,0.005900,61.932000,47.181100,10.504200,495.591500,6,mixed,Mixed,612
2026-06-01 04:10:53,0.000000,0.000000,-0.714286,0.000000,0.000000,61.920000,47.351100,6.689400,316.593800,6,mixed,Mixed,613
2026-06-01 04:10:54,0.000000,0.000000,0.000000,0.000000,0.000000,61.920000,47.563900,2.629200,125.033100,6,mixed,Mixed,614
2026-06-01 04:10:55,0.000000,0.450000,0.000000,0.000000,0.000000,61.891000,47.596600,2.125500,101.166900,6,mixed,Mixed,615
2026-06-01 04:10:56,0.000000,0.500000,0.000000,0.000000,0.000000,61.894000,47.561500,2.698000,128.320900,6,mixed,Mixed,616
2026-06-01 04:10:57,0.000000,0.500000,0.000000,0.000000,0.000000,61.862000,47.541800,2.866600,136.283000,6,mixed,Mixed,617
2026-06-01 04:10:58,0.000000,0.500000,0.000000,0.000000,0.000000,61.901000,47.542200,2.941000,139.821800,6,mixed,Mixed,618
2026-06-01 04:10:59,0.000000,0.500000,0.000000,0.000000,0.000000,61.895000,47.557100,2.983600,141.890700,6,mixed,Mixed,619
2026-06-01 04:11:00,0.000000,0.500000,0.000000,0.000000,0.000000,61.852000,47.542100,2.981900,141.765700,6,mixed,Mixed,620
2026-06-01 04:11:01,0.000000,0.250000,0.000000,0.000000,0.000000,61.900000,47.556800,2.676100,127.257900,6,mixed,Mixed,621
2026-06-01 04:11:02,0.138900,0.000000,0.611429,3.680670,0.001840,61.900000,47.584900,2.399400,114.112600,6,mixed,Mixed,622
2026-06-01 04:11:03,0.600000,0.000000,0.000000,11.871500,0.005900,61.890000,47.295100,7.701500,364.164700,6,mixed,Mixed,623
2026-06-01 04:11:04,0.420000,0.000000,-0.190476,8.034970,0.004050,61.882000,47.246300,9.063000,428.187200,6,mixed,Mixed,624
2026-06-01 04:11:05,0.400000,0.000000,0.000000,7.914300,0.004000,61.872000,47.271700,8.369700,395.648600,6,mixed,Mixed,625
2026-06-01 04:11:06,0.340000,0.000000,-0.190476,6.589640,0.003330,61.864000,47.306800,7.937700,375.495400,6,mixed,Mixed,626
2026-06-01 04:11:07,0.200000,0.000000,0.000000,3.957200,0.002000,61.858000,47.396700,5.893900,279.331200,6,mixed,Mixed,627
2026-06-01 04:11:08,0.200000,0.000000,0.000000,3.957200,0.002000,61.850000,47.449800,4.832900,229.319500,6,mixed,Mixed,628
2026-06-01 04:11:09,0.140000,0.000000,-0.190476,2.770040,0.001400,61.849000,47.474000,4.225100,200.569700,6,mixed,Mixed,629
2026-06-01 04:11:10,0.000000,0.000000,0.000000,0.000000,0.000000,61.840000,47.571200,2.203800,104.823600,6,mixed,Mixed,630
2026-06-01 04:11:11,0.000000,0.100000,0.000000,0.000000,0.000000,61.840000,47.643000,1.131600,53.912600,6,mixed,Mixed,631
2026-06-01 04:11:12,0.000000,0.500000,0.000000,0.000000,0.000000,61.808000,47.594100,2.027000,96.469000,6,mixed,Mixed,632
2026-06-01 04:11:13,0.000000,0.500000,0.000000,0.000000,0.000000,61.840000,47.569000,2.618300,124.547100,6,mixed,Mixed,633
2026-06-01 04:11:14,0.000000,0.500000,0.000000,0.000000,0.000000,61.777000,47.550000,2.852200,135.621500,6,mixed,Mixed,634
2026-06-01 04:11:15,0.000000,0.500000,0.000000,0.000000,0.000000,61.830000,47.526700,2.959200,140.640500,6,mixed,Mixed,635
2026-06-01 04:11:16,0.000000,0.500000,0.000000,0.000000,0.000000,61.830000,47.544667,2.987333,142.031667,6,mixed,Mixed,636
2026-06-01 04:11:17,0.000000,0.500000,0.000000,0.000000,0.000000,61.821818,47.536909,3.002455,142.726545,6,mixed,Mixed,637
2026-06-01 04:11:18,0.000000,0.100000,0.000000,0.000000,0.000000,61.806000,47.559900,2.286200,108.720600,6,mixed,Mixed,638
2026-06-01 04:11:19,0.000000,0.000000,0.000000,0.000000,0.000000,61.804000,47.632000,1.137600,54.185400,6,mixed,Mixed,639
2026-06-01 04:11:20,0.000000,0.000000,0.000000,0.000000,0.000000,61.820000,47.652800,0.761800,36.301000,6,mixed,Mixed,640
2026-06-01 04:11:21,0.000000,0.000000,0.000000,0.000000,0.000000,61.820000,47.672200,0.578500,27.578400,6,mixed,Mixed,641
2026-06-01 04:11:22,0.000000,0.000000,0.000000,0.000000,0.000000,61.820000,47.672900,0.513500,24.479600,6,mixed,Mixed,642
2026-06-01 04:11:23,0.000000,0.000000,0.000000,0.000000,0.000000,61.820000,47.666444,0.498000,23.737778,6,mixed,Mixed,643
2026-06-01 04:11:24,0.114100,0.000000,0.190476,2.376680,0.001200,61.748000,47.615500,1.358100,64.636800,6,mixed,Mixed,644
2026-06-01 04:11:25,0.200000,0.000000,0.000000,3.957200,0.002000,61.739000,47.531100,3.190400,151.641000,6,mixed,Mixed,645
2026-06-01 04:11:26,0.200000,0.000000,0.000000,3.957200,0.002000,61.755000,47.487400,3.882100,184.348600,6,mixed,Mixed,646
2026-06-01 04:11:27,0.297660,0.000000,0.196048,6.167690,0.003110,61.746000,47.440000,4.782600,226.860400,6,mixed,Mixed,647
2026-06-01 04:11:28,0.400000,0.000000,0.000000,7.914300,0.004000,61.721000,47.347600,6.813500,322.597700,6,mixed,Mixed,648
2026-06-01 04:11:29,0.400000,0.000000,0.000000,7.914300,0.004000,61.715000,47.314000,7.575300,358.416600,6,mixed,Mixed,649
2026-06-01 04:11:30,0.574760,0.000000,0.225333,11.850950,0.005910,61.706000,47.220200,9.366900,442.277900,6,mixed,Mixed,650
2026-06-01 04:11:31,0.360000,0.000000,-0.571429,7.122900,0.003540,61.702000,47.220600,9.425100,444.949900,6,mixed,Mixed,651
2026-06-01 04:11:32,0.000000,0.000000,0.000000,0.000000,0.000000,61.690000,47.459800,4.119400,195.417100,6,mixed,Mixed,652
2026-06-01 04:11:33,0.000000,0.150000,0.000000,0.000000,0.000000,61.695000,47.583200,2.002600,95.286200,6,mixed,Mixed,653
2026-06-01 04:11:34,0.000000,0.500000,0.000000,0.000000,0.000000,61.688000,47.548100,2.522400,119.933900,6,mixed,Mixed,654
2026-06-01 04:11:35,0.000000,0.500000,0.000000,0.000000,0.000000,61.688000,47.529800,2.811700,133.639100,6,mixed,Mixed,655
2026-06-01 04:11:36,0.000000,0.500000,0.000000,0.000000,0.000000,61.688000,47.531100,2.920600,138.818700,6,mixed,Mixed,656
2026-06-01 04:11:37,0.000000,0.500000,0.000000,0.000000,0.000000,61.675000,47.532100,2.980800,141.682700,6,mixed,Mixed,657
2026-06-01 04:11:38,0.000000,0.500000,0.000000,0.000000,0.000000,61.678000,47.525800,2.984400,141.835800,6,mixed,Mixed,658
2026-06-01 04:11:39,0.000000,0.500000,0.000000,0.000000,0.000000,61.670000,47.519800,2.990100,142.088800,6,mixed,Mixed,659
2026-06-01 04:11:40,0.000000,0.095000,0.000000,0.000000,0.000000,61.718000,47.561400,2.224400,105.779800,6,mixed,Mixed,660
2026-06-01 04:11:41,0.345900,0.000000,0.611428,7.755920,0.003860,61.732000,47.505500,3.777300,179.272700,6,mixed,Mixed,661
2026-06-01 04:11:42,0.580000,0.000000,-0.190476,11.200730,0.005570,61.713000,47.231300,8.824300,416.749400,6,mixed,Mixed,662
2026-06-01 04:11:43,0.400000,0.000000,0.000000,7.914300,0.004000,61.704000,47.221800,8.906000,420.553400,6,mixed,Mixed,663
2026-06-01 04:11:44,0.400000,0.000000,0.000000,7.914300,0.004000,61.695000,47.257900,8.356500,394.911200,6,mixed,Mixed,664
2026-06-01 04:11:45,0.280000,0.000000,-0.190476,5.402510,0.002730,61.646000,47.308200,7.260500,343.457300,6,mixed,Mixed,665
2026-06-01 04:11:46,0.200000,0.000000,0.000000,3.957200,0.002000,61.629000,47.409100,5.323600,252.380300,6,mixed,Mixed,666
2026-06-01 04:11:47,0.200000,0.000000,0.000000,3.957200,0.002000,61.636000,47.432600,4.666300,221.334500,6,mixed,Mixed,667
2026-06-01 04:11:48,0.080000,0.000000,-0.190476,1.582880,0.000800,61.611000,47.496300,3.528300,167.558400,6,mixed,Mixed,668
2026-06-01 04:11:49,0.000000,0.000000,0.000000,0.000000,0.000000,61.610000,47.595500,1.600500,76.174000,6,mixed,Mixed,669
2026-06-01 04:11:50,0.000000,0.255000,0.000000,0.000000,0.000000,61.610000,47.586500,1.358800,64.655400,6,mixed,Mixed,670
2026-06-01 04:11:51,0.000000,0.500000,0.000000,0.000000,0.000000,61.610000,47.536500,2.361300,112.249400,6,mixed,Mixed,671
2026-06-01 04:11:52,0.000000,0.500000,0.000000,0.000000,0.000000,61.607000,47.524400,2.760000,131.167000,6,mixed,Mixed,672
2026-06-01 04:11:53,0.000000,0.500000,0.000000,0.000000,0.000000,61.600000,47.539100,2.915200,138.585500,6,mixed,Mixed,673
2026-06-01 04:11:54,0.000000,0.500000,0.000000,0.000000,0.000000,61.600000,47.498500,2.993300,142.177400,6,mixed,Mixed,674
2026-06-01 04:11:55,0.000000,0.500000,0.000000,0.000000,0.000000,61.600000,47.514900,2.963400,140.805300,6,mixed,Mixed,675
2026-06-01 04:11:56,0.000000,0.475000,0.000000,0.000000,0.000000,61.593000,47.510700,2.962300,140.740500,6,mixed,Mixed,676
2026-06-01 04:11:57,0.000000,0.000000,0.000000,0.000000,0.000000,61.590000,47.575800,1.826100,86.868500,6,mixed,Mixed,677
2026-06-01 04:11:58,0.000000,0.000000,0.000000,0.000000,0.000000,61.590000,47.616900,0.963400,45.871600,6,mixed,Mixed,678
2026-06-01 04:11:59,0.000000,0.000000,0.000000,0.000000,0.000000,61.590000,47.639800,0.674900,32.153300,6,mixed,Mixed,679
2026-06-01 04:12:00,0.000000,0.000000,0.000000,0.000000,0.000000,61.590000,47.628800,0.556800,26.519700,6,mixed,Mixed,680
2026-06-01 04:12:01,0.000000,0.000000,0.000000,0.000000,0.000000,61.590000,47.651200,0.536300,25.554900,6,mixed,Mixed,681
2026-06-01 04:12:02,0.000000,0.000000,0.000000,0.000000,0.000000,61.590000,47.617800,0.497200,23.676000,6,mixed,Mixed,682
2026-06-01 04:12:03,0.179160,0.000000,0.190476,3.681220,0.001850,61.590000,47.585100,2.061500,98.074700,6,mixed,Mixed,683
2026-06-01 04:12:04,0.200000,0.000000,0.000000,3.957200,0.002000,61.585000,47.485900,3.479500,165.224900,6,mixed,Mixed,684
2026-06-01 04:12:05,0.200000,0.000000,0.000000,3.957200,0.002000,61.580000,47.465000,3.972800,188.570500,6,mixed,Mixed,685
2026-06-01 04:12:06,0.379660,0.000000,0.192143,7.786980,0.003920,61.577000,47.390600,5.703500,270.262000,6,mixed,Mixed,686
2026-06-01 04:12:07,0.400000,0.000000,0.000000,7.914300,0.004000,61.570000,47.302700,7.221400,341.583900,6,mixed,Mixed,687
2026-06-01 04:12:08,0.479160,0.000000,0.192905,9.897260,0.004970,61.560000,47.268300,8.229800,388.986600,6,mixed,Mixed,688
2026-06-01 04:12:09,0.600000,0.000000,0.000000,11.871500,0.005900,61.551000,47.147000,10.353000,488.104700,6,mixed,Mixed,689
2026-06-01 04:12:10,0.120000,0.000000,-0.571429,2.374300,0.001180,61.540000,47.285800,7.339800,346.851500,6,mixed,Mixed,690
2026-06-01 04:12:11,0.000000,0.000000,0.000000,0.000000,0.000000,61.539000,47.516400,2.894500,137.508200,6,mixed,Mixed,691
2026-06-01 04:12:12,0.000000,0.350000,0.000000,0.000000,0.000000,61.530000,47.566500,2.028200,96.474800,6,mixed,Mixed,692
2026-06-01 04:12:13,0.000000,0.500000,0.000000,0.000000,0.000000,61.530000,47.523300,2.679900,127.356700,6,mixed,Mixed,693
2026-06-01 04:12:14,0.000000,0.500000,0.000000,0.000000,0.000000,61.530000,47.508700,2.866500,136.184600,6,mixed,Mixed,694
2026-06-01 04:12:15,0.000000,0.500000,0.000000,0.000000,0.000000,61.529000,47.501000,2.981200,141.608800,6,mixed,Mixed,695
2026-06-01 04:12:16,0.000000,0.500000,0.000000,0.000000,0.000000,61.520000,47.509800,2.971300,141.165400,6,mixed,Mixed,696
2026-06-01 04:12:17,0.000000,0.500000,0.000000,0.000000,0.000000,61.520000,47.506600,2.985400,141.826200,6,mixed,Mixed,697
2026-06-01 04:12:18,0.000000,0.365000,0.000000,0.000000,0.000000,61.520000,47.521000,2.872000,136.479200,6,mixed,Mixed,698
2026-06-01 04:12:19,0.021300,0.000000,0.197143,0.600850,0.000300,61.518000,47.558100,1.877200,89.267200,6,mixed,Mixed,699
2026-06-01 04:12:20,0.580020,0.000000,0.413857,12.281620,0.006110,61.510000,47.305400,6.784700,320.845300,6,mixed,Mixed,700
2026-06-01 04:12:21,0.494000,0.000000,-0.190476,9.499140,0.004750,61.502000,47.193700,9.354000,441.445100,6,mixed,Mixed,701
2026-06-01 04:12:22,0.400000,0.000000,0.000000,7.914300,0.004000,61.492000,47.244000,8.579300,405.319600,6,mixed,Mixed,702
2026-06-01 04:12:23,0.396000,0.000000,-0.038095,7.807650,0.003940,61.483000,47.267800,8.167400,386.054700,6,mixed,Mixed,703
2026-06-01 04:12:24,0.200000,0.000000,-0.152381,3.847180,0.001940,61.476000,47.336700,6.276100,297.071300,6,mixed,Mixed,704
2026-06-01 04:12:25,0.200000,0.000000,0.000000,3.957200,0.002000,61.470000,47.410900,4.968200,235.547200,6,mixed,Mixed,705
2026-06-01 04:12:26,0.200000,0.000000,0.000000,3.957200,0.002000,61.465000,47.430800,4.504400,213.645500,6,mixed,Mixed,706
2026-06-01 04:12:27,0.010000,0.000000,-0.190476,0.197860,0.000100,61.460000,47.532200,2.784500,132.328600,6,mixed,Mixed,707
2026-06-01 04:12:28,0.000000,0.000000,0.000000,0.000000,0.000000,61.460000,47.587400,1.285700,61.180600,6,mixed,Mixed,708
2026-06-01 04:12:29,0.000000,0.465000,0.000000,0.000000,0.000000,61.460000,47.578300,1.838400,87.463200,6,mixed,Mixed,709
2026-06-01 04:12:30,0.000000,0.500000,0.000000,0.000000,0.000000,61.460000,47.520100,2.606200,123.846300,6,mixed,Mixed,710
2026-06-01 04:12:31,0.000000,0.500000,0.000000,0.000000,0.000000,61.450000,47.509300,2.871300,136.413600,6,mixed,Mixed,711
2026-06-01 04:12:32,0.000000,0.500000,0.000000,0.000000,0.000000,61.450000,47.516100,2.956700,140.490600,6,mixed,Mixed,712
2026-06-01 04:12:33,0.000000,0.500000,0.000000,0.000000,0.000000,61.450000,47.505700,2.983300,141.723000,6,mixed,Mixed,713
2026-06-01 04:12:34,0.000000,0.500000,0.000000,0.000000,0.000000,61.453000,47.509000,3.000500,142.550500,6,mixed,Mixed,714
2026-06-01 04:12:35,0.000000,0.250000,0.000000,0.000000,0.000000,61.488000,47.530900,2.647500,125.830200,6,mixed,Mixed,715
2026-06-01 04:12:36,0.000000,0.000000,0.000000,0.000000,0.000000,61.496000,47.582000,1.396300,66.434800,6,mixed,Mixed,716
2026-06-01 04:12:37,0.000000,0.000000,0.000000,0.000000,0.000000,61.512000,47.628000,0.794300,37.830700,6,mixed,Mixed,717
2026-06-01 04:12:38,0.000000,0.000000,0.000000,0.000000,0.000000,61.520000,47.605500,0.605200,28.811300,6,mixed,Mixed,718
2026-06-01 04:12:39,0.000000,0.000000,0.000000,0.000000,0.000000,61.520000,47.634900,0.556500,26.508900,6,mixed,Mixed,719
2026-06-01 04:12:40,0.000000,0.000000,0.000000,0.000000,0.000000,61.520000,47.635900,0.517200,24.637200,6,mixed,Mixed,720
2026-06-01 04:12:41,0.082700,0.000000,0.196905,1.767780,0.000890,61.504000,47.627300,0.987500,47.011000,6,mixed,Mixed,721
2026-06-01 04:12:42,0.200000,0.000000,0.000000,3.957200,0.002000,61.520000,47.500500,2.980100,141.544100,6,mixed,Mixed,722
2026-06-01 04:12:43,0.200000,0.000000,0.000000,3.957200,0.002000,61.512000,47.459200,3.766200,178.738100,6,mixed,Mixed,723
2026-06-01 04:12:44,0.283300,0.000000,0.190476,5.870620,0.002960,61.510000,47.427300,4.591500,217.742400,6,mixed,Mixed,724
2026-06-01 04:12:45,0.400000,0.000000,0.000000,7.914300,0.004000,61.503000,47.334000,6.639100,314.249700,6,mixed,Mixed,725
2026-06-01 04:12:46,0.400000,0.000000,0.000000,7.914300,0.004000,61.496000,47.275000,7.514700,355.258300,6,mixed,Mixed,726
2026-06-01 04:12:47,0.583300,0.000000,0.190476,11.944560,0.005950,61.487000,47.186700,9.403400,443.692600,6,mixed,Mixed,727
2026-06-01 04:12:48,0.366000,0.000000,-0.700000,7.241610,0.003600,61.476000,47.149700,9.937900,468.497600,6,mixed,Mixed,728
2026-06-01 04:12:49,0.000000,0.000000,0.000000,0.000000,0.000000,61.470000,47.431000,4.546500,215.569400,6,mixed,Mixed,729
2026-06-01 04:12:50,0.000000,0.150000,0.000000,0.000000,0.000000,61.460000,47.563100,2.024800,96.299700,6,mixed,Mixed,730
2026-06-01 04:12:51,0.000000,0.500000,0.000000,0.000000,0.000000,61.412000,47.538100,2.415100,114.807200,6,mixed,Mixed,731
2026-06-01 04:12:52,0.000000,0.500000,0.000000,0.000000,0.000000,61.428000,47.525100,2.792700,132.723300,6,mixed,Mixed,732
2026-06-01 04:12:53,0.000000,0.500000,0.000000,0.000000,0.000000,61.428000,47.505800,2.934000,139.382200,6,mixed,Mixed,733
2026-06-01 04:12:54,0.000000,0.500000,0.000000,0.000000,0.000000,61.449000,47.501200,2.954200,140.327400,6,mixed,Mixed,734
2026-06-01 04:12:55,0.000000,0.500000,0.000000,0.000000,0.000000,61.394000,47.502200,2.993700,142.207500,6,mixed,Mixed,735
2026-06-01 04:12:56,0.000000,0.500000,0.000000,0.000000,0.000000,61.434000,47.494300,2.986700,141.851200,6,mixed,Mixed,736
2026-06-01 04:12:57,0.000000,0.100000,0.000000,0.000000,0.000000,61.366000,47.534200,2.337800,111.111700,6,mixed,Mixed,737
2026-06-01 04:12:58,0.375300,0.000000,0.611429,8.305570,0.004140,61.360000,47.421000,4.366600,206.874400,6,mixed,Mixed,738
2026-06-01 04:12:59,0.540000,0.000000,-0.190476,10.409290,0.005190,61.355000,47.197000,8.931700,421.527500,6,mixed,Mixed,739
2026-06-01 04:13:00,0.400000,0.000000,0.000000,7.914300,0.004000,61.345000,47.203500,8.661700,408.858600,6,mixed,Mixed,740
2026-06-01 04:13:01,0.400000,0.000000,0.000000,7.914300,0.004000,61.336000,47.226200,8.232000,388.764600,6,mixed,Mixed,741
2026-06-01 04:13:02,0.260000,0.000000,-0.190476,5.006800,0.002530,61.337000,47.281000,7.190000,339.917000,6,mixed,Mixed,742
2026-06-01 04:13:03,0.200000,0.000000,0.000000,3.957200,0.002000,61.328000,47.372900,5.343400,253.126300,6,mixed,Mixed,743
2026-06-01 04:13:04,0.200000,0.000000,0.000000,3.957200,0.002000,61.318000,47.402000,4.630000,219.470400,6,mixed,Mixed,744
2026-06-01 04:13:05,0.060000,0.000000,-0.190476,1.187160,0.000600,61.318000,47.455700,3.538500,167.900300,6,mixed,Mixed,745
2026-06-01 04:13:06,0.000000,0.000000,0.000000,0.000000,0.000000,61.318000,47.563000,1.585800,75.422300,6,mixed,Mixed,746
2026-06-01 04:13:07,0.000000,0.300000,0.000000,0.000000,0.000000,61.350000,47.579200,1.336600,63.588500,6,mixed,Mixed,747
2026-06-01 04:13:08,0.000000,0.500000,0.000000,0.000000,0.000000,61.350000,47.535800,2.342300,111.341800,6,mixed,Mixed,748
2026-06-01 04:13:09,0.000000,0.500000,0.000000,0.000000,0.000000,61.366000,47.504300,2.794800,132.765800,6,mixed,Mixed,749
2026-06-01 04:13:10,0.000000,0.500000,0.000000,0.000000,0.000000,61.332000,47.500700,2.880400,136.821400,6,mixed,Mixed,750
2026-06-01 04:13:11,0.000000,0.500000,0.000000,0.000000,0.000000,61.364000,47.498300,2.976000,141.354400,6,mixed,Mixed,751
2026-06-01 04:13:12,0.000000,0.500000,0.000000,0.000000,0.000000,61.308000,47.507900,2.985400,141.829400,6,mixed,Mixed,752
2026-06-01 04:13:13,0.000000,0.450000,0.000000,0.000000,0.000000,61.366000,47.492800,2.964800,140.805300,6,mixed,Mixed,753
2026-06-01 04:13:14,0.000000,0.000000,0.000000,0.000000,0.000000,61.290000,47.551400,1.822000,86.627600,6,mixed,Mixed,754
2026-06-01 04:13:15,0.000000,0.000000,0.000000,0.000000,0.000000,61.306000,47.595600,0.952400,45.329000,6,mixed,Mixed,755
2026-06-01 04:13:16,0.000000,0.000000,0.000000,0.000000,0.000000,61.314000,47.603100,0.664400,31.628400,6,mixed,Mixed,756
2026-06-01 04:13:17,0.000000,0.000000,0.000000,0.000000,0.000000,61.314000,47.617800,0.554200,26.389400,6,mixed,Mixed,757
2026-06-01 04:13:18,0.000000,0.000000,0.000000,0.000000,0.000000,61.330000,47.629400,0.511500,24.361900,6,mixed,Mixed,758
2026-06-01 04:13:19,0.000000,0.000000,0.000000,0.000000,0.000000,61.306000,47.616100,0.504700,24.031500,6,mixed,Mixed,759
2026-06-01 04:13:20,0.187500,0.000000,0.220238,3.842070,0.001940,61.322000,47.535700,2.074700,98.601000,6,mixed,Mixed,760
2026-06-01 04:13:21,0.200000,0.000000,0.000000,3.957200,0.002000,61.315000,47.465100,3.483900,165.357300,6,mixed,Mixed,761
2026-06-01 04:13:22,0.200000,0.000000,0.000000,3.957200,0.002000,61.296000,47.430500,4.000800,189.758900,6,mixed,Mixed,762
2026-06-01 04:13:23,0.386900,0.000000,0.221667,7.949100,0.004010,61.350000,47.363400,5.710500,270.446000,6,mixed,Mixed,763
2026-06-01 04:13:24,0.400000,0.000000,0.000000,7.914300,0.004000,61.350000,47.286222,7.155778,338.363667,6,mixed,Mixed,764
2026-06-01 04:13:25,0.451100,0.000000,0.216905,9.379910,0.004720,61.342000,47.232700,7.898500,373.054100,6,mixed,Mixed,765
2026-06-01 04:13:26,0.600000,0.000000,0.000000,11.871500,0.005900,61.333000,47.149200,10.029400,472.860400,6,mixed,Mixed,766
2026-06-01 04:13:27,0.120000,0.000000,-0.571429,2.374300,0.001180,61.322000,47.241500,7.946100,375.157700,6,mixed,Mixed,767
2026-06-01 04:13:28,0.000000,0.000000,0.000000,0.000000,0.000000,61.287000,47.497900,3.020000,143.416200,6,mixed,Mixed,768
2026-06-01 04:13:29,0.000000,0.400000,0.000000,0.000000,0.000000,61.257000,47.536400,2.175200,103.397800,6,mixed,Mixed,769
2026-06-01 04:13:30,0.000000,0.500000,0.000000,0.000000,0.000000,61.254000,47.500700,2.708200,128.641200,6,mixed,Mixed,770
2026-06-01 04:13:31,0.000000,0.500000,0.000000,0.000000,0.000000,61.278000,47.478900,2.923700,138.813300,6,mixed,Mixed,771
2026-06-01 04:13:32,0.000000,0.500000,0.000000,0.000000,0.000000,61.262000,47.491900,2.968500,140.979700,6,mixed,Mixed,772
2026-06-01 04:13:33,0.000000,0.500000,0.000000,0.000000,0.000000,61.220000,47.491400,2.983400,141.686000,6,mixed,Mixed,773
2026-06-01 04:13:34,0.000000,0.500000,0.000000,0.000000,0.000000,61.268000,47.480900,2.999500,142.418900,6,mixed,Mixed,774
2026-06-01 04:13:35,0.000000,0.350000,0.000000,0.000000,0.000000,61.220000,47.491800,2.774300,131.747400,6,mixed,Mixed,775
2026-06-01 04:13:36,0.051600,0.000000,0.345714,1.445300,0.000720,61.213000,47.518500,2.112800,100.348300,6,mixed,Mixed,776
2026-06-01 04:13:37,0.593100,0.000000,0.265714,12.310510,0.006120,61.210000,47.266200,7.279300,343.956400,6,mixed,Mixed,777
2026-06-01 04:13:38,0.460000,0.000000,-0.238095,8.757650,0.004390,61.200000,47.181300,9.121000,430.336100,6,mixed,Mixed,778
2026-06-01 04:13:39,0.400000,0.000000,0.000000,7.914300,0.004000,61.191000,47.206300,8.381300,395.645600,6,mixed,Mixed,779
2026-06-01 04:13:40,0.380000,0.000000,-0.190476,7.381060,0.003730,61.182000,47.226200,8.056400,380.467100,6,mixed,Mixed,780
2026-06-01 04:13:41,0.200000,0.000000,0.000000,3.957200,0.002000,61.174000,47.319300,6.052400,286.379100,6,mixed,Mixed,781
2026-06-01 04:13:42,0.200000,0.000000,0.000000,3.957200,0.002000,61.170000,47.390700,4.920900,233.203400,6,mixed,Mixed,782
2026-06-01 04:13:43,0.200000,0.000000,0.000000,3.957200,0.002000,61.164000,47.402500,4.450400,210.956300,6,mixed,Mixed,783
2026-06-01 04:13:44,0.000000,0.000000,-0.190476,0.000000,0.000000,61.160000,47.501500,2.556800,121.434400,6,mixed,Mixed,784
2026-06-01 04:13:45,0.000000,0.000000,0.000000,0.000000,0.000000,61.160000,47.560100,1.208800,57.489800,6,mixed,Mixed,785
2026-06-01 04:13:46,0.000000,0.450000,0.000000,0.000000,0.000000,61.184000,47.546100,1.760300,83.685500,6,mixed,Mixed,786
2026-06-01 04:13:47,0.000000,0.500000,0.000000,0.000000,0.000000,61.168000,47.501700,2.588600,122.961100,6,mixed,Mixed,787
2026-06-01 04:13:48,0.000000,0.500000,0.000000,0.000000,0.000000,61.211000,47.500000,2.845800,135.175600,6,mixed,Mixed,788
2026-06-01 04:13:49,0.000000,0.500000,0.000000,0.000000,0.000000,61.150000,47.455400,2.943100,139.665700,6,mixed,Mixed,789
2026-06-01 04:13:50,0.000000,0.500000,0.000000,0.000000,0.000000,61.174000,47.468500,2.969100,140.939300,6,mixed,Mixed,790
2026-06-01 04:13:51,0.000000,0.500000,0.000000,0.000000,0.000000,61.171000,47.484700,2.997900,142.354200,6,mixed,Mixed,791
2026-06-01 04:13:52,0.000000,0.300000,0.000000,0.000000,0.000000,61.157000,47.485300,2.656400,126.127100,6,mixed,Mixed,792
2026-06-01 04:13:53,0.000000,0.000000,0.000000,0.000000,0.000000,61.140000,47.559200,1.348900,64.149600,6,mixed,Mixed,793
2026-06-01 04:13:54,0.000000,0.000000,0.000000,0.000000,0.000000,61.140000,47.582300,0.785900,37.392900,6,mixed,Mixed,794
2026-06-01 04:13:55,0.000000,0.000000,0.000000,0.000000,0.000000,61.140000,47.599100,0.590100,28.088300,6,mixed,Mixed,795
2026-06-01 04:13:56,0.000000,0.000000,0.000000,0.000000,0.000000,61.140000,47.599500,0.544700,25.926900,6,mixed,Mixed,796
2026-06-01 04:13:57,0.000000,0.000000,0.000000,0.000000,0.000000,61.140000,47.598900,0.513000,24.418100,6,mixed,Mixed,797
2026-06-01 04:13:58,0.077660,0.000000,0.190476,1.674100,0.000850,61.140000,47.575100,0.986600,46.919500,6,mixed,Mixed,798
2026-06-01 04:13:59,0.200000,0.000000,0.000000,3.957200,0.002000,61.137000,47.465200,2.937000,139.397200,6,mixed,Mixed,799
2026-06-01 04:14:00,0.200000,0.000000,0.000000,3.957200,0.002000,61.130000,47.437600,3.788600,179.721500,6,mixed,Mixed,800
2026-06-01 04:14:01,0.280660,0.000000,0.190476,5.824550,0.002930,61.146000,47.397800,4.560200,216.117600,6,mixed,Mixed,801
2026-06-01 04:14:02,0.400000,0.000000,0.000000,7.914300,0.004000,61.121000,47.283900,6.627600,313.372200,6,mixed,Mixed,802
2026-06-01 04:14:03,0.400000,0.000000,0.000000,7.914300,0.004000,61.155000,47.241200,7.530000,355.724700,6,mixed,Mixed,803
2026-06-01 04:14:04,0.562700,0.000000,0.190476,11.535840,0.005750,61.130000,47.155300,9.131900,430.574200,6,mixed,Mixed,804
2026-06-01 04:14:05,0.432000,0.000000,-0.571429,8.547480,0.004250,61.144000,47.115700,10.220100,481.498300,6,mixed,Mixed,805
2026-06-01 04:14:06,0.000000,0.000000,0.000000,0.000000,0.000000,61.104000,47.394700,4.976800,235.774000,6,mixed,Mixed,806
2026-06-01 04:14:07,0.000000,0.130000,0.000000,0.000000,0.000000,61.114000,47.509300,2.201700,104.588600,6,mixed,Mixed,807
2026-06-01 04:14:08,0.000000,0.500000,0.000000,0.000000,0.000000,61.096000,47.485100,2.492400,118.349900,6,mixed,Mixed,808
2026-06-01 04:14:09,0.000000,0.500000,0.000000,0.000000,0.000000,61.088000,47.470200,2.833400,134.502200,6,mixed,Mixed,809
2026-06-01 04:14:10,0.000000,0.500000,0.000000,0.000000,0.000000,61.078000,47.487400,2.949600,140.067300,6,mixed,Mixed,810
2026-06-01 04:14:11,0.000000,0.500000,0.000000,0.000000,0.000000,61.088000,47.480800,2.977100,141.355000,6,mixed,Mixed,811
2026-06-01 04:14:12,0.000000,0.500000,0.000000,0.000000,0.000000,61.102000,47.461700,2.995400,142.166000,6,mixed,Mixed,812
2026-06-01 04:14:13,0.000000,0.500000,0.000000,0.000000,0.000000,61.086000,47.459900,2.995700,142.175300,6,mixed,Mixed,813
2026-06-01 04:14:14,0.000000,0.105000,0.000000,0.000000,0.000000,61.063000,47.509600,2.278700,108.248800,6,mixed,Mixed,814
2026-06-01 04:14:15,0.307680,0.000000,0.571429,6.936820,0.003450,61.060000,47.432400,3.719100,176.240900,6,mixed,Mixed,815
2026-06-01 04:14:16,0.588000,0.000000,-0.142857,11.427780,0.005680,61.055000,47.189000,8.784400,414.491500,6,mixed,Mixed,816
2026-06-01 04:14:17,0.400000,0.000000,-0.076191,7.804280,0.003940,61.045000,47.157400,8.967700,422.890200,6,mixed,Mixed,817
2026-06-01 04:14:18,0.400000,0.000000,0.000000,7.914300,0.004000,61.036000,47.188400,8.316200,392.427600,6,mixed,Mixed,818
2026-06-01 04:14:19,0.304000,0.000000,-0.190476,5.877360,0.002960,61.028000,47.237700,7.642400,360.992700,6,mixed,Mixed,819
2026-06-01 04:14:20,0.200000,0.000000,0.000000,3.957200,0.002000,61.020000,47.336500,5.583900,264.305500,6,mixed,Mixed,820
2026-06-01 04:14:21,0.200000,0.000000,0.000000,3.957200,0.002000,61.016000,47.367500,4.738800,224.465700,6,mixed,Mixed,821
2026-06-01 04:14:22,0.120000,0.000000,-0.190476,2.374320,0.001200,61.010000,47.408300,4.071400,193.009000,6,mixed,Mixed,822
2026-06-01 04:14:23,0.000000,0.000000,0.000000,0.000000,0.000000,61.010000,47.522300,1.986500,94.390400,6,mixed,Mixed,823
2026-06-01 04:14:24,0.000000,0.195000,0.000000,0.000000,0.000000,61.034000,47.546200,1.252500,59.549600,6,mixed,Mixed,824
2026-06-01 04:14:25,0.000000,0.500000,0.000000,0.000000,0.000000,61.030000,47.497600,2.193300,104.172500,6,mixed,Mixed,825
2026-06-01 04:14:26,0.000000,0.500000,0.000000,0.000000,0.000000,61.032000,47.485200,2.715800,128.961400,6,mixed,Mixed,826
2026-06-01 04:14:27,0.000000,0.500000,0.000000,0.000000,0.000000,61.016000,47.461900,2.888100,137.074200,6,mixed,Mixed,827
2026-06-01 04:14:28,0.000000,0.500000,0.000000,0.000000,0.000000,61.056000,47.472600,2.976600,141.306200,6,mixed,Mixed,828
2026-06-01 04:14:29,0.000000,0.500000,0.000000,0.000000,0.000000,61.016000,47.455100,3.004200,142.564900,6,mixed,Mixed,829
2026-06-01 04:14:30,0.000000,0.500000,0.000000,0.000000,0.000000,61.014000,47.478600,2.998700,142.374400,6,mixed,Mixed,830
2026-06-01 04:14:31,0.000000,0.000000,0.000000,0.000000,0.000000,60.990000,47.507700,1.966000,93.385200,6,mixed,Mixed,831
2026-06-01 04:14:32,0.000000,0.000000,0.000000,0.000000,0.000000,60.990000,47.563900,0.994700,47.309900,6,mixed,Mixed,832
2026-06-01 04:14:33,0.000000,0.000000,0.000000,0.000000,0.000000,60.990000,47.578700,0.656100,31.216200,6,mixed,Mixed,833
2026-06-01 04:14:34,0.000000,0.000000,0.000000,0.000000,0.000000,60.990000,47.579100,0.570700,27.153000,6,mixed,Mixed,834
2026-06-01 04:14:35,0.000000,0.000000,0.000000,0.000000,0.000000,60.998000,47.593700,0.530400,25.243600,6,mixed,Mixed,835
2026-06-01 04:14:36,0.000000,0.000000,0.000000,0.000000,0.000000,61.014000,47.600300,0.485700,23.119300,6,mixed,Mixed,836
2026-06-01 04:14:37,0.164500,0.000000,0.201190,3.377620,0.001700,61.045000,47.522700,1.789000,84.988600,6,mixed,Mixed,837
2026-06-01 04:14:38,0.200000,0.000000,0.000000,3.957200,0.002000,61.052000,47.463900,3.391500,160.969600,6,mixed,Mixed,838
2026-06-01 04:14:39,0.200000,0.000000,0.000000,3.957200,0.002000,61.060000,47.415000,3.951200,187.345300,6,mixed,Mixed,839
2026-06-01 04:14:40,0.369300,0.000000,0.190476,7.558270,0.003810,61.055000,47.348200,5.451100,258.065200,6,mixed,Mixed,840
2026-06-01 04:14:41,0.400000,0.000000,0.000000,7.914300,0.004000,61.049000,47.249900,7.108300,335.864200,6,mixed,Mixed,841
2026-06-01 04:14:42,0.450500,0.000000,0.190476,9.301510,0.004680,61.040000,47.239700,7.868900,371.715300,6,mixed,Mixed,842
2026-06-01 04:14:43,0.600000,0.000000,0.000000,11.871500,0.005900,61.031000,47.105100,10.051000,473.441900,6,mixed,Mixed,843
2026-06-01 04:14:44,0.120000,0.000000,-0.714286,2.374300,0.001180,61.020000,47.208500,7.899700,372.697200,6,mixed,Mixed,844
2026-06-01 04:14:45,0.000000,0.000000,0.000000,0.000000,0.000000,61.015000,47.453700,3.133200,148.654100,6,mixed,Mixed,845
2026-06-01 04:14:46,0.000000,0.388889,0.000000,0.000000,0.000000,61.010000,47.500556,2.086444,99.101667,6,mixed,Mixed,846
2026-06-01 04:14:47,0.000000,0.500000,0.000000,0.000000,0.000000,60.995455,47.470818,2.675545,127.009636,6,mixed,Mixed,847
2026-06-01 04:14:48,0.000000,0.500000,0.000000,0.000000,0.000000,61.010000,47.471444,2.894889,137.423778,6,mixed,Mixed,848
2026-06-01 04:14:49,0.000000,0.500000,0.000000,0.000000,0.000000,60.997000,47.450400,2.958100,140.363000,6,mixed,Mixed,849
2026-06-01 04:14:50,0.000000,0.500000,0.000000,0.000000,0.000000,60.992000,47.456800,2.998000,142.275300,6,mixed,Mixed,850
2026-06-01 04:14:51,0.000000,0.500000,0.000000,0.000000,0.000000,60.992000,47.473500,3.019300,143.336600,6,mixed,Mixed,851
2026-06-01 04:14:52,0.000000,0.363636,0.000000,0.000000,0.000000,60.984545,47.487091,2.856636,135.648273,6,mixed,Mixed,852
2026-06-01 04:14:53,0.090300,0.000000,0.500000,2.442960,0.001230,60.990000,47.499900,2.209500,104.897400,6,mixed,Mixed,853
2026-06-01 04:14:54,0.600000,0.000000,0.111429,12.112850,0.006020,60.990000,47.246700,7.287700,344.213700,6,mixed,Mixed,854
2026-06-01 04:14:55,0.460000,0.000000,-0.190476,8.826410,0.004430,60.980000,47.147700,9.323600,439.585500,6,mixed,Mixed,855
2026-06-01 04:14:56,0.400000,0.000000,0.000000,7.914300,0.004000,60.970000,47.180300,8.519800,401.965000,6,mixed,Mixed,856
2026-06-01 04:14:57,0.380000,0.000000,-0.190476,7.381060,0.003730,60.961000,47.187700,8.158100,384.959600,6,mixed,Mixed,857
2026-06-01 04:14:58,0.200000,0.000000,0.000000,3.957200,0.002000,60.952000,47.289700,6.277600,296.833300,6,mixed,Mixed,858
2026-06-01 04:14:59,0.200000,0.000000,0.000000,3.957200,0.002000,60.950000,47.356800,4.963000,235.026800,6,mixed,Mixed,859
2026-06-01 04:15:00,0.200000,0.000000,0.000000,3.957200,0.002000,60.941000,47.384200,4.493900,212.940600,6,mixed,Mixed,860
2026-06-01 04:15:01,0.000000,0.000000,-0.238095,0.000000,0.000000,60.940000,47.468900,2.809400,133.345100,6,mixed,Mixed,861
2026-06-01 04:15:02,0.000000,0.000000,0.000000,0.000000,0.000000,60.940000,47.537900,1.296300,61.620400,6,mixed,Mixed,862
2026-06-01 04:15:03,0.000000,0.450000,0.000000,0.000000,0.000000,60.940000,47.524400,1.636800,77.775700,6,mixed,Mixed,863
2026-06-01 04:15:04,0.000000,0.500000,0.000000,0.000000,0.000000,60.906667,47.469556,2.528667,120.034778,6,mixed,Mixed,864
2026-06-01 04:15:05,0.000000,0.500000,0.000000,0.000000,0.000000,60.914000,47.465100,2.829400,134.296300,6,mixed,Mixed,865
2026-06-01 04:15:06,0.000000,0.500000,0.000000,0.000000,0.000000,60.915455,47.461545,2.946273,139.834818,6,mixed,Mixed,866
2026-06-01 04:15:07,0.000000,0.500000,0.000000,0.000000,0.000000,60.900000,47.448000,2.968444,140.847000,6,mixed,Mixed,867
2026-06-01 04:15:08,0.000000,0.500000,0.000000,0.000000,0.000000,60.904000,47.452400,3.013000,142.974600,6,mixed,Mixed,868
2026-06-01 04:15:09,0.000000,0.300000,0.000000,0.000000,0.000000,60.888000,47.480400,2.728800,129.563800,6,mixed,Mixed,869
2026-06-01 04:15:10,0.000000,0.000000,0.000000,0.000000,0.000000,60.880000,47.548100,1.392900,66.226800,6,mixed,Mixed,870
2026-06-01 04:15:11,0.000000,0.000000,0.000000,0.000000,0.000000,60.856000,47.565200,0.798200,37.964300,6,mixed,Mixed,871
2026-06-01 04:15:12,0.000000,0.000000,0.000000,0.000000,0.000000,60.880000,47.557800,0.581800,27.667900,6,mixed,Mixed,872
2026-06-01 04:15:13,0.000000,0.000000,0.000000,0.000000,0.000000,60.896000,47.581000,0.510600,24.295200,6,mixed,Mixed,873
2026-06-01 04:15:14,0.000000,0.000000,0.000000,0.000000,0.000000,60.902000,47.578600,0.535500,25.478500,6,mixed,Mixed,874
2026-06-01 04:15:15,0.052300,0.000000,0.208810,1.172030,0.000590,60.884000,47.571700,0.773600,36.787400,6,mixed,Mixed,875
2026-06-01 04:15:16,0.200000,0.000000,0.000000,3.957200,0.002000,60.880000,47.463800,2.697100,128.002600,6,mixed,Mixed,876
2026-06-01 04:15:17,0.200000,0.000000,0.000000,3.957200,0.002000,60.870000,47.402900,3.697400,175.264700,6,mixed,Mixed,877
2026-06-01 04:15:18,0.252900,0.000000,0.207381,5.289120,0.002670,60.869000,47.398100,4.286100,203.146200,6,mixed,Mixed,878
2026-06-01 04:15:19,0.400000,0.000000,0.000000,7.914300,0.004000,60.868000,47.290000,6.345500,300.065000,6,mixed,Mixed,879
2026-06-01 04:15:20,0.400000,0.000000,0.000000,7.914300,0.004000,60.852000,47.237900,7.462300,352.502900,6,mixed,Mixed,880
2026-06-01 04:15:21,0.529900,0.000000,0.214048,10.937070,0.005470,60.829000,47.160600,8.803400,415.135400,6,mixed,Mixed,881
2026-06-01 04:15:22,0.480000,0.000000,-0.571429,9.497200,0.004720,60.793000,47.079400,10.091500,475.075100,6,mixed,Mixed,882
2026-06-01 04:15:23,0.000000,0.000000,0.000000,0.000000,0.000000,60.783000,47.345200,4.969200,235.187400,6,mixed,Mixed,883
2026-06-01 04:15:24,0.000000,0.050000,0.000000,0.000000,0.000000,60.780000,47.486800,2.112000,100.287100,6,mixed,Mixed,884
2026-06-01 04:15:25,0.000000,0.500000,0.000000,0.000000,0.000000,60.788000,47.479500,2.347600,111.461100,6,mixed,Mixed,885
2026-06-01 04:15:26,0.000000,0.500000,0.000000,0.000000,0.000000,60.780000,47.455400,2.763900,131.161900,6,mixed,Mixed,886
2026-06-01 04:15:27,0.000000,0.500000,0.000000,0.000000,0.000000,60.772000,47.453400,2.923300,138.720400,6,mixed,Mixed,887
2026-06-01 04:15:28,0.000000,0.500000,0.000000,0.000000,0.000000,60.770000,47.431000,2.996100,142.107200,6,mixed,Mixed,888
2026-06-01 04:15:29,0.000000,0.500000,0.000000,0.000000,0.000000,60.770000,47.437800,2.956200,140.236500,6,mixed,Mixed,889
2026-06-01 04:15:30,0.000000,0.500000,0.000000,0.000000,0.000000,60.767000,47.442400,3.020500,143.299300,6,mixed,Mixed,890
2026-06-01 04:15:31,0.000000,0.135000,0.000000,0.000000,0.000000,60.760000,47.471900,2.305500,109.436100,6,mixed,Mixed,891
2026-06-01 04:15:32,0.355500,0.000000,0.573571,7.930140,0.003960,60.760000,47.384300,4.337500,205.335900,6,mixed,Mixed,892
2026-06-01 04:15:33,0.554000,0.000000,-0.190476,10.686300,0.005320,60.752000,47.136500,8.930800,420.956300,6,mixed,Mixed,893
2026-06-01 04:15:34,0.400000,0.000000,0.000000,7.914300,0.004000,60.743000,47.141800,8.657200,408.113600,6,mixed,Mixed,894
2026-06-01 04:15:35,0.400000,0.000000,0.000000,7.914300,0.004000,60.734000,47.159800,8.246000,388.879700,6,mixed,Mixed,895
2026-06-01 04:15:36,0.272000,0.000000,-0.219048,5.223600,0.002640,60.725000,47.208000,7.220600,340.846100,6,mixed,Mixed,896
2026-06-01 04:15:37,0.200000,0.000000,0.000000,3.957200,0.002000,60.720000,47.310700,5.366800,253.904900,6,mixed,Mixed,897
2026-06-01 04:15:38,0.200000,0.000000,0.000000,3.957200,0.002000,60.713000,47.361900,4.599400,217.835700,6,mixed,Mixed,898
2026-06-01 04:15:39,0.080000,0.000000,-0.190476,1.582880,0.000800,60.710000,47.399800,3.515000,166.586800,6,mixed,Mixed,899
2026-06-01 04:15:40,0.000000,0.000000,0.000000,0.000000,0.000000,60.710000,47.494600,1.591000,75.556500,6,mixed,Mixed,900
2026-06-01 04:15:41,0.000000,0.315000,0.000000,0.000000,0.000000,60.710000,47.529400,1.448400,68.834500,6,mixed,Mixed,901
2026-06-01 04:15:42,0.000000,0.500000,0.000000,0.000000,0.000000,60.703000,47.471000,2.385500,113.239300,6,mixed,Mixed,902
2026-06-01 04:15:43,0.000000,0.500000,0.000000,0.000000,0.000000,60.700000,47.448300,2.801900,132.944800,6,mixed,Mixed,903
2026-06-01 04:15:44,0.000000,0.500000,0.000000,0.000000,0.000000,60.700000,47.437600,2.940200,139.476700,6,mixed,Mixed,904
2026-06-01 04:15:45,0.000000,0.500000,0.000000,0.000000,0.000000,60.708000,47.426300,2.992000,141.898500,6,mixed,Mixed,905
2026-06-01 04:15:46,0.000000,0.500000,0.000000,0.000000,0.000000,60.690000,47.445100,2.991400,141.927200,6,mixed,Mixed,906
2026-06-01 04:15:47,0.000000,0.430000,0.000000,0.000000,0.000000,60.690000,47.439700,2.924300,138.729200,6,mixed,Mixed,907
2026-06-01 04:15:48,0.000000,0.000000,0.000000,0.000000,0.000000,60.690000,47.485300,1.703400,80.876700,6,mixed,Mixed,908
2026-06-01 04:15:49,0.000000,0.000000,0.000000,0.000000,0.000000,60.690000,47.548700,0.899000,42.746700,6,mixed,Mixed,909
2026-06-01 04:15:50,0.000000,0.000000,0.000000,0.000000,0.000000,60.690000,47.537200,0.628700,29.886700,6,mixed,Mixed,910
2026-06-01 04:15:51,0.000000,0.000000,0.000000,0.000000,0.000000,60.690000,47.549400,0.551900,26.243000,6,mixed,Mixed,911
2026-06-01 04:15:52,0.000000,0.000000,0.000000,0.000000,0.000000,60.690000,47.554800,0.524800,24.955700,6,mixed,Mixed,912
2026-06-01 04:15:53,0.002160,0.000000,0.020571,0.046300,0.000020,60.690000,47.534100,0.537500,25.548400,6,mixed,Mixed,913
2026-06-01 04:15:54,0.198600,0.000000,0.209048,4.080420,0.002050,60.681000,47.468000,2.266400,107.571700,6,mixed,Mixed,914
2026-06-01 04:15:55,0.200000,0.000000,0.000000,3.957200,0.002000,60.680000,47.373500,3.558100,168.558600,6,mixed,Mixed,915
2026-06-01 04:15:56,0.202700,0.000000,0.025714,4.033080,0.002040,60.680000,47.373800,4.046700,191.703600,6,mixed,Mixed,916
2026-06-01 04:15:57,0.398980,0.000000,0.203524,8.188010,0.004130,60.670000,47.288600,5.928100,280.310400,6,mixed,Mixed,917
2026-06-01 04:15:58,0.400000,0.000000,0.000000,7.914300,0.004000,60.665000,47.226600,7.274500,343.549000,6,mixed,Mixed,918
2026-06-01 04:15:59,0.479660,0.000000,0.191333,9.902340,0.004960,60.657000,47.174400,8.251500,389.241100,6,mixed,Mixed,919
2026-06-01 04:16:00,0.600000,0.000000,0.000000,11.871500,0.005900,60.646000,47.059000,10.382600,488.584800,6,mixed,Mixed,920
2026-06-01 04:16:01,0.066000,0.000000,-0.585714,1.305860,0.000650,60.637000,47.218300,7.336200,346.196600,6,mixed,Mixed,921
2026-06-01 04:16:02,0.000000,0.000000,0.000000,0.000000,0.000000,60.630000,47.447400,2.856700,135.524900,6,mixed,Mixed,922
2026-06-01 04:16:03,0.000000,0.395000,0.000000,0.000000,0.000000,60.630000,47.478500,2.070600,98.306800,6,mixed,Mixed,923
2026-06-01 04:16:04,0.000000,0.500000,0.000000,0.000000,0.000000,60.630000,47.450400,2.656800,126.064700,6,mixed,Mixed,924
2026-06-01 04:16:05,0.000000,0.500000,0.000000,0.000000,0.000000,60.624000,47.439700,2.876200,136.446800,6,mixed,Mixed,925
2026-06-01 04:16:06,0.000000,0.500000,0.000000,0.000000,0.000000,60.620000,47.428700,2.975600,141.128700,6,mixed,Mixed,926
2026-06-01 04:16:07,0.000000,0.500000,0.000000,0.000000,0.000000,60.628000,47.438700,2.973300,141.049300,6,mixed,Mixed,927
2026-06-01 04:16:08,0.000000,0.500000,0.000000,0.000000,0.000000,60.619000,47.440900,3.019500,143.247300,6,mixed,Mixed,928
2026-06-01 04:16:09,0.000000,0.335000,0.000000,0.000000,0.000000,60.610000,47.423200,2.757400,130.755700,6,mixed,Mixed,929
2026-06-01 04:16:10,0.060960,0.000000,0.419857,1.752270,0.000880,60.618000,47.467500,2.111600,100.182000,6,mixed,Mixed,930
2026-06-01 04:16:11,0.599640,0.000000,0.191429,12.279000,0.006110,60.607000,47.206200,7.287100,343.919800,6,mixed,Mixed,931
2026-06-01 04:16:12,0.468000,0.000000,-0.190476,8.984700,0.004500,60.597000,47.109500,9.334600,439.736700,6,mixed,Mixed,932
2026-06-01 04:16:13,0.400000,0.000000,0.000000,7.914300,0.004000,60.587000,47.143400,8.525300,401.911700,6,mixed,Mixed,933
2026-06-01 04:16:14,0.368000,0.000000,-0.190476,7.143640,0.003610,60.579000,47.173500,8.065100,380.459200,6,mixed,Mixed,934
2026-06-01 04:16:15,0.200000,0.000000,0.000000,3.957200,0.002000,60.594000,47.277000,6.097100,288.236200,6,mixed,Mixed,935
2026-06-01 04:16:16,0.200000,0.000000,0.000000,3.957200,0.002000,60.649000,47.319600,4.896800,231.713100,6,mixed,Mixed,936
2026-06-01 04:16:17,0.180000,0.000000,-0.190476,3.561480,0.001800,60.640000,47.366700,4.449800,210.770400,6,mixed,Mixed,937
2026-06-01 04:16:18,0.000000,0.000000,0.000000,0.000000,0.000000,60.640000,47.442600,2.518500,119.467300,6,mixed,Mixed,938
2026-06-01 04:16:19,0.000000,0.000000,0.000000,0.000000,0.000000,60.640000,47.513300,1.209200,57.449700,6,mixed,Mixed,939
2026-06-01 04:16:20,0.000000,0.500000,0.000000,0.000000,0.000000,60.640000,47.492222,1.732444,82.265444,6,mixed,Mixed,940
2026-06-01 04:16:21,0.000000,0.500000,0.000000,0.000000,0.000000,60.624545,47.460091,2.559636,121.479545,6,mixed,Mixed,941
2026-06-01 04:16:22,0.000000,0.500000,0.000000,0.000000,0.000000,60.612222,47.430222,2.824333,133.958111,6,mixed,Mixed,942
2026-06-01 04:16:23,0.000000,0.500000,0.000000,0.000000,0.000000,60.574000,47.415200,2.936000,139.211600,6,mixed,Mixed,943
2026-06-01 04:16:24,0.000000,0.500000,0.000000,0.000000,0.000000,60.594000,47.434000,2.964300,140.609200,6,mixed,Mixed,944
2026-06-01 04:16:25,0.000000,0.500000,0.000000,0.000000,0.000000,60.596000,47.410600,2.994900,141.990400,6,mixed,Mixed,945
2026-06-01 04:16:26,0.000000,0.300000,0.000000,0.000000,0.000000,60.564000,47.429700,2.684200,127.301900,6,mixed,Mixed,946
2026-06-01 04:16:27,0.000000,0.000000,0.000000,0.000000,0.000000,60.556000,47.491400,1.383500,65.700100,6,mixed,Mixed,947
2026-06-01 04:16:28,0.000000,0.000000,0.000000,0.000000,0.000000,60.548000,47.515700,0.825700,39.232100,6,mixed,Mixed,948
2026-06-01 04:16:29,0.000000,0.000000,0.000000,0.000000,0.000000,60.569000,47.554800,0.637500,30.317000,6,mixed,Mixed,949
2026-06-01 04:16:30,0.000000,0.000000,0.000000,0.000000,0.000000,60.548000,47.547900,0.542800,25.808400,6,mixed,Mixed,950
2026-06-01 04:16:31,0.000000,0.000000,0.000000,0.000000,0.000000,60.530000,47.534700,0.530600,25.222300,6,mixed,Mixed,951
2026-06-01 04:16:32,0.053500,0.000000,0.205952,1.200740,0.000610,60.539000,47.525600,0.848400,40.309700,6,mixed,Mixed,952
2026-06-01 04:16:33,0.200000,0.000000,0.000000,3.957200,0.002000,60.562000,47.428900,2.756400,130.721900,6,mixed,Mixed,953
2026-06-01 04:16:34,0.200000,0.000000,0.000000,3.957200,0.002000,60.554000,47.379700,3.705800,175.578200,6,mixed,Mixed,954
2026-06-01 04:16:35,0.249900,0.000000,0.214048,5.252730,0.002650,60.566000,47.348500,4.377400,207.258600,6,mixed,Mixed,955
2026-06-01 04:16:36,0.400000,0.000000,0.000000,7.914300,0.004000,60.536000,47.257200,6.447800,304.699400,6,mixed,Mixed,956
2026-06-01 04:16:37,0.400000,0.000000,0.000000,7.914300,0.004000,60.551000,47.196100,7.471800,352.636400,6,mixed,Mixed,957
2026-06-01 04:16:38,0.530500,0.000000,0.190476,10.901720,0.005440,60.527000,47.137400,8.821600,415.797400,6,mixed,Mixed,958
2026-06-01 04:16:39,0.540000,0.000000,-0.714286,10.684350,0.005310,60.500000,47.047500,10.392600,488.940100,6,mixed,Mixed,959
2026-06-01 04:16:40,0.000000,0.000000,0.000000,0.000000,0.000000,60.498000,47.288500,5.621100,265.707900,6,mixed,Mixed,960
2026-06-01 04:16:41,0.000000,0.050000,0.000000,0.000000,0.000000,60.512000,47.437900,2.410600,114.341100,6,mixed,Mixed,961
2026-06-01 04:16:42,0.000000,0.500000,0.000000,0.000000,0.000000,60.528000,47.442600,2.397800,113.759100,6,mixed,Mixed,962
2026-06-01 04:16:43,0.000000,0.500000,0.000000,0.000000,0.000000,60.508000,47.428700,2.793900,132.511700,6,mixed,Mixed,963
2026-06-01 04:16:44,0.000000,0.500000,0.000000,0.000000,0.000000,60.543000,47.415200,2.937300,139.271900,6,mixed,Mixed,964
2026-06-01 04:16:45,0.000000,0.500000,0.000000,0.000000,0.000000,60.494000,47.422000,2.967700,140.735000,6,mixed,Mixed,965
2026-06-01 04:16:46,0.000000,0.500000,0.000000,0.000000,0.000000,60.518000,47.431300,3.005500,142.554500,6,mixed,Mixed,966
2026-06-01 04:16:47,0.000000,0.500000,0.000000,0.000000,0.000000,60.501000,47.415800,3.017800,143.091600,6,mixed,Mixed,967
2026-06-01 04:16:48,0.000000,0.200000,0.000000,0.000000,0.000000,60.540000,47.438800,2.570900,121.956100,6,mixed,Mixed,968
2026-06-01 04:16:49,0.218700,0.000000,0.611429,5.227830,0.002600,60.540000,47.434100,2.761000,130.831300,6,mixed,Mixed,969
2026-06-01 04:16:50,0.600000,0.000000,0.000000,11.871500,0.005900,60.535000,47.177200,8.158400,384.833600,6,mixed,Mixed,970
2026-06-01 04:16:51,0.400000,0.000000,-0.190476,7.639250,0.003860,60.525000,47.099000,8.944100,421.254000,6,mixed,Mixed,971
2026-06-01 04:16:52,0.400000,0.000000,0.000000,7.914300,0.004000,60.516000,47.156400,8.342000,393.378700,6,mixed,Mixed,972
2026-06-01 04:16:53,0.320000,0.000000,-0.190476,6.193930,0.003130,60.507000,47.178100,7.780200,367.043000,6,mixed,Mixed,973
2026-06-01 04:16:54,0.200000,0.000000,0.000000,3.957200,0.002000,60.500000,47.279400,5.740800,271.417500,6,mixed,Mixed,974
2026-06-01 04:16:55,0.200000,0.000000,0.000000,3.957200,0.002000,60.494000,47.329800,4.775500,226.021900,6,mixed,Mixed,975
2026-06-01 04:16:56,0.120000,0.000000,-0.190476,2.374320,0.001200,60.490000,47.378100,4.103800,194.417100,6,mixed,Mixed,976
2026-06-01 04:16:57,0.000000,0.000000,0.000000,0.000000,0.000000,60.490000,47.454600,1.995100,94.669500,6,mixed,Mixed,977
2026-06-01 04:16:58,0.000000,0.200000,0.000000,0.000000,0.000000,60.463000,47.494000,1.297800,61.632300,6,mixed,Mixed,978
2026-06-01 04:16:59,0.000000,0.500000,0.000000,0.000000,0.000000,60.432000,47.450900,2.303400,109.295300,6,mixed,Mixed,979
2026-06-01 04:17:00,0.000000,0.500000,0.000000,0.000000,0.000000,60.416000,47.434900,2.745200,130.217300,6,mixed,Mixed,980
2026-06-01 04:17:01,0.000000,0.500000,0.000000,0.000000,0.000000,60.472000,47.427900,2.898000,137.446600,6,mixed,Mixed,981
2026-06-01 04:17:02,0.000000,0.500000,0.000000,0.000000,0.000000,60.401000,47.387600,2.984700,141.437100,6,mixed,Mixed,982
2026-06-01 04:17:03,0.000000,0.500000,0.000000,0.000000,0.000000,60.446000,47.407200,2.980900,141.316700,6,mixed,Mixed,983
2026-06-01 04:17:04,0.000000,0.500000,0.000000,0.000000,0.000000,60.422000,47.407700,3.008600,142.630200,6,mixed,Mixed,984
2026-06-01 04:17:05,0.000000,0.045455,0.000000,0.000000,0.000000,60.470000,47.459636,2.043909,96.987909,6,mixed,Mixed,985
2026-06-01 04:17:06,0.000000,0.000000,0.000000,0.000000,0.000000,60.470000,47.506500,1.032000,49.025800,6,mixed,Mixed,986
2026-06-01 04:17:07,0.000000,0.000000,0.000000,0.000000,0.000000,60.470000,47.533000,0.708889,33.694222,6,mixed,Mixed,987
2026-06-01 04:17:08,0.000000,0.000000,0.000000,0.000000,0.000000,60.470000,47.536909,0.579364,27.541000,6,mixed,Mixed,988
2026-06-01 04:17:09,0.000000,0.000000,0.000000,0.000000,0.000000,60.464000,47.527500,0.490100,23.293300,6,mixed,Mixed,989
2026-06-01 04:17:10,0.000000,0.000000,0.000000,0.000000,0.000000,60.460000,47.531778,0.530778,25.227222,6,mixed,Mixed,990
2026-06-01 04:17:11,0.157727,0.000000,0.173160,3.227236,0.001627,60.460000,47.483091,1.659182,78.752818,6,mixed,Mixed,991
2026-06-01 04:17:12,0.200000,0.000000,0.000000,3.957200,0.002000,60.460000,47.413222,3.343667,158.531222,6,mixed,Mixed,992
2026-06-01 04:17:13,0.200000,0.000000,0.000000,3.957200,0.002000,60.460000,47.376300,3.925300,185.965800,6,mixed,Mixed,993
2026-06-01 04:17:14,0.335300,0.000000,0.201667,6.905400,0.003480,60.452000,47.316900,4.990500,236.101700,6,mixed,Mixed,994
2026-06-01 04:17:15,0.400000,0.000000,0.000000,7.914300,0.004000,60.447273,47.215091,6.960273,328.630636,6,mixed,Mixed,995
2026-06-01 04:17:16,0.413000,0.000000,0.154762,8.482144,0.004278,60.440000,47.176222,7.657222,361.236667,6,mixed,Mixed,996
2026-06-01 04:17:17,0.600000,0.000000,0.071861,12.027145,0.005982,60.428182,47.081000,9.713455,457.301636,6,mixed,Mixed,997
2026-06-01 04:17:18,0.266667,0.000000,-0.634921,5.276222,0.002622,60.418889,47.094000,9.418222,443.395111,6,mixed,Mixed,998
2026-06-01 04:17:19,0.000000,0.000000,0.000000,0.000000,0.000000,60.410000,47.335700,4.124200,195.158800,6,mixed,Mixed,999
2026-06-01 04:17:20,0.000000,0.200000,0.000000,0.000000,0.000000,60.410000,47.447000,1.978200,93.855500,6,mixed,Mixed,1000
2026-06-01 04:17:21,0.000000,0.500000,0.000000,0.000000,0.000000,60.326000,47.425200,2.542400,120.571000,6,mixed,Mixed,1001
2026-06-01 04:17:22,0.000000,0.500000,0.000000,0.000000,0.000000,60.363000,47.405300,2.831900,134.247400,6,mixed,Mixed,1002
2026-06-01 04:17:23,0.000000,0.500000,0.000000,0.000000,0.000000,60.360000,47.419800,2.930000,138.939900,6,mixed,Mixed,1003
2026-06-01 04:17:24,0.000000,0.500000,0.000000,0.000000,0.000000,60.360000,47.405100,2.956600,140.157100,6,mixed,Mixed,1004
2026-06-01 04:17:25,0.000000,0.500000,0.000000,0.000000,0.000000,60.312000,47.400300,2.989700,141.712600,6,mixed,Mixed,1005
2026-06-01 04:17:26,0.000000,0.465000,0.000000,0.000000,0.000000,60.310000,47.397900,2.987800,141.614400,6,mixed,Mixed,1006
2026-06-01 04:17:27,0.000000,0.000000,0.000000,0.000000,0.000000,60.310000,47.445800,1.838100,87.201900,6,mixed,Mixed,1007
2026-06-01 04:17:28,0.479040,0.000000,0.611428,10.424370,0.005200,60.306000,47.284600,5.617200,265.447800,6,mixed,Mixed,1008
2026-06-01 04:17:29,0.532000,0.000000,-0.190476,10.251000,0.005110,60.297000,47.078600,9.274600,436.622400,6,mixed,Mixed,1009
2026-06-01 04:17:30,0.400000,0.000000,0.000000,7.914300,0.004000,60.287000,47.118100,8.699600,409.906100,6,mixed,Mixed,1010
2026-06-01 04:17:31,0.400000,0.000000,0.000000,7.914300,0.004000,60.279000,47.122900,8.241300,388.354100,6,mixed,Mixed,1011
2026-06-01 04:17:32,0.246000,0.000000,-0.190476,4.729800,0.002390,60.270000,47.189500,7.008400,330.674800,6,mixed,Mixed,1012
2026-06-01 04:17:33,0.200000,0.000000,0.000000,3.957200,0.002000,60.263000,47.292000,5.228300,247.254200,6,mixed,Mixed,1013
2026-06-01 04:17:34,0.200000,0.000000,0.000000,3.957200,0.002000,60.260000,47.317800,4.603400,217.822000,6,mixed,Mixed,1014
2026-06-01 04:17:35,0.060000,0.000000,-0.190476,1.187160,0.000600,60.254000,47.368600,3.531500,167.256000,6,mixed,Mixed,1015
2026-06-01 04:17:36,0.000000,0.000000,0.000000,0.000000,0.000000,60.250000,47.463000,1.592400,75.568600,6,mixed,Mixed,1016
2026-06-01 04:17:37,0.000000,0.300000,0.000000,0.000000,0.000000,60.250000,47.481400,1.358500,64.498600,6,mixed,Mixed,1017
2026-06-01 04:17:38,0.000000,0.500000,0.000000,0.000000,0.000000,60.258000,47.437100,2.364200,112.148900,6,mixed,Mixed,1018
2026-06-01 04:17:39,0.000000,0.500000,0.000000,0.000000,0.000000,60.258000,47.407900,2.752500,130.490600,6,mixed,Mixed,1019
2026-06-01 04:17:40,0.000000,0.500000,0.000000,0.000000,0.000000,60.251000,47.389900,2.912600,138.028000,6,mixed,Mixed,1020
2026-06-01 04:17:41,0.000000,0.500000,0.000000,0.000000,0.000000,60.240000,47.381500,2.960400,140.267000,6,mixed,Mixed,1021
2026-06-01 04:17:42,0.000000,0.500000,0.000000,0.000000,0.000000,60.248000,47.374100,2.991000,141.695400,6,mixed,Mixed,1022
2026-06-01 04:17:43,0.000000,0.430000,0.000000,0.000000,0.000000,60.237000,47.395000,2.970300,140.777200,6,mixed,Mixed,1023
2026-06-01 04:17:44,0.000000,0.000000,0.000000,0.000000,0.000000,60.238000,47.453500,1.676400,79.550100,6,mixed,Mixed,1024
2026-06-01 04:17:45,0.000000,0.000000,0.000000,0.000000,0.000000,60.254000,47.504800,0.920700,43.736000,6,mixed,Mixed,1025
2026-06-01 04:17:46,0.000000,0.000000,0.000000,0.000000,0.000000,60.230000,47.499700,0.671200,31.881300,6,mixed,Mixed,1026
2026-06-01 04:17:47,0.000000,0.000000,0.000000,0.000000,0.000000,60.230000,47.510900,0.516300,24.529800,6,mixed,Mixed,1027
2026-06-01 04:17:48,0.000000,0.000000,0.000000,0.000000,0.000000,60.230000,47.497000,0.541800,25.734200,6,mixed,Mixed,1028
2026-06-01 04:17:49,0.002160,0.000000,0.020571,0.048530,0.000020,60.230000,47.506400,0.555100,26.368600,6,mixed,Mixed,1029
2026-06-01 04:17:50,0.200000,0.000000,0.169905,4.079870,0.002060,60.246000,47.442400,2.265400,107.460100,6,mixed,Mixed,1030
2026-06-01 04:17:51,0.200000,0.000000,0.000000,3.957200,0.002000,60.245000,47.361700,3.556800,168.453200,6,mixed,Mixed,1031
2026-06-01 04:17:52,0.202700,0.000000,0.025714,4.035870,0.002040,60.228000,47.340100,4.069600,192.654800,6,mixed,Mixed,1032
2026-06-01 04:17:53,0.398980,0.000000,0.203524,8.188010,0.004130,60.226000,47.249400,5.952500,281.242500,6,mixed,Mixed,1033
2026-06-01 04:17:54,0.400000,0.000000,0.000000,7.914300,0.004000,60.218000,47.180000,7.300100,344.415900,6,mixed,Mixed,1034
2026-06-01 04:17:55,0.501680,0.000000,0.229238,10.411900,0.005200,60.209000,47.123000,8.401900,395.889900,6,mixed,Mixed,1035
2026-06-01 04:17:56,0.600000,0.000000,0.000000,11.871500,0.005900,60.192000,47.020800,10.493300,493.396800,6,mixed,Mixed,1036
2026-06-01 04:17:57,0.012000,0.000000,-0.571429,0.237430,0.000120,60.180000,47.205100,6.683000,315.299300,6,mixed,Mixed,1037
2026-06-01 04:17:58,0.000000,0.000000,0.000000,0.000000,0.000000,60.244000,47.407900,2.672300,126.660800,6,mixed,Mixed,1038
2026-06-01 04:17:59,0.000000,0.490000,0.000000,0.000000,0.000000,60.192000,47.440600,2.261900,107.303800,6,mixed,Mixed,1039
2026-06-01 04:18:00,0.000000,0.500000,0.000000,0.000000,0.000000,60.194000,47.392600,2.751800,130.414600,6,mixed,Mixed,1040
2026-06-01 04:18:01,0.000000,0.500000,0.000000,0.000000,0.000000,60.186000,47.378200,2.901400,137.462800,6,mixed,Mixed,1041
2026-06-01 04:18:02,0.000000,0.500000,0.000000,0.000000,0.000000,60.210000,47.400100,2.926000,138.692800,6,mixed,Mixed,1042
2026-06-01 04:18:03,0.000000,0.500000,0.000000,0.000000,0.000000,60.179000,47.371100,3.022000,143.155600,6,mixed,Mixed,1043
2026-06-01 04:18:04,0.000000,0.500000,0.000000,0.000000,0.000000,60.232000,47.388300,2.985000,141.454000,6,mixed,Mixed,1044
2026-06-01 04:18:05,0.000000,0.200000,0.000000,0.000000,0.000000,60.232000,47.429500,2.554500,121.152000,6,mixed,Mixed,1045
2026-06-01 04:18:06,0.207300,0.000000,0.571429,4.972400,0.002490,60.240000,47.406900,2.736400,129.558900,6,mixed,Mixed,1046
2026-06-01 04:18:07,0.600000,0.000000,0.000000,11.871500,0.005900,60.232222,47.148000,7.960556,375.290111,6,mixed,Mixed,1047
2026-06-01 04:18:08,0.420000,0.000000,-0.190476,8.034970,0.004050,60.224000,47.092400,9.034300,425.442300,6,mixed,Mixed,1048
2026-06-01 04:18:09,0.400000,0.000000,0.000000,7.914300,0.004000,60.213636,47.130909,8.373091,394.631182,6,mixed,Mixed,1049
2026-06-01 04:18:10,0.320000,0.000000,-0.238095,6.159550,0.003110,60.205000,47.130100,7.755000,365.479300,6,mixed,Mixed,1050
2026-06-01 04:18:11,0.200000,0.000000,0.000000,3.957200,0.002000,60.200000,47.242444,5.772111,272.679667,6,mixed,Mixed,1051
2026-06-01 04:18:12,0.200000,0.000000,0.000000,3.957200,0.002000,60.190909,47.296182,4.758727,225.067182,6,mixed,Mixed,1052
2026-06-01 04:18:13,0.140000,0.000000,-0.190476,2.770040,0.001400,60.190000,47.329400,4.224200,199.921200,6,mixed,Mixed,1053
2026-06-01 04:18:14,0.000000,0.000000,0.000000,0.000000,0.000000,60.185556,47.428889,2.213889,104.980556,6,mixed,Mixed,1054
2026-06-01 04:18:15,0.000000,0.100000,0.000000,0.000000,0.000000,60.180000,47.477600,1.221700,58.003100,6,mixed,Mixed,1055
2026-06-01 04:18:16,0.000000,0.500000,0.000000,0.000000,0.000000,60.172727,47.427182,2.099273,99.557455,6,mixed,Mixed,1056
2026-06-01 04:18:17,0.000000,0.500000,0.000000,0.000000,0.000000,60.180000,47.394000,2.645667,125.388667,6,mixed,Mixed,1057
2026-06-01 04:18:18,0.000000,0.500000,0.000000,0.000000,0.000000,60.180000,47.405000,2.863455,135.741182,6,mixed,Mixed,1058
2026-06-01 04:18:19,0.000000,0.500000,0.000000,0.000000,0.000000,60.173333,47.396889,2.958222,140.210889,6,mixed,Mixed,1059
2026-06-01 04:18:20,0.000000,0.500000,0.000000,0.000000,0.000000,60.170000,47.379727,3.010909,142.657182,6,mixed,Mixed,1060
2026-06-01 04:18:21,0.000000,0.500000,0.000000,0.000000,0.000000,60.170000,47.394111,3.017111,142.993333,6,mixed,Mixed,1061
2026-06-01 04:18:22,0.000000,0.136364,0.000000,0.000000,0.000000,60.170000,47.418091,2.347727,111.311818,6,mixed,Mixed,1062
2026-06-01 04:18:23,0.000000,0.000000,0.000000,0.000000,0.000000,60.160000,47.474800,1.163100,55.215700,6,mixed,Mixed,1063
2026-06-01 04:18:24,0.000000,0.000000,0.000000,0.000000,0.000000,60.160000,47.495000,0.729500,34.647300,6,mixed,Mixed,1064
2026-06-01 04:18:25,0.000000,0.000000,0.000000,0.000000,0.000000,60.160000,47.503300,0.593700,28.203000,6,mixed,Mixed,1065
2026-06-01 04:18:26,0.000000,0.000000,0.000000,0.000000,0.000000,60.160000,47.514000,0.531300,25.244500,6,mixed,Mixed,1066
2026-06-01 04:18:27,0.000000,0.000000,0.000000,0.000000,0.000000,60.160000,47.518400,0.502000,23.852900,6,mixed,Mixed,1067
2026-06-01 04:18:28,0.128100,0.000000,0.209762,2.660270,0.001340,60.160000,47.461300,1.350700,64.070400,6,mixed,Mixed,1068
2026-06-01 04:18:29,0.200000,0.000000,0.000000,3.957200,0.002000,60.160000,47.372700,3.179300,150.611300,6,mixed,Mixed,1069
2026-06-01 04:18:30,0.200000,0.000000,0.000000,3.957200,0.002000,60.157000,47.338800,3.868200,183.112300,6,mixed,Mixed,1070
2026-06-01 04:18:31,0.328700,0.000000,0.190476,6.756500,0.003400,60.150000,47.274300,4.997200,236.205700,6,mixed,Mixed,1071
2026-06-01 04:18:32,0.400000,0.000000,0.000000,7.914300,0.004000,60.145000,47.185500,6.923600,326.685800,6,mixed,Mixed,1072
2026-06-01 04:18:33,0.409300,0.000000,0.088571,8.266490,0.004170,60.138000,47.147900,7.654100,360.875200,6,mixed,Mixed,1073
2026-06-01 04:18:34,0.600000,0.000000,0.101905,12.092220,0.006010,60.128000,47.047600,9.633700,453.222700,6,mixed,Mixed,1074
2026-06-01 04:18:35,0.240000,0.000000,-0.714286,4.748600,0.002360,60.117000,47.078800,8.988300,422.990800,6,mixed,Mixed,1075
2026-06-01 04:18:36,0.000000,0.000000,0.000000,0.000000,0.000000,60.110000,47.339900,3.776500,178.729200,6,mixed,Mixed,1076
2026-06-01 04:18:37,0.000000,0.277778,0.000000,0.000000,0.000000,60.110000,47.427778,2.038889,96.698222,6,mixed,Mixed,1077
2026-06-01 04:18:38,0.000000,0.500000,0.000000,0.000000,0.000000,60.109091,47.404727,2.586727,122.622818,6,mixed,Mixed,1078
2026-06-01 04:18:39,0.000000,0.500000,0.000000,0.000000,0.000000,60.091111,47.379778,2.866333,135.806000,6,mixed,Mixed,1079
2026-06-01 04:18:40,0.000000,0.500000,0.000000,0.000000,0.000000,60.100000,47.383909,2.963818,140.437727,6,mixed,Mixed,1080
2026-06-01 04:18:41,0.000000,0.500000,0.000000,0.000000,0.000000,60.100000,47.354778,2.980222,141.127556,6,mixed,Mixed,1081
2026-06-01 04:18:42,0.000000,0.500000,0.000000,0.000000,0.000000,60.094545,47.382818,2.972364,140.838545,6,mixed,Mixed,1082
2026-06-01 04:18:43,0.000000,0.450000,0.000000,0.000000,0.000000,60.090000,47.373900,2.929700,138.790600,6,mixed,Mixed,1083
2026-06-01 04:18:44,0.000000,0.000000,0.000000,0.000000,0.000000,60.081111,47.440222,1.855111,87.999333,6,mixed,Mixed,1084
2026-06-01 04:18:45,0.446100,0.000000,0.611429,9.769590,0.004870,60.080000,47.277500,5.038100,237.985200,6,mixed,Mixed,1085
2026-06-01 04:18:46,0.540000,0.000000,-0.190476,10.409290,0.005190,60.079000,47.059600,9.150400,430.606000,6,mixed,Mixed,1086
2026-06-01 04:18:47,0.400000,0.000000,0.000000,7.914300,0.004000,60.069000,47.094000,8.787700,413.843800,6,mixed,Mixed,1087
2026-06-01 04:18:48,0.400000,0.000000,0.000000,7.914300,0.004000,60.060000,47.109100,8.262500,389.237700,6,mixed,Mixed,1088
2026-06-01 04:18:49,0.260000,0.000000,-0.190476,5.006800,0.002530,60.042000,47.153200,7.172400,338.172300,6,mixed,Mixed,1089
2026-06-01 04:18:50,0.200000,0.000000,0.000000,3.957200,0.002000,60.029000,47.254900,5.320100,251.398800,6,mixed,Mixed,1090
2026-06-01 04:18:51,0.200000,0.000000,0.000000,3.957200,0.002000,59.992000,47.286700,4.603000,217.660100,6,mixed,Mixed,1091
2026-06-01 04:18:52,0.080000,0.000000,-0.190476,1.582880,0.000800,59.959000,47.346400,3.518500,166.565800,6,mixed,Mixed,1092
2026-06-01 04:18:53,0.000000,0.000000,0.000000,0.000000,0.000000,59.950000,47.436500,1.609800,76.354500,6,mixed,Mixed,1093
2026-06-01 04:18:54,0.000000,0.300000,0.000000,0.000000,0.000000,59.950000,47.433900,1.448200,68.683900,6,mixed,Mixed,1094
2026-06-01 04:18:55,0.000000,0.500000,0.000000,0.000000,0.000000,59.950000,47.395700,2.456500,116.425900,6,mixed,Mixed,1095
2026-06-01 04:18:56,0.000000,0.500000,0.000000,0.000000,0.000000,59.946000,47.379400,2.788100,132.097600,6,mixed,Mixed,1096
2026-06-01 04:18:57,0.000000,0.500000,0.000000,0.000000,0.000000,59.940000,47.356400,2.955600,139.966300,6,mixed,Mixed,1097
2026-06-01 04:18:58,0.000000,0.500000,0.000000,0.000000,0.000000,59.940000,47.365800,2.978700,141.088400,6,mixed,Mixed,1098
2026-06-01 04:18:59,0.000000,0.500000,0.000000,0.000000,0.000000,59.940000,47.367000,2.997500,141.982300,6,mixed,Mixed,1099
2026-06-01 04:19:00,0.000000,0.445000,0.000000,0.000000,0.000000,59.931000,47.372600,2.926700,138.643400,6,mixed,Mixed,1100
2026-06-01 04:19:01,0.000000,0.000000,0.000000,0.000000,0.000000,59.930000,47.432300,1.720700,81.613600,6,mixed,Mixed,1101
2026-06-01 04:19:02,0.000000,0.000000,0.000000,0.000000,0.000000,59.930000,47.456900,0.918700,43.596100,6,mixed,Mixed,1102
2026-06-01 04:19:03,0.000000,0.000000,0.000000,0.000000,0.000000,59.930000,47.500300,0.645400,30.657000,6,mixed,Mixed,1103
2026-06-01 04:19:04,0.000000,0.000000,0.000000,0.000000,0.000000,59.930000,47.485100,0.561400,26.658200,6,mixed,Mixed,1104
2026-06-01 04:19:05,0.000000,0.000000,0.000000,0.000000,0.000000,59.930000,47.483100,0.529700,25.151700,6,mixed,Mixed,1105
2026-06-01 04:19:06,0.000600,0.000000,0.005714,0.013110,0.000010,59.930000,47.477400,0.532200,25.267000,6,mixed,Mixed,1106
2026-06-01 04:19:07,0.196500,0.000000,0.222619,4.048670,0.002040,59.930000,47.390000,2.250100,106.608900,6,mixed,Mixed,1107
2026-06-01 04:19:08,0.200000,0.000000,0.000000,3.957200,0.002000,59.924000,47.326700,3.563900,168.664400,6,mixed,Mixed,1108
2026-06-01 04:19:09,0.200000,0.000000,0.000000,3.957200,0.002000,59.920000,47.325200,3.992400,188.939800,6,mixed,Mixed,1109
2026-06-01 04:19:10,0.378160,0.000000,0.190476,7.757240,0.003910,59.916000,47.227500,5.719300,270.082400,6,mixed,Mixed,1110
2026-06-01 04:19:11,0.400000,0.000000,0.000000,7.914300,0.004000,59.910000,47.155500,7.239600,341.384300,6,mixed,Mixed,1111
2026-06-01 04:19:12,0.477660,0.000000,0.190476,9.863450,0.004950,59.900000,47.097800,8.203600,386.352100,6,mixed,Mixed,1112
2026-06-01 04:19:13,0.600000,0.000000,0.000000,11.871500,0.005900,59.891000,46.994800,10.371100,487.379600,6,mixed,Mixed,1113
2026-06-01 04:19:14,0.036000,0.000000,-0.571429,0.712290,0.000360,59.880000,47.200000,6.583500,310.558600,6,mixed,Mixed,1114
2026-06-01 04:19:15,0.000000,0.000000,0.000000,0.000000,0.000000,59.880000,47.369700,2.645500,125.289400,6,mixed,Mixed,1115
2026-06-01 04:19:16,0.000000,0.420000,0.000000,0.000000,0.000000,59.873000,47.406500,2.106000,99.831100,6,mixed,Mixed,1116
2026-06-01 04:19:17,0.000000,0.500000,0.000000,0.000000,0.000000,59.870000,47.364900,2.739300,129.746400,6,mixed,Mixed,1117
2026-06-01 04:19:18,0.000000,0.500000,0.000000,0.000000,0.000000,59.870000,47.346500,2.898300,137.224600,6,mixed,Mixed,1118
2026-06-01 04:19:19,0.000000,0.500000,0.000000,0.000000,0.000000,59.870000,47.355100,2.956900,140.024600,6,mixed,Mixed,1119
2026-06-01 04:19:20,0.000000,0.500000,0.000000,0.000000,0.000000,59.861000,47.357500,2.975200,140.897800,6,mixed,Mixed,1120
2026-06-01 04:19:21,0.000000,0.500000,0.000000,0.000000,0.000000,59.860000,47.356200,2.991600,141.671000,6,mixed,Mixed,1121
2026-06-01 04:19:22,0.000000,0.350000,0.000000,0.000000,0.000000,59.860000,47.372800,2.779300,131.656700,6,mixed,Mixed,1122
2026-06-01 04:19:23,0.054600,0.000000,0.395000,1.573810,0.000790,59.859000,47.390000,2.115900,100.233800,6,mixed,Mixed,1123
2026-06-01 04:19:24,0.598320,0.000000,0.214286,12.302390,0.006120,59.850000,47.138900,7.268900,342.556400,6,mixed,Mixed,1124
2026-06-01 04:19:25,0.458000,0.000000,-0.190476,8.786840,0.004410,59.842000,47.056800,9.080300,427.286500,6,mixed,Mixed,1125
2026-06-01 04:19:26,0.400000,0.000000,0.000000,7.914300,0.004000,59.832000,47.093600,8.393200,395.263500,6,mixed,Mixed,1126
2026-06-01 04:19:27,0.372000,0.000000,-0.190476,7.222780,0.003650,59.823000,47.098100,8.025400,377.977000,6,mixed,Mixed,1127
2026-06-01 04:19:28,0.200000,0.000000,0.000000,3.957200,0.002000,59.825000,47.214200,6.062300,286.203600,6,mixed,Mixed,1128
2026-06-01 04:19:29,0.200000,0.000000,0.000000,3.957200,0.002000,59.810000,47.271100,4.859500,229.712000,6,mixed,Mixed,1129
2026-06-01 04:19:30,0.180000,0.000000,-0.190476,3.561480,0.001800,59.831000,47.260900,4.441500,209.907800,6,mixed,Mixed,1130
2026-06-01 04:19:31,0.000000,0.000000,0.000000,0.000000,0.000000,59.809000,47.375400,2.546900,120.643200,6,mixed,Mixed,1131
2026-06-01 04:19:32,0.000000,0.000000,0.000000,0.000000,0.000000,59.840000,47.447900,1.201200,56.988700,6,mixed,Mixed,1132
2026-06-01 04:19:33,0.000000,0.500000,0.000000,0.000000,0.000000,59.864000,47.411200,1.770200,83.920900,6,mixed,Mixed,1133
2026-06-01 04:19:34,0.000000,0.500000,0.000000,0.000000,0.000000,59.824000,47.387200,2.574000,121.973000,6,mixed,Mixed,1134
2026-06-01 04:19:35,0.000000,0.500000,0.000000,0.000000,0.000000,59.827000,47.349000,2.873100,136.038300,6,mixed,Mixed,1135
2026-06-01 04:19:36,0.000000,0.500000,0.000000,0.000000,0.000000,59.838000,47.344400,2.998800,141.976500,6,mixed,Mixed,1136
2026-06-01 04:19:37,0.000000,0.500000,0.000000,0.000000,0.000000,59.822000,47.348600,2.986100,141.388400,6,mixed,Mixed,1137
2026-06-01 04:19:38,0.000000,0.500000,0.000000,0.000000,0.000000,59.846000,47.354400,2.998400,141.987200,6,mixed,Mixed,1138
2026-06-01 04:19:39,0.000000,0.250000,0.000000,0.000000,0.000000,59.780000,47.367100,2.704400,128.091600,6,mixed,Mixed,1139
2026-06-01 04:19:40,0.000000,0.000000,0.000000,0.000000,0.000000,59.780000,47.439000,1.352000,64.137600,6,mixed,Mixed,1140
2026-06-01 04:19:41,0.000000,0.000000,0.000000,0.000000,0.000000,59.780000,47.456800,0.802000,38.061200,6,mixed,Mixed,1141
2026-06-01 04:19:42,0.000000,0.000000,0.000000,0.000000,0.000000,59.780000,47.478600,0.593100,28.160000,6,mixed,Mixed,1142
2026-06-01 04:19:43,0.000000,0.000000,0.000000,0.000000,0.000000,59.780000,47.470900,0.562700,26.711200,6,mixed,Mixed,1143
2026-06-01 04:19:44,0.000000,0.000000,0.000000,0.000000,0.000000,59.788000,47.476200,0.495600,23.528400,6,mixed,Mixed,1144
2026-06-01 04:19:45,0.065680,0.000000,0.224476,1.435340,0.000720,59.780000,47.464300,0.856900,40.657600,6,mixed,Mixed,1145
2026-06-01 04:19:46,0.200000,0.000000,0.000000,3.957200,0.002000,59.780000,47.357700,2.778900,131.591300,6,mixed,Mixed,1146
2026-06-01 04:19:47,0.200000,0.000000,0.000000,3.957200,0.002000,59.772000,47.313900,3.766700,178.218900,6,mixed,Mixed,1147
2026-06-01 04:19:48,0.242160,0.000000,0.190476,5.055560,0.002550,59.770000,47.274500,4.303700,203.445600,6,mixed,Mixed,1148
2026-06-01 04:19:49,0.400000,0.000000,0.000000,7.914300,0.004000,59.764000,47.190100,6.355700,299.921600,6,mixed,Mixed,1149
2026-06-01 04:19:50,0.400000,0.000000,0.000000,7.914300,0.004000,59.757000,47.121900,7.448900,351.006500,6,mixed,Mixed,1150
2026-06-01 04:19:51,0.523900,0.000000,0.190476,10.761190,0.005380,59.748000,47.073600,8.665900,407.914400,6,mixed,Mixed,1151
2026-06-01 04:19:52,0.492000,0.000000,-0.685714,9.734630,0.004840,59.737000,46.972000,10.287200,483.191200,6,mixed,Mixed,1152
2026-06-01 04:19:53,0.000000,0.000000,0.000000,0.000000,0.000000,59.730000,47.214100,5.460500,257.689100,6,mixed,Mixed,1153
2026-06-01 04:19:54,0.000000,0.100000,0.000000,0.000000,0.000000,59.728000,47.388400,2.288000,108.418200,6,mixed,Mixed,1154
2026-06-01 04:19:55,0.000000,0.500000,0.000000,0.000000,0.000000,59.791000,47.374800,2.444300,115.798700,6,mixed,Mixed,1155
2026-06-01 04:19:56,0.000000,0.500000,0.000000,0.000000,0.000000,59.744000,47.361300,2.787400,132.013900,6,mixed,Mixed,1156
2026-06-01 04:19:57,0.000000,0.500000,0.000000,0.000000,0.000000,59.768000,47.356600,2.956000,139.986400,6,mixed,Mixed,1157
2026-06-01 04:19:58,0.000000,0.500000,0.000000,0.000000,0.000000,59.752000,47.337200,2.979200,141.026400,6,mixed,Mixed,1158
2026-06-01 04:19:59,0.000000,0.500000,0.000000,0.000000,0.000000,59.746000,47.344600,2.989100,141.517200,6,mixed,Mixed,1159
2026-06-01 04:20:00,0.000000,0.500000,0.000000,0.000000,0.000000,59.750000,47.345400,3.014300,142.713200,6,mixed,Mixed,1160
2026-06-01 04:20:01,0.000000,0.110000,0.000000,0.000000,0.000000,59.718000,47.381900,2.313600,109.615500,6,mixed,Mixed,1161
2026-06-01 04:20:02,0.314100,0.000000,0.611428,7.122650,0.003560,59.705000,47.313900,3.725400,176.057400,6,mixed,Mixed,1162
2026-06-01 04:20:03,0.560000,0.000000,-0.190476,10.805010,0.005380,59.697000,47.065400,8.691700,409.042400,6,mixed,Mixed,1163
2026-06-01 04:20:04,0.400000,0.000000,0.000000,7.914300,0.004000,59.730000,47.060100,8.764700,412.464600,6,mixed,Mixed,1164
2026-06-01 04:20:05,0.400000,0.000000,0.000000,7.914300,0.004000,59.760000,47.073600,8.239200,387.848800,6,mixed,Mixed,1165
2026-06-01 04:20:06,0.288889,0.000000,-0.211640,5.563100,0.002811,59.752222,47.111111,7.539000,355.148889,6,mixed,Mixed,1166
2026-06-01 04:20:07,0.200000,0.000000,0.000000,3.957200,0.002000,59.748000,47.221100,5.571900,263.098400,6,mixed,Mixed,1167
2026-06-01 04:20:08,0.200000,0.000000,0.000000,3.957200,0.002000,59.732000,47.254300,4.724300,223.244800,6,mixed,Mixed,1168
2026-06-01 04:20:09,0.120000,0.000000,-0.190476,2.374320,0.001200,59.731000,47.285600,4.081200,192.964800,6,mixed,Mixed,1169
2026-06-01 04:20:10,0.000000,0.000000,0.000000,0.000000,0.000000,59.722000,47.394100,2.013000,95.389800,6,mixed,Mixed,1170
2026-06-01 04:20:11,0.000000,0.200000,0.000000,0.000000,0.000000,59.730000,47.424100,1.247600,59.163800,6,mixed,Mixed,1171
2026-06-01 04:20:12,0.000000,0.500000,0.000000,0.000000,0.000000,59.682000,47.375500,2.274600,107.759700,6,mixed,Mixed,1172
2026-06-01 04:20:13,0.000000,0.500000,0.000000,0.000000,0.000000,59.706000,47.346300,2.720800,128.819900,6,mixed,Mixed,1173
2026-06-01 04:20:14,0.000000,0.500000,0.000000,0.000000,0.000000,59.657000,47.346500,2.894000,137.020600,6,mixed,Mixed,1174
2026-06-01 04:20:15,0.000000,0.500000,0.000000,0.000000,0.000000,59.704000,47.344200,2.970600,140.639900,6,mixed,Mixed,1175
2026-06-01 04:20:16,0.000000,0.500000,0.000000,0.000000,0.000000,59.640000,47.328400,3.001800,142.070500,6,mixed,Mixed,1176
2026-06-01 04:20:17,0.000000,0.500000,0.000000,0.000000,0.000000,59.650000,47.348400,2.909500,137.759800,6,mixed,Mixed,1177
2026-06-01 04:20:18,0.000000,0.000000,0.000000,0.000000,0.000000,59.630000,47.391500,1.831000,86.765300,6,mixed,Mixed,1178
2026-06-01 04:20:19,0.000000,0.000000,0.000000,0.000000,0.000000,59.630000,47.435700,0.969300,45.979900,6,mixed,Mixed,1179
2026-06-01 04:20:20,0.000000,0.000000,0.000000,0.000000,0.000000,59.630000,47.458700,0.674100,31.991500,6,mixed,Mixed,1180
2026-06-01 04:20:21,0.000000,0.000000,0.000000,0.000000,0.000000,59.630000,47.450200,0.570800,27.085100,6,mixed,Mixed,1181
2026-06-01 04:20:22,0.000000,0.000000,0.000000,0.000000,0.000000,59.630000,47.458500,0.522500,24.797700,6,mixed,Mixed,1182
2026-06-01 04:20:23,0.000000,0.000000,0.000000,0.000000,0.000000,59.630000,47.459700,0.501300,23.790600,6,mixed,Mixed,1183
2026-06-01 04:20:24,0.154700,0.000000,0.190476,3.198410,0.001620,59.630000,47.393400,1.792000,84.907900,6,mixed,Mixed,1184
2026-06-01 04:20:25,0.200000,0.000000,0.000000,3.957200,0.002000,59.627000,47.318100,3.418300,161.747600,6,mixed,Mixed,1185
2026-06-01 04:20:26,0.200000,0.000000,0.000000,3.957200,0.002000,59.620000,47.269500,3.954200,186.913200,6,mixed,Mixed,1186
2026-06-01 04:20:27,0.332300,0.000000,0.219762,6.892150,0.003480,59.619000,47.221100,5.247100,247.738900,6,mixed,Mixed,1187
2026-06-01 04:20:28,0.400000,0.000000,0.000000,7.914300,0.004000,59.610000,47.146900,6.992800,329.681100,6,mixed,Mixed,1188
2026-06-01 04:20:29,0.413500,0.000000,0.160714,8.529520,0.004300,59.602000,47.095200,7.767300,365.796400,6,mixed,Mixed,1189
2026-06-01 04:20:30,0.600000,0.000000,0.061905,12.005580,0.005970,59.594000,46.988900,9.864800,463.518700,6,mixed,Mixed,1190
2026-06-01 04:20:31,0.300000,0.000000,-0.714286,5.935750,0.002950,59.582000,47.010100,9.067500,426.096000,6,mixed,Mixed,1191
2026-06-01 04:20:32,0.000000,0.000000,0.000000,0.000000,0.000000,59.578000,47.291300,3.782300,178.814000,6,mixed,Mixed,1192
2026-06-01 04:20:33,0.000000,0.200000,0.000000,0.000000,0.000000,59.579000,47.382700,1.964000,93.056900,6,mixed,Mixed,1193
2026-06-01 04:20:34,0.000000,0.500000,0.000000,0.000000,0.000000,59.627000,47.354300,2.527500,119.685300,6,mixed,Mixed,1194
2026-06-01 04:20:35,0.000000,0.500000,0.000000,0.000000,0.000000,59.578000,47.334400,2.864600,135.593800,6,mixed,Mixed,1195
2026-06-01 04:20:36,0.000000,0.500000,0.000000,0.000000,0.000000,59.593000,47.346000,2.943000,139.339400,6,mixed,Mixed,1196
2026-06-01 04:20:37,0.000000,0.500000,0.000000,0.000000,0.000000,59.595000,47.329500,2.971000,140.615900,6,mixed,Mixed,1197
2026-06-01 04:20:38,0.000000,0.500000,0.000000,0.000000,0.000000,59.568000,47.336000,2.978800,141.005100,6,mixed,Mixed,1198
2026-06-01 04:20:39,0.000000,0.500000,0.000000,0.000000,0.000000,59.560000,47.324800,2.958200,139.994500,6,mixed,Mixed,1199
2026-06-01 04:20:40,0.000000,0.000000,0.000000,0.000000,0.000000,59.556000,47.396200,1.935200,91.713200,6,mixed,Mixed,1200
2026-06-01 04:20:41,0.531900,0.000000,0.611428,11.505100,0.005730,59.550000,47.170600,6.288300,296.496700,6,mixed,Mixed,1201
2026-06-01 04:20:42,0.516000,0.000000,-0.200000,9.920670,0.004960,59.542000,47.009500,9.372400,440.586600,6,mixed,Mixed,1202
2026-06-01 04:20:43,0.400000,0.000000,0.000000,7.914300,0.004000,59.540000,47.056800,8.604100,404.876900,6,mixed,Mixed,1203
2026-06-01 04:20:44,0.400000,0.000000,0.000000,7.914300,0.004000,59.547000,47.067200,8.212900,386.558200,6,mixed,Mixed,1204
2026-06-01 04:20:45,0.206000,0.000000,-0.223810,3.914320,0.001980,59.584000,47.161000,6.534600,308.152200,6,mixed,Mixed,1205
2026-06-01 04:20:46,0.200000,0.000000,0.000000,3.957200,0.002000,59.590000,47.233700,5.062300,239.107800,6,mixed,Mixed,1206
2026-06-01 04:20:47,0.200000,0.000000,0.000000,3.957200,0.002000,59.572000,47.257800,4.511900,213.223800,6,mixed,Mixed,1207
2026-06-01 04:20:48,0.020000,0.000000,-0.190476,0.395720,0.000200,59.572000,47.309200,3.053000,144.405600,6,mixed,Mixed,1208
2026-06-01 04:20:49,0.000000,0.000000,0.000000,0.000000,0.000000,59.572000,47.415700,1.399700,66.364900,6,mixed,Mixed,1209
2026-06-01 04:20:50,0.000000,0.445000,0.000000,0.000000,0.000000,59.564000,47.401600,1.674100,79.345200,6,mixed,Mixed,1210
2026-06-01 04:20:51,0.000000,0.500000,0.000000,0.000000,0.000000,59.508000,47.361600,2.540100,120.302300,6,mixed,Mixed,1211
2026-06-01 04:20:52,0.000000,0.500000,0.000000,0.000000,0.000000,59.552000,47.333500,2.847800,134.796700,6,mixed,Mixed,1212
2026-06-01 04:20:53,0.000000,0.500000,0.000000,0.000000,0.000000,59.522000,47.325600,2.935800,138.938800,6,mixed,Mixed,1213
2026-06-01 04:20:54,0.000000,0.500000,0.000000,0.000000,0.000000,59.522000,47.327400,3.022500,143.046700,6,mixed,Mixed,1214
2026-06-01 04:20:55,0.000000,0.500000,0.000000,0.000000,0.000000,59.546000,47.338100,3.003300,142.169500,6,mixed,Mixed,1215
2026-06-01 04:20:56,0.000000,0.300000,0.000000,0.000000,0.000000,59.506000,47.325500,2.751300,130.198600,6,mixed,Mixed,1216
2026-06-01 04:20:57,0.000000,0.000000,0.000000,0.000000,0.000000,59.480000,47.406500,1.463600,69.380500,6,mixed,Mixed,1217
2026-06-01 04:20:58,0.000000,0.000000,0.000000,0.000000,0.000000,59.480000,47.433300,0.854800,40.545700,6,mixed,Mixed,1218
2026-06-01 04:20:59,0.000000,0.000000,0.000000,0.000000,0.000000,59.480000,47.444300,0.633700,30.065100,6,mixed,Mixed,1219
2026-06-01 04:21:00,0.000000,0.000000,0.000000,0.000000,0.000000,59.480000,47.434300,0.558800,26.506700,6,mixed,Mixed,1220
2026-06-01 04:21:01,0.000000,0.000000,0.000000,0.000000,0.000000,59.480000,47.465000,0.518600,24.615400,6,mixed,Mixed,1221
2026-06-01 04:21:02,0.062160,0.000000,0.195619,1.358690,0.000680,59.480000,47.425400,0.831800,39.431100,6,mixed,Mixed,1222
2026-06-01 04:21:03,0.200000,0.000000,0.000000,3.957200,0.002000,59.477000,47.328300,2.791700,132.121900,6,mixed,Mixed,1223
2026-06-01 04:21:04,0.200000,0.000000,0.000000,3.957200,0.002000,59.470000,47.261900,3.742300,176.864800,6,mixed,Mixed,1224
2026-06-01 04:21:05,0.243300,0.000000,0.190476,5.073080,0.002560,59.470000,47.271300,4.270600,201.866800,6,mixed,Mixed,1225
2026-06-01 04:21:06,0.400000,0.000000,0.000000,7.914300,0.004000,59.461000,47.146100,6.360700,299.868900,6,mixed,Mixed,1226
2026-06-01 04:21:07,0.400000,0.000000,0.000000,7.914300,0.004000,59.455000,47.119200,7.400000,348.680100,6,mixed,Mixed,1227
2026-06-01 04:21:08,0.524500,0.000000,0.190476,10.773210,0.005380,59.447000,47.041200,8.669200,407.794300,6,mixed,Mixed,1228
2026-06-01 04:21:09,0.480000,0.000000,-0.714286,9.497200,0.004720,59.436000,46.955600,10.304900,483.850500,6,mixed,Mixed,1229
2026-06-01 04:21:10,0.000000,0.000000,0.000000,0.000000,0.000000,59.430000,47.203600,5.448800,257.107600,6,mixed,Mixed,1230
2026-06-01 04:21:11,0.000000,0.050000,0.000000,0.000000,0.000000,59.421000,47.361200,2.228300,105.519800,6,mixed,Mixed,1231
2026-06-01 04:21:12,0.000000,0.500000,0.000000,0.000000,0.000000,59.476000,47.351500,2.248900,106.489600,6,mixed,Mixed,1232
2026-06-01 04:21:13,0.000000,0.500000,0.000000,0.000000,0.000000,59.428000,47.320800,2.728000,129.088400,6,mixed,Mixed,1233
2026-06-01 04:21:14,0.000000,0.500000,0.000000,0.000000,0.000000,59.484000,47.309700,2.919400,138.116200,6,mixed,Mixed,1234
2026-06-01 04:21:15,0.000000,0.500000,0.000000,0.000000,0.000000,59.473000,47.304900,2.962000,140.116800,6,mixed,Mixed,1235
2026-06-01 04:21:16,0.000000,0.500000,0.000000,0.000000,0.000000,59.458000,47.292800,2.980600,140.959900,6,mixed,Mixed,1236
2026-06-01 04:21:17,0.000000,0.500000,0.000000,0.000000,0.000000,59.450000,47.334300,2.963600,140.279400,6,mixed,Mixed,1237
2026-06-01 04:21:18,0.000000,0.150000,0.000000,0.000000,0.000000,59.490000,47.363800,2.404900,113.895600,6,mixed,Mixed,1238
2026-06-01 04:21:19,0.315300,0.000000,0.611429,7.190510,0.003580,59.486000,47.282500,3.751600,177.183600,6,mixed,Mixed,1239
2026-06-01 04:21:20,0.580000,0.000000,-0.190476,11.200730,0.005570,59.478000,47.041100,8.816000,414.677000,6,mixed,Mixed,1240
2026-06-01 04:21:21,0.400000,0.000000,0.000000,7.914300,0.004000,59.468000,47.015800,8.961900,421.344100,6,mixed,Mixed,1241
2026-06-01 04:21:22,0.400000,0.000000,0.000000,7.914300,0.004000,59.459000,47.058500,8.312200,391.159400,6,mixed,Mixed,1242
2026-06-01 04:21:23,0.280000,0.000000,-0.190476,5.402510,0.002730,59.450000,47.096400,7.458900,351.265300,6,mixed,Mixed,1243
2026-06-01 04:21:24,0.200000,0.000000,0.000000,3.957200,0.002000,59.443000,47.207800,5.460900,257.795600,6,mixed,Mixed,1244
2026-06-01 04:21:25,0.200000,0.000000,0.000000,3.957200,0.002000,59.440000,47.234111,4.704222,222.198889,6,mixed,Mixed,1245
2026-06-01 04:21:26,0.120000,0.000000,-0.190476,2.374320,0.001200,59.434000,47.265100,4.067700,192.249100,6,mixed,Mixed,1246
2026-06-01 04:21:27,0.000000,0.000000,0.000000,0.000000,0.000000,59.430000,47.372364,1.932273,91.526000,6,mixed,Mixed,1247
2026-06-01 04:21:28,0.000000,0.250000,0.000000,0.000000,0.000000,59.430000,47.417100,1.300200,61.647900,6,mixed,Mixed,1248
2026-06-01 04:21:29,0.000000,0.500000,0.000000,0.000000,0.000000,59.430000,47.352000,2.321000,109.902000,6,mixed,Mixed,1249
2026-06-01 04:21:30,0.000000,0.500000,0.000000,0.000000,0.000000,59.429000,47.316600,2.793500,132.177700,6,mixed,Mixed,1250
2026-06-01 04:21:31,0.000000,0.500000,0.000000,0.000000,0.000000,59.411111,47.317222,2.878667,136.210222,6,mixed,Mixed,1251
2026-06-01 04:21:32,0.000000,0.500000,0.000000,0.000000,0.000000,59.420000,47.302500,2.998000,141.813100,6,mixed,Mixed,1252
2026-06-01 04:21:33,0.000000,0.500000,0.000000,0.000000,0.000000,59.398182,47.318818,2.974000,140.725818,6,mixed,Mixed,1253
2026-06-01 04:21:34,0.000000,0.500000,0.000000,0.000000,0.000000,59.396667,47.329222,2.993222,141.666778,6,mixed,Mixed,1254
2026-06-01 04:21:35,0.000000,0.050000,0.000000,0.000000,0.000000,59.378000,47.373500,2.056500,97.412600,6,mixed,Mixed,1255
2026-06-01 04:21:36,0.000000,0.000000,0.000000,0.000000,0.000000,59.394000,47.416800,1.057400,50.135900,6,mixed,Mixed,1256
2026-06-01 04:21:37,0.000000,0.000000,0.000000,0.000000,0.000000,59.386000,47.433300,0.677100,32.115800,6,mixed,Mixed,1257
2026-06-01 04:21:38,0.000000,0.000000,0.000000,0.000000,0.000000,59.378000,47.437200,0.579000,27.465300,6,mixed,Mixed,1258
2026-06-01 04:21:39,0.000000,0.000000,0.000000,0.000000,0.000000,59.362000,47.436200,0.529400,25.112700,6,mixed,Mixed,1259
2026-06-01 04:21:40,0.000000,0.000000,0.000000,0.000000,0.000000,59.386000,47.431600,0.530900,25.181200,6,mixed,Mixed,1260
2026-06-01 04:21:41,0.151700,0.000000,0.190476,3.131010,0.001580,59.370000,47.360900,1.678500,79.478600,6,mixed,Mixed,1261
2026-06-01 04:21:42,0.200000,0.000000,0.000000,3.957200,0.002000,59.381000,47.293400,3.341600,158.029500,6,mixed,Mixed,1262
2026-06-01 04:21:43,0.200000,0.000000,0.000000,3.957200,0.002000,59.360000,47.266600,3.924500,185.498500,6,mixed,Mixed,1263
2026-06-01 04:21:44,0.352300,0.000000,0.208810,7.261060,0.003660,59.365000,47.209800,5.284300,249.429400,6,mixed,Mixed,1264
2026-06-01 04:21:45,0.400000,0.000000,0.000000,7.914300,0.004000,59.349000,47.094500,7.064900,332.713800,6,mixed,Mixed,1265
2026-06-01 04:21:46,0.452300,0.000000,0.208810,9.392930,0.004720,59.374000,47.073300,7.857800,369.879300,6,mixed,Mixed,1266
2026-06-01 04:21:47,0.600000,0.000000,0.000000,11.871500,0.005900,59.350000,46.961400,10.049700,471.925700,6,mixed,Mixed,1267
2026-06-01 04:21:48,0.180000,0.000000,-0.571429,3.561450,0.001770,59.354000,47.044200,8.476100,398.560400,6,mixed,Mixed,1268
2026-06-01 04:21:49,0.000000,0.000000,0.000000,0.000000,0.000000,59.308000,47.295800,3.272900,154.757500,6,mixed,Mixed,1269
2026-06-01 04:21:50,0.000000,0.318182,0.000000,0.000000,0.000000,59.321818,47.356182,2.009636,95.166182,6,mixed,Mixed,1270
2026-06-01 04:21:51,0.000000,0.500000,0.000000,0.000000,0.000000,59.341111,47.335667,2.599556,123.050000,6,mixed,Mixed,1271
2026-06-01 04:21:52,0.000000,0.500000,0.000000,0.000000,0.000000,59.342727,47.312364,2.843545,134.536091,6,mixed,Mixed,1272
2026-06-01 04:21:53,0.000000,0.500000,0.000000,0.000000,0.000000,59.340000,47.290222,2.937889,138.933556,6,mixed,Mixed,1273
2026-06-01 04:21:54,0.000000,0.500000,0.000000,0.000000,0.000000,59.333000,47.311200,2.954900,139.798400,6,mixed,Mixed,1274
2026-06-01 04:21:55,0.000000,0.500000,0.000000,0.000000,0.000000,59.318182,47.304636,3.024636,143.080091,6,mixed,Mixed,1275
2026-06-01 04:21:56,0.000000,0.444444,0.000000,0.000000,0.000000,59.330000,47.332444,2.896000,137.073778,6,mixed,Mixed,1276
2026-06-01 04:21:57,0.011100,0.000000,0.105714,0.274580,0.000140,59.340000,47.364000,1.949900,92.349600,6,mixed,Mixed,1277
2026-06-01 04:21:58,0.565200,0.000000,0.482143,12.049660,0.006000,59.290000,47.142800,6.474500,305.081000,6,mixed,Mixed,1278
2026-06-01 04:21:59,0.480000,0.000000,-0.238095,9.153370,0.004580,59.290000,46.994800,9.127900,428.964500,6,mixed,Mixed,1279
2026-06-01 04:22:00,0.400000,0.000000,0.000000,7.914300,0.004000,59.271000,47.024700,8.466600,398.136800,6,mixed,Mixed,1280
2026-06-01 04:22:01,0.400000,0.000000,0.000000,7.914300,0.004000,59.280000,47.051500,8.143500,383.160400,6,mixed,Mixed,1281
2026-06-01 04:22:02,0.200000,0.000000,-0.190476,3.819670,0.001930,59.289000,47.152500,6.516800,307.260000,6,mixed,Mixed,1282
2026-06-01 04:22:03,0.200000,0.000000,0.000000,3.957200,0.002000,59.234000,47.205000,4.994800,235.774300,6,mixed,Mixed,1283
2026-06-01 04:22:04,0.200000,0.000000,0.000000,3.957200,0.002000,59.261000,47.236100,4.538500,214.381300,6,mixed,Mixed,1284
2026-06-01 04:22:05,0.000000,0.000000,-0.190476,0.000000,0.000000,59.240000,47.308200,2.657800,125.724200,6,mixed,Mixed,1285
2026-06-01 04:22:06,0.000000,0.000000,0.000000,0.000000,0.000000,59.232000,47.385600,1.255800,59.507300,6,mixed,Mixed,1286
2026-06-01 04:22:07,0.000000,0.450000,0.000000,0.000000,0.000000,59.272000,47.356000,1.703200,80.646000,6,mixed,Mixed,1287
2026-06-01 04:22:08,0.000000,0.500000,0.000000,0.000000,0.000000,59.271000,47.313200,2.548800,120.589500,6,mixed,Mixed,1288
2026-06-01 04:22:09,0.000000,0.500000,0.000000,0.000000,0.000000,59.257273,47.312364,2.868182,135.702091,6,mixed,Mixed,1289
2026-06-01 04:22:10,0.000000,0.500000,0.000000,0.000000,0.000000,59.252222,47.325111,2.957444,139.960889,6,mixed,Mixed,1290
2026-06-01 04:22:11,0.000000,0.500000,0.000000,0.000000,0.000000,59.262727,47.305909,2.955636,139.818273,6,mixed,Mixed,1291
2026-06-01 04:22:12,0.000000,0.500000,0.000000,0.000000,0.000000,59.251000,47.300500,2.991400,141.494900,6,mixed,Mixed,1292
2026-06-01 04:22:13,0.000000,0.200000,0.000000,0.000000,0.000000,59.260000,47.311900,2.539800,120.153700,6,mixed,Mixed,1293
2026-06-01 04:22:14,0.000000,0.000000,0.000000,0.000000,0.000000,59.260000,47.392500,1.268500,60.115200,6,mixed,Mixed,1294
2026-06-01 04:22:15,0.000000,0.000000,0.000000,0.000000,0.000000,59.260000,47.396333,0.789222,37.405444,6,mixed,Mixed,1295
2026-06-01 04:22:16,0.000000,0.000000,0.000000,0.000000,0.000000,59.260000,47.428300,0.623700,29.581800,6,mixed,Mixed,1296
2026-06-01 04:22:17,0.000000,0.000000,0.000000,0.000000,0.000000,59.260000,47.420182,0.553909,26.266091,6,mixed,Mixed,1297
2026-06-01 04:22:18,0.000000,0.000000,0.000000,0.000000,0.000000,59.260000,47.432400,0.481800,22.852400,6,mixed,Mixed,1298
2026-06-01 04:22:19,0.089900,0.000000,0.214048,1.906920,0.000960,59.260000,47.411800,1.024700,48.570800,6,mixed,Mixed,1299
2026-06-01 04:22:20,0.200000,0.000000,0.000000,3.957200,0.002000,59.260000,47.299800,2.958600,139.938300,6,mixed,Mixed,1300
2026-06-01 04:22:21,0.200000,0.000000,0.000000,3.957200,0.002000,59.250000,47.273100,3.811100,180.161600,6,mixed,Mixed,1301
2026-06-01 04:22:22,0.271700,0.000000,0.190476,5.628350,0.002830,59.250000,47.210700,4.477300,211.361600,6,mixed,Mixed,1302
2026-06-01 04:22:23,0.400000,0.000000,0.000000,7.914300,0.004000,59.243333,47.122222,6.436778,303.307889,6,mixed,Mixed,1303
2026-06-01 04:22:24,0.400000,0.000000,0.000000,7.914300,0.004000,59.236364,47.053636,7.470455,351.511545,6,mixed,Mixed,1304
2026-06-01 04:22:25,0.547667,0.000000,0.211640,11.266844,0.005622,59.227778,46.977444,8.771778,412.045222,6,mixed,Mixed,1305
2026-06-01 04:22:26,0.480000,0.000000,-0.571429,9.497200,0.004720,59.217000,46.919200,10.285300,482.562000,6,mixed,Mixed,1306
2026-06-01 04:22:27,0.000000,0.000000,0.000000,0.000000,0.000000,59.210000,47.168600,5.432400,256.124100,6,mixed,Mixed,1307
2026-06-01 04:22:28,0.000000,0.100000,0.000000,0.000000,0.000000,59.208000,47.337900,2.304100,109.050100,6,mixed,Mixed,1308
2026-06-01 04:22:29,0.000000,0.500000,0.000000,0.000000,0.000000,59.136000,47.314900,2.468100,116.776500,6,mixed,Mixed,1309
2026-06-01 04:22:30,0.000000,0.500000,0.000000,0.000000,0.000000,59.144000,47.308000,2.797500,132.343500,6,mixed,Mixed,1310
2026-06-01 04:22:31,0.000000,0.500000,0.000000,0.000000,0.000000,59.119000,47.290300,2.924500,138.300600,6,mixed,Mixed,1311
2026-06-01 04:22:32,0.000000,0.500000,0.000000,0.000000,0.000000,59.128000,47.279000,2.996100,141.653200,6,mixed,Mixed,1312
2026-06-01 04:22:33,0.000000,0.500000,0.000000,0.000000,0.000000,59.110000,47.293600,2.979300,140.901700,6,mixed,Mixed,1313
2026-06-01 04:22:34,0.000000,0.500000,0.000000,0.000000,0.000000,59.110000,47.294700,3.010500,142.380900,6,mixed,Mixed,1314
2026-06-01 04:22:35,0.000000,0.150000,0.000000,0.000000,0.000000,59.104000,47.346000,2.266300,107.282100,6,mixed,Mixed,1315
2026-06-01 04:22:36,0.291000,0.000000,0.608429,6.661140,0.003320,59.100000,47.236200,3.740200,176.476800,6,mixed,Mixed,1316
2026-06-01 04:22:37,0.580000,0.000000,-0.190476,11.200730,0.005570,59.096000,46.995200,8.715200,409.548000,6,mixed,Mixed,1317
2026-06-01 04:22:38,0.400000,0.000000,0.000000,7.914300,0.004000,59.086000,47.003700,8.730600,410.366100,6,mixed,Mixed,1318
2026-06-01 04:22:39,0.400000,0.000000,0.000000,7.914300,0.004000,59.077000,47.012500,8.290300,389.747400,6,mixed,Mixed,1319
2026-06-01 04:22:40,0.280000,0.000000,-0.190476,5.402510,0.002730,59.070000,47.073000,7.218800,339.775300,6,mixed,Mixed,1320
2026-06-01 04:22:41,0.200000,0.000000,0.000000,3.957200,0.002000,59.060000,47.144700,5.372700,253.294500,6,mixed,Mixed,1321
2026-06-01 04:22:42,0.200000,0.000000,0.000000,3.957200,0.002000,59.059000,47.203600,4.634400,218.759900,6,mixed,Mixed,1322
2026-06-01 04:22:43,0.080000,0.000000,-0.190476,1.582880,0.000800,59.050000,47.254400,3.521100,166.373900,6,mixed,Mixed,1323
2026-06-01 04:22:44,0.000000,0.000000,0.000000,0.000000,0.000000,59.050000,47.353200,1.595400,75.546500,6,mixed,Mixed,1324
2026-06-01 04:22:45,0.000000,0.250000,0.000000,0.000000,0.000000,59.050000,47.354800,1.339400,63.424700,6,mixed,Mixed,1325
2026-06-01 04:22:46,0.000000,0.500000,0.000000,0.000000,0.000000,59.050000,47.304400,2.340100,110.696400,6,mixed,Mixed,1326
2026-06-01 04:22:47,0.000000,0.500000,0.000000,0.000000,0.000000,59.045000,47.287300,2.788500,131.860700,6,mixed,Mixed,1327
2026-06-01 04:22:48,0.000000,0.500000,0.000000,0.000000,0.000000,59.040000,47.288000,2.923400,138.241100,6,mixed,Mixed,1328
2026-06-01 04:22:49,0.000000,0.500000,0.000000,0.000000,0.000000,59.040000,47.276600,2.998300,141.750000,6,mixed,Mixed,1329
2026-06-01 04:22:50,0.000000,0.500000,0.000000,0.000000,0.000000,59.040000,47.289700,2.990100,141.400300,6,mixed,Mixed,1330
2026-06-01 04:22:51,0.000000,0.440000,0.000000,0.000000,0.000000,59.030000,47.295000,2.912500,137.743200,6,mixed,Mixed,1331
2026-06-01 04:22:52,0.000000,0.000000,0.000000,0.000000,0.000000,59.030000,47.347200,1.646000,77.921500,6,mixed,Mixed,1332
2026-06-01 04:22:53,0.000000,0.000000,0.000000,0.000000,0.000000,59.030000,47.388800,0.925200,43.841100,6,mixed,Mixed,1333
2026-06-01 04:22:54,0.000000,0.000000,0.000000,0.000000,0.000000,59.030000,47.399500,0.631400,29.927600,6,mixed,Mixed,1334
2026-06-01 04:22:55,0.000000,0.000000,0.000000,0.000000,0.000000,59.030000,47.421300,0.578600,27.437600,6,mixed,Mixed,1335
2026-06-01 04:22:56,0.000000,0.000000,0.000000,0.000000,0.000000,59.030000,47.398700,0.524500,24.859900,6,mixed,Mixed,1336
2026-06-01 04:22:57,0.000000,0.000000,0.000000,0.000000,0.000000,59.030000,47.405000,0.546300,25.896100,6,mixed,Mixed,1337
2026-06-01 04:22:58,0.198160,0.000000,0.190476,4.058310,0.002040,59.030000,47.315400,2.295700,108.602400,6,mixed,Mixed,1338
2026-06-01 04:22:59,0.200000,0.000000,0.000000,3.957200,0.002000,59.023000,47.242800,3.586800,169.450300,6,mixed,Mixed,1339
2026-06-01 04:23:00,0.200000,0.000000,0.000000,3.957200,0.002000,59.020000,47.229400,3.991700,188.525400,6,mixed,Mixed,1340
2026-06-01 04:23:01,0.379660,0.000000,0.192143,7.787350,0.003920,59.016000,47.137300,5.723600,269.781500,6,mixed,Mixed,1341
2026-06-01 04:23:02,0.400000,0.000000,0.000000,7.914300,0.004000,59.009000,47.071700,7.189000,338.395400,6,mixed,Mixed,1342
2026-06-01 04:23:03,0.457100,0.000000,0.228333,9.535510,0.004790,59.000000,47.026600,8.048800,378.492900,6,mixed,Mixed,1343
2026-06-01 04:23:04,0.600000,0.000000,0.000000,11.871500,0.005900,58.991000,46.920500,10.230700,480.015500,6,mixed,Mixed,1344
2026-06-01 04:23:05,0.162000,0.000000,-0.571429,3.205300,0.001600,58.980000,47.042900,7.971700,374.803000,6,mixed,Mixed,1345
2026-06-01 04:23:06,0.000000,0.000000,0.000000,0.000000,0.000000,58.973000,47.262600,3.119700,147.410900,6,mixed,Mixed,1346
2026-06-01 04:23:07,0.000000,0.315000,0.000000,0.000000,0.000000,58.970000,47.313000,1.978100,93.585200,6,mixed,Mixed,1347
2026-06-01 04:23:08,0.000000,0.500000,0.000000,0.000000,0.000000,58.970000,47.302300,2.603900,123.169700,6,mixed,Mixed,1348
2026-06-01 04:23:09,0.000000,0.500000,0.000000,0.000000,0.000000,58.970000,47.295200,2.875800,136.011100,6,mixed,Mixed,1349
2026-06-01 04:23:10,0.000000,0.500000,0.000000,0.000000,0.000000,58.964000,47.269200,2.984600,141.079500,6,mixed,Mixed,1350
2026-06-01 04:23:11,0.000000,0.500000,0.000000,0.000000,0.000000,58.960000,47.280500,2.961900,140.040500,6,mixed,Mixed,1351
2026-06-01 04:23:12,0.000000,0.500000,0.000000,0.000000,0.000000,58.960000,47.278700,3.000000,141.835800,6,mixed,Mixed,1352
2026-06-01 04:23:13,0.000000,0.450000,0.000000,0.000000,0.000000,58.959000,47.282800,2.916700,137.907900,6,mixed,Mixed,1353
2026-06-01 04:23:14,0.018960,0.000000,0.180000,0.530670,0.000260,58.950000,47.299800,2.020100,95.533300,6,mixed,Mixed,1354
2026-06-01 04:23:15,0.572400,0.000000,0.431429,12.151570,0.006060,58.950000,47.077300,6.830300,321.443600,6,mixed,Mixed,1355
2026-06-01 04:23:16,0.480000,0.000000,-0.190476,9.222130,0.004620,58.940000,46.973100,9.171000,430.785200,6,mixed,Mixed,1356
2026-06-01 04:23:17,0.400000,0.000000,0.000000,7.914300,0.004000,58.930000,47.020700,8.472700,398.388600,6,mixed,Mixed,1357
2026-06-01 04:23:18,0.396000,0.000000,-0.038095,7.807650,0.003940,58.922000,47.004500,8.128700,382.083400,6,mixed,Mixed,1358
2026-06-01 04:23:19,0.200000,0.000000,-0.152381,3.847180,0.001940,58.914000,47.108200,6.267700,295.242000,6,mixed,Mixed,1359
2026-06-01 04:23:20,0.200000,0.000000,0.000000,3.957200,0.002000,58.910000,47.173800,4.977100,234.786100,6,mixed,Mixed,1360
2026-06-01 04:23:21,0.200000,0.000000,0.000000,3.957200,0.002000,58.903000,47.186400,4.514000,212.999600,6,mixed,Mixed,1361
2026-06-01 04:23:22,0.010000,0.000000,-0.190476,0.197860,0.000100,58.900000,47.288700,2.768400,130.875500,6,mixed,Mixed,1362
2026-06-01 04:23:23,0.000000,0.000000,0.000000,0.000000,0.000000,58.900000,47.361600,1.315600,62.305200,6,mixed,Mixed,1363
2026-06-01 04:23:24,0.000000,0.460000,0.000000,0.000000,0.000000,58.900000,47.331900,1.816000,85.948900,6,mixed,Mixed,1364
2026-06-01 04:23:25,0.000000,0.500000,0.000000,0.000000,0.000000,58.895000,47.283300,2.593200,122.615200,6,mixed,Mixed,1365
2026-06-01 04:23:26,0.000000,0.500000,0.000000,0.000000,0.000000,58.890000,47.258100,2.860300,135.172200,6,mixed,Mixed,1366
2026-06-01 04:23:27,0.000000,0.500000,0.000000,0.000000,0.000000,58.898000,47.280300,2.948500,139.405600,6,mixed,Mixed,1367
2026-06-01 04:23:28,0.000000,0.500000,0.000000,0.000000,0.000000,58.890000,47.270600,2.961400,139.986400,6,mixed,Mixed,1368
2026-06-01 04:23:29,0.000000,0.500000,0.000000,0.000000,0.000000,58.906000,47.267000,3.032600,143.341600,6,mixed,Mixed,1369
2026-06-01 04:23:30,0.000000,0.250000,0.000000,0.000000,0.000000,58.888000,47.283100,2.688300,127.106800,6,mixed,Mixed,1370
2026-06-01 04:23:31,0.000000,0.000000,0.000000,0.000000,0.000000,58.880000,47.341200,1.394600,66.017400,6,mixed,Mixed,1371
2026-06-01 04:23:32,0.000000,0.000000,0.000000,0.000000,0.000000,58.880000,47.373400,0.802700,38.027500,6,mixed,Mixed,1372
2026-06-01 04:23:33,0.000000,0.000000,0.000000,0.000000,0.000000,58.888000,47.388600,0.626700,29.697500,6,mixed,Mixed,1373
2026-06-01 04:23:34,0.000000,0.000000,0.000000,0.000000,0.000000,58.888000,47.382600,0.532700,25.240400,6,mixed,Mixed,1374
2026-06-01 04:23:35,0.000000,0.000000,0.000000,0.000000,0.000000,58.888000,47.394500,0.526100,24.934300,6,mixed,Mixed,1375
2026-06-01 04:23:36,0.064500,0.000000,0.190476,1.394840,0.000700,58.888000,47.376400,0.830500,39.336700,6,mixed,Mixed,1376
2026-06-01 04:23:37,0.200000,0.000000,0.000000,3.957200,0.002000,58.874000,47.271800,2.834000,133.954500,6,mixed,Mixed,1377
2026-06-01 04:23:38,0.200000,0.000000,0.000000,3.957200,0.002000,58.870000,47.227900,3.766900,177.902300,6,mixed,Mixed,1378
2026-06-01 04:23:39,0.246900,0.000000,0.221667,5.176290,0.002610,58.870000,47.216800,4.299000,202.976700,6,mixed,Mixed,1379
2026-06-01 04:23:40,0.400000,0.000000,0.000000,7.914300,0.004000,58.860000,47.098300,6.317000,297.510000,6,mixed,Mixed,1380
2026-06-01 04:23:41,0.400000,0.000000,0.000000,7.914300,0.004000,58.862000,47.038100,7.413000,348.689500,6,mixed,Mixed,1381
2026-06-01 04:23:42,0.546300,0.000000,0.223095,11.265790,0.005620,58.846000,46.967800,8.830400,414.718400,6,mixed,Mixed,1382
2026-06-01 04:23:43,0.480000,0.000000,-0.571429,9.497200,0.004720,58.835000,46.897400,10.398100,487.635100,6,mixed,Mixed,1383
2026-06-01 04:23:44,0.000000,0.000000,0.000000,0.000000,0.000000,58.844000,47.140000,5.472000,257.845700,6,mixed,Mixed,1384
2026-06-01 04:23:45,0.000000,0.100000,0.000000,0.000000,0.000000,58.870000,47.282400,2.286700,108.108000,6,mixed,Mixed,1385
2026-06-01 04:23:46,0.000000,0.500000,0.000000,0.000000,0.000000,58.892000,47.282500,2.426800,114.742400,6,mixed,Mixed,1386
2026-06-01 04:23:47,0.000000,0.500000,0.000000,0.000000,0.000000,58.884000,47.286800,2.781200,131.514200,6,mixed,Mixed,1387
2026-06-01 04:23:48,0.000000,0.500000,0.000000,0.000000,0.000000,58.900000,47.271100,2.901600,137.161300,6,mixed,Mixed,1388
2026-06-01 04:23:49,0.000000,0.500000,0.000000,0.000000,0.000000,58.884000,47.272000,2.967300,140.269100,6,mixed,Mixed,1389
2026-06-01 04:23:50,0.000000,0.500000,0.000000,0.000000,0.000000,58.874000,47.265800,2.971000,140.426000,6,mixed,Mixed,1390
2026-06-01 04:23:51,0.000000,0.500000,0.000000,0.000000,0.000000,58.882000,47.262800,3.031400,143.272500,6,mixed,Mixed,1391
2026-06-01 04:23:52,0.000000,0.150000,0.000000,0.000000,0.000000,58.890000,47.289500,2.409900,113.951700,6,mixed,Mixed,1392
2026-06-01 04:23:53,0.320100,0.000000,0.571429,7.219150,0.003600,58.872000,47.220100,3.822700,180.306200,6,mixed,Mixed,1393
2026-06-01 04:23:54,0.560000,0.000000,-0.190476,10.805010,0.005380,58.876000,46.994700,8.760200,411.650700,6,mixed,Mixed,1394
2026-06-01 04:23:55,0.400000,0.000000,0.000000,7.914300,0.004000,58.867000,46.962700,8.772100,411.960700,6,mixed,Mixed,1395
2026-06-01 04:23:56,0.400000,0.000000,0.000000,7.914300,0.004000,58.858000,47.004400,8.273400,388.886800,6,mixed,Mixed,1396
2026-06-01 04:23:57,0.280000,0.000000,-0.238095,5.368130,0.002710,58.850000,47.041200,7.427600,349.383300,6,mixed,Mixed,1397
2026-06-01 04:23:58,0.200000,0.000000,0.000000,3.957200,0.002000,58.840000,47.150600,5.436300,256.309300,6,mixed,Mixed,1398
2026-06-01 04:23:59,0.200000,0.000000,0.000000,3.957200,0.002000,58.840000,47.165200,4.663000,219.931400,6,mixed,Mixed,1399
2026-06-01 04:24:00,0.080000,0.000000,-0.238095,1.582880,0.000800,58.830000,47.219800,3.728600,176.036500,6,mixed,Mixed,1400
2026-06-01 04:24:01,0.000000,0.000000,0.000000,0.000000,0.000000,58.830000,47.319900,1.708800,80.856800,6,mixed,Mixed,1401
2026-06-01 04:24:02,0.000000,0.250000,0.000000,0.000000,0.000000,58.814000,47.348900,1.234300,58.439000,6,mixed,Mixed,1402
2026-06-01 04:24:03,0.000000,0.500000,0.000000,0.000000,0.000000,58.830000,47.281600,2.304300,108.949500,6,mixed,Mixed,1403
2026-06-01 04:24:04,0.000000,0.500000,0.000000,0.000000,0.000000,58.799000,47.274600,2.758000,130.382800,6,mixed,Mixed,1404
2026-06-01 04:24:05,0.000000,0.500000,0.000000,0.000000,0.000000,58.820000,47.265400,2.911900,137.631800,6,mixed,Mixed,1405
2026-06-01 04:24:06,0.000000,0.500000,0.000000,0.000000,0.000000,58.804000,47.252700,2.984500,141.024000,6,mixed,Mixed,1406
2026-06-01 04:24:07,0.000000,0.500000,0.000000,0.000000,0.000000,58.784000,47.247200,2.978500,140.725300,6,mixed,Mixed,1407
2026-06-01 04:24:08,0.000000,0.450000,0.000000,0.000000,0.000000,58.803000,47.264800,2.960400,139.921700,6,mixed,Mixed,1408
2026-06-01 04:24:09,0.000000,0.000000,0.000000,0.000000,0.000000,58.810000,47.320100,1.780300,84.236200,6,mixed,Mixed,1409
2026-06-01 04:24:10,0.000000,0.000000,0.000000,0.000000,0.000000,58.810000,47.364333,0.945444,44.776667,6,mixed,Mixed,1410
2026-06-01 04:24:11,0.000000,0.000000,0.000000,0.000000,0.000000,58.810000,47.377818,0.705182,33.410455,6,mixed,Mixed,1411
2026-06-01 04:24:12,0.000000,0.000000,0.000000,0.000000,0.000000,58.810000,47.383100,0.544500,25.799000,6,mixed,Mixed,1412
2026-06-01 04:24:13,0.000000,0.000000,0.000000,0.000000,0.000000,58.810000,47.398500,0.521000,24.694100,6,mixed,Mixed,1413
2026-06-01 04:24:14,0.000000,0.000000,0.000000,0.000000,0.000000,58.810000,47.378800,0.506300,23.988500,6,mixed,Mixed,1414
2026-06-01 04:24:15,0.165100,0.000000,0.202619,3.399360,0.001720,58.810000,47.325500,1.814500,85.835900,6,mixed,Mixed,1415
2026-06-01 04:24:16,0.200000,0.000000,0.000000,3.957200,0.002000,58.805000,47.244500,3.376100,159.495500,6,mixed,Mixed,1416
2026-06-01 04:24:17,0.200000,0.000000,0.000000,3.957200,0.002000,58.800000,47.214000,3.927100,185.411400,6,mixed,Mixed,1417
2026-06-01 04:24:18,0.365700,0.000000,0.190476,7.495030,0.003780,58.798000,47.123400,5.461100,257.302400,6,mixed,Mixed,1418
2026-06-01 04:24:19,0.400000,0.000000,0.000000,7.914300,0.004000,58.790000,47.052500,7.140400,335.966800,6,mixed,Mixed,1419
2026-06-01 04:24:20,0.465100,0.000000,0.190476,9.604060,0.004820,58.781000,47.006300,8.038800,377.868000,6,mixed,Mixed,1420
2026-06-01 04:24:21,0.600000,0.000000,0.000000,11.871500,0.005900,58.772000,46.896000,10.214700,479.018700,6,mixed,Mixed,1421
2026-06-01 04:24:22,0.133333,0.000000,-0.793651,2.638111,0.001311,58.752222,46.997444,8.240778,387.091889,6,mixed,Mixed,1422
2026-06-01 04:24:23,0.000000,0.000000,0.000000,0.000000,0.000000,58.724000,47.246600,3.316800,156.669500,6,mixed,Mixed,1423
2026-06-01 04:24:24,0.000000,0.300000,0.000000,0.000000,0.000000,58.726000,47.310700,1.952200,92.358700,6,mixed,Mixed,1424
2026-06-01 04:24:25,0.000000,0.500000,0.000000,0.000000,0.000000,58.694000,47.268900,2.597300,122.769800,6,mixed,Mixed,1425
2026-06-01 04:24:26,0.000000,0.500000,0.000000,0.000000,0.000000,58.718000,47.275200,2.847700,134.625900,6,mixed,Mixed,1426
2026-06-01 04:24:27,0.000000,0.500000,0.000000,0.000000,0.000000,58.687000,47.260100,2.969800,140.353700,6,mixed,Mixed,1427
2026-06-01 04:24:28,0.000000,0.500000,0.000000,0.000000,0.000000,58.708000,47.258400,3.005600,142.039600,6,mixed,Mixed,1428
2026-06-01 04:24:29,0.000000,0.500000,0.000000,0.000000,0.000000,58.676000,47.242900,2.998800,141.672100,6,mixed,Mixed,1429
2026-06-01 04:24:30,0.000000,0.400000,0.000000,0.000000,0.000000,58.713000,47.264200,2.899400,137.031400,6,mixed,Mixed,1430
2026-06-01 04:24:31,0.014700,0.000000,0.140000,0.381820,0.000190,58.650000,47.320500,1.937500,91.663700,6,mixed,Mixed,1431
2026-06-01 04:24:32,0.564000,0.000000,0.471429,12.028690,0.005990,58.658000,47.072200,6.717700,316.103900,6,mixed,Mixed,1432
2026-06-01 04:24:33,0.480000,0.000000,-0.190476,9.222130,0.004620,58.640000,46.933200,9.179200,430.806500,6,mixed,Mixed,1433
2026-06-01 04:24:34,0.400000,0.000000,0.000000,7.914300,0.004000,58.630000,46.972800,8.411800,395.124900,6,mixed,Mixed,1434
2026-06-01 04:24:35,0.380000,0.000000,-0.190476,7.381060,0.003730,58.629000,47.003100,8.031100,377.482300,6,mixed,Mixed,1435
2026-06-01 04:24:36,0.200000,0.000000,0.000000,3.957200,0.002000,58.622000,47.108000,6.052700,285.112000,6,mixed,Mixed,1436
2026-06-01 04:24:37,0.200000,0.000000,0.000000,3.957200,0.002000,58.610000,47.145400,4.860000,229.125400,6,mixed,Mixed,1437
2026-06-01 04:24:38,0.180000,0.000000,-0.190476,3.561480,0.001800,58.612000,47.168600,4.358200,205.563700,6,mixed,Mixed,1438
2026-06-01 04:24:39,0.000000,0.000000,0.000000,0.000000,0.000000,58.608000,47.259900,2.393500,113.095400,6,mixed,Mixed,1439
2026-06-01 04:24:40,0.000000,0.000000,0.000000,0.000000,0.000000,58.600000,47.305800,1.152300,54.508500,6,mixed,Mixed,1440
2026-06-01 04:24:41,0.000000,0.500000,0.000000,0.000000,0.000000,58.608000,47.301000,1.877000,88.774200,6,mixed,Mixed,1441
2026-06-01 04:24:42,0.000000,0.500000,0.000000,0.000000,0.000000,58.647000,47.261500,2.595900,122.684500,6,mixed,Mixed,1442
2026-06-01 04:24:43,0.000000,0.500000,0.000000,0.000000,0.000000,58.649000,47.263300,2.863000,135.315300,6,mixed,Mixed,1443
2026-06-01 04:24:44,0.000000,0.500000,0.000000,0.000000,0.000000,58.622000,47.234900,2.940400,138.888500,6,mixed,Mixed,1444
2026-06-01 04:24:45,0.000000,0.500000,0.000000,0.000000,0.000000,58.646000,47.245800,2.970700,140.352900,6,mixed,Mixed,1445
2026-06-01 04:24:46,0.000000,0.500000,0.000000,0.000000,0.000000,58.593000,47.226400,3.001300,141.739600,6,mixed,Mixed,1446
2026-06-01 04:24:47,0.000000,0.200000,0.000000,0.000000,0.000000,58.661000,47.276500,2.534600,119.821300,6,mixed,Mixed,1447
2026-06-01 04:24:48,0.000000,0.000000,0.000000,0.000000,0.000000,58.660000,47.341000,1.266300,59.946900,6,mixed,Mixed,1448
2026-06-01 04:24:49,0.000000,0.000000,0.000000,0.000000,0.000000,58.660000,47.365800,0.798700,37.831600,6,mixed,Mixed,1449
2026-06-01 04:24:50,0.000000,0.000000,0.000000,0.000000,0.000000,58.660000,47.373700,0.577900,27.376800,6,mixed,Mixed,1450
2026-06-01 04:24:51,0.000000,0.000000,0.000000,0.000000,0.000000,58.660000,47.367100,0.557800,26.422000,6,mixed,Mixed,1451
2026-06-01 04:24:52,0.000000,0.000000,0.000000,0.000000,0.000000,58.660000,47.349500,0.490600,23.229700,6,mixed,Mixed,1452
2026-06-01 04:24:53,0.074100,0.000000,0.190476,1.591060,0.000800,58.660000,47.349200,0.830100,39.296900,6,mixed,Mixed,1453
2026-06-01 04:24:54,0.200000,0.000000,0.000000,3.957200,0.002000,58.660000,47.255700,2.835200,133.971800,6,mixed,Mixed,1454
2026-06-01 04:24:55,0.200000,0.000000,0.000000,3.957200,0.002000,58.653000,47.204500,3.729700,176.058100,6,mixed,Mixed,1455
2026-06-01 04:24:56,0.255900,0.000000,0.200238,5.334860,0.002690,58.650000,47.172100,4.290400,202.375600,6,mixed,Mixed,1456
2026-06-01 04:24:57,0.400000,0.000000,0.000000,7.914300,0.004000,58.645000,47.088700,6.348000,298.904900,6,mixed,Mixed,1457
2026-06-01 04:24:58,0.400000,0.000000,0.000000,7.914300,0.004000,58.638000,47.014700,7.409500,348.356900,6,mixed,Mixed,1458
2026-06-01 04:24:59,0.532300,0.000000,0.219762,10.991080,0.005490,58.629000,46.964400,8.661800,406.768000,6,mixed,Mixed,1459
2026-06-01 04:25:00,0.540000,0.000000,-0.571429,10.684350,0.005310,58.618000,46.848200,10.539400,493.743200,6,mixed,Mixed,1460
2026-06-01 04:25:01,0.000000,0.000000,0.000000,0.000000,0.000000,58.610000,47.093200,6.072200,285.842300,6,mixed,Mixed,1461
2026-06-01 04:25:02,0.000000,0.000000,0.000000,0.000000,0.000000,58.605000,47.273400,2.433700,115.029700,6,mixed,Mixed,1462
2026-06-01 04:25:03,0.000000,0.500000,0.000000,0.000000,0.000000,58.552000,47.285700,2.270800,107.373400,6,mixed,Mixed,1463
2026-06-01 04:25:04,0.000000,0.500000,0.000000,0.000000,0.000000,58.576000,47.249200,2.735900,129.268500,6,mixed,Mixed,1464
2026-06-01 04:25:05,0.000000,0.500000,0.000000,0.000000,0.000000,58.528000,47.225900,2.896000,136.766000,6,mixed,Mixed,1465
2026-06-01 04:25:06,0.000000,0.500000,0.000000,0.000000,0.000000,58.580000,47.240100,2.973600,140.472300,6,mixed,Mixed,1466
2026-06-01 04:25:07,0.000000,0.500000,0.000000,0.000000,0.000000,58.518000,47.233500,2.971600,140.358000,6,mixed,Mixed,1467
2026-06-01 04:25:08,0.000000,0.500000,0.000000,0.000000,0.000000,58.542000,47.243300,2.974200,140.511800,6,mixed,Mixed,1468
2026-06-01 04:25:09,0.000000,0.200000,0.000000,0.000000,0.000000,58.566000,47.260000,2.561500,121.045400,6,mixed,Mixed,1469
2026-06-01 04:25:10,0.220500,0.000000,0.611429,5.277940,0.002630,58.585000,47.261700,2.735400,129.163500,6,mixed,Mixed,1470
2026-06-01 04:25:11,0.600000,0.000000,0.000000,11.871500,0.005900,58.579000,46.975700,8.148400,382.713100,6,mixed,Mixed,1471
2026-06-01 04:25:12,0.420000,0.000000,-0.190476,8.034970,0.004050,58.569000,46.919300,9.150500,429.327500,6,mixed,Mixed,1472
2026-06-01 04:25:13,0.400000,0.000000,0.000000,7.914300,0.004000,58.552000,46.963800,8.389700,394.012100,6,mixed,Mixed,1473
2026-06-01 04:25:14,0.320000,0.000000,-0.190476,6.193930,0.003130,58.550000,47.028900,7.809500,367.258100,6,mixed,Mixed,1474
2026-06-01 04:25:15,0.200000,0.000000,0.000000,3.957200,0.002000,58.543000,47.097500,5.745600,270.597700,6,mixed,Mixed,1475
2026-06-01 04:25:16,0.200000,0.000000,0.000000,3.957200,0.002000,58.540000,47.131100,4.780700,225.317300,6,mixed,Mixed,1476
2026-06-01 04:25:17,0.120000,0.000000,-0.190476,2.374320,0.001200,58.532000,47.177800,4.133000,194.976000,6,mixed,Mixed,1477
2026-06-01 04:25:18,0.000000,0.000000,0.000000,0.000000,0.000000,58.530000,47.289100,2.009200,95.001500,6,mixed,Mixed,1478
2026-06-01 04:25:19,0.000000,0.200000,0.000000,0.000000,0.000000,58.522000,47.338600,1.255800,59.447900,6,mixed,Mixed,1479
2026-06-01 04:25:20,0.000000,0.500000,0.000000,0.000000,0.000000,58.474000,47.270100,2.260700,106.855600,6,mixed,Mixed,1480
2026-06-01 04:25:21,0.000000,0.500000,0.000000,0.000000,0.000000,58.475000,47.238300,2.744700,129.654700,6,mixed,Mixed,1481
2026-06-01 04:25:22,0.000000,0.500000,0.000000,0.000000,0.000000,58.440000,47.232400,2.910200,137.455500,6,mixed,Mixed,1482
2026-06-01 04:25:23,0.000000,0.500000,0.000000,0.000000,0.000000,58.504000,47.239700,2.983000,140.916000,6,mixed,Mixed,1483
2026-06-01 04:25:24,0.000000,0.500000,0.000000,0.000000,0.000000,58.454000,47.221700,2.996100,141.481000,6,mixed,Mixed,1484
2026-06-01 04:25:25,0.000000,0.500000,0.000000,0.000000,0.000000,58.456000,47.228800,3.002500,141.803900,6,mixed,Mixed,1485
2026-06-01 04:25:26,0.000000,0.050000,0.000000,0.000000,0.000000,58.430000,47.279800,1.952400,92.299800,6,mixed,Mixed,1486
2026-06-01 04:25:27,0.000000,0.000000,0.000000,0.000000,0.000000,58.430000,47.313500,1.029100,48.687400,6,mixed,Mixed,1487
2026-06-01 04:25:28,0.000000,0.000000,0.000000,0.000000,0.000000,58.430000,47.341200,0.711700,33.693600,6,mixed,Mixed,1488
2026-06-01 04:25:29,0.000000,0.000000,0.000000,0.000000,0.000000,58.430000,47.342100,0.580400,27.477300,6,mixed,Mixed,1489
2026-06-01 04:25:30,0.000000,0.000000,0.000000,0.000000,0.000000,58.430000,47.337800,0.560200,26.518000,6,mixed,Mixed,1490
2026-06-01 04:25:31,0.000000,0.000000,0.000000,0.000000,0.000000,58.430000,47.349300,0.480600,22.756200,6,mixed,Mixed,1491
2026-06-01 04:25:32,0.158160,0.000000,0.190476,3.266870,0.001640,58.429000,47.272900,1.837100,86.823700,6,mixed,Mixed,1492
2026-06-01 04:25:33,0.200000,0.000000,0.000000,3.957200,0.002000,58.420000,47.197000,3.443900,162.541900,6,mixed,Mixed,1493
2026-06-01 04:25:34,0.200000,0.000000,0.000000,3.957200,0.002000,58.420000,47.169900,3.955800,186.593600,6,mixed,Mixed,1494
2026-06-01 04:25:35,0.359160,0.000000,0.190476,7.380400,0.003710,58.415000,47.096800,5.431800,255.786600,6,mixed,Mixed,1495
2026-06-01 04:25:36,0.400000,0.000000,0.000000,7.914300,0.004000,58.409000,47.032100,7.121100,334.919700,6,mixed,Mixed,1496
2026-06-01 04:25:37,0.459160,0.000000,0.190476,9.496580,0.004770,58.400000,46.989200,8.021400,376.908800,6,mixed,Mixed,1497
2026-06-01 04:25:38,0.600000,0.000000,0.000000,11.871500,0.005900,58.389000,46.855200,10.207900,478.288400,6,mixed,Mixed,1498
2026-06-01 04:25:39,0.174000,0.000000,-0.585714,3.442730,0.001710,58.380000,46.979500,8.015200,376.339400,6,mixed,Mixed,1499
2026-06-01 04:25:40,0.000000,0.000000,0.000000,0.000000,0.000000,58.372000,47.220000,3.160300,149.196300,6,mixed,Mixed,1500
2026-06-01 04:25:41,0.000000,0.305000,0.000000,0.000000,0.000000,58.370000,47.289300,2.008300,94.967700,6,mixed,Mixed,1501
2026-06-01 04:25:42,0.000000,0.500000,0.000000,0.000000,0.000000,58.370000,47.254900,2.605000,123.098600,6,mixed,Mixed,1502
2026-06-01 04:25:43,0.000000,0.500000,0.000000,0.000000,0.000000,58.370000,47.225200,2.863300,135.220200,6,mixed,Mixed,1503
2026-06-01 04:25:44,0.000000,0.500000,0.000000,0.000000,0.000000,58.362000,47.212200,2.934900,138.563800,6,mixed,Mixed,1504
2026-06-01 04:25:45,0.000000,0.500000,0.000000,0.000000,0.000000,58.360000,47.219400,2.994900,141.416200,6,mixed,Mixed,1505
2026-06-01 04:25:46,0.000000,0.500000,0.000000,0.000000,0.000000,58.360000,47.224500,2.963600,139.954000,6,mixed,Mixed,1506
2026-06-01 04:25:47,0.000000,0.420000,0.000000,0.000000,0.000000,58.357000,47.203100,2.942500,138.895200,6,mixed,Mixed,1507
2026-06-01 04:25:48,0.000360,0.000000,0.003429,0.007940,0.000000,58.350000,47.270300,1.774000,83.850200,6,mixed,Mixed,1508
2026-06-01 04:25:49,0.541140,0.000000,0.568143,11.622550,0.005790,58.350000,47.050800,6.220800,292.543700,6,mixed,Mixed,1509
2026-06-01 04:25:50,0.516000,0.000000,-0.200000,9.920670,0.004960,58.341000,46.911200,9.318800,437.150000,6,mixed,Mixed,1510
2026-06-01 04:25:51,0.400000,0.000000,0.000000,7.914300,0.004000,58.331000,46.949600,8.637700,405.535200,6,mixed,Mixed,1511
2026-06-01 04:25:52,0.400000,0.000000,0.000000,7.914300,0.004000,58.322000,46.941600,8.211900,385.478600,6,mixed,Mixed,1512
2026-06-01 04:25:53,0.218000,0.000000,-0.195238,4.172370,0.002110,58.313000,47.045700,6.516100,306.528800,6,mixed,Mixed,1513
2026-06-01 04:25:54,0.200000,0.000000,0.000000,3.957200,0.002000,58.310000,47.112900,5.027500,236.856500,6,mixed,Mixed,1514
2026-06-01 04:25:55,0.200000,0.000000,0.000000,3.957200,0.002000,58.302000,47.145400,4.516100,212.914900,6,mixed,Mixed,1515
2026-06-01 04:25:56,0.016000,0.000000,-0.200000,0.316570,0.000160,58.300000,47.230200,2.796000,132.029700,6,mixed,Mixed,1516
2026-06-01 04:25:57,0.000000,0.000000,0.000000,0.000000,0.000000,58.300000,47.301100,1.292700,61.139100,6,mixed,Mixed,1517
2026-06-01 04:25:58,0.000000,0.420000,0.000000,0.000000,0.000000,58.300000,47.267200,1.684700,79.616000,6,mixed,Mixed,1518
2026-06-01 04:25:59,0.000000,0.500000,0.000000,0.000000,0.000000,58.294000,47.229400,2.504700,118.294300,6,mixed,Mixed,1519
2026-06-01 04:26:00,0.000000,0.500000,0.000000,0.000000,0.000000,58.290000,47.222200,2.845100,134.353000,6,mixed,Mixed,1520
2026-06-01 04:26:01,0.000000,0.500000,0.000000,0.000000,0.000000,58.298000,47.215600,2.942600,138.936800,6,mixed,Mixed,1521
2026-06-01 04:26:02,0.000000,0.500000,0.000000,0.000000,0.000000,58.298000,47.216900,3.034000,143.256100,6,mixed,Mixed,1522
2026-06-01 04:26:03,0.000000,0.500000,0.000000,0.000000,0.000000,58.305000,47.229500,2.989900,141.211300,6,mixed,Mixed,1523
2026-06-01 04:26:04,0.000000,0.305000,0.000000,0.000000,0.000000,58.280000,47.232100,2.771100,130.877100,6,mixed,Mixed,1524
2026-06-01 04:26:05,0.000000,0.000000,0.000000,0.000000,0.000000,58.280000,47.281800,1.457600,68.912600,6,mixed,Mixed,1525
2026-06-01 04:26:06,0.000000,0.000000,0.000000,0.000000,0.000000,58.288000,47.336500,0.828100,39.200200,6,mixed,Mixed,1526
2026-06-01 04:26:07,0.000000,0.000000,0.000000,0.000000,0.000000,58.280000,47.327600,0.604700,28.619000,6,mixed,Mixed,1527
2026-06-01 04:26:08,0.000000,0.000000,0.000000,0.000000,0.000000,58.280000,47.323100,0.525500,24.868200,6,mixed,Mixed,1528
2026-06-01 04:26:09,0.000000,0.000000,0.000000,0.000000,0.000000,58.312000,47.347200,0.515100,24.387900,6,mixed,Mixed,1529
2026-06-01 04:26:10,0.067500,0.000000,0.220238,1.464650,0.000740,58.312000,47.318100,0.872900,41.300000,6,mixed,Mixed,1530
2026-06-01 04:26:11,0.200000,0.000000,0.000000,3.957200,0.002000,58.297000,47.225100,2.799400,132.197100,6,mixed,Mixed,1531
2026-06-01 04:26:12,0.200000,0.000000,0.000000,3.957200,0.002000,58.302000,47.170100,3.770000,177.829500,6,mixed,Mixed,1532
2026-06-01 04:26:13,0.245100,0.000000,0.190476,5.104230,0.002570,58.277000,47.153300,4.301700,202.834100,6,mixed,Mixed,1533
2026-06-01 04:26:14,0.400000,0.000000,0.000000,7.914300,0.004000,58.268000,47.040500,6.328000,297.659800,6,mixed,Mixed,1534
2026-06-01 04:26:15,0.400000,0.000000,0.000000,7.914300,0.004000,58.294000,47.009100,7.443000,349.884300,6,mixed,Mixed,1535
2026-06-01 04:26:16,0.545700,0.000000,0.190476,11.189310,0.005580,58.285000,46.929500,8.898700,417.583100,6,mixed,Mixed,1536
2026-06-01 04:26:17,0.480000,0.000000,-0.714286,9.497200,0.004720,58.284000,46.815400,10.413900,487.513100,6,mixed,Mixed,1537
2026-06-01 04:26:18,0.000000,0.000000,0.000000,0.000000,0.000000,58.293000,47.077000,5.485300,258.123100,6,mixed,Mixed,1538
2026-06-01 04:26:19,0.000000,0.100000,0.000000,0.000000,0.000000,58.284000,47.225400,2.345400,110.754100,6,mixed,Mixed,1539
2026-06-01 04:26:20,0.000000,0.500000,0.000000,0.000000,0.000000,58.292000,47.248100,2.386200,112.744400,6,mixed,Mixed,1540
2026-06-01 04:26:21,0.000000,0.500000,0.000000,0.000000,0.000000,58.284000,47.206900,2.808200,132.565500,6,mixed,Mixed,1541
2026-06-01 04:26:22,0.000000,0.500000,0.000000,0.000000,0.000000,58.300000,47.211600,2.915500,137.645300,6,mixed,Mixed,1542
2026-06-01 04:26:23,0.000000,0.500000,0.000000,0.000000,0.000000,58.290000,47.238333,2.966889,140.150667,6,mixed,Mixed,1543
2026-06-01 04:26:24,0.000000,0.500000,0.000000,0.000000,0.000000,58.282727,47.201455,2.993455,141.295636,6,mixed,Mixed,1544
2026-06-01 04:26:25,0.000000,0.500000,0.000000,0.000000,0.000000,58.282000,47.206400,2.998300,141.538400,6,mixed,Mixed,1545
2026-06-01 04:26:26,0.000000,0.150000,0.000000,0.000000,0.000000,58.259000,47.249900,2.387800,112.807100,6,mixed,Mixed,1546
2026-06-01 04:26:27,0.260700,0.000000,0.611429,6.049440,0.003010,58.264000,47.195900,3.191700,150.472600,6,mixed,Mixed,1547
2026-06-01 04:26:28,0.580000,0.000000,-0.190476,11.200730,0.005570,58.260000,46.937600,8.445500,396.382800,6,mixed,Mixed,1548
2026-06-01 04:26:29,0.400000,0.000000,0.000000,7.914300,0.004000,58.233000,46.910900,8.865400,415.877700,6,mixed,Mixed,1549
2026-06-01 04:26:30,0.400000,0.000000,0.000000,7.914300,0.004000,58.250000,46.943000,8.285900,388.964500,6,mixed,Mixed,1550
2026-06-01 04:26:31,0.280000,0.000000,-0.190476,5.402510,0.002730,58.218000,46.967400,7.447200,349.759100,6,mixed,Mixed,1551
2026-06-01 04:26:32,0.200000,0.000000,0.000000,3.957200,0.002000,58.224000,47.088700,5.459000,257.049500,6,mixed,Mixed,1552
2026-06-01 04:26:33,0.200000,0.000000,0.000000,3.957200,0.002000,58.207000,47.120900,4.676100,220.341100,6,mixed,Mixed,1553
2026-06-01 04:26:34,0.100000,0.000000,-0.190476,1.978600,0.001000,58.206000,47.167800,3.906800,184.256800,6,mixed,Mixed,1554
2026-06-01 04:26:35,0.000000,0.000000,0.000000,0.000000,0.000000,58.214000,47.267100,1.828800,86.439400,6,mixed,Mixed,1555
2026-06-01 04:26:36,0.000000,0.200000,0.000000,0.000000,0.000000,58.214000,47.303300,1.201600,56.833200,6,mixed,Mixed,1556
2026-06-01 04:26:37,0.000000,0.500000,0.000000,0.000000,0.000000,58.230000,47.241889,2.146778,101.417889,6,mixed,Mixed,1557
2026-06-01 04:26:38,0.000000,0.500000,0.000000,0.000000,0.000000,58.203636,47.222909,2.693545,127.194182,6,mixed,Mixed,1558
2026-06-01 04:26:39,0.000000,0.500000,0.000000,0.000000,0.000000,58.220000,47.197444,2.873000,135.597667,6,mixed,Mixed,1559
2026-06-01 04:26:40,0.000000,0.500000,0.000000,0.000000,0.000000,58.220000,47.205600,2.984600,140.890600,6,mixed,Mixed,1560
2026-06-01 04:26:41,0.000000,0.500000,0.000000,0.000000,0.000000,58.212727,47.202000,2.997545,141.489909,6,mixed,Mixed,1561
2026-06-01 04:26:42,0.000000,0.500000,0.000000,0.000000,0.000000,58.201111,47.190667,3.002333,141.681778,6,mixed,Mixed,1562
2026-06-01 04:26:43,0.000000,0.050000,0.000000,0.000000,0.000000,58.130000,47.250200,1.992100,94.116300,6,mixed,Mixed,1563
2026-06-01 04:26:44,0.000000,0.000000,0.000000,0.000000,0.000000,58.130000,47.293300,1.008800,47.709000,6,mixed,Mixed,1564
2026-06-01 04:26:45,0.000000,0.000000,0.000000,0.000000,0.000000,58.130000,47.300600,0.663900,31.401200,6,mixed,Mixed,1565
2026-06-01 04:26:46,0.000000,0.000000,0.000000,0.000000,0.000000,58.130000,47.321300,0.565600,26.764200,6,mixed,Mixed,1566
2026-06-01 04:26:47,0.000000,0.000000,0.000000,0.000000,0.000000,58.130000,47.309900,0.522500,24.719200,6,mixed,Mixed,1567
2026-06-01 04:26:48,0.000000,0.000000,0.000000,0.000000,0.000000,58.130000,47.332600,0.493600,23.363400,6,mixed,Mixed,1568
2026-06-01 04:26:49,0.156500,0.000000,0.190476,3.234020,0.001630,58.129000,47.252200,1.809100,85.463300,6,mixed,Mixed,1569
2026-06-01 04:26:50,0.200000,0.000000,0.000000,3.957200,0.002000,58.120000,47.170900,3.386100,159.717600,6,mixed,Mixed,1570
2026-06-01 04:26:51,0.200000,0.000000,0.000000,3.957200,0.002000,58.120000,47.144000,3.959700,186.677500,6,mixed,Mixed,1571
2026-06-01 04:26:52,0.357100,0.000000,0.190476,7.340550,0.003700,58.115000,47.089200,5.457200,256.940600,6,mixed,Mixed,1572
2026-06-01 04:26:53,0.400000,0.000000,0.000000,7.914300,0.004000,58.109000,46.986800,7.109700,334.057300,6,mixed,Mixed,1573
2026-06-01 04:26:54,0.455900,0.000000,0.190476,9.432900,0.004750,58.100000,46.939300,8.026500,376.746500,6,mixed,Mixed,1574
2026-06-01 04:26:55,0.600000,0.000000,0.000000,11.871500,0.005900,58.089000,46.839100,10.192700,477.399400,6,mixed,Mixed,1575
2026-06-01 04:26:56,0.180000,0.000000,-0.571429,3.561450,0.001770,58.080000,46.953700,7.946100,372.880800,6,mixed,Mixed,1576
2026-06-01 04:26:57,0.000000,0.000000,0.000000,0.000000,0.000000,58.072000,47.188200,3.135600,147.926000,6,mixed,Mixed,1577
2026-06-01 04:26:58,0.000000,0.300000,0.000000,0.000000,0.000000,58.070000,47.247300,2.030600,95.936900,6,mixed,Mixed,1578
2026-06-01 04:26:59,0.000000,0.500000,0.000000,0.000000,0.000000,58.078000,47.212300,2.606800,123.070100,6,mixed,Mixed,1579
2026-06-01 04:27:00,0.000000,0.500000,0.000000,0.000000,0.000000,58.094000,47.181000,2.861100,134.989700,6,mixed,Mixed,1580
2026-06-01 04:27:01,0.000000,0.500000,0.000000,0.000000,0.000000,58.063000,47.195100,2.974000,140.357800,6,mixed,Mixed,1581
2026-06-01 04:27:02,0.000000,0.500000,0.000000,0.000000,0.000000,58.060000,47.196600,2.959900,139.696900,6,mixed,Mixed,1582
2026-06-01 04:27:03,0.000000,0.500000,0.000000,0.000000,0.000000,58.060000,47.191100,3.015200,142.290900,6,mixed,Mixed,1583
2026-06-01 04:27:04,0.000000,0.450000,0.000000,0.000000,0.000000,58.065000,47.205900,2.918500,137.767800,6,mixed,Mixed,1584
2026-06-01 04:27:05,0.000000,0.000000,0.000000,0.000000,0.000000,58.050000,47.241400,1.807800,85.395200,6,mixed,Mixed,1585
2026-06-01 04:27:06,0.528300,0.000000,0.611429,11.448280,0.005700,58.050000,47.035500,6.233900,293.048600,6,mixed,Mixed,1586
2026-06-01 04:27:07,0.520000,0.000000,-0.190476,10.013570,0.005000,58.041000,46.875600,9.354600,438.495700,6,mixed,Mixed,1587
2026-06-01 04:27:08,0.400000,0.000000,0.000000,7.914300,0.004000,58.031000,46.919900,8.632400,405.030000,6,mixed,Mixed,1588
2026-06-01 04:27:09,0.400000,0.000000,0.000000,7.914300,0.004000,58.021000,46.902700,8.224100,385.730900,6,mixed,Mixed,1589
2026-06-01 04:27:10,0.240000,0.000000,-0.190476,4.611090,0.002330,58.013000,47.001200,6.776900,318.498100,6,mixed,Mixed,1590
2026-06-01 04:27:11,0.200000,0.000000,0.000000,3.957200,0.002000,58.010000,47.085900,5.145200,242.261900,6,mixed,Mixed,1591
2026-06-01 04:27:12,0.200000,0.000000,0.000000,3.957200,0.002000,58.001000,47.101800,4.559500,214.761600,6,mixed,Mixed,1592
2026-06-01 04:27:13,0.060000,0.000000,-0.190476,1.187160,0.000600,58.000000,47.180500,3.265600,154.042900,6,mixed,Mixed,1593
2026-06-01 04:27:14,0.000000,0.000000,0.000000,0.000000,0.000000,58.000000,47.242500,1.480200,69.927500,6,mixed,Mixed,1594
2026-06-01 04:27:15,0.000000,0.350000,0.000000,0.000000,0.000000,57.999000,47.254600,1.589100,75.081700,6,mixed,Mixed,1595
2026-06-01 04:27:16,0.000000,0.500000,0.000000,0.000000,0.000000,57.990000,47.210800,2.513600,118.668300,6,mixed,Mixed,1596
2026-06-01 04:27:17,0.000000,0.500000,0.000000,0.000000,0.000000,57.998000,47.185700,2.810200,132.600800,6,mixed,Mixed,1597
2026-06-01 04:27:18,0.000000,0.500000,0.000000,0.000000,0.000000,58.006000,47.167900,2.933100,138.348700,6,mixed,Mixed,1598
2026-06-01 04:27:19,0.000000,0.500000,0.000000,0.000000,0.000000,57.986000,47.171500,2.999200,141.476200,6,mixed,Mixed,1599
2026-06-01 04:27:20,0.000000,0.500000,0.000000,0.000000,0.000000,57.980000,47.196800,2.996400,141.420700,6,mixed,Mixed,1600
2026-06-01 04:27:21,0.000000,0.395000,0.000000,0.000000,0.000000,57.980000,47.192300,2.873300,135.595500,6,mixed,Mixed,1601
2026-06-01 04:27:22,0.000000,0.000000,0.000000,0.000000,0.000000,57.980000,47.259500,1.532600,72.426700,6,mixed,Mixed,1602
2026-06-01 04:27:23,0.000000,0.000000,0.000000,0.000000,0.000000,57.988000,47.294400,0.902600,42.685100,6,mixed,Mixed,1603
2026-06-01 04:27:24,0.000000,0.000000,0.000000,0.000000,0.000000,57.988000,47.290500,0.637000,30.124000,6,mixed,Mixed,1604
2026-06-01 04:27:25,0.000000,0.000000,0.000000,0.000000,0.000000,57.980000,47.309200,0.570000,26.967100,6,mixed,Mixed,1605
2026-06-01 04:27:26,0.000000,0.000000,0.000000,0.000000,0.000000,58.000000,47.313000,0.523200,24.753800,6,mixed,Mixed,1606
2026-06-01 04:27:27,0.000000,0.000000,0.000000,0.000000,0.000000,57.970000,47.283200,0.545300,25.782900,6,mixed,Mixed,1607
2026-06-01 04:27:28,0.197100,0.000000,0.197381,4.037620,0.002040,57.970000,47.223300,2.284400,107.858900,6,mixed,Mixed,1608
2026-06-01 04:27:29,0.200000,0.000000,0.000000,3.957200,0.002000,57.970000,47.160800,3.557000,167.750600,6,mixed,Mixed,1609
2026-06-01 04:27:30,0.200000,0.000000,0.000000,3.957200,0.002000,57.969000,47.128600,4.008300,188.905300,6,mixed,Mixed,1610
2026-06-01 04:27:31,0.381160,0.000000,0.193476,7.813020,0.003940,57.960000,47.050400,5.740400,270.069600,6,mixed,Mixed,1611
2026-06-01 04:27:32,0.400000,0.000000,0.000000,7.914300,0.004000,57.955000,46.990400,7.205700,338.591400,6,mixed,Mixed,1612
2026-06-01 04:27:33,0.482160,0.000000,0.195619,9.951190,0.004990,57.947000,46.921300,8.205900,385.012100,6,mixed,Mixed,1613
2026-06-01 04:27:34,0.600000,0.000000,0.000000,11.871500,0.005900,57.944000,46.817300,10.362100,485.118100,6,mixed,Mixed,1614
2026-06-01 04:27:35,0.060000,0.000000,-0.571429,1.187150,0.000590,57.926000,46.974000,7.340000,344.563200,6,mixed,Mixed,1615
2026-06-01 04:27:36,0.000000,0.000000,0.000000,0.000000,0.000000,57.920000,47.177900,2.886200,136.149100,6,mixed,Mixed,1616
2026-06-01 04:27:37,0.000000,0.450000,0.000000,0.000000,0.000000,57.976000,47.245400,2.161900,102.136200,6,mixed,Mixed,1617
2026-06-01 04:27:38,0.000000,0.500000,0.000000,0.000000,0.000000,57.952000,47.192700,2.723300,128.517800,6,mixed,Mixed,1618
2026-06-01 04:27:39,0.000000,0.500000,0.000000,0.000000,0.000000,57.981000,47.192500,2.877500,135.796100,6,mixed,Mixed,1619
2026-06-01 04:27:40,0.000000,0.500000,0.000000,0.000000,0.000000,57.926000,47.172200,2.949300,139.124400,6,mixed,Mixed,1620
2026-06-01 04:27:41,0.000000,0.500000,0.000000,0.000000,0.000000,57.966000,47.193500,2.985800,140.910000,6,mixed,Mixed,1621
2026-06-01 04:27:42,0.000000,0.500000,0.000000,0.000000,0.000000,57.966000,47.191200,2.994000,141.290300,6,mixed,Mixed,1622
2026-06-01 04:27:43,0.000000,0.300000,0.000000,0.000000,0.000000,57.926000,47.197100,2.749200,129.749100,6,mixed,Mixed,1623
2026-06-01 04:27:44,0.074100,0.000000,0.448571,2.041910,0.001030,57.908000,47.197000,2.102900,99.208700,6,mixed,Mixed,1624
2026-06-01 04:27:45,0.600000,0.000000,0.162857,12.224250,0.006080,57.904000,46.973900,7.283900,342.071500,6,mixed,Mixed,1625
2026-06-01 04:27:46,0.460000,0.000000,-0.190476,8.826410,0.004430,57.886000,46.848800,9.332900,437.233000,6,mixed,Mixed,1626
2026-06-01 04:27:47,0.400000,0.000000,0.000000,7.914300,0.004000,57.877000,46.897500,8.515200,399.339500,6,mixed,Mixed,1627
2026-06-01 04:27:48,0.380000,0.000000,-0.190476,7.381060,0.003730,57.868000,46.907700,8.142900,381.964400,6,mixed,Mixed,1628
2026-06-01 04:27:49,0.200000,0.000000,0.000000,3.957200,0.002000,57.860000,47.017000,6.281900,295.335500,6,mixed,Mixed,1629
2026-06-01 04:27:50,0.200000,0.000000,0.000000,3.957200,0.002000,57.854000,47.066900,4.950900,233.023300,6,mixed,Mixed,1630
2026-06-01 04:27:51,0.200000,0.000000,0.000000,3.957200,0.002000,57.866000,47.094100,4.484100,211.175600,6,mixed,Mixed,1631
2026-06-01 04:27:52,0.000000,0.000000,-0.238095,0.000000,0.000000,57.850000,47.175100,2.770400,130.663500,6,mixed,Mixed,1632
2026-06-01 04:27:53,0.000000,0.000000,0.000000,0.000000,0.000000,57.840000,47.272800,1.276500,60.340600,6,mixed,Mixed,1633
2026-06-01 04:27:54,0.000000,0.450000,0.000000,0.000000,0.000000,57.864000,47.244100,1.617600,76.411500,6,mixed,Mixed,1634
2026-06-01 04:27:55,0.000000,0.500000,0.000000,0.000000,0.000000,57.896000,47.178500,2.523100,119.034500,6,mixed,Mixed,1635
2026-06-01 04:27:56,0.000000,0.500000,0.000000,0.000000,0.000000,57.904000,47.191300,2.824600,133.296900,6,mixed,Mixed,1636
2026-06-01 04:27:57,0.000000,0.500000,0.000000,0.000000,0.000000,57.854000,47.163600,2.952100,139.231200,6,mixed,Mixed,1637
2026-06-01 04:27:58,0.000000,0.500000,0.000000,0.000000,0.000000,57.904000,47.184900,2.991800,141.167600,6,mixed,Mixed,1638
2026-06-01 04:27:59,0.000000,0.500000,0.000000,0.000000,0.000000,57.886000,47.189300,3.000600,141.596100,6,mixed,Mixed,1639
2026-06-01 04:28:00,0.000000,0.300000,0.000000,0.000000,0.000000,57.910000,47.184300,2.778400,131.092500,6,mixed,Mixed,1640
2026-06-01 04:28:01,0.000000,0.000000,0.000000,0.000000,0.000000,57.910000,47.258300,1.477400,69.813100,6,mixed,Mixed,1641
2026-06-01 04:28:02,0.000000,0.000000,0.000000,0.000000,0.000000,57.910000,47.289800,0.809800,38.294000,6,mixed,Mixed,1642
2026-06-01 04:28:03,0.000000,0.000000,0.000000,0.000000,0.000000,57.910000,47.306200,0.602900,28.521100,6,mixed,Mixed,1643
2026-06-01 04:28:04,0.000000,0.000000,0.000000,0.000000,0.000000,57.900000,47.289500,0.549400,25.980700,6,mixed,Mixed,1644
2026-06-01 04:28:05,0.000000,0.000000,0.000000,0.000000,0.000000,57.900000,47.305100,0.497600,23.538400,6,mixed,Mixed,1645
2026-06-01 04:28:06,0.025100,0.000000,0.190476,0.619070,0.000310,57.900000,47.288200,0.648600,30.671700,6,mixed,Mixed,1646
2026-06-01 04:28:07,0.200000,0.000000,0.000000,3.957200,0.002000,57.892000,47.188800,2.470100,116.542600,6,mixed,Mixed,1647
2026-06-01 04:28:08,0.200000,0.000000,0.000000,3.957200,0.002000,57.900000,47.144000,3.654000,172.260900,6,mixed,Mixed,1648
2026-06-01 04:28:09,0.225700,0.000000,0.190476,4.721530,0.002370,57.896000,47.113700,4.142400,195.159600,6,mixed,Mixed,1649
2026-06-01 04:28:10,0.400000,0.000000,0.000000,7.914300,0.004000,57.890000,47.022800,6.148800,289.118300,6,mixed,Mixed,1650
2026-06-01 04:28:11,0.400000,0.000000,0.000000,7.914300,0.004000,57.882000,46.957400,7.367300,345.949700,6,mixed,Mixed,1651
2026-06-01 04:28:12,0.506300,0.000000,0.190476,10.408900,0.005200,57.867000,46.918000,8.455900,396.700400,6,mixed,Mixed,1652
2026-06-01 04:28:13,0.600000,0.000000,0.000000,11.871500,0.005900,57.864000,46.798300,10.501700,491.456000,6,mixed,Mixed,1653
2026-06-01 04:28:14,0.000000,0.000000,-0.571429,0.000000,0.000000,57.853000,46.995500,6.667700,313.182300,6,mixed,Mixed,1654
2026-06-01 04:28:15,0.000000,0.000000,0.000000,0.000000,0.000000,57.850000,47.191300,2.654800,125.264400,6,mixed,Mixed,1655
2026-06-01 04:28:16,0.000000,0.450000,0.000000,0.000000,0.000000,57.826000,47.209900,2.073500,97.885100,6,mixed,Mixed,1656
2026-06-01 04:28:17,0.000000,0.500000,0.000000,0.000000,0.000000,57.848000,47.198500,2.684700,126.712700,6,mixed,Mixed,1657
2026-06-01 04:28:18,0.000000,0.500000,0.000000,0.000000,0.000000,57.840000,47.181333,2.893333,136.513222,6,mixed,Mixed,1658
2026-06-01 04:28:19,0.000000,0.500000,0.000000,0.000000,0.000000,57.840000,47.164100,2.984900,140.780100,6,mixed,Mixed,1659
2026-06-01 04:28:20,0.000000,0.500000,0.000000,0.000000,0.000000,57.806000,47.169800,2.994300,141.240400,6,mixed,Mixed,1660
2026-06-01 04:28:21,0.000000,0.500000,0.000000,0.000000,0.000000,57.798000,47.165700,3.025100,142.681300,6,mixed,Mixed,1661
2026-06-01 04:28:22,0.000000,0.300000,0.000000,0.000000,0.000000,57.766000,47.186800,2.659300,125.476800,6,mixed,Mixed,1662
2026-06-01 04:28:23,0.161700,0.000000,0.602143,4.154410,0.002080,57.750000,47.178800,2.857300,134.682300,6,mixed,Mixed,1663
2026-06-01 04:28:24,0.600000,0.000000,0.000000,11.871500,0.005900,57.742000,46.901600,8.135300,381.487100,6,mixed,Mixed,1664
2026-06-01 04:28:25,0.420000,0.000000,-0.190476,8.034970,0.004050,57.732000,46.863700,8.965500,420.156200,6,mixed,Mixed,1665
2026-06-01 04:28:26,0.400000,0.000000,0.000000,7.914300,0.004000,57.723000,46.901400,8.321500,390.287800,6,mixed,Mixed,1666
2026-06-01 04:28:27,0.340000,0.000000,-0.190476,6.589640,0.003330,57.714000,46.931600,7.786200,365.411900,6,mixed,Mixed,1667
2026-06-01 04:28:28,0.200000,0.000000,0.000000,3.957200,0.002000,57.709000,47.005800,5.746900,270.127500,6,mixed,Mixed,1668
2026-06-01 04:28:29,0.200000,0.000000,0.000000,3.957200,0.002000,57.700000,47.082400,4.745200,223.412600,6,mixed,Mixed,1669
2026-06-01 04:28:30,0.160000,0.000000,-0.190476,3.165760,0.001600,57.700000,47.099000,4.226500,199.060400,6,mixed,Mixed,1670
2026-06-01 04:28:31,0.000000,0.000000,0.000000,0.000000,0.000000,57.692000,47.198900,2.147500,101.350900,6,mixed,Mixed,1671
2026-06-01 04:28:32,0.000000,0.100000,0.000000,0.000000,0.000000,57.690000,47.265500,1.273300,60.180800,6,mixed,Mixed,1672
2026-06-01 04:28:33,0.000000,0.500000,0.000000,0.000000,0.000000,57.746000,47.222900,2.082600,98.342800,6,mixed,Mixed,1673
2026-06-01 04:28:34,0.000000,0.500000,0.000000,0.000000,0.000000,57.698000,47.167600,2.666300,125.763700,6,mixed,Mixed,1674
2026-06-01 04:28:35,0.000000,0.500000,0.000000,0.000000,0.000000,57.714000,47.152900,2.910200,137.223300,6,mixed,Mixed,1675
2026-06-01 04:28:36,0.000000,0.500000,0.000000,0.000000,0.000000,57.696000,47.155500,2.957600,139.466900,6,mixed,Mixed,1676
2026-06-01 04:28:37,0.000000,0.500000,0.000000,0.000000,0.000000,57.720000,47.148200,3.009600,141.896900,6,mixed,Mixed,1677
2026-06-01 04:28:38,0.000000,0.500000,0.000000,0.000000,0.000000,57.696000,47.152000,3.022000,142.493100,6,mixed,Mixed,1678
2026-06-01 04:28:39,0.000000,0.150000,0.000000,0.000000,0.000000,57.676000,47.203200,2.278500,107.540800,6,mixed,Mixed,1679
2026-06-01 04:28:40,0.000000,0.000000,0.000000,0.000000,0.000000,57.679000,47.240500,1.143200,54.005000,6,mixed,Mixed,1680
2026-06-01 04:28:41,0.000000,0.000000,0.000000,0.000000,0.000000,57.678000,47.269600,0.727700,34.396600,6,mixed,Mixed,1681
2026-06-01 04:28:42,0.000000,0.000000,0.000000,0.000000,0.000000,57.670000,47.291600,0.558400,26.408200,6,mixed,Mixed,1682
2026-06-01 04:28:43,0.000000,0.000000,0.000000,0.000000,0.000000,57.670000,47.274200,0.545600,25.792100,6,mixed,Mixed,1683
2026-06-01 04:28:44,0.000000,0.000000,0.000000,0.000000,0.000000,57.670000,47.284000,0.526800,24.909000,6,mixed,Mixed,1684
2026-06-01 04:28:45,0.135900,0.000000,0.200238,2.832390,0.001430,57.670000,47.218700,1.586000,74.846400,6,mixed,Mixed,1685
2026-06-01 04:28:46,0.200000,0.000000,0.000000,3.957200,0.002000,57.678000,47.136100,3.285500,154.860500,6,mixed,Mixed,1686
2026-06-01 04:28:47,0.200000,0.000000,0.000000,3.957200,0.002000,57.664000,47.094700,3.905400,183.922200,6,mixed,Mixed,1687
2026-06-01 04:28:48,0.313500,0.000000,0.222619,6.524320,0.003290,57.660000,47.044700,4.968800,233.729100,6,mixed,Mixed,1688
2026-06-01 04:28:49,0.400000,0.000000,0.000000,7.914300,0.004000,57.654000,46.971400,6.889900,323.614700,6,mixed,Mixed,1689
2026-06-01 04:28:50,0.412900,0.000000,0.153571,8.497740,0.004290,57.654000,46.925900,7.728600,362.662500,6,mixed,Mixed,1690
2026-06-01 04:28:51,0.600000,0.000000,0.067619,12.017960,0.005980,57.637000,46.823300,9.853800,461.375300,6,mixed,Mixed,1691
2026-06-01 04:28:52,0.300000,0.000000,-0.571429,5.935750,0.002950,57.633000,46.841100,9.135100,427.756600,6,mixed,Mixed,1692
2026-06-01 04:28:53,0.000000,0.000000,0.000000,0.000000,0.000000,57.620000,47.096200,3.778100,177.892500,6,mixed,Mixed,1693
2026-06-01 04:28:54,0.000000,0.250000,0.000000,0.000000,0.000000,57.620000,47.181500,2.109500,99.528200,6,mixed,Mixed,1694
2026-06-01 04:28:55,0.000000,0.500000,0.000000,0.000000,0.000000,57.650000,47.168900,2.605600,122.903600,6,mixed,Mixed,1695
2026-06-01 04:28:56,0.000000,0.500000,0.000000,0.000000,0.000000,57.626000,47.158400,2.838300,133.848600,6,mixed,Mixed,1696
2026-06-01 04:28:57,0.000000,0.500000,0.000000,0.000000,0.000000,57.650000,47.147400,2.956700,139.400800,6,mixed,Mixed,1697
2026-06-01 04:28:58,0.000000,0.500000,0.000000,0.000000,0.000000,57.617000,47.131200,2.993200,141.072800,6,mixed,Mixed,1698
2026-06-01 04:28:59,0.000000,0.500000,0.000000,0.000000,0.000000,57.644000,47.149000,2.978400,140.427900,6,mixed,Mixed,1699
2026-06-01 04:29:00,0.000000,0.500000,0.000000,0.000000,0.000000,57.608000,47.150700,3.018600,142.328400,6,mixed,Mixed,1700
2026-06-01 04:29:01,0.000000,0.000000,0.000000,0.000000,0.000000,57.664000,47.206400,1.896600,89.523800,6,mixed,Mixed,1701
2026-06-01 04:29:02,0.522900,0.000000,0.611429,11.268780,0.005620,57.659000,47.021100,5.797300,272.411000,6,mixed,Mixed,1702
2026-06-01 04:29:03,0.520000,0.000000,-0.190476,10.013570,0.005000,57.651000,46.831700,9.322600,436.581200,6,mixed,Mixed,1703
2026-06-01 04:29:04,0.400000,0.000000,0.000000,7.914300,0.004000,57.641000,46.868800,8.698100,407.664100,6,mixed,Mixed,1704
2026-06-01 04:29:05,0.400000,0.000000,0.000000,7.914300,0.004000,57.625000,46.895800,8.228100,385.862500,6,mixed,Mixed,1705
2026-06-01 04:29:06,0.240000,0.000000,-0.190476,4.611090,0.002330,57.640000,46.951000,7.027500,329.902500,6,mixed,Mixed,1706
2026-06-01 04:29:07,0.200000,0.000000,0.000000,3.957200,0.002000,57.617000,47.055700,5.196400,244.518600,6,mixed,Mixed,1707
2026-06-01 04:29:08,0.200000,0.000000,0.000000,3.957200,0.002000,57.614000,47.089600,4.573900,215.383700,6,mixed,Mixed,1708
2026-06-01 04:29:09,0.060000,0.000000,-0.190476,1.187160,0.000600,57.609000,47.115300,3.468000,163.362600,6,mixed,Mixed,1709
2026-06-01 04:29:10,0.000000,0.000000,0.000000,0.000000,0.000000,57.596000,47.223500,1.550000,73.189500,6,mixed,Mixed,1710
2026-06-01 04:29:11,0.000000,0.350000,0.000000,0.000000,0.000000,57.564000,47.226500,1.511100,71.352300,6,mixed,Mixed,1711
2026-06-01 04:29:12,0.000000,0.500000,0.000000,0.000000,0.000000,57.572000,47.158800,2.455500,115.798700,6,mixed,Mixed,1712
2026-06-01 04:29:13,0.000000,0.500000,0.000000,0.000000,0.000000,57.570000,47.141100,2.842600,134.001500,6,mixed,Mixed,1713
2026-06-01 04:29:14,0.000000,0.500000,0.000000,0.000000,0.000000,57.562000,47.152300,2.945700,138.896900,6,mixed,Mixed,1714
2026-06-01 04:29:15,0.000000,0.500000,0.000000,0.000000,0.000000,57.530000,47.139700,2.985300,140.726700,6,mixed,Mixed,1715
2026-06-01 04:29:16,0.000000,0.500000,0.000000,0.000000,0.000000,57.562000,47.132100,2.992600,141.047700,6,mixed,Mixed,1716
2026-06-01 04:29:17,0.000000,0.350000,0.000000,0.000000,0.000000,57.523000,47.151900,2.743500,129.360000,6,mixed,Mixed,1717
2026-06-01 04:29:18,0.000000,0.000000,0.000000,0.000000,0.000000,57.520000,47.221500,1.462100,69.041000,6,mixed,Mixed,1718
2026-06-01 04:29:19,0.000000,0.000000,0.000000,0.000000,0.000000,57.520000,47.236800,0.801500,37.859100,6,mixed,Mixed,1719
2026-06-01 04:29:20,0.000000,0.000000,0.000000,0.000000,0.000000,57.520000,47.265600,0.659700,31.180600,6,mixed,Mixed,1720
2026-06-01 04:29:21,0.000000,0.000000,0.000000,0.000000,0.000000,57.520000,47.257700,0.548400,25.916700,6,mixed,Mixed,1721
2026-06-01 04:29:22,0.000000,0.000000,0.000000,0.000000,0.000000,57.520000,47.272600,0.499200,23.598000,6,mixed,Mixed,1722
2026-06-01 04:29:23,0.015900,0.000000,0.151429,0.416270,0.000210,57.520000,47.283300,0.600600,28.397500,6,mixed,Mixed,1723
2026-06-01 04:29:24,0.200000,0.000000,0.039048,3.985390,0.002010,57.520000,47.168300,2.433600,114.779800,6,mixed,Mixed,1724
2026-06-01 04:29:25,0.200000,0.000000,0.000000,3.957200,0.002000,57.516000,47.122200,3.644400,171.731000,6,mixed,Mixed,1725
2026-06-01 04:29:26,0.216500,0.000000,0.157143,4.509440,0.002270,57.510000,47.082900,4.149500,195.366100,6,mixed,Mixed,1726
2026-06-01 04:29:27,0.400000,0.000000,0.041667,7.974470,0.004030,57.507000,46.968200,6.169400,289.751100,6,mixed,Mixed,1727
2026-06-01 04:29:28,0.400000,0.000000,0.000000,7.914300,0.004000,57.500000,46.929300,7.358000,345.305900,6,mixed,Mixed,1728
2026-06-01 04:29:29,0.516500,0.000000,0.198810,10.649990,0.005330,57.490000,46.844200,8.629000,404.179300,6,mixed,Mixed,1729
2026-06-01 04:29:30,0.600000,0.000000,0.000000,11.871500,0.005900,57.479000,46.766400,10.521900,492.063700,6,mixed,Mixed,1730
2026-06-01 04:29:31,0.000000,0.000000,-0.571429,0.000000,0.000000,57.470000,47.003300,6.018600,282.779400,6,mixed,Mixed,1731
2026-06-01 04:29:32,0.000000,0.000000,0.000000,0.000000,0.000000,57.470000,47.165800,2.478100,116.864400,6,mixed,Mixed,1732
2026-06-01 04:29:33,0.000000,0.500000,0.000000,0.000000,0.000000,57.499000,47.168600,2.313400,109.117000,6,mixed,Mixed,1733
2026-06-01 04:29:34,0.000000,0.500000,0.000000,0.000000,0.000000,57.468000,47.146900,2.791500,131.609800,6,mixed,Mixed,1734
2026-06-01 04:29:35,0.000000,0.500000,0.000000,0.000000,0.000000,57.508000,47.148000,2.923000,137.813200,6,mixed,Mixed,1735
2026-06-01 04:29:36,0.000000,0.500000,0.000000,0.000000,0.000000,57.468000,47.120700,2.965400,139.731200,6,mixed,Mixed,1736
2026-06-01 04:29:37,0.000000,0.500000,0.000000,0.000000,0.000000,57.450000,47.140300,2.983300,140.633600,6,mixed,Mixed,1737
2026-06-01 04:29:38,0.000000,0.500000,0.000000,0.000000,0.000000,57.506000,47.151100,2.985000,140.745500,6,mixed,Mixed,1738
2026-06-01 04:29:39,0.000000,0.250000,0.000000,0.000000,0.000000,57.458000,47.160200,2.537500,119.663500,6,mixed,Mixed,1739
2026-06-01 04:29:40,0.225300,0.000000,0.605000,5.409150,0.002700,57.447000,47.122600,3.274300,154.172100,6,mixed,Mixed,1740
2026-06-01 04:29:41,0.600000,0.000000,0.000000,11.871500,0.005900,57.439000,46.852700,8.494700,397.957200,6,mixed,Mixed,1741
2026-06-01 04:29:42,0.400000,0.000000,-0.190476,7.639250,0.003860,57.429000,46.835900,8.833000,413.695500,6,mixed,Mixed,1742
2026-06-01 04:29:43,0.400000,0.000000,0.000000,7.914300,0.004000,57.420000,46.862400,8.324500,390.106000,6,mixed,Mixed,1743
2026-06-01 04:29:44,0.320000,0.000000,-0.190476,6.193930,0.003130,57.411000,46.899700,7.611100,356.932200,6,mixed,Mixed,1744
2026-06-01 04:29:45,0.200000,0.000000,0.000000,3.957200,0.002000,57.404000,47.005000,5.555100,261.107800,6,mixed,Mixed,1745
2026-06-01 04:29:46,0.200000,0.000000,0.000000,3.957200,0.002000,57.400000,47.051100,4.722300,222.187900,6,mixed,Mixed,1746
2026-06-01 04:29:47,0.118000,0.000000,-0.233333,2.334740,0.001180,57.395000,47.080700,3.894900,183.371900,6,mixed,Mixed,1747
2026-06-01 04:29:48,0.000000,0.000000,0.000000,0.000000,0.000000,57.390000,47.178200,1.857600,87.628700,6,mixed,Mixed,1748
2026-06-01 04:29:49,0.000000,0.155000,0.000000,0.000000,0.000000,57.390000,47.223200,1.150600,54.333200,6,mixed,Mixed,1749
2026-06-01 04:29:50,0.000000,0.500000,0.000000,0.000000,0.000000,57.390000,47.172700,2.220000,104.720800,6,mixed,Mixed,1750
2026-06-01 04:29:51,0.000000,0.500000,0.000000,0.000000,0.000000,57.390000,47.144300,2.716000,128.045300,6,mixed,Mixed,1751
2026-06-01 04:29:52,0.000000,0.500000,0.000000,0.000000,0.000000,57.391000,47.146200,2.868200,135.223700,6,mixed,Mixed,1752
2026-06-01 04:29:53,0.000000,0.500000,0.000000,0.000000,0.000000,57.380000,47.148300,2.936100,138.431800,6,mixed,Mixed,1753
2026-06-01 04:29:54,0.000000,0.500000,0.000000,0.000000,0.000000,57.380000,47.147800,2.991700,141.052900,6,mixed,Mixed,1754
2026-06-01 04:29:55,0.000000,0.500000,0.000000,0.000000,0.000000,57.378000,47.137100,2.997100,141.275000,6,mixed,Mixed,1755
2026-06-01 04:29:56,0.000000,0.100000,0.000000,0.000000,0.000000,57.370000,47.171200,2.138300,100.858500,6,mixed,Mixed,1756
2026-06-01 04:29:57,0.000000,0.000000,0.000000,0.000000,0.000000,57.370000,47.231500,1.075700,50.807000,6,mixed,Mixed,1757
2026-06-01 04:29:58,0.000000,0.000000,0.000000,0.000000,0.000000,57.370000,47.249300,0.672700,31.784000,6,mixed,Mixed,1758
2026-06-01 04:29:59,0.000000,0.000000,0.000000,0.000000,0.000000,57.370000,47.266200,0.549200,25.958400,6,mixed,Mixed,1759
2026-06-01 04:30:00,0.000000,0.000000,0.000000,0.000000,0.000000,57.370000,47.261300,0.515200,24.348200,6,mixed,Mixed,1760
2026-06-01 04:30:01,0.000000,0.000000,0.000000,0.000000,0.000000,57.378000,47.241500,0.506300,23.917700,6,mixed,Mixed,1761
2026-06-01 04:30:02,0.141680,0.000000,0.229238,2.958010,0.001490,57.386000,47.191200,1.593000,75.149200,6,mixed,Mixed,1762
2026-06-01 04:30:03,0.200000,0.000000,0.000000,3.957200,0.002000,57.426000,47.126300,3.288800,154.989400,6,mixed,Mixed,1763
2026-06-01 04:30:04,0.200000,0.000000,0.000000,3.957200,0.002000,57.409000,47.086400,3.905500,183.894100,6,mixed,Mixed,1764
2026-06-01 04:30:05,0.321660,0.000000,0.190476,6.634380,0.003340,57.432000,47.024400,5.012300,235.685100,6,mixed,Mixed,1765
2026-06-01 04:30:06,0.400000,0.000000,0.000000,7.914300,0.004000,57.433000,46.950800,6.901100,324.008100,6,mixed,Mixed,1766
2026-06-01 04:30:07,0.404500,0.000000,0.042857,8.081930,0.004080,57.426000,46.898400,7.677600,360.065900,6,mixed,Mixed,1767
2026-06-01 04:30:08,0.600000,0.000000,0.147619,12.191240,0.006060,57.408000,46.792200,9.638900,451.001800,6,mixed,Mixed,1768
2026-06-01 04:30:09,0.300000,0.000000,-0.571429,5.935750,0.002950,57.405000,46.813000,9.540300,446.499600,6,mixed,Mixed,1769
2026-06-01 04:30:10,0.000000,0.000000,0.000000,0.000000,0.000000,57.400000,47.073100,4.136300,194.642600,6,mixed,Mixed,1770
2026-06-01 04:30:11,0.000000,0.240000,0.000000,0.000000,0.000000,57.399000,47.181600,2.070100,97.667300,6,mixed,Mixed,1771
2026-06-01 04:30:12,0.000000,0.500000,0.000000,0.000000,0.000000,57.342000,47.130700,2.588300,121.987400,6,mixed,Mixed,1772
2026-06-01 04:30:13,0.000000,0.500000,0.000000,0.000000,0.000000,57.390000,47.142000,2.872800,135.429600,6,mixed,Mixed,1773
2026-06-01 04:30:14,0.000000,0.500000,0.000000,0.000000,0.000000,57.318000,47.132600,2.942700,138.696500,6,mixed,Mixed,1774
2026-06-01 04:30:15,0.000000,0.500000,0.000000,0.000000,0.000000,57.385000,47.129800,3.004700,141.610900,6,mixed,Mixed,1775
2026-06-01 04:30:16,0.000000,0.500000,0.000000,0.000000,0.000000,57.348000,47.111300,3.021100,142.327700,6,mixed,Mixed,1776
2026-06-01 04:30:17,0.000000,0.500000,0.000000,0.000000,0.000000,57.340000,47.114500,2.994400,141.079800,6,mixed,Mixed,1777
2026-06-01 04:30:18,0.000000,0.000000,0.000000,0.000000,0.000000,57.308000,47.160800,1.950700,91.978100,6,mixed,Mixed,1778
2026-06-01 04:30:19,0.497100,0.000000,0.611429,10.723590,0.005350,57.307000,46.993800,5.652800,265.473300,6,mixed,Mixed,1779
2026-06-01 04:30:20,0.500000,0.000000,-0.190476,9.617850,0.004810,57.292000,46.833400,9.116200,426.938600,6,mixed,Mixed,1780
2026-06-01 04:30:21,0.400000,0.000000,0.000000,7.914300,0.004000,57.282000,46.840500,8.570900,401.464000,6,mixed,Mixed,1781
2026-06-01 04:30:22,0.400000,0.000000,0.000000,7.914300,0.004000,57.273000,46.859000,8.200100,384.248300,6,mixed,Mixed,1782
2026-06-01 04:30:23,0.220000,0.000000,-0.190476,4.215380,0.002130,57.266000,46.921900,6.783000,318.235300,6,mixed,Mixed,1783
2026-06-01 04:30:24,0.200000,0.000000,0.000000,3.957200,0.002000,57.250000,47.008700,5.133200,241.298200,6,mixed,Mixed,1784
2026-06-01 04:30:25,0.200000,0.000000,0.000000,3.957200,0.002000,57.256000,47.056400,4.565400,214.831700,6,mixed,Mixed,1785
2026-06-01 04:30:26,0.020000,0.000000,-0.190476,0.395720,0.000200,57.248000,47.122100,3.031200,142.816300,6,mixed,Mixed,1786
2026-06-01 04:30:27,0.000000,0.000000,0.000000,0.000000,0.000000,57.248000,47.201900,1.391800,65.689700,6,mixed,Mixed,1787
2026-06-01 04:30:28,0.000000,0.400000,0.000000,0.000000,0.000000,57.272000,47.199300,1.516200,71.553800,6,mixed,Mixed,1788
2026-06-01 04:30:29,0.000000,0.500000,0.000000,0.000000,0.000000,57.304000,47.148300,2.474300,116.656900,6,mixed,Mixed,1789
2026-06-01 04:30:30,0.000000,0.500000,0.000000,0.000000,0.000000,57.319000,47.115500,2.820800,132.903600,6,mixed,Mixed,1790
2026-06-01 04:30:31,0.000000,0.500000,0.000000,0.000000,0.000000,57.270000,47.127100,2.936700,138.397200,6,mixed,Mixed,1791
2026-06-01 04:30:32,0.000000,0.500000,0.000000,0.000000,0.000000,57.310000,47.125100,2.976100,140.248300,6,mixed,Mixed,1792
2026-06-01 04:30:33,0.000000,0.500000,0.000000,0.000000,0.000000,57.278000,47.135400,2.983200,140.613300,6,mixed,Mixed,1793
2026-06-01 04:30:34,0.000000,0.300000,0.000000,0.000000,0.000000,57.295000,47.140000,2.758700,130.038900,6,mixed,Mixed,1794
2026-06-01 04:30:35,0.000000,0.000000,0.000000,0.000000,0.000000,57.244000,47.184700,1.476300,69.653000,6,mixed,Mixed,1795
2026-06-01 04:30:36,0.000000,0.000000,0.000000,0.000000,0.000000,57.292000,47.230300,0.830000,39.200300,6,mixed,Mixed,1796
2026-06-01 04:30:37,0.000000,0.000000,0.000000,0.000000,0.000000,57.292000,47.253200,0.622000,29.391400,6,mixed,Mixed,1797
2026-06-01 04:30:38,0.000000,0.000000,0.000000,0.000000,0.000000,57.300000,47.232778,0.524111,24.755000,6,mixed,Mixed,1798
2026-06-01 04:30:39,0.000000,0.000000,0.000000,0.000000,0.000000,57.292000,47.229800,0.523700,24.733600,6,mixed,Mixed,1799
