_time,linear_velocity_ms,angular_velocity_rads,linear_acceleration_ms2,motor_power_total_W,motor_load_ratio,battery_SOC_percent,battery_voltage_V,battery_current_A,battery_power_draw_W,condition_id,condition_name,condition_class,timestep
2026-06-01 03:30:20,0.100000,0.000000,0.000000,1.978600,0.001000,71.422222,48.458000,2.478222,120.089333,5,burst,Dynamic,0
2026-06-01 03:30:21,0.100000,0.000000,0.000000,1.978600,0.001000,71.412000,48.448100,2.412600,116.886800,5,burst,Dynamic,1
2026-06-01 03:30:22,0.100000,0.000000,0.000000,1.978600,0.001000,71.404000,48.472700,2.348100,113.818900,5,burst,Dynamic,2
2026-06-01 03:30:23,0.010000,0.450000,-0.119048,0.134790,0.000100,71.404000,48.447100,2.587800,125.369500,5,burst,Dynamic,3
2026-06-01 03:30:24,0.000000,0.500000,0.000000,0.000000,0.000000,71.372000,48.436800,2.849100,138.001600,5,burst,Dynamic,4
2026-06-01 03:30:25,0.000000,0.500000,0.000000,0.000000,0.000000,71.402000,48.421400,2.956400,143.153000,5,burst,Dynamic,5
2026-06-01 03:30:26,0.059700,0.200000,0.095952,1.215860,0.000610,71.362000,48.428700,2.852000,138.117900,5,burst,Dynamic,6
2026-06-01 03:30:27,0.100000,0.000000,0.000000,1.978600,0.001000,71.360000,48.436500,2.528300,122.461500,5,burst,Dynamic,7
2026-06-01 03:30:28,0.100000,0.000000,0.000000,1.978600,0.001000,71.328000,48.434900,2.438600,118.114300,5,burst,Dynamic,8
2026-06-01 03:30:29,0.100000,0.000000,0.000000,1.978600,0.001000,71.352000,48.425900,2.385400,115.515000,5,burst,Dynamic,9
2026-06-01 03:30:30,0.045455,0.272727,-0.086580,0.853500,0.000455,71.370909,48.433818,2.523636,122.228455,5,burst,Dynamic,10
2026-06-01 03:30:31,0.000000,0.500000,0.000000,0.000000,0.000000,71.371111,48.427111,2.790333,135.127444,5,burst,Dynamic,11
2026-06-01 03:30:32,0.000000,0.500000,0.000000,0.000000,0.000000,71.360909,48.414636,2.968909,143.738000,5,burst,Dynamic,12
2026-06-01 03:30:33,0.021333,0.388889,0.105820,0.460300,0.000233,71.345556,48.421889,2.950111,142.849556,5,burst,Dynamic,13
2026-06-01 03:30:34,0.100000,0.000000,0.000000,1.978600,0.001000,71.350000,48.423800,2.637600,127.721100,5,burst,Dynamic,14
2026-06-01 03:30:35,0.100000,0.000000,0.000000,1.978600,0.001000,71.348000,48.439000,2.497700,120.986600,5,burst,Dynamic,15
2026-06-01 03:30:36,0.100000,0.000000,0.000000,1.978600,0.001000,71.316000,48.439200,2.410000,116.738600,5,burst,Dynamic,16
2026-06-01 03:30:37,0.080000,0.100000,-0.119048,1.519810,0.000800,71.332000,48.448200,2.441100,118.266800,5,burst,Dynamic,17
2026-06-01 03:30:38,0.000000,0.500000,0.000000,0.000000,0.000000,71.380000,48.421600,2.731700,132.272600,5,burst,Dynamic,18
2026-06-01 03:30:39,0.000000,0.500000,0.000000,0.000000,0.000000,71.331000,48.419900,2.920700,141.419700,5,burst,Dynamic,19
2026-06-01 03:30:40,0.000000,0.500000,0.000000,0.000000,0.000000,71.363000,48.419200,2.984500,144.507500,5,burst,Dynamic,20
2026-06-01 03:30:41,0.089700,0.050000,0.095952,1.809440,0.000910,71.298000,48.422600,2.743400,132.841000,5,burst,Dynamic,21
2026-06-01 03:30:42,0.100000,0.000000,0.000000,1.978600,0.001000,71.338000,48.439900,2.492100,120.717000,5,burst,Dynamic,22
2026-06-01 03:30:43,0.100000,0.000000,0.000000,1.978600,0.001000,71.319000,48.446300,2.443900,118.397700,5,burst,Dynamic,23
2026-06-01 03:30:44,0.010000,0.000000,-0.119048,0.197860,0.000100,71.312000,48.481700,1.661900,80.570400,5,burst,Dynamic,24
2026-06-01 03:30:45,-0.080000,0.000000,-0.095238,1.548500,0.000780,71.312000,48.468300,1.511400,73.248800,5,burst,Dynamic,25
2026-06-01 03:30:46,-0.100000,0.000000,0.000000,1.978600,0.001000,71.304000,48.454800,2.082600,100.913300,5,burst,Dynamic,26
2026-06-01 03:30:47,-0.100000,0.000000,0.000000,1.978600,0.001000,71.296000,48.457600,2.296000,111.258600,5,burst,Dynamic,27
2026-06-01 03:30:48,-0.032520,0.000000,0.113048,0.643440,0.000320,71.312000,48.470500,1.840900,89.222700,5,burst,Dynamic,28
2026-06-01 03:30:49,0.028860,0.000000,-0.023810,0.605400,0.000300,71.288000,48.498000,1.279800,62.067700,5,burst,Dynamic,29
2026-06-01 03:30:50,0.000000,0.000000,0.000000,0.000000,0.000000,71.310000,48.523000,0.872400,42.332100,5,burst,Dynamic,30
2026-06-01 03:30:51,0.000000,0.000000,0.000000,0.000000,0.000000,71.278000,48.519700,0.608800,29.538100,5,burst,Dynamic,31
2026-06-01 03:30:52,0.000000,0.000000,0.000000,0.000000,0.000000,71.270000,48.530600,0.559000,27.128300,5,burst,Dynamic,32
2026-06-01 03:30:53,0.000000,0.000000,0.000000,0.000000,0.000000,71.270000,48.542600,0.524100,25.441000,5,burst,Dynamic,33
2026-06-01 03:30:54,0.000000,0.000000,0.000000,0.000000,0.000000,71.270000,48.521900,0.490100,23.780300,5,burst,Dynamic,34
2026-06-01 03:30:55,0.000000,0.000000,0.000000,0.000000,0.000000,71.270000,48.539000,0.488200,23.696200,5,burst,Dynamic,35
2026-06-01 03:30:56,0.000000,0.000000,0.000000,0.000000,0.000000,71.270000,48.523600,0.498600,24.193800,5,burst,Dynamic,36
2026-06-01 03:30:57,0.000000,0.000000,0.000000,0.000000,0.000000,71.270000,48.525700,0.496400,24.088200,5,burst,Dynamic,37
2026-06-01 03:30:58,0.000000,0.000000,0.000000,0.000000,0.000000,71.270000,48.522200,0.480300,23.304900,5,burst,Dynamic,38
2026-06-01 03:30:59,0.000000,0.000000,0.000000,0.000000,0.000000,71.270000,48.532200,0.512000,24.848500,5,burst,Dynamic,39
2026-06-01 03:31:00,0.000000,0.000000,0.000000,0.000000,0.000000,71.270000,48.532200,0.492300,23.892900,5,burst,Dynamic,40
2026-06-01 03:31:01,0.000000,0.000000,0.000000,0.000000,0.000000,71.270000,48.538100,0.471300,22.876100,5,burst,Dynamic,41
2026-06-01 03:31:02,0.000000,0.000000,0.000000,0.000000,0.000000,71.270000,48.536500,0.484300,23.506100,5,burst,Dynamic,42
2026-06-01 03:31:03,0.000000,0.000000,0.000000,0.000000,0.000000,71.270000,48.527000,0.494400,23.991300,5,burst,Dynamic,43
2026-06-01 03:31:04,0.000000,0.000000,0.000000,0.000000,0.000000,71.270000,48.547200,0.482900,23.443700,5,burst,Dynamic,44
2026-06-01 03:31:05,0.000000,0.000000,0.000000,0.000000,0.000000,71.270000,48.541900,0.505900,24.557100,5,burst,Dynamic,45
2026-06-01 03:31:06,0.000000,0.000000,0.000000,0.000000,0.000000,71.270000,48.551000,0.477100,23.163400,5,burst,Dynamic,46
2026-06-01 03:31:07,0.000000,0.000000,0.000000,0.000000,0.000000,71.270000,48.522800,0.492300,23.887000,5,burst,Dynamic,47
2026-06-01 03:31:08,0.000000,0.000000,0.000000,0.000000,0.000000,71.270000,48.538600,0.483800,23.482800,5,burst,Dynamic,48
2026-06-01 03:31:09,0.000000,0.000000,0.000000,0.000000,0.000000,71.270000,48.537800,0.527200,25.588300,5,burst,Dynamic,49
2026-06-01 03:31:10,0.000000,0.000000,0.000000,0.000000,0.000000,71.270000,48.546200,0.500100,24.277700,5,burst,Dynamic,50
2026-06-01 03:31:11,0.000000,0.000000,0.000000,0.000000,0.000000,71.263000,48.528500,0.526300,25.540800,5,burst,Dynamic,51
2026-06-01 03:31:12,0.000000,0.000000,0.000000,0.000000,0.000000,71.260000,48.516900,0.507200,24.607700,5,burst,Dynamic,52
2026-06-01 03:31:13,0.000000,0.000000,0.000000,0.000000,0.000000,71.260000,48.521700,0.501200,24.319600,5,burst,Dynamic,53
2026-06-01 03:31:14,0.000000,0.000000,0.000000,0.000000,0.000000,71.260000,48.529000,0.490800,23.817900,5,burst,Dynamic,54
2026-06-01 03:31:15,0.017700,0.000000,0.168571,0.492610,0.000250,71.260000,48.496400,0.828200,40.147900,5,burst,Dynamic,55
2026-06-01 03:31:16,0.570000,0.000000,0.442857,12.115850,0.006040,71.260000,48.240700,6.397100,308.446600,5,burst,Dynamic,56
2026-06-01 03:31:17,0.240000,0.000000,-0.571429,4.748600,0.002360,71.251000,48.155800,7.850000,377.914600,5,burst,Dynamic,57
2026-06-01 03:31:18,0.000000,0.300000,0.000000,0.000000,0.000000,71.246000,48.369300,3.818200,184.671800,5,burst,Dynamic,58
2026-06-01 03:31:19,0.000000,0.500000,0.000000,0.000000,0.000000,71.240000,48.385500,3.213100,155.468800,5,burst,Dynamic,59
2026-06-01 03:31:20,0.000000,0.500000,0.000000,0.000000,0.000000,71.240000,48.388400,3.089200,149.480900,5,burst,Dynamic,60
2026-06-01 03:31:21,0.000000,0.500000,0.000000,0.000000,0.000000,71.239000,48.396400,3.043900,147.313800,5,burst,Dynamic,61
2026-06-01 03:31:22,0.000000,0.500000,0.000000,0.000000,0.000000,71.230000,48.399600,3.034400,146.863500,5,burst,Dynamic,62
2026-06-01 03:31:23,0.000000,0.500000,0.000000,0.000000,0.000000,71.230000,48.401600,3.018500,146.100000,5,burst,Dynamic,63
2026-06-01 03:31:24,0.000000,0.450000,0.000000,0.000000,0.000000,71.230000,48.407600,2.978300,144.173600,5,burst,Dynamic,64
2026-06-01 03:31:25,0.208500,0.000000,0.611429,5.088600,0.002540,71.225000,48.391300,3.304500,159.810300,5,burst,Dynamic,65
2026-06-01 03:31:26,0.600000,0.000000,0.000000,11.871500,0.005900,71.218000,48.147400,8.287700,398.988000,5,burst,Dynamic,66
2026-06-01 03:31:27,0.060000,0.000000,-0.571429,1.187150,0.000590,71.210000,48.221000,6.639800,320.012200,5,burst,Dynamic,67
2026-06-01 03:31:28,0.000000,0.400000,0.000000,0.000000,0.000000,71.205000,48.380900,3.343900,161.779500,5,burst,Dynamic,68
2026-06-01 03:31:29,0.000000,0.500000,0.000000,0.000000,0.000000,71.200000,48.398000,3.131600,151.563400,5,burst,Dynamic,69
2026-06-01 03:31:30,0.000000,0.500000,0.000000,0.000000,0.000000,71.200000,48.395700,3.021600,146.232000,5,burst,Dynamic,70
2026-06-01 03:31:31,0.000000,0.500000,0.000000,0.000000,0.000000,71.199000,48.399200,2.994300,144.921400,5,burst,Dynamic,71
2026-06-01 03:31:32,0.000000,0.500000,0.000000,0.000000,0.000000,71.190000,48.400700,2.984400,144.446300,5,burst,Dynamic,72
2026-06-01 03:31:33,0.000000,0.500000,0.000000,0.000000,0.000000,71.190000,48.395800,2.993700,144.882500,5,burst,Dynamic,73
2026-06-01 03:31:34,0.000000,0.300000,0.000000,0.000000,0.000000,71.198000,48.403500,2.766500,133.906800,5,burst,Dynamic,74
2026-06-01 03:31:35,0.386700,0.000000,0.611429,8.547220,0.004260,71.184000,48.325600,4.673500,225.674600,5,burst,Dynamic,75
2026-06-01 03:31:36,0.480000,0.000000,-0.571429,9.497200,0.004720,71.176000,48.112400,8.946700,430.427100,5,burst,Dynamic,76
2026-06-01 03:31:37,0.000000,0.050000,0.000000,0.000000,0.000000,71.170000,48.287500,4.984800,240.616100,5,burst,Dynamic,77
2026-06-01 03:31:38,0.000000,0.500000,0.000000,0.000000,0.000000,71.234000,48.391700,3.200700,154.886400,5,burst,Dynamic,78
2026-06-01 03:31:39,0.000000,0.500000,0.000000,0.000000,0.000000,71.193000,48.393400,3.074900,148.803700,5,burst,Dynamic,79
2026-06-01 03:31:40,0.000000,0.500000,0.000000,0.000000,0.000000,71.232000,48.397800,3.007300,145.547900,5,burst,Dynamic,80
2026-06-01 03:31:41,0.000000,0.500000,0.000000,0.000000,0.000000,71.240000,48.385111,2.988111,144.580222,5,burst,Dynamic,81
2026-06-01 03:31:42,0.000000,0.500000,0.000000,0.000000,0.000000,71.227273,48.409727,3.007000,145.568091,5,burst,Dynamic,82
2026-06-01 03:31:43,0.000000,0.500000,0.000000,0.000000,0.000000,71.230000,48.414222,3.007556,145.608333,5,burst,Dynamic,83
2026-06-01 03:31:44,0.000180,0.200000,0.001714,0.003780,0.000000,71.230000,48.414100,2.553500,123.615700,5,burst,Dynamic,84
2026-06-01 03:31:45,0.533100,0.000000,0.609714,11.544940,0.005740,71.218000,48.228800,6.510900,313.899800,5,burst,Dynamic,85
2026-06-01 03:31:46,0.300000,0.000000,-0.571429,5.935750,0.002950,71.209000,48.159000,7.920000,381.294800,5,burst,Dynamic,86
2026-06-01 03:31:47,0.000000,0.245455,0.000000,0.000000,0.000000,71.210000,48.369364,3.686364,178.292636,5,burst,Dynamic,87
2026-06-01 03:31:48,0.000000,0.500000,0.000000,0.000000,0.000000,71.201111,48.401111,3.112556,150.649444,5,burst,Dynamic,88
2026-06-01 03:31:49,0.000000,0.500000,0.000000,0.000000,0.000000,71.204545,48.392909,3.031727,146.714182,5,burst,Dynamic,89
2026-06-01 03:31:50,0.000000,0.500000,0.000000,0.000000,0.000000,71.200000,48.396889,3.003556,145.362778,5,burst,Dynamic,90
2026-06-01 03:31:51,0.000000,0.500000,0.000000,0.000000,0.000000,71.200000,48.400700,3.041300,147.200600,5,burst,Dynamic,91
2026-06-01 03:31:52,0.000000,0.500000,0.000000,0.000000,0.000000,71.199091,48.389000,2.958364,143.152273,5,burst,Dynamic,92
2026-06-01 03:31:53,0.000000,0.500000,0.000000,0.000000,0.000000,71.190000,48.404333,2.982111,144.345778,5,burst,Dynamic,93
2026-06-01 03:31:54,0.175560,0.000000,0.611429,4.442770,0.002220,71.190000,48.382700,3.296300,159.393200,5,burst,Dynamic,94
2026-06-01 03:31:55,0.600000,0.000000,0.000000,11.871500,0.005900,71.176000,48.151900,8.304900,399.846300,5,burst,Dynamic,95
2026-06-01 03:31:56,0.060000,0.000000,-0.571429,1.187150,0.000590,71.177000,48.246500,5.842400,281.732700,5,burst,Dynamic,96
2026-06-01 03:31:57,0.000000,0.459091,0.000000,0.000000,0.000000,71.170000,48.373455,3.385636,163.774636,5,burst,Dynamic,97
2026-06-01 03:31:58,0.000000,0.500000,0.000000,0.000000,0.000000,71.170000,48.386556,3.160667,152.934222,5,burst,Dynamic,98
2026-06-01 03:31:59,0.000000,0.500000,0.000000,0.000000,0.000000,71.167273,48.392545,3.050727,147.632273,5,burst,Dynamic,99
2026-06-01 03:32:00,0.000000,0.500000,0.000000,0.000000,0.000000,71.160000,48.399778,3.025333,146.426778,5,burst,Dynamic,100
2026-06-01 03:32:01,0.000000,0.500000,0.000000,0.000000,0.000000,71.160000,48.395400,3.009100,145.626200,5,burst,Dynamic,101
2026-06-01 03:32:02,0.000000,0.500000,0.000000,0.000000,0.000000,71.160000,48.402909,3.022545,146.299364,5,burst,Dynamic,102
2026-06-01 03:32:03,0.016260,0.185000,0.188429,0.458190,0.000230,71.151000,48.413500,2.762400,133.723800,5,burst,Dynamic,103
2026-06-01 03:32:04,0.574740,0.000000,0.420000,12.138460,0.006050,71.150000,48.201100,7.100500,342.139200,5,burst,Dynamic,104
2026-06-01 03:32:05,0.240000,0.000000,-0.571429,4.748600,0.002360,71.140000,48.154800,7.560900,363.946600,5,burst,Dynamic,105
2026-06-01 03:32:06,0.000000,0.222222,0.000000,0.000000,0.000000,71.117778,48.376889,3.555667,171.999556,5,burst,Dynamic,106
2026-06-01 03:32:07,0.000000,0.500000,0.000000,0.000000,0.000000,71.130000,48.376909,3.123545,151.106545,5,burst,Dynamic,107
2026-06-01 03:32:08,0.000000,0.500000,0.000000,0.000000,0.000000,71.130000,48.395889,3.034889,146.875222,5,burst,Dynamic,108
2026-06-01 03:32:09,0.000000,0.500000,0.000000,0.000000,0.000000,71.114545,48.391727,3.014182,145.861818,5,burst,Dynamic,109
2026-06-01 03:32:10,0.000000,0.500000,0.000000,0.000000,0.000000,71.111111,48.391667,3.041222,147.170556,5,burst,Dynamic,110
2026-06-01 03:32:11,0.000000,0.500000,0.000000,0.000000,0.000000,71.112000,48.373900,3.004200,145.324300,5,burst,Dynamic,111
2026-06-01 03:32:12,0.000000,0.450000,0.000000,0.000000,0.000000,71.112727,48.407182,2.907909,140.763727,5,burst,Dynamic,112
2026-06-01 03:32:13,0.297480,0.000000,0.611429,6.817240,0.003390,71.114000,48.316700,4.253100,205.342600,5,burst,Dynamic,113
2026-06-01 03:32:14,0.594000,0.000000,-0.057143,11.752780,0.005840,71.107000,48.083900,8.883200,427.122400,5,burst,Dynamic,114
2026-06-01 03:32:15,0.000000,0.020000,-0.514286,0.000000,0.000000,71.100000,48.252800,5.524600,266.464500,5,burst,Dynamic,115
2026-06-01 03:32:16,0.000000,0.500000,0.000000,0.000000,0.000000,71.085556,48.372333,3.455667,167.158667,5,burst,Dynamic,116
2026-06-01 03:32:17,0.000000,0.500000,0.000000,0.000000,0.000000,71.066000,48.360900,3.185000,154.028800,5,burst,Dynamic,117
2026-06-01 03:32:18,0.000000,0.500000,0.000000,0.000000,0.000000,71.058000,48.394600,3.077400,148.929100,5,burst,Dynamic,118
2026-06-01 03:32:19,0.000000,0.500000,0.000000,0.000000,0.000000,71.061000,48.380700,3.014800,145.859000,5,burst,Dynamic,119
2026-06-01 03:32:20,0.000000,0.500000,0.000000,0.000000,0.000000,71.016000,48.385200,3.001800,145.243800,5,burst,Dynamic,120
2026-06-01 03:32:21,0.000000,0.500000,0.000000,0.000000,0.000000,71.032000,48.392900,3.023500,146.315300,5,burst,Dynamic,121
2026-06-01 03:32:22,0.000000,0.270000,0.000000,0.000000,0.000000,70.994000,48.411900,2.645600,128.072800,5,burst,Dynamic,122
2026-06-01 03:32:23,0.490920,0.000000,0.607429,10.708700,0.005340,70.990000,48.236900,6.010800,289.786300,5,burst,Dynamic,123
2026-06-01 03:32:24,0.372000,0.000000,-0.685714,7.360330,0.003660,70.982000,48.116700,8.720800,419.577700,5,burst,Dynamic,124
2026-06-01 03:32:25,0.000000,0.200000,0.000000,0.000000,0.000000,70.985000,48.307500,4.359400,210.557000,5,burst,Dynamic,125
2026-06-01 03:32:26,0.000000,0.500000,0.000000,0.000000,0.000000,71.003000,48.366800,3.291000,159.174300,5,burst,Dynamic,126
2026-06-01 03:32:27,0.000000,0.500000,0.000000,0.000000,0.000000,70.970000,48.363700,3.102000,150.023000,5,burst,Dynamic,127
2026-06-01 03:32:28,0.000000,0.500000,0.000000,0.000000,0.000000,70.984000,48.376000,3.025600,146.365400,5,burst,Dynamic,128
2026-06-01 03:32:29,0.000000,0.500000,0.000000,0.000000,0.000000,70.985000,48.371900,2.999200,145.076800,5,burst,Dynamic,129
2026-06-01 03:32:30,0.000000,0.500000,0.000000,0.000000,0.000000,70.968000,48.383500,3.004100,145.348300,5,burst,Dynamic,130
2026-06-01 03:32:31,0.000000,0.500000,0.000000,0.000000,0.000000,70.984000,48.379100,2.991400,144.721100,5,burst,Dynamic,131
2026-06-01 03:32:32,0.072900,0.050000,0.431429,2.021450,0.001010,70.953000,48.378700,2.764000,133.682700,5,burst,Dynamic,132
2026-06-01 03:32:33,0.599940,0.000000,0.174857,12.249040,0.006090,70.950000,48.151500,7.514300,361.743500,5,burst,Dynamic,133
2026-06-01 03:32:34,0.120000,0.000000,-0.571429,2.374300,0.001180,70.940000,48.164400,7.070600,340.380600,5,burst,Dynamic,134
2026-06-01 03:32:35,0.000000,0.400000,0.000000,0.000000,0.000000,70.946000,48.363600,3.543700,171.380200,5,burst,Dynamic,135
2026-06-01 03:32:36,0.000000,0.500000,0.000000,0.000000,0.000000,70.972000,48.356800,3.205900,155.025200,5,burst,Dynamic,136
2026-06-01 03:32:37,0.000000,0.500000,0.000000,0.000000,0.000000,70.938000,48.375000,3.095100,149.726400,5,burst,Dynamic,137
2026-06-01 03:32:38,0.000000,0.500000,0.000000,0.000000,0.000000,70.938000,48.378200,3.044900,147.306800,5,burst,Dynamic,138
2026-06-01 03:32:39,0.000000,0.500000,0.000000,0.000000,0.000000,70.973000,48.384100,2.974400,143.912400,5,burst,Dynamic,139
2026-06-01 03:32:40,0.000000,0.500000,0.000000,0.000000,0.000000,70.928000,48.384400,2.982700,144.316500,5,burst,Dynamic,140
2026-06-01 03:32:41,0.000000,0.350000,0.000000,0.000000,0.000000,70.936000,48.368700,2.862500,138.453500,5,burst,Dynamic,141
2026-06-01 03:32:42,0.367680,0.000000,0.575429,8.165330,0.004070,70.915000,48.268200,4.808400,231.907800,5,burst,Dynamic,142
2026-06-01 03:32:43,0.480000,0.000000,-0.571429,9.497200,0.004720,70.906000,48.070000,8.951900,430.290500,5,burst,Dynamic,143
2026-06-01 03:32:44,0.000000,0.090000,0.000000,0.000000,0.000000,70.900000,48.258800,5.056500,243.934400,5,burst,Dynamic,144
2026-06-01 03:32:45,0.000000,0.500000,0.000000,0.000000,0.000000,70.904000,48.342200,3.408800,164.787600,5,burst,Dynamic,145
2026-06-01 03:32:46,0.000000,0.500000,0.000000,0.000000,0.000000,70.923000,48.366900,3.127500,151.267500,5,burst,Dynamic,146
2026-06-01 03:32:47,0.000000,0.500000,0.000000,0.000000,0.000000,70.890000,48.362900,3.073600,148.648900,5,burst,Dynamic,147
2026-06-01 03:32:48,0.000000,0.500000,0.000000,0.000000,0.000000,70.896000,48.346500,3.024800,146.239000,5,burst,Dynamic,148
2026-06-01 03:32:49,0.000000,0.500000,0.000000,0.000000,0.000000,70.914000,48.390700,3.010500,145.679900,5,burst,Dynamic,149
2026-06-01 03:32:50,0.000000,0.500000,0.000000,0.000000,0.000000,70.888000,48.384300,3.000800,145.191200,5,burst,Dynamic,150
2026-06-01 03:32:51,0.001260,0.150000,0.015000,0.027850,0.000010,70.888000,48.391900,2.542200,123.022600,5,burst,Dynamic,151
2026-06-01 03:32:52,0.544800,0.000000,0.559428,11.640050,0.005800,70.872000,48.190200,6.511500,313.661100,5,burst,Dynamic,152
2026-06-01 03:32:53,0.300000,0.000000,-0.571429,5.935750,0.002950,70.872000,48.095900,8.427600,405.278900,5,burst,Dynamic,153
2026-06-01 03:32:54,0.000000,0.200000,0.000000,0.000000,0.000000,70.860000,48.329800,3.979200,192.278500,5,burst,Dynamic,154
2026-06-01 03:32:55,0.000000,0.500000,0.000000,0.000000,0.000000,70.854000,48.356200,3.167300,153.158500,5,burst,Dynamic,155
2026-06-01 03:32:56,0.000000,0.500000,0.000000,0.000000,0.000000,70.850000,48.375800,3.064000,148.223900,5,burst,Dynamic,156
2026-06-01 03:32:57,0.000000,0.500000,0.000000,0.000000,0.000000,70.858000,48.361000,3.008900,145.513600,5,burst,Dynamic,157
2026-06-01 03:32:58,0.000000,0.500000,0.000000,0.000000,0.000000,70.848000,48.346200,2.977500,143.950400,5,burst,Dynamic,158
2026-06-01 03:32:59,0.000000,0.500000,0.000000,0.000000,0.000000,70.840000,48.370500,2.994900,144.864100,5,burst,Dynamic,159
2026-06-01 03:33:00,0.000000,0.500000,0.000000,0.000000,0.000000,70.840000,48.373100,3.006800,145.447600,5,burst,Dynamic,160
2026-06-01 03:33:01,0.090900,0.050000,0.488571,2.505450,0.001250,70.848000,48.363400,2.869400,138.750700,5,burst,Dynamic,161
2026-06-01 03:33:02,0.600000,0.000000,0.103571,12.095830,0.006020,70.831000,48.134900,7.470600,359.529400,5,burst,Dynamic,162
2026-06-01 03:33:03,0.180000,0.000000,-0.571429,3.561450,0.001770,70.838000,48.122400,7.663600,368.650700,5,burst,Dynamic,163
2026-06-01 03:33:04,0.000000,0.350000,0.000000,0.000000,0.000000,70.820000,48.331800,3.709000,179.256700,5,burst,Dynamic,164
2026-06-01 03:33:05,0.000000,0.500000,0.000000,0.000000,0.000000,70.822000,48.355200,3.223900,155.892400,5,burst,Dynamic,165
2026-06-01 03:33:06,0.000000,0.500000,0.000000,0.000000,0.000000,70.810000,48.361400,3.061200,148.043600,5,burst,Dynamic,166
2026-06-01 03:33:07,0.000000,0.500000,0.000000,0.000000,0.000000,70.818000,48.374100,3.000900,145.165800,5,burst,Dynamic,167
2026-06-01 03:33:08,0.000000,0.500000,0.000000,0.000000,0.000000,70.807000,48.361900,3.022600,146.178500,5,burst,Dynamic,168
2026-06-01 03:33:09,0.000000,0.500000,0.000000,0.000000,0.000000,70.800000,48.360100,3.002800,145.215500,5,burst,Dynamic,169
2026-06-01 03:33:10,0.000000,0.400000,0.000000,0.000000,0.000000,70.800000,48.367100,2.934100,141.913400,5,burst,Dynamic,170
2026-06-01 03:33:11,0.268500,0.000000,0.611429,6.305560,0.003150,70.807000,48.330300,3.767300,181.941700,5,burst,Dynamic,171
2026-06-01 03:33:12,0.600000,0.000000,0.000000,11.871500,0.005900,70.790000,48.095900,8.652300,416.102000,5,burst,Dynamic,172
2026-06-01 03:33:13,0.000000,0.000000,-0.571429,0.000000,0.000000,70.804000,48.232300,5.885700,283.720400,5,burst,Dynamic,173
2026-06-01 03:33:14,0.000000,0.450000,0.000000,0.000000,0.000000,70.780000,48.354500,3.325800,160.817100,5,burst,Dynamic,174
2026-06-01 03:33:15,0.000000,0.500000,0.000000,0.000000,0.000000,70.780000,48.359100,3.139300,151.814000,5,burst,Dynamic,175
2026-06-01 03:33:16,0.000000,0.500000,0.000000,0.000000,0.000000,70.770000,48.369500,3.031200,146.617300,5,burst,Dynamic,176
2026-06-01 03:33:17,0.000000,0.500000,0.000000,0.000000,0.000000,70.786000,48.384400,3.014300,145.845200,5,burst,Dynamic,177
2026-06-01 03:33:18,0.000000,0.500000,0.000000,0.000000,0.000000,70.775000,48.371000,2.997100,144.972200,5,burst,Dynamic,178
2026-06-01 03:33:19,0.000000,0.500000,0.000000,0.000000,0.000000,70.760000,48.344200,2.991400,144.617100,5,burst,Dynamic,179
2026-06-01 03:33:20,0.000000,0.300000,0.000000,0.000000,0.000000,70.760000,48.369800,2.764600,133.717000,5,burst,Dynamic,180
2026-06-01 03:33:21,0.389700,0.000000,0.611429,8.654110,0.004310,70.767000,48.262100,4.740700,228.583200,5,burst,Dynamic,181
2026-06-01 03:33:22,0.420000,0.000000,-0.571429,8.310050,0.004130,70.773000,48.077400,8.595000,413.205200,5,burst,Dynamic,182
2026-06-01 03:33:23,0.000000,0.100000,0.000000,0.000000,0.000000,70.756000,48.271900,4.483500,216.364200,5,burst,Dynamic,183
2026-06-01 03:33:24,0.000000,0.500000,0.000000,0.000000,0.000000,70.748000,48.359000,3.174800,153.530200,5,burst,Dynamic,184
2026-06-01 03:33:25,0.000000,0.500000,0.000000,0.000000,0.000000,70.735000,48.357700,3.060600,148.003400,5,burst,Dynamic,185
2026-06-01 03:33:26,0.000000,0.500000,0.000000,0.000000,0.000000,70.730000,48.363800,3.026700,146.382900,5,burst,Dynamic,186
2026-06-01 03:33:27,0.000000,0.500000,0.000000,0.000000,0.000000,70.746000,48.366100,3.005100,145.345700,5,burst,Dynamic,187
2026-06-01 03:33:28,0.000000,0.500000,0.000000,0.000000,0.000000,70.729000,48.361400,3.014400,145.780700,5,burst,Dynamic,188
2026-06-01 03:33:29,0.000000,0.500000,0.000000,0.000000,0.000000,70.729000,48.347000,2.977500,143.953800,5,burst,Dynamic,189
2026-06-01 03:33:30,0.012300,0.150000,0.117143,0.301720,0.000150,70.720000,48.360100,2.537000,122.680700,5,burst,Dynamic,190
2026-06-01 03:33:31,0.559200,0.000000,0.494286,11.892270,0.005930,70.717000,48.192200,6.534500,314.788600,5,burst,Dynamic,191
2026-06-01 03:33:32,0.300000,0.000000,-0.571429,5.935750,0.002950,70.708000,48.073900,8.425700,404.973000,5,burst,Dynamic,192
2026-06-01 03:33:33,0.000000,0.250000,0.000000,0.000000,0.000000,70.700000,48.301300,4.083000,197.182200,5,burst,Dynamic,193
2026-06-01 03:33:34,0.000000,0.500000,0.000000,0.000000,0.000000,70.756000,48.345500,3.256600,157.442200,5,burst,Dynamic,194
2026-06-01 03:33:35,0.000000,0.500000,0.000000,0.000000,0.000000,70.756000,48.356300,3.097000,149.758300,5,burst,Dynamic,195
2026-06-01 03:33:36,0.000000,0.500000,0.000000,0.000000,0.000000,70.755000,48.366300,3.026500,146.380200,5,burst,Dynamic,196
2026-06-01 03:33:37,0.000000,0.500000,0.000000,0.000000,0.000000,70.770000,48.361333,3.012000,145.663667,5,burst,Dynamic,197
2026-06-01 03:33:38,0.000000,0.500000,0.000000,0.000000,0.000000,70.762727,48.361636,3.006455,145.397182,5,burst,Dynamic,198
2026-06-01 03:33:39,0.000000,0.500000,0.000000,0.000000,0.000000,70.766000,48.365200,2.981300,144.190700,5,burst,Dynamic,199
2026-06-01 03:33:40,0.229500,0.000000,0.611429,5.472530,0.002730,70.760000,48.307600,3.812000,184.052800,5,burst,Dynamic,200
2026-06-01 03:33:41,0.600000,0.000000,0.000000,11.871500,0.005900,70.755000,48.094400,8.705200,418.630200,5,burst,Dynamic,201
2026-06-01 03:33:42,0.060000,0.000000,-0.571429,1.187150,0.000590,70.748000,48.192700,6.053600,291.603700,5,burst,Dynamic,202
2026-06-01 03:33:43,0.000000,0.455556,0.000000,0.000000,0.000000,70.740000,48.333111,3.500222,169.177667,5,burst,Dynamic,203
2026-06-01 03:33:44,0.000000,0.500000,0.000000,0.000000,0.000000,70.740000,48.363182,3.182182,153.900091,5,burst,Dynamic,204
2026-06-01 03:33:45,0.000000,0.500000,0.000000,0.000000,0.000000,70.740000,48.362222,3.042444,147.138222,5,burst,Dynamic,205
2026-06-01 03:33:46,0.000000,0.500000,0.000000,0.000000,0.000000,70.722727,48.368182,3.006909,145.438455,5,burst,Dynamic,206
2026-06-01 03:33:47,0.000000,0.500000,0.000000,0.000000,0.000000,70.730000,48.350778,2.970222,143.612444,5,burst,Dynamic,207
2026-06-01 03:33:48,0.000000,0.500000,0.000000,0.000000,0.000000,70.730000,48.336500,2.994200,144.728500,5,burst,Dynamic,208
2026-06-01 03:33:49,0.000000,0.300000,0.000000,0.000000,0.000000,70.716000,48.355800,2.664200,128.822400,5,burst,Dynamic,209
2026-06-01 03:33:50,0.430636,0.000000,0.555844,9.415136,0.004682,70.720000,48.230909,5.550182,267.495545,5,burst,Dynamic,210
2026-06-01 03:33:51,0.466667,0.000000,-0.634921,9.233389,0.004589,70.712222,48.070889,8.953444,430.371222,5,burst,Dynamic,211
2026-06-01 03:33:52,0.000000,0.140909,0.000000,0.000000,0.000000,70.706364,48.274273,4.542182,219.206818,5,burst,Dynamic,212
2026-06-01 03:33:53,0.000000,0.500000,0.000000,0.000000,0.000000,70.700000,48.320889,3.349444,161.846333,5,burst,Dynamic,213
2026-06-01 03:33:54,0.000000,0.500000,0.000000,0.000000,0.000000,70.700000,48.366636,3.101818,150.024273,5,burst,Dynamic,214
2026-06-01 03:33:55,0.000000,0.500000,0.000000,0.000000,0.000000,70.698889,48.353556,3.052889,147.617444,5,burst,Dynamic,215
2026-06-01 03:33:56,0.000000,0.500000,0.000000,0.000000,0.000000,70.690000,48.351091,2.978545,144.015000,5,burst,Dynamic,216
2026-06-01 03:33:57,0.000000,0.500000,0.000000,0.000000,0.000000,70.690000,48.342222,3.026111,146.289111,5,burst,Dynamic,217
2026-06-01 03:33:58,0.000000,0.500000,0.000000,0.000000,0.000000,70.690000,48.358182,3.009909,145.554000,5,burst,Dynamic,218
2026-06-01 03:33:59,0.021067,0.111111,0.200000,0.602644,0.000300,70.673333,48.362111,2.576111,124.569889,5,burst,Dynamic,219
2026-06-01 03:34:00,0.572400,0.000000,0.431429,12.142910,0.006050,70.680000,48.158600,7.045100,339.180700,5,burst,Dynamic,220
2026-06-01 03:34:01,0.240000,0.000000,-0.571429,4.748600,0.002360,70.671000,48.114500,7.475000,359.519300,5,burst,Dynamic,221
2026-06-01 03:34:02,0.000000,0.318182,0.000000,0.000000,0.000000,70.667273,48.312727,3.618636,174.819182,5,burst,Dynamic,222
2026-06-01 03:34:03,0.000000,0.500000,0.000000,0.000000,0.000000,70.660000,48.334556,3.217667,155.524111,5,burst,Dynamic,223
2026-06-01 03:34:04,0.000000,0.500000,0.000000,0.000000,0.000000,70.660000,48.340818,3.062273,148.033636,5,burst,Dynamic,224
2026-06-01 03:34:05,0.000000,0.500000,0.000000,0.000000,0.000000,70.660000,48.347778,3.046000,147.267222,5,burst,Dynamic,225
2026-06-01 03:34:06,0.000000,0.500000,0.000000,0.000000,0.000000,70.650909,48.344455,2.991091,144.602636,5,burst,Dynamic,226
2026-06-01 03:34:07,0.000000,0.500000,0.000000,0.000000,0.000000,70.641111,48.344778,2.990333,144.567889,5,burst,Dynamic,227
2026-06-01 03:34:08,0.000000,0.354545,0.000000,0.000000,0.000000,70.650000,48.348091,2.824364,136.548364,5,burst,Dynamic,228
2026-06-01 03:34:09,0.353940,0.000000,0.574429,7.871430,0.003920,70.645000,48.266200,4.690900,226.240800,5,burst,Dynamic,229
2026-06-01 03:34:10,0.516000,0.000000,-0.657143,10.209490,0.005080,70.637000,48.062000,8.911100,428.262400,5,burst,Dynamic,230
2026-06-01 03:34:11,0.000000,0.050000,0.000000,0.000000,0.000000,70.630000,48.238500,5.053600,243.699800,5,burst,Dynamic,231
2026-06-01 03:34:12,0.000000,0.500000,0.000000,0.000000,0.000000,70.626667,48.320000,3.394889,164.039222,5,burst,Dynamic,232
2026-06-01 03:34:13,0.000000,0.500000,0.000000,0.000000,0.000000,70.620000,48.344000,3.142500,151.920400,5,burst,Dynamic,233
2026-06-01 03:34:14,0.000000,0.500000,0.000000,0.000000,0.000000,70.620000,48.368000,3.020909,146.115455,5,burst,Dynamic,234
2026-06-01 03:34:15,0.000000,0.500000,0.000000,0.000000,0.000000,70.620000,48.348222,3.007000,145.383556,5,burst,Dynamic,235
2026-06-01 03:34:16,0.000000,0.500000,0.000000,0.000000,0.000000,70.595455,48.357273,3.010636,145.585636,5,burst,Dynamic,236
2026-06-01 03:34:17,0.000000,0.500000,0.000000,0.000000,0.000000,70.601111,48.329333,2.996333,144.811778,5,burst,Dynamic,237
2026-06-01 03:34:18,0.018960,0.180000,0.207714,0.542290,0.000270,70.602000,48.340000,2.766100,133.703700,5,burst,Dynamic,238
2026-06-01 03:34:19,0.577800,0.000000,0.402857,12.187870,0.006070,70.563000,48.135800,7.126900,342.977700,5,burst,Dynamic,239
2026-06-01 03:34:20,0.210000,0.000000,-0.571429,4.155020,0.002070,70.569000,48.116400,7.528600,362.121200,5,burst,Dynamic,240
2026-06-01 03:34:21,0.000000,0.300000,0.000000,0.000000,0.000000,70.582000,48.314400,3.552900,171.641300,5,burst,Dynamic,241
2026-06-01 03:34:22,0.000000,0.500000,0.000000,0.000000,0.000000,70.527000,48.331600,3.146700,152.085300,5,burst,Dynamic,242
2026-06-01 03:34:23,0.000000,0.500000,0.000000,0.000000,0.000000,70.548000,48.333200,2.978100,143.941400,5,burst,Dynamic,243
2026-06-01 03:34:24,0.000000,0.500000,0.000000,0.000000,0.000000,70.500000,48.340100,3.026300,146.291900,5,burst,Dynamic,244
2026-06-01 03:34:25,0.000000,0.500000,0.000000,0.000000,0.000000,70.496000,48.330000,3.006900,145.322500,5,burst,Dynamic,245
2026-06-01 03:34:26,0.000000,0.500000,0.000000,0.000000,0.000000,70.498000,48.330100,3.025600,146.227300,5,burst,Dynamic,246
2026-06-01 03:34:27,0.000000,0.450000,0.000000,0.000000,0.000000,70.498000,48.341800,2.963100,143.240700,5,burst,Dynamic,247
2026-06-01 03:34:28,0.193500,0.000000,0.611429,4.766050,0.002380,70.489000,48.317000,3.296100,159.169000,5,burst,Dynamic,248
2026-06-01 03:34:29,0.600000,0.000000,0.000000,11.871500,0.005900,70.480000,48.068500,8.299400,398.885500,5,burst,Dynamic,249
2026-06-01 03:34:30,0.060000,0.000000,-0.571429,1.187150,0.000590,70.470000,48.152800,6.592000,317.256400,5,burst,Dynamic,250
2026-06-01 03:34:31,0.000000,0.445000,0.000000,0.000000,0.000000,70.470000,48.293900,3.464500,167.312300,5,burst,Dynamic,251
2026-06-01 03:34:32,0.000000,0.500000,0.000000,0.000000,0.000000,70.461000,48.325000,3.185600,153.943900,5,burst,Dynamic,252
2026-06-01 03:34:33,0.000000,0.500000,0.000000,0.000000,0.000000,70.468000,48.322100,3.030500,146.439900,5,burst,Dynamic,253
2026-06-01 03:34:34,0.000000,0.500000,0.000000,0.000000,0.000000,70.460000,48.323600,3.026500,146.251400,5,burst,Dynamic,254
2026-06-01 03:34:35,0.000000,0.500000,0.000000,0.000000,0.000000,70.455000,48.328100,3.006700,145.307800,5,burst,Dynamic,255
2026-06-01 03:34:36,0.000000,0.500000,0.000000,0.000000,0.000000,70.450000,48.313100,3.041600,146.949000,5,burst,Dynamic,256
2026-06-01 03:34:37,0.000000,0.300000,0.000000,0.000000,0.000000,70.458000,48.357300,2.758100,133.372800,5,burst,Dynamic,257
2026-06-01 03:34:38,0.435900,0.000000,0.611429,9.578490,0.004770,70.446000,48.222200,5.354600,258.048800,5,burst,Dynamic,258
2026-06-01 03:34:39,0.360000,0.000000,-0.571429,7.122900,0.003540,70.437000,48.058600,8.542500,410.494300,5,burst,Dynamic,259
2026-06-01 03:34:40,0.000000,0.150000,0.000000,0.000000,0.000000,70.430000,48.258700,4.239100,204.539500,5,burst,Dynamic,260
2026-06-01 03:34:41,0.000000,0.500000,0.000000,0.000000,0.000000,70.430000,48.328300,3.196800,154.495000,5,burst,Dynamic,261
2026-06-01 03:34:42,0.000000,0.500000,0.000000,0.000000,0.000000,70.423000,48.331000,3.071400,148.443100,5,burst,Dynamic,262
2026-06-01 03:34:43,0.000000,0.500000,0.000000,0.000000,0.000000,70.428000,48.323500,3.020200,145.946700,5,burst,Dynamic,263
2026-06-01 03:34:44,0.000000,0.500000,0.000000,0.000000,0.000000,70.420000,48.339500,3.018500,145.912800,5,burst,Dynamic,264
2026-06-01 03:34:45,0.000000,0.500000,0.000000,0.000000,0.000000,70.417000,48.324100,2.984800,144.237500,5,burst,Dynamic,265
2026-06-01 03:34:46,0.000000,0.500000,0.000000,0.000000,0.000000,70.410000,48.318800,3.015700,145.714700,5,burst,Dynamic,266
2026-06-01 03:34:47,0.140100,0.050000,0.600714,3.669960,0.001840,70.410000,48.322100,3.156700,152.473100,5,burst,Dynamic,267
2026-06-01 03:34:48,0.600000,0.000000,0.000000,11.871500,0.005900,70.404000,48.069600,8.005200,384.759900,5,burst,Dynamic,268
2026-06-01 03:34:49,0.060000,0.000000,-0.571429,1.187150,0.000590,70.395000,48.131300,6.535600,314.425700,5,burst,Dynamic,269
2026-06-01 03:34:50,0.000000,0.400000,0.000000,0.000000,0.000000,70.390000,48.303100,3.291300,158.977700,5,burst,Dynamic,270
2026-06-01 03:34:51,0.000000,0.500000,0.000000,0.000000,0.000000,70.390000,48.300700,3.099800,149.721300,5,burst,Dynamic,271
2026-06-01 03:34:52,0.000000,0.500000,0.000000,0.000000,0.000000,70.385000,48.322000,3.041500,146.971000,5,burst,Dynamic,272
2026-06-01 03:34:53,0.000000,0.500000,0.000000,0.000000,0.000000,70.380000,48.324200,2.998900,144.918000,5,burst,Dynamic,273
2026-06-01 03:34:54,0.000000,0.500000,0.000000,0.000000,0.000000,70.380000,48.318400,3.007800,145.332400,5,burst,Dynamic,274
2026-06-01 03:34:55,0.000000,0.500000,0.000000,0.000000,0.000000,70.379000,48.319500,3.011200,145.499000,5,burst,Dynamic,275
2026-06-01 03:34:56,0.000000,0.350000,0.000000,0.000000,0.000000,70.370000,48.322900,2.849100,137.677800,5,burst,Dynamic,276
2026-06-01 03:34:57,0.380100,0.000000,0.585000,8.391320,0.004190,70.370000,48.220800,4.816900,232.076700,5,burst,Dynamic,277
2026-06-01 03:34:58,0.420000,0.000000,-0.571429,8.310050,0.004130,70.362000,48.036000,8.621000,414.082500,5,burst,Dynamic,278
2026-06-01 03:34:59,0.000000,0.100000,0.000000,0.000000,0.000000,70.355000,48.262400,4.546600,219.381000,5,burst,Dynamic,279
2026-06-01 03:35:00,0.000000,0.500000,0.000000,0.000000,0.000000,70.350000,48.309100,3.199600,154.569200,5,burst,Dynamic,280
2026-06-01 03:35:01,0.000000,0.500000,0.000000,0.000000,0.000000,70.350000,48.313500,3.087500,149.166500,5,burst,Dynamic,281
2026-06-01 03:35:02,0.000000,0.500000,0.000000,0.000000,0.000000,70.347000,48.315900,3.008200,145.344000,5,burst,Dynamic,282
2026-06-01 03:35:03,0.000000,0.500000,0.000000,0.000000,0.000000,70.340000,48.330700,3.022300,146.069500,5,burst,Dynamic,283
2026-06-01 03:35:04,0.000000,0.500000,0.000000,0.000000,0.000000,70.340000,48.326500,3.001500,145.052300,5,burst,Dynamic,284
2026-06-01 03:35:05,0.000000,0.500000,0.000000,0.000000,0.000000,70.340000,48.319800,3.023100,146.075600,5,burst,Dynamic,285
2026-06-01 03:35:06,0.077100,0.100000,0.471429,2.177440,0.001090,70.331000,48.335100,2.922900,141.256300,5,burst,Dynamic,286
2026-06-01 03:35:07,0.600000,0.000000,0.140000,12.174740,0.006060,70.329000,48.089400,7.579600,364.415800,5,burst,Dynamic,287
2026-06-01 03:35:08,0.120000,0.000000,-0.571429,2.374300,0.001180,70.320000,48.112700,7.034700,338.330800,5,burst,Dynamic,288
2026-06-01 03:35:09,0.000000,0.350000,0.000000,0.000000,0.000000,70.315000,48.299200,3.420700,165.206700,5,burst,Dynamic,289
2026-06-01 03:35:10,0.000000,0.500000,0.000000,0.000000,0.000000,70.310000,48.318800,3.072800,148.473700,5,burst,Dynamic,290
2026-06-01 03:35:11,0.000000,0.500000,0.000000,0.000000,0.000000,70.310000,48.312600,3.007900,145.318600,5,burst,Dynamic,291
2026-06-01 03:35:12,0.000000,0.500000,0.000000,0.000000,0.000000,70.309000,48.316100,3.037800,146.774300,5,burst,Dynamic,292
2026-06-01 03:35:13,0.000000,0.500000,0.000000,0.000000,0.000000,70.300000,48.324600,3.024700,146.168300,5,burst,Dynamic,293
2026-06-01 03:35:14,0.000000,0.500000,0.000000,0.000000,0.000000,70.300000,48.319000,3.021600,146.001000,5,burst,Dynamic,294
2026-06-01 03:35:15,0.000000,0.350000,0.000000,0.000000,0.000000,70.300000,48.320800,2.841300,137.287600,5,burst,Dynamic,295
2026-06-01 03:35:16,0.326700,0.000000,0.611429,7.422140,0.003710,70.295000,48.247000,4.145800,199.858300,5,burst,Dynamic,296
2026-06-01 03:35:17,0.540000,0.000000,-0.571429,10.684350,0.005310,70.287000,48.030800,8.853200,425.189200,5,burst,Dynamic,297
2026-06-01 03:35:18,0.000000,0.050000,0.000000,0.000000,0.000000,70.304000,48.214100,5.327600,256.777000,5,burst,Dynamic,298
2026-06-01 03:35:19,0.000000,0.500000,0.000000,0.000000,0.000000,70.275000,48.301000,3.431300,165.734100,5,burst,Dynamic,299
2026-06-01 03:35:20,0.000000,0.500000,0.000000,0.000000,0.000000,70.310000,48.312300,3.143800,151.883400,5,burst,Dynamic,300
2026-06-01 03:35:21,0.000000,0.500000,0.000000,0.000000,0.000000,70.350000,48.314500,3.085700,149.084400,5,burst,Dynamic,301
2026-06-01 03:35:22,0.000000,0.500000,0.000000,0.000000,0.000000,70.332222,48.305111,3.055444,147.592778,5,burst,Dynamic,302
2026-06-01 03:35:23,0.000000,0.500000,0.000000,0.000000,0.000000,70.310000,48.325300,2.986600,144.327400,5,burst,Dynamic,303
2026-06-01 03:35:24,0.000000,0.500000,0.000000,0.000000,0.000000,70.276000,48.306300,2.981100,144.006500,5,burst,Dynamic,304
2026-06-01 03:35:25,0.002160,0.215000,0.020571,0.047190,0.000020,70.324000,48.348300,2.696700,130.372000,5,burst,Dynamic,305
2026-06-01 03:35:26,0.546840,0.000000,0.587857,11.742790,0.005850,70.335000,48.142000,6.589200,317.121600,5,burst,Dynamic,306
2026-06-01 03:35:27,0.240000,0.000000,-0.571429,4.748600,0.002360,70.309000,48.086800,7.943100,381.823700,5,burst,Dynamic,307
2026-06-01 03:35:28,0.000000,0.290000,0.000000,0.000000,0.000000,70.288000,48.262500,3.855300,186.049500,5,burst,Dynamic,308
2026-06-01 03:35:29,0.000000,0.500000,0.000000,0.000000,0.000000,70.262000,48.295900,3.221500,155.582700,5,burst,Dynamic,309
2026-06-01 03:35:30,0.000000,0.500000,0.000000,0.000000,0.000000,70.280000,48.315200,3.060300,147.858400,5,burst,Dynamic,310
2026-06-01 03:35:31,0.000000,0.500000,0.000000,0.000000,0.000000,70.262000,48.297300,3.039100,146.779700,5,burst,Dynamic,311
2026-06-01 03:35:32,0.000000,0.500000,0.000000,0.000000,0.000000,70.237000,48.306400,3.015300,145.657700,5,burst,Dynamic,312
2026-06-01 03:35:33,0.000000,0.500000,0.000000,0.000000,0.000000,70.289000,48.300300,3.026500,146.180600,5,burst,Dynamic,313
2026-06-01 03:35:34,0.000000,0.450000,0.000000,0.000000,0.000000,70.220000,48.302200,2.970700,143.490900,5,burst,Dynamic,314
2026-06-01 03:35:35,0.187680,0.000000,0.575429,4.602590,0.002300,70.220000,48.306800,3.297900,159.232900,5,burst,Dynamic,315
2026-06-01 03:35:36,0.600000,0.000000,0.000000,11.871500,0.005900,70.244000,48.051300,8.287000,398.123400,5,burst,Dynamic,316
2026-06-01 03:35:37,0.060000,0.000000,-0.571429,1.187150,0.000590,70.201000,48.149200,6.626800,318.909000,5,burst,Dynamic,317
2026-06-01 03:35:38,0.000000,0.440000,0.000000,0.000000,0.000000,70.240000,48.280500,3.509100,169.420400,5,burst,Dynamic,318
2026-06-01 03:35:39,0.000000,0.500000,0.000000,0.000000,0.000000,70.212000,48.295300,3.214000,155.220600,5,burst,Dynamic,319
2026-06-01 03:35:40,0.000000,0.500000,0.000000,0.000000,0.000000,70.247000,48.325600,3.062000,147.973000,5,burst,Dynamic,320
2026-06-01 03:35:41,0.000000,0.500000,0.000000,0.000000,0.000000,70.222000,48.320300,2.992500,144.598100,5,burst,Dynamic,321
2026-06-01 03:35:42,0.000000,0.500000,0.000000,0.000000,0.000000,70.196000,48.309900,2.982100,144.065100,5,burst,Dynamic,322
2026-06-01 03:35:43,0.000000,0.500000,0.000000,0.000000,0.000000,70.238000,48.304800,2.999400,144.886100,5,burst,Dynamic,323
2026-06-01 03:35:44,0.000000,0.250000,0.000000,0.000000,0.000000,70.188000,48.322200,2.668300,128.932100,5,burst,Dynamic,324
2026-06-01 03:35:45,0.486300,0.000000,0.611429,10.569440,0.005260,70.177000,48.165400,5.974800,287.650000,5,burst,Dynamic,325
2026-06-01 03:35:46,0.360000,0.000000,-0.571429,7.122900,0.003540,70.167000,48.009000,8.746900,419.876100,5,burst,Dynamic,326
2026-06-01 03:35:47,0.000000,0.200000,0.000000,0.000000,0.000000,70.160000,48.239700,4.343000,209.474700,5,burst,Dynamic,327
2026-06-01 03:35:48,0.000000,0.500000,0.000000,0.000000,0.000000,70.192000,48.296300,3.306100,159.672800,5,burst,Dynamic,328
2026-06-01 03:35:49,0.000000,0.500000,0.000000,0.000000,0.000000,70.178000,48.301700,3.103600,149.909400,5,burst,Dynamic,329
2026-06-01 03:35:50,0.000000,0.500000,0.000000,0.000000,0.000000,70.206000,48.302800,3.027200,146.221800,5,burst,Dynamic,330
2026-06-01 03:35:51,0.000000,0.500000,0.000000,0.000000,0.000000,70.166000,48.307900,3.028100,146.281300,5,burst,Dynamic,331
2026-06-01 03:35:52,0.000000,0.500000,0.000000,0.000000,0.000000,70.154000,48.318800,2.994700,144.700000,5,burst,Dynamic,332
2026-06-01 03:35:53,0.000000,0.500000,0.000000,0.000000,0.000000,70.205000,48.314700,2.989500,144.436400,5,burst,Dynamic,333
2026-06-01 03:35:54,0.128640,0.055000,0.610857,3.501560,0.001750,70.140000,48.283800,3.156600,152.349200,5,burst,Dynamic,334
2026-06-01 03:35:55,0.600000,0.000000,0.000571,11.872730,0.005900,70.134000,48.045100,8.015000,385.019300,5,burst,Dynamic,335
2026-06-01 03:35:56,0.132000,0.000000,-0.571429,2.611730,0.001300,70.124000,48.094700,7.208300,346.476200,5,burst,Dynamic,336
2026-06-01 03:35:57,0.000000,0.330000,0.000000,0.000000,0.000000,70.120000,48.287400,3.489500,168.494900,5,burst,Dynamic,337
2026-06-01 03:35:58,0.000000,0.500000,0.000000,0.000000,0.000000,70.160000,48.285500,3.135900,151.419000,5,burst,Dynamic,338
2026-06-01 03:35:59,0.000000,0.500000,0.000000,0.000000,0.000000,70.126000,48.307600,3.048400,147.260800,5,burst,Dynamic,339
2026-06-01 03:36:00,0.000000,0.500000,0.000000,0.000000,0.000000,70.150000,48.295200,3.043300,146.976400,5,burst,Dynamic,340
2026-06-01 03:36:01,0.000000,0.500000,0.000000,0.000000,0.000000,70.110000,48.311900,2.998900,144.882400,5,burst,Dynamic,341
2026-06-01 03:36:02,0.000000,0.500000,0.000000,0.000000,0.000000,70.104000,48.302500,3.045900,147.124600,5,burst,Dynamic,342
2026-06-01 03:36:03,0.000000,0.350000,0.000000,0.000000,0.000000,70.116000,48.302500,2.861700,138.227600,5,burst,Dynamic,343
2026-06-01 03:36:04,0.380100,0.000000,0.600714,8.408700,0.004190,70.108000,48.213200,4.781900,230.373200,5,burst,Dynamic,344
2026-06-01 03:36:05,0.480000,0.000000,-0.571429,9.497200,0.004720,70.099000,48.011300,8.964700,430.374300,5,burst,Dynamic,345
2026-06-01 03:36:06,0.000000,0.050000,0.000000,0.000000,0.000000,70.081000,48.186100,4.992000,240.451900,5,burst,Dynamic,346
2026-06-01 03:36:07,0.000000,0.500000,0.000000,0.000000,0.000000,70.080000,48.280500,3.255300,157.166800,5,burst,Dynamic,347
2026-06-01 03:36:08,0.000000,0.500000,0.000000,0.000000,0.000000,70.079000,48.293900,3.091400,149.296300,5,burst,Dynamic,348
2026-06-01 03:36:09,0.000000,0.500000,0.000000,0.000000,0.000000,70.070000,48.294500,3.031300,146.394900,5,burst,Dynamic,349
2026-06-01 03:36:10,0.000000,0.500000,0.000000,0.000000,0.000000,70.070000,48.294900,3.034400,146.546300,5,burst,Dynamic,350
2026-06-01 03:36:11,0.000000,0.500000,0.000000,0.000000,0.000000,70.070000,48.290000,3.032000,146.415100,5,burst,Dynamic,351
2026-06-01 03:36:12,0.000000,0.500000,0.000000,0.000000,0.000000,70.063000,48.289700,3.026800,146.162900,5,burst,Dynamic,352
2026-06-01 03:36:13,0.006300,0.200000,0.060000,0.144140,0.000070,70.060000,48.311400,2.647400,127.895500,5,burst,Dynamic,353
2026-06-01 03:36:14,0.551400,0.000000,0.551429,11.805390,0.005880,70.058000,48.112100,6.593300,317.088200,5,burst,Dynamic,354
2026-06-01 03:36:15,0.240000,0.000000,-0.714286,4.748600,0.002360,70.050000,48.050700,7.957600,382.265400,5,burst,Dynamic,355
2026-06-01 03:36:16,0.000000,0.250000,0.000000,0.000000,0.000000,70.040000,48.269200,3.674000,177.321300,5,burst,Dynamic,356
2026-06-01 03:36:17,0.000000,0.500000,0.000000,0.000000,0.000000,70.040000,48.278900,3.148100,151.986600,5,burst,Dynamic,357
2026-06-01 03:36:18,0.000000,0.500000,0.000000,0.000000,0.000000,70.040000,48.276900,3.037600,146.646400,5,burst,Dynamic,358
2026-06-01 03:36:19,0.000000,0.500000,0.000000,0.000000,0.000000,70.031000,48.295500,3.036800,146.663700,5,burst,Dynamic,359
2026-06-01 03:36:20,0.000000,0.500000,0.000000,0.000000,0.000000,70.038000,48.291400,3.034200,146.525200,5,burst,Dynamic,360
2026-06-01 03:36:21,0.000000,0.500000,0.000000,0.000000,0.000000,70.030000,48.291600,2.991800,144.479300,5,burst,Dynamic,361
2026-06-01 03:36:22,0.000000,0.450000,0.000000,0.000000,0.000000,70.043000,48.292300,2.931300,141.557500,5,burst,Dynamic,362
2026-06-01 03:36:23,0.214500,0.000000,0.589286,5.193380,0.002600,70.063000,48.280300,3.498700,168.814200,5,burst,Dynamic,363
2026-06-01 03:36:24,0.600000,0.000000,0.000000,11.871500,0.005900,70.057000,48.021400,8.476500,406.974700,5,burst,Dynamic,364
2026-06-01 03:36:25,0.060000,0.000000,-0.571429,1.187150,0.000590,70.025000,48.104600,6.507500,312.898100,5,burst,Dynamic,365
2026-06-01 03:36:26,0.000000,0.400000,0.000000,0.000000,0.000000,70.026000,48.277000,3.323000,160.424200,5,burst,Dynamic,366
2026-06-01 03:36:27,0.000000,0.500000,0.000000,0.000000,0.000000,70.016000,48.301300,3.106200,150.034400,5,burst,Dynamic,367
2026-06-01 03:36:28,0.000000,0.500000,0.000000,0.000000,0.000000,70.024000,48.296000,3.034600,146.558300,5,burst,Dynamic,368
2026-06-01 03:36:29,0.000000,0.500000,0.000000,0.000000,0.000000,70.026000,48.309600,3.011500,145.483600,5,burst,Dynamic,369
2026-06-01 03:36:30,0.000000,0.500000,0.000000,0.000000,0.000000,69.990000,48.299400,3.007800,145.273800,5,burst,Dynamic,370
2026-06-01 03:36:31,0.000000,0.500000,0.000000,0.000000,0.000000,70.014000,48.301700,2.976700,143.779500,5,burst,Dynamic,371
2026-06-01 03:36:32,0.000000,0.300000,0.000000,0.000000,0.000000,69.985000,48.295100,2.773000,133.917400,5,burst,Dynamic,372
2026-06-01 03:36:33,0.450900,0.000000,0.592143,9.867100,0.004920,69.980000,48.167400,5.367700,258.358200,5,burst,Dynamic,373
2026-06-01 03:36:34,0.420000,0.000000,-0.714286,8.310050,0.004130,69.973000,48.001200,8.889300,426.667600,5,burst,Dynamic,374
2026-06-01 03:36:35,0.000000,0.150000,0.000000,0.000000,0.000000,69.976000,48.209300,4.659600,224.577100,5,burst,Dynamic,375
2026-06-01 03:36:36,0.000000,0.500000,0.000000,0.000000,0.000000,69.968000,48.282600,3.350400,161.766500,5,burst,Dynamic,376
2026-06-01 03:36:37,0.000000,0.500000,0.000000,0.000000,0.000000,69.976000,48.279700,3.115000,150.391300,5,burst,Dynamic,377
2026-06-01 03:36:38,0.000000,0.500000,0.000000,0.000000,0.000000,69.983000,48.272700,3.052500,147.352200,5,burst,Dynamic,378
2026-06-01 03:36:39,0.000000,0.500000,0.000000,0.000000,0.000000,70.003000,48.300900,2.986000,144.227200,5,burst,Dynamic,379
2026-06-01 03:36:40,0.000000,0.500000,0.000000,0.000000,0.000000,69.958000,48.288800,2.992900,144.523600,5,burst,Dynamic,380
2026-06-01 03:36:41,0.000000,0.500000,0.000000,0.000000,0.000000,69.998000,48.278500,3.000500,144.859800,5,burst,Dynamic,381
2026-06-01 03:36:42,0.092700,0.050000,0.517857,2.536550,0.001270,69.944000,48.303400,2.768300,133.690600,5,burst,Dynamic,382
2026-06-01 03:36:43,0.600000,0.000000,0.077143,12.038590,0.005990,69.940000,48.056700,7.484900,359.618000,5,burst,Dynamic,383
2026-06-01 03:36:44,0.120000,0.000000,-0.571429,2.374300,0.001180,69.930000,48.083000,7.047200,338.683900,5,burst,Dynamic,384
2026-06-01 03:36:45,0.000000,0.350000,0.000000,0.000000,0.000000,69.937000,48.258400,3.410000,164.556200,5,burst,Dynamic,385
2026-06-01 03:36:46,0.000000,0.500000,0.000000,0.000000,0.000000,69.938000,48.271700,3.104000,149.835500,5,burst,Dynamic,386
2026-06-01 03:36:47,0.000000,0.500000,0.000000,0.000000,0.000000,69.936000,48.283500,3.070300,148.244200,5,burst,Dynamic,387
2026-06-01 03:36:48,0.000000,0.500000,0.000000,0.000000,0.000000,69.952000,48.287300,3.004100,145.060600,5,burst,Dynamic,388
2026-06-01 03:36:49,0.000000,0.500000,0.000000,0.000000,0.000000,69.966000,48.278700,2.979100,143.826200,5,burst,Dynamic,389
2026-06-01 03:36:50,0.000000,0.500000,0.000000,0.000000,0.000000,69.910000,48.275100,2.991500,144.414900,5,burst,Dynamic,390
2026-06-01 03:36:51,0.000000,0.400000,0.000000,0.000000,0.000000,69.974000,48.300900,2.853200,137.813200,5,burst,Dynamic,391
2026-06-01 03:36:52,0.330900,0.000000,0.593571,7.482070,0.003730,69.947000,48.207900,4.538800,218.618800,5,burst,Dynamic,392
2026-06-01 03:36:53,0.480000,0.000000,-0.571429,9.497200,0.004720,69.964000,47.997300,8.605800,413.026400,5,burst,Dynamic,393
2026-06-01 03:36:54,0.000000,0.050000,0.000000,0.000000,0.000000,69.970000,48.213200,4.502700,217.024800,5,burst,Dynamic,394
2026-06-01 03:36:55,0.000000,0.500000,0.000000,0.000000,0.000000,69.922000,48.264700,3.211400,154.996400,5,burst,Dynamic,395
2026-06-01 03:36:56,0.000000,0.500000,0.000000,0.000000,0.000000,69.968000,48.291700,3.077900,148.636900,5,burst,Dynamic,396
2026-06-01 03:36:57,0.000000,0.500000,0.000000,0.000000,0.000000,69.960000,48.257000,3.001556,144.846222,5,burst,Dynamic,397
2026-06-01 03:36:58,0.000000,0.500000,0.000000,0.000000,0.000000,69.960000,48.282909,3.020364,145.831455,5,burst,Dynamic,398
2026-06-01 03:36:59,0.000000,0.500000,0.000000,0.000000,0.000000,69.911111,48.279333,3.027333,146.157889,5,burst,Dynamic,399
2026-06-01 03:37:00,0.000000,0.500000,0.000000,0.000000,0.000000,69.944000,48.293300,2.986200,144.213500,5,burst,Dynamic,400
2026-06-01 03:37:01,0.000000,0.225000,0.000000,0.000000,0.000000,69.878000,48.303200,2.560700,123.681100,5,burst,Dynamic,401
2026-06-01 03:37:02,0.482520,0.000000,0.611429,10.492600,0.005230,69.866000,48.120500,5.954100,286.359100,5,burst,Dynamic,402
2026-06-01 03:37:03,0.330000,0.000000,-0.571429,6.529320,0.003250,69.857000,48.012500,8.271900,397.101900,5,burst,Dynamic,403
2026-06-01 03:37:04,0.000000,0.165000,0.000000,0.000000,0.000000,69.858000,48.240600,3.898100,188.013400,5,burst,Dynamic,404
2026-06-01 03:37:05,0.000000,0.500000,0.000000,0.000000,0.000000,69.898000,48.258400,3.138300,151.449200,5,burst,Dynamic,405
2026-06-01 03:37:06,0.000000,0.500000,0.000000,0.000000,0.000000,69.879000,48.283200,3.038100,146.689200,5,burst,Dynamic,406
2026-06-01 03:37:07,0.000000,0.500000,0.000000,0.000000,0.000000,69.898000,48.267200,2.998200,144.714300,5,burst,Dynamic,407
2026-06-01 03:37:08,0.000000,0.500000,0.000000,0.000000,0.000000,69.872000,48.286000,3.022900,145.963900,5,burst,Dynamic,408
2026-06-01 03:37:09,0.000000,0.500000,0.000000,0.000000,0.000000,69.854000,48.276700,3.009200,145.274600,5,burst,Dynamic,409
2026-06-01 03:37:10,0.000000,0.472727,0.000000,0.000000,0.000000,69.899091,48.277364,3.020727,145.831455,5,burst,Dynamic,410
2026-06-01 03:37:11,0.140800,0.000000,0.677460,3.787156,0.001889,69.910000,48.294778,3.018222,145.683111,5,burst,Dynamic,411
2026-06-01 03:37:12,0.600000,0.000000,0.001714,11.875210,0.005910,69.907000,48.029600,7.930900,380.829000,5,burst,Dynamic,412
2026-06-01 03:37:13,0.132000,0.000000,-0.571429,2.611730,0.001300,69.900000,48.073700,7.180700,344.996200,5,burst,Dynamic,413
2026-06-01 03:37:14,0.000000,0.400000,0.000000,0.000000,0.000000,69.834000,48.237400,3.584100,172.889700,5,burst,Dynamic,414
2026-06-01 03:37:15,0.000000,0.500000,0.000000,0.000000,0.000000,69.874000,48.289900,3.188300,153.961500,5,burst,Dynamic,415
2026-06-01 03:37:16,0.000000,0.500000,0.000000,0.000000,0.000000,69.820000,48.271400,3.049700,147.214100,5,burst,Dynamic,416
2026-06-01 03:37:17,0.000000,0.500000,0.000000,0.000000,0.000000,69.849000,48.273200,3.053200,147.388300,5,burst,Dynamic,417
2026-06-01 03:37:18,0.000000,0.500000,0.000000,0.000000,0.000000,69.824000,48.267700,3.011600,145.362600,5,burst,Dynamic,418
2026-06-01 03:37:19,0.000000,0.500000,0.000000,0.000000,0.000000,69.812000,48.252800,2.972200,143.417400,5,burst,Dynamic,419
2026-06-01 03:37:20,0.000000,0.360000,0.000000,0.000000,0.000000,69.848000,48.274200,2.857000,137.915100,5,burst,Dynamic,420
2026-06-01 03:37:21,0.306300,0.000000,0.611429,6.951990,0.003460,69.870000,48.218600,4.116300,198.299700,5,burst,Dynamic,421
2026-06-01 03:37:22,0.498000,0.000000,-0.571429,9.853340,0.004900,69.865000,47.994900,8.669000,416.034200,5,burst,Dynamic,422
2026-06-01 03:37:23,0.000000,0.025000,0.000000,0.000000,0.000000,69.860000,48.182900,4.857600,233.965100,5,burst,Dynamic,423
2026-06-01 03:37:24,0.000000,0.500000,0.000000,0.000000,0.000000,69.803000,48.266900,3.200300,154.468800,5,burst,Dynamic,424
2026-06-01 03:37:25,0.000000,0.500000,0.000000,0.000000,0.000000,69.818000,48.290700,3.080300,148.749500,5,burst,Dynamic,425
2026-06-01 03:37:26,0.000000,0.500000,0.000000,0.000000,0.000000,69.774000,48.255700,3.049600,147.160900,5,burst,Dynamic,426
2026-06-01 03:37:27,0.000000,0.500000,0.000000,0.000000,0.000000,69.829000,48.269800,3.010500,145.316200,5,burst,Dynamic,427
2026-06-01 03:37:28,0.000000,0.500000,0.000000,0.000000,0.000000,69.776000,48.260300,3.004100,144.979500,5,burst,Dynamic,428
2026-06-01 03:37:29,0.000000,0.500000,0.000000,0.000000,0.000000,69.783000,48.287400,2.992500,144.499900,5,burst,Dynamic,429
2026-06-01 03:37:30,0.000000,0.200000,0.000000,0.000000,0.000000,69.768000,48.271500,2.545100,122.849300,5,burst,Dynamic,430
2026-06-01 03:37:31,0.495300,0.000000,0.611429,10.689950,0.005330,69.750000,48.117300,5.921300,284.740200,5,burst,Dynamic,431
2026-06-01 03:37:32,0.300000,0.000000,-0.571429,5.935750,0.002950,69.741000,48.004000,8.236600,395.301700,5,burst,Dynamic,432
2026-06-01 03:37:33,0.000000,0.200000,0.000000,0.000000,0.000000,69.735000,48.209300,3.916900,188.811200,5,burst,Dynamic,433
2026-06-01 03:37:34,0.000000,0.500000,0.000000,0.000000,0.000000,69.730000,48.257400,3.141700,151.610500,5,burst,Dynamic,434
2026-06-01 03:37:35,0.000000,0.500000,0.000000,0.000000,0.000000,69.730000,48.254400,3.052800,147.310200,5,burst,Dynamic,435
2026-06-01 03:37:36,0.000000,0.500000,0.000000,0.000000,0.000000,69.736000,48.257800,3.015400,145.517800,5,burst,Dynamic,436
2026-06-01 03:37:37,0.000000,0.500000,0.000000,0.000000,0.000000,69.720000,48.268200,3.004800,145.035500,5,burst,Dynamic,437
2026-06-01 03:37:38,0.000000,0.500000,0.000000,0.000000,0.000000,69.720000,48.272500,3.028700,146.203100,5,burst,Dynamic,438
2026-06-01 03:37:39,0.000000,0.500000,0.000000,0.000000,0.000000,69.720000,48.255700,2.994000,144.477300,5,burst,Dynamic,439
2026-06-01 03:37:40,0.083700,0.050000,0.482143,2.350350,0.001180,69.713000,48.284300,2.752700,132.887800,5,burst,Dynamic,440
2026-06-01 03:37:41,0.600000,0.000000,0.105714,12.100470,0.006020,69.710000,48.041700,7.476800,359.120300,5,burst,Dynamic,441
2026-06-01 03:37:42,0.180000,0.000000,-0.571429,3.561450,0.001770,69.700000,48.031200,7.651700,367.369800,5,burst,Dynamic,442
2026-06-01 03:37:43,0.000000,0.350000,0.000000,0.000000,0.000000,69.695000,48.236900,3.756100,181.174000,5,burst,Dynamic,443
2026-06-01 03:37:44,0.000000,0.500000,0.000000,0.000000,0.000000,69.698000,48.258600,3.215300,155.166100,5,burst,Dynamic,444
2026-06-01 03:37:45,0.000000,0.500000,0.000000,0.000000,0.000000,69.690000,48.256200,3.074900,148.382300,5,burst,Dynamic,445
2026-06-01 03:37:46,0.000000,0.500000,0.000000,0.000000,0.000000,69.687000,48.259500,3.016300,145.565400,5,burst,Dynamic,446
2026-06-01 03:37:47,0.000000,0.500000,0.000000,0.000000,0.000000,69.680000,48.275400,3.046400,147.065800,5,burst,Dynamic,447
2026-06-01 03:37:48,0.000000,0.500000,0.000000,0.000000,0.000000,69.680000,48.256900,3.010800,145.291200,5,burst,Dynamic,448
2026-06-01 03:37:49,0.000000,0.350000,0.000000,0.000000,0.000000,69.680000,48.264300,2.871900,138.604900,5,burst,Dynamic,449
2026-06-01 03:37:50,0.326100,0.000000,0.611429,7.419110,0.003690,69.673000,48.205200,4.143000,199.547500,5,burst,Dynamic,450
2026-06-01 03:37:51,0.480000,0.000000,-0.571429,9.497200,0.004720,69.667000,47.981700,8.656300,415.321100,5,burst,Dynamic,451
2026-06-01 03:37:52,0.000000,0.050000,0.000000,0.000000,0.000000,69.660000,48.162000,4.849100,233.473700,5,burst,Dynamic,452
2026-06-01 03:37:53,0.000000,0.500000,0.000000,0.000000,0.000000,69.657000,48.264700,3.186900,153.813900,5,burst,Dynamic,453
2026-06-01 03:37:54,0.000000,0.500000,0.000000,0.000000,0.000000,69.650000,48.264500,3.100600,149.649000,5,burst,Dynamic,454
2026-06-01 03:37:55,0.000000,0.500000,0.000000,0.000000,0.000000,69.650000,48.236100,3.003100,144.857600,5,burst,Dynamic,455
2026-06-01 03:37:56,0.000000,0.500000,0.000000,0.000000,0.000000,69.650000,48.250600,3.028700,146.136400,5,burst,Dynamic,456
2026-06-01 03:37:57,0.000000,0.500000,0.000000,0.000000,0.000000,69.640000,48.272500,3.015000,145.540900,5,burst,Dynamic,457
2026-06-01 03:37:58,0.000000,0.500000,0.000000,0.000000,0.000000,69.640000,48.253700,3.004400,144.974000,5,burst,Dynamic,458
2026-06-01 03:37:59,0.040800,0.150000,0.294286,1.084080,0.000540,69.640000,48.276100,2.762400,133.344600,5,burst,Dynamic,459
2026-06-01 03:38:00,0.591900,0.000000,0.296429,12.309970,0.006130,69.633000,48.036400,7.093300,340.656100,5,burst,Dynamic,460
2026-06-01 03:38:01,0.240000,0.000000,-0.571429,4.748600,0.002360,69.624000,47.987200,8.139800,390.475000,5,burst,Dynamic,461
2026-06-01 03:38:02,0.000000,0.250000,0.000000,0.000000,0.000000,69.620000,48.206700,3.760400,181.266500,5,burst,Dynamic,462
2026-06-01 03:38:03,0.000000,0.500000,0.000000,0.000000,0.000000,69.615000,48.252400,3.173000,153.104800,5,burst,Dynamic,463
2026-06-01 03:38:04,0.000000,0.500000,0.000000,0.000000,0.000000,69.610000,48.263300,3.044600,146.943200,5,burst,Dynamic,464
2026-06-01 03:38:05,0.000000,0.500000,0.000000,0.000000,0.000000,69.610000,48.248500,3.004400,144.957500,5,burst,Dynamic,465
2026-06-01 03:38:06,0.000000,0.500000,0.000000,0.000000,0.000000,69.617000,48.251800,3.009600,145.218100,5,burst,Dynamic,466
2026-06-01 03:38:07,0.000000,0.500000,0.000000,0.000000,0.000000,69.600000,48.259000,2.994100,144.492100,5,burst,Dynamic,467
2026-06-01 03:38:08,0.000000,0.500000,0.000000,0.000000,0.000000,69.600000,48.240100,2.998700,144.657900,5,burst,Dynamic,468
2026-06-01 03:38:09,0.147900,0.000000,0.611429,3.851390,0.001930,69.600000,48.274200,3.001600,144.824800,5,burst,Dynamic,469
2026-06-01 03:38:10,0.600000,0.000000,0.000000,11.871500,0.005900,69.591000,48.000600,7.939100,381.025000,5,burst,Dynamic,470
2026-06-01 03:38:11,0.060000,0.000000,-0.571429,1.187150,0.000590,69.582000,48.076100,6.492900,311.970300,5,burst,Dynamic,471
2026-06-01 03:38:12,0.000000,0.450000,0.000000,0.000000,0.000000,69.580000,48.229900,3.477100,167.701100,5,burst,Dynamic,472
2026-06-01 03:38:13,0.000000,0.500000,0.000000,0.000000,0.000000,69.578000,48.245400,3.141500,151.562600,5,burst,Dynamic,473
2026-06-01 03:38:14,0.000000,0.500000,0.000000,0.000000,0.000000,69.570000,48.262800,3.029900,146.231600,5,burst,Dynamic,474
2026-06-01 03:38:15,0.000000,0.500000,0.000000,0.000000,0.000000,69.586000,48.272500,2.997400,144.691600,5,burst,Dynamic,475
2026-06-01 03:38:16,0.000000,0.500000,0.000000,0.000000,0.000000,69.570000,48.243100,3.008600,145.144000,5,burst,Dynamic,476
2026-06-01 03:38:17,0.000000,0.500000,0.000000,0.000000,0.000000,69.570000,48.256500,2.973400,143.485700,5,burst,Dynamic,477
2026-06-01 03:38:18,0.000000,0.300000,0.000000,0.000000,0.000000,69.584000,48.281100,2.741000,132.332200,5,burst,Dynamic,478
2026-06-01 03:38:19,0.392100,0.000000,0.611429,8.731480,0.004350,69.584000,48.173000,4.935000,237.553100,5,burst,Dynamic,479
2026-06-01 03:38:20,0.480000,0.000000,-0.571429,9.497200,0.004720,69.568000,47.941500,9.004400,431.666200,5,burst,Dynamic,480
2026-06-01 03:38:21,0.000000,0.050000,0.000000,0.000000,0.000000,69.548000,48.162000,4.931700,237.412100,5,burst,Dynamic,481
2026-06-01 03:38:22,0.000000,0.500000,0.000000,0.000000,0.000000,69.540000,48.249800,3.223600,155.538300,5,burst,Dynamic,482
2026-06-01 03:38:23,0.000000,0.500000,0.000000,0.000000,0.000000,69.546000,48.228600,3.067100,147.921900,5,burst,Dynamic,483
2026-06-01 03:38:24,0.000000,0.500000,0.000000,0.000000,0.000000,69.530000,48.232400,3.049100,147.065100,5,burst,Dynamic,484
2026-06-01 03:38:25,0.000000,0.500000,0.000000,0.000000,0.000000,69.546000,48.236400,3.023400,145.838300,5,burst,Dynamic,485
2026-06-01 03:38:26,0.000000,0.500000,0.000000,0.000000,0.000000,69.538000,48.253000,3.001900,144.850700,5,burst,Dynamic,486
2026-06-01 03:38:27,0.000000,0.500000,0.000000,0.000000,0.000000,69.530000,48.249400,3.013300,145.389100,5,burst,Dynamic,487
2026-06-01 03:38:28,0.000000,0.200000,0.000000,0.000000,0.000000,69.520000,48.264500,2.564900,123.781700,5,burst,Dynamic,488
2026-06-01 03:38:29,0.507300,0.000000,0.590714,10.975850,0.005470,69.518000,48.112000,5.943100,285.759200,5,burst,Dynamic,489
2026-06-01 03:38:30,0.360000,0.000000,-0.571429,7.122900,0.003540,69.517000,47.950300,8.730800,418.592800,5,burst,Dynamic,490
2026-06-01 03:38:31,0.000000,0.200000,0.000000,0.000000,0.000000,69.508000,48.185600,4.321900,208.227300,5,burst,Dynamic,491
2026-06-01 03:38:32,0.000000,0.500000,0.000000,0.000000,0.000000,69.500000,48.219700,3.297700,159.014700,5,burst,Dynamic,492
2026-06-01 03:38:33,0.000000,0.500000,0.000000,0.000000,0.000000,69.496000,48.255400,3.105800,149.870600,5,burst,Dynamic,493
2026-06-01 03:38:34,0.000000,0.500000,0.000000,0.000000,0.000000,69.498000,48.239000,3.026900,146.013500,5,burst,Dynamic,494
2026-06-01 03:38:35,0.000000,0.500000,0.000000,0.000000,0.000000,69.498000,48.235900,3.019800,145.663100,5,burst,Dynamic,495
2026-06-01 03:38:36,0.000000,0.500000,0.000000,0.000000,0.000000,69.498000,48.250600,3.009400,145.204900,5,burst,Dynamic,496
2026-06-01 03:38:37,0.000000,0.500000,0.000000,0.000000,0.000000,69.480000,48.234800,3.004200,144.907500,5,burst,Dynamic,497
2026-06-01 03:38:38,0.089100,0.050000,0.503571,2.431750,0.001210,69.480000,48.250800,2.774800,133.840400,5,burst,Dynamic,498
2026-06-01 03:38:39,0.600000,0.000000,0.088571,12.063340,0.006000,69.476000,48.028000,7.471200,358.735500,5,burst,Dynamic,499
2026-06-01 03:38:40,0.120000,0.000000,-0.571429,2.374300,0.001180,69.468000,48.027100,7.038900,337.891300,5,burst,Dynamic,500
2026-06-01 03:38:41,0.000000,0.350000,0.000000,0.000000,0.000000,69.460000,48.216700,3.391000,163.496800,5,burst,Dynamic,501
2026-06-01 03:38:42,0.000000,0.500000,0.000000,0.000000,0.000000,69.468000,48.233000,3.099600,149.502700,5,burst,Dynamic,502
2026-06-01 03:38:43,0.000000,0.500000,0.000000,0.000000,0.000000,69.468000,48.236100,3.029200,146.116600,5,burst,Dynamic,503
2026-06-01 03:38:44,0.000000,0.500000,0.000000,0.000000,0.000000,69.450000,48.246500,2.972600,143.416900,5,burst,Dynamic,504
2026-06-01 03:38:45,0.000000,0.500000,0.000000,0.000000,0.000000,69.482000,48.255800,2.992100,144.386300,5,burst,Dynamic,505
2026-06-01 03:38:46,0.000000,0.500000,0.000000,0.000000,0.000000,69.482000,48.228900,3.003400,144.849900,5,burst,Dynamic,506
2026-06-01 03:38:47,0.000000,0.400000,0.000000,0.000000,0.000000,69.485000,48.241300,2.920500,140.888400,5,burst,Dynamic,507
2026-06-01 03:38:48,0.274500,0.000000,0.596429,6.292040,0.003150,69.440000,48.211600,3.702800,178.392200,5,burst,Dynamic,508
2026-06-01 03:38:49,0.600000,0.000000,0.000000,11.871500,0.005900,69.435000,47.960500,8.645000,414.579100,5,burst,Dynamic,509
2026-06-01 03:38:50,0.000000,0.000000,-0.714286,0.000000,0.000000,69.428000,48.097800,5.983500,287.675800,5,burst,Dynamic,510
2026-06-01 03:38:51,0.000000,0.450000,0.000000,0.000000,0.000000,69.436000,48.231300,3.306600,159.481000,5,burst,Dynamic,511
2026-06-01 03:38:52,0.000000,0.500000,0.000000,0.000000,0.000000,69.436000,48.225200,3.066700,147.892200,5,burst,Dynamic,512
2026-06-01 03:38:53,0.000000,0.500000,0.000000,0.000000,0.000000,69.452000,48.235300,3.062400,147.716200,5,burst,Dynamic,513
2026-06-01 03:38:54,0.000000,0.500000,0.000000,0.000000,0.000000,69.428000,48.250400,2.993900,144.456300,5,burst,Dynamic,514
2026-06-01 03:38:55,0.000000,0.500000,0.000000,0.000000,0.000000,69.450000,48.244800,2.994600,144.472900,5,burst,Dynamic,515
2026-06-01 03:38:56,0.000000,0.500000,0.000000,0.000000,0.000000,69.410000,48.250400,2.942000,141.952600,5,burst,Dynamic,516
2026-06-01 03:38:57,0.000000,0.300000,0.000000,0.000000,0.000000,69.472000,48.248000,2.699700,130.243000,5,burst,Dynamic,517
2026-06-01 03:38:58,0.393900,0.000000,0.611429,8.756020,0.004360,69.440000,48.154700,4.993600,240.254200,5,burst,Dynamic,518
2026-06-01 03:38:59,0.480000,0.000000,-0.571429,9.497200,0.004720,69.467000,47.943700,8.838600,423.728000,5,burst,Dynamic,519
2026-06-01 03:39:00,0.000000,0.100000,0.000000,0.000000,0.000000,69.445000,48.151200,4.725700,227.496700,5,burst,Dynamic,520
2026-06-01 03:39:01,0.000000,0.500000,0.000000,0.000000,0.000000,69.380000,48.209300,3.340700,161.052300,5,burst,Dynamic,521
2026-06-01 03:39:02,0.000000,0.500000,0.000000,0.000000,0.000000,69.420000,48.229400,3.119500,150.451800,5,burst,Dynamic,522
2026-06-01 03:39:03,0.000000,0.500000,0.000000,0.000000,0.000000,69.420000,48.240900,3.014600,145.426800,5,burst,Dynamic,523
2026-06-01 03:39:04,0.000000,0.500000,0.000000,0.000000,0.000000,69.388000,48.250500,3.011800,145.320700,5,burst,Dynamic,524
2026-06-01 03:39:05,0.000000,0.500000,0.000000,0.000000,0.000000,69.418000,48.252800,2.990400,144.295000,5,burst,Dynamic,525
2026-06-01 03:39:06,0.000000,0.500000,0.000000,0.000000,0.000000,69.386000,48.219200,2.982500,143.814400,5,burst,Dynamic,526
2026-06-01 03:39:07,0.012300,0.150000,0.117143,0.327100,0.000160,69.442000,48.252600,2.634300,127.099000,5,burst,Dynamic,527
2026-06-01 03:39:08,0.563400,0.000000,0.494286,12.031680,0.005990,69.400000,48.039500,6.780300,325.587700,5,burst,Dynamic,528
2026-06-01 03:39:09,0.300000,0.000000,-0.571429,5.935750,0.002950,69.408000,47.986100,8.103100,388.719100,5,burst,Dynamic,529
2026-06-01 03:39:10,0.000000,0.250000,0.000000,0.000000,0.000000,69.388000,48.172600,4.056800,195.405800,5,burst,Dynamic,530
2026-06-01 03:39:11,0.000000,0.500000,0.000000,0.000000,0.000000,69.348000,48.211700,3.276800,157.978100,5,burst,Dynamic,531
2026-06-01 03:39:12,0.000000,0.500000,0.000000,0.000000,0.000000,69.404000,48.227800,3.070000,148.059300,5,burst,Dynamic,532
2026-06-01 03:39:13,0.000000,0.500000,0.000000,0.000000,0.000000,69.355000,48.228900,3.049800,147.088900,5,burst,Dynamic,533
2026-06-01 03:39:14,0.000000,0.500000,0.000000,0.000000,0.000000,69.366000,48.245900,3.003000,144.882600,5,burst,Dynamic,534
2026-06-01 03:39:15,0.000000,0.500000,0.000000,0.000000,0.000000,69.362000,48.229200,3.000400,144.706100,5,burst,Dynamic,535
2026-06-01 03:39:16,0.000000,0.500000,0.000000,0.000000,0.000000,69.346000,48.239700,3.010400,145.220900,5,burst,Dynamic,536
2026-06-01 03:39:17,0.157500,0.000000,0.611429,4.053400,0.002030,69.332000,48.235300,3.056100,147.349100,5,burst,Dynamic,537
2026-06-01 03:39:18,0.600000,0.000000,0.000000,11.871500,0.005900,69.344000,47.992700,8.028900,385.257600,5,burst,Dynamic,538
2026-06-01 03:39:19,0.120000,0.000000,-0.571429,2.374300,0.001180,69.310000,48.017300,7.188400,344.986200,5,burst,Dynamic,539
2026-06-01 03:39:20,0.000000,0.400000,0.000000,0.000000,0.000000,69.348000,48.205900,3.573500,172.259800,5,burst,Dynamic,540
2026-06-01 03:39:21,0.000000,0.500000,0.000000,0.000000,0.000000,69.300000,48.209300,3.183800,153.487700,5,burst,Dynamic,541
2026-06-01 03:39:22,0.000000,0.500000,0.000000,0.000000,0.000000,69.356000,48.216600,3.055300,147.316000,5,burst,Dynamic,542
2026-06-01 03:39:23,0.000000,0.500000,0.000000,0.000000,0.000000,69.323000,48.229400,3.031500,146.207400,5,burst,Dynamic,543
2026-06-01 03:39:24,0.000000,0.500000,0.000000,0.000000,0.000000,69.317000,48.240300,3.009600,145.183400,5,burst,Dynamic,544
2026-06-01 03:39:25,0.000000,0.500000,0.000000,0.000000,0.000000,69.330000,48.244400,3.008800,145.157900,5,burst,Dynamic,545
2026-06-01 03:39:26,0.000000,0.300000,0.000000,0.000000,0.000000,69.314000,48.232800,2.797000,134.903900,5,burst,Dynamic,546
2026-06-01 03:39:27,0.456300,0.000000,0.587857,9.910950,0.004940,69.282000,48.094200,5.394500,259.280600,5,burst,Dynamic,547
2026-06-01 03:39:28,0.420000,0.000000,-0.714286,8.310050,0.004130,69.275000,47.930700,8.891800,426.163400,5,burst,Dynamic,548
2026-06-01 03:39:29,0.000000,0.100000,0.000000,0.000000,0.000000,69.270000,48.136200,4.617600,222.215000,5,burst,Dynamic,549
2026-06-01 03:39:30,0.000000,0.500000,0.000000,0.000000,0.000000,69.297000,48.228600,3.209600,154.792300,5,burst,Dynamic,550
2026-06-01 03:39:31,0.000000,0.500000,0.000000,0.000000,0.000000,69.268000,48.208800,3.091900,149.055900,5,burst,Dynamic,551
2026-06-01 03:39:32,0.000000,0.500000,0.000000,0.000000,0.000000,69.284000,48.235600,2.992500,144.345200,5,burst,Dynamic,552
2026-06-01 03:39:33,0.000000,0.500000,0.000000,0.000000,0.000000,69.283000,48.223400,3.021400,145.702500,5,burst,Dynamic,553
2026-06-01 03:39:34,0.000000,0.500000,0.000000,0.000000,0.000000,69.285000,48.229200,2.958300,142.676200,5,burst,Dynamic,554
2026-06-01 03:39:35,0.000000,0.500000,0.000000,0.000000,0.000000,69.274000,48.220700,2.955200,142.501800,5,burst,Dynamic,555
2026-06-01 03:39:36,0.044400,0.100000,0.311429,1.218980,0.000610,69.306000,48.238300,2.726200,131.478800,5,burst,Dynamic,556
2026-06-01 03:39:37,0.593700,0.000000,0.275000,12.329500,0.006130,69.324000,48.005800,7.496000,359.770000,5,burst,Dynamic,557
2026-06-01 03:39:38,0.180000,0.000000,-0.714286,3.561450,0.001770,69.290000,47.983100,7.231500,346.818700,5,burst,Dynamic,558
2026-06-01 03:39:39,0.000000,0.350000,0.000000,0.000000,0.000000,69.254000,48.195100,3.617800,174.355800,5,burst,Dynamic,559
2026-06-01 03:39:40,0.000000,0.500000,0.000000,0.000000,0.000000,69.276000,48.226100,3.160500,152.417500,5,burst,Dynamic,560
2026-06-01 03:39:41,0.000000,0.500000,0.000000,0.000000,0.000000,69.229000,48.214500,3.098800,149.407200,5,burst,Dynamic,561
2026-06-01 03:39:42,0.000000,0.500000,0.000000,0.000000,0.000000,69.268000,48.209600,3.034900,146.311400,5,burst,Dynamic,562
2026-06-01 03:39:43,0.000000,0.500000,0.000000,0.000000,0.000000,69.235000,48.209900,2.983200,143.819700,5,burst,Dynamic,563
2026-06-01 03:39:44,0.000000,0.500000,0.000000,0.000000,0.000000,69.245000,48.220900,3.026500,145.939900,5,burst,Dynamic,564
2026-06-01 03:39:45,0.000000,0.444444,0.000000,0.000000,0.000000,69.290000,48.222667,2.934222,141.496222,5,burst,Dynamic,565
2026-06-01 03:39:46,0.230640,0.000000,0.576572,5.490870,0.002740,69.290000,48.193900,3.714000,178.835000,5,burst,Dynamic,566
2026-06-01 03:39:47,0.600000,0.000000,0.000000,11.871500,0.005900,69.283000,47.956300,8.538000,409.423900,5,burst,Dynamic,567
2026-06-01 03:39:48,0.000000,0.000000,-0.571429,0.000000,0.000000,69.274000,48.119300,5.380100,258.792500,5,burst,Dynamic,568
2026-06-01 03:39:49,0.000000,0.500000,0.000000,0.000000,0.000000,69.270000,48.185545,3.394182,163.551455,5,burst,Dynamic,569
2026-06-01 03:39:50,0.000000,0.500000,0.000000,0.000000,0.000000,69.270000,48.225111,3.114222,150.183556,5,burst,Dynamic,570
2026-06-01 03:39:51,0.000000,0.500000,0.000000,0.000000,0.000000,69.263636,48.220000,3.040000,146.588273,5,burst,Dynamic,571
2026-06-01 03:39:52,0.000000,0.500000,0.000000,0.000000,0.000000,69.260000,48.223400,3.011700,145.233700,5,burst,Dynamic,572
2026-06-01 03:39:53,0.000000,0.500000,0.000000,0.000000,0.000000,69.260000,48.231222,2.990889,144.253778,5,burst,Dynamic,573
2026-06-01 03:39:54,0.000000,0.500000,0.000000,0.000000,0.000000,69.258182,48.248364,2.975818,143.578091,5,burst,Dynamic,574
2026-06-01 03:39:55,0.000360,0.200000,0.003429,0.007200,0.000000,69.242000,48.241600,2.527100,121.900800,5,burst,Dynamic,575
2026-06-01 03:39:56,0.530640,0.000000,0.605000,11.406480,0.005690,69.250000,48.032000,6.535200,313.776300,5,burst,Dynamic,576
2026-06-01 03:39:57,0.348000,0.000000,-0.571429,6.885470,0.003420,69.240000,47.938200,8.464800,405.709200,5,burst,Dynamic,577
2026-06-01 03:39:58,0.000000,0.111111,0.000000,0.000000,0.000000,69.232222,48.172222,4.064556,195.772111,5,burst,Dynamic,578
2026-06-01 03:39:59,0.000000,0.500000,0.000000,0.000000,0.000000,69.230000,48.216091,3.152091,151.982364,5,burst,Dynamic,579
2026-06-01 03:40:00,0.000000,0.500000,0.000000,0.000000,0.000000,69.230000,48.235900,3.081300,148.629200,5,burst,Dynamic,580
2026-06-01 03:40:01,0.000000,0.500000,0.000000,0.000000,0.000000,69.223000,48.218500,3.038000,146.488500,5,burst,Dynamic,581
2026-06-01 03:40:02,0.000000,0.500000,0.000000,0.000000,0.000000,69.220000,48.226000,3.016667,145.482111,5,burst,Dynamic,582
2026-06-01 03:40:03,0.000000,0.500000,0.000000,0.000000,0.000000,69.220000,48.218700,2.985300,143.947800,5,burst,Dynamic,583
2026-06-01 03:40:04,0.000000,0.500000,0.000000,0.000000,0.000000,69.217273,48.228455,2.994182,144.404182,5,burst,Dynamic,584
2026-06-01 03:40:05,0.169080,0.045000,0.607429,4.257080,0.002120,69.210000,48.207200,3.433600,165.447700,5,burst,Dynamic,585
2026-06-01 03:40:06,0.600000,0.000000,0.000000,11.871500,0.005900,69.207000,47.969300,8.352500,400.621100,5,burst,Dynamic,586
2026-06-01 03:40:07,0.120000,0.000000,-0.571429,2.374300,0.001180,69.200000,48.024600,6.630700,318.272200,5,burst,Dynamic,587
2026-06-01 03:40:08,0.000000,0.333333,0.000000,0.000000,0.000000,69.190000,48.206444,3.397333,163.773222,5,burst,Dynamic,588
2026-06-01 03:40:09,0.000000,0.500000,0.000000,0.000000,0.000000,69.190000,48.204455,3.087909,148.850545,5,burst,Dynamic,589
2026-06-01 03:40:10,0.000000,0.500000,0.000000,0.000000,0.000000,69.190000,48.211000,3.028667,146.015222,5,burst,Dynamic,590
2026-06-01 03:40:11,0.000000,0.500000,0.000000,0.000000,0.000000,69.182727,48.208636,3.012636,145.235091,5,burst,Dynamic,591
2026-06-01 03:40:12,0.000000,0.500000,0.000000,0.000000,0.000000,69.180000,48.225778,3.008556,145.090000,5,burst,Dynamic,592
2026-06-01 03:40:13,0.000000,0.500000,0.000000,0.000000,0.000000,69.180000,48.222800,2.981100,143.756000,5,burst,Dynamic,593
2026-06-01 03:40:14,0.000000,0.400000,0.000000,0.000000,0.000000,69.178000,48.206400,2.849600,137.366100,5,burst,Dynamic,594
2026-06-01 03:40:15,0.353280,0.000000,0.611429,7.980120,0.003980,69.162000,48.113100,4.819100,231.660900,5,burst,Dynamic,595
2026-06-01 03:40:16,0.522000,0.000000,-0.571429,10.328200,0.005140,69.147000,47.900100,8.986200,430.418500,5,burst,Dynamic,596
2026-06-01 03:40:17,0.000000,0.118182,0.000000,0.000000,0.000000,69.135455,48.106182,4.929273,237.041545,5,burst,Dynamic,597
2026-06-01 03:40:18,0.000000,0.500000,0.000000,0.000000,0.000000,69.150000,48.209556,3.324000,160.249556,5,burst,Dynamic,598
2026-06-01 03:40:19,0.000000,0.500000,0.000000,0.000000,0.000000,69.126000,48.191900,3.126500,150.671600,5,burst,Dynamic,599
2026-06-01 03:40:20,0.000000,0.500000,0.000000,0.000000,0.000000,69.114000,48.190200,3.045700,146.772600,5,burst,Dynamic,600
2026-06-01 03:40:21,0.000000,0.500000,0.000000,0.000000,0.000000,69.117000,48.212600,3.014100,145.317900,5,burst,Dynamic,601
2026-06-01 03:40:22,0.000000,0.500000,0.000000,0.000000,0.000000,69.084000,48.204300,2.988100,144.039100,5,burst,Dynamic,602
2026-06-01 03:40:23,0.000000,0.500000,0.000000,0.000000,0.000000,69.058000,48.205600,2.974600,143.392800,5,burst,Dynamic,603
2026-06-01 03:40:24,0.007500,0.150000,0.071429,0.185520,0.000090,69.050000,48.224800,2.562900,123.581900,5,burst,Dynamic,604
2026-06-01 03:40:25,0.553800,0.000000,0.540000,11.884440,0.005920,69.050000,48.037200,6.526100,313.354400,5,burst,Dynamic,605
2026-06-01 03:40:26,0.300000,0.000000,-0.571429,5.935750,0.002950,69.048000,47.940100,8.369500,401.149600,5,burst,Dynamic,606
2026-06-01 03:40:27,0.000000,0.250000,0.000000,0.000000,0.000000,69.040000,48.161200,4.050000,195.033600,5,burst,Dynamic,607
2026-06-01 03:40:28,0.000000,0.500000,0.000000,0.000000,0.000000,69.030000,48.192100,3.262900,157.247000,5,burst,Dynamic,608
2026-06-01 03:40:29,0.000000,0.500000,0.000000,0.000000,0.000000,69.054000,48.207900,3.057300,147.385300,5,burst,Dynamic,609
2026-06-01 03:40:30,0.000000,0.500000,0.000000,0.000000,0.000000,69.023000,48.206000,3.043700,146.724500,5,burst,Dynamic,610
2026-06-01 03:40:31,0.000000,0.500000,0.000000,0.000000,0.000000,69.028000,48.203100,3.013200,145.245300,5,burst,Dynamic,611
2026-06-01 03:40:32,0.000000,0.500000,0.000000,0.000000,0.000000,69.036000,48.215100,2.987500,144.042300,5,burst,Dynamic,612
2026-06-01 03:40:33,0.000000,0.450000,0.000000,0.000000,0.000000,69.017000,48.204400,2.961400,142.751500,5,burst,Dynamic,613
2026-06-01 03:40:34,0.272700,0.000000,0.590714,6.311690,0.003140,69.010000,48.140800,3.824500,183.971200,5,burst,Dynamic,614
2026-06-01 03:40:35,0.540000,0.000000,-0.571429,10.684350,0.005310,69.006000,47.931500,8.602700,412.293800,5,burst,Dynamic,615
2026-06-01 03:40:36,0.000000,0.000000,0.000000,0.000000,0.000000,69.000000,48.079000,5.358000,257.512000,5,burst,Dynamic,616
2026-06-01 03:40:37,0.000000,0.500000,0.000000,0.000000,0.000000,69.018000,48.198000,3.224700,155.423100,5,burst,Dynamic,617
2026-06-01 03:40:38,0.000000,0.500000,0.000000,0.000000,0.000000,68.990000,48.191700,3.100300,149.408600,5,burst,Dynamic,618
2026-06-01 03:40:39,0.000000,0.500000,0.000000,0.000000,0.000000,68.998000,48.196600,2.995400,144.367900,5,burst,Dynamic,619
2026-06-01 03:40:40,0.000000,0.500000,0.000000,0.000000,0.000000,68.994000,48.204800,2.988900,144.079600,5,burst,Dynamic,620
2026-06-01 03:40:41,0.000000,0.500000,0.000000,0.000000,0.000000,68.980000,48.202100,2.982200,143.748600,5,burst,Dynamic,621
2026-06-01 03:40:42,0.000000,0.500000,0.000000,0.000000,0.000000,68.988000,48.189400,2.999500,144.544500,5,burst,Dynamic,622
2026-06-01 03:40:43,0.012300,0.200000,0.117143,0.299190,0.000150,68.980000,48.211200,2.653400,127.916100,5,burst,Dynamic,623
2026-06-01 03:40:44,0.559200,0.000000,0.494286,11.892270,0.005930,68.970000,48.020200,6.604300,317.014500,5,burst,Dynamic,624
2026-06-01 03:40:45,0.300000,0.000000,-0.571429,5.935750,0.002950,68.963000,47.920700,8.455800,405.134600,5,burst,Dynamic,625
2026-06-01 03:40:46,0.000000,0.200000,0.000000,0.000000,0.000000,68.960000,48.137300,3.984700,191.799800,5,burst,Dynamic,626
2026-06-01 03:40:47,0.000000,0.500000,0.000000,0.000000,0.000000,69.028000,48.185600,3.165700,152.540600,5,burst,Dynamic,627
2026-06-01 03:40:48,0.000000,0.500000,0.000000,0.000000,0.000000,68.950000,48.193600,3.076300,148.257900,5,burst,Dynamic,628
2026-06-01 03:40:49,0.000000,0.500000,0.000000,0.000000,0.000000,69.014000,48.185400,3.062500,147.567500,5,burst,Dynamic,629
2026-06-01 03:40:50,0.000000,0.500000,0.000000,0.000000,0.000000,68.989000,48.187800,2.972300,143.228800,5,burst,Dynamic,630
2026-06-01 03:40:51,0.000000,0.500000,0.000000,0.000000,0.000000,68.972000,48.192000,3.023100,145.689400,5,burst,Dynamic,631
2026-06-01 03:40:52,0.000000,0.500000,0.000000,0.000000,0.000000,68.980000,48.206600,2.981700,143.735500,5,burst,Dynamic,632
2026-06-01 03:40:53,0.154500,0.050000,0.596429,3.984880,0.001990,69.012000,48.180100,3.348900,161.246300,5,burst,Dynamic,633
2026-06-01 03:40:54,0.600000,0.000000,0.000000,11.871500,0.005900,69.011000,47.921300,8.384100,401.709700,5,burst,Dynamic,634
2026-06-01 03:40:55,0.120000,0.000000,-0.571429,2.374300,0.001180,69.001000,48.009200,6.665500,319.841900,5,burst,Dynamic,635
2026-06-01 03:40:56,0.000000,0.400000,0.000000,0.000000,0.000000,68.943000,48.164300,3.552600,171.108100,5,burst,Dynamic,636
2026-06-01 03:40:57,0.000000,0.500000,0.000000,0.000000,0.000000,68.985000,48.180100,3.174300,152.938600,5,burst,Dynamic,637
2026-06-01 03:40:58,0.000000,0.500000,0.000000,0.000000,0.000000,68.918000,48.186600,3.090200,148.906800,5,burst,Dynamic,638
2026-06-01 03:40:59,0.000000,0.500000,0.000000,0.000000,0.000000,68.982000,48.197800,3.018600,145.490500,5,burst,Dynamic,639
2026-06-01 03:41:00,0.000000,0.500000,0.000000,0.000000,0.000000,68.954000,48.187300,3.003300,144.721000,5,burst,Dynamic,640
2026-06-01 03:41:01,0.000000,0.500000,0.000000,0.000000,0.000000,68.932000,48.194300,3.006200,144.881800,5,burst,Dynamic,641
2026-06-01 03:41:02,0.000000,0.350000,0.000000,0.000000,0.000000,68.948000,48.201200,2.814500,135.661700,5,burst,Dynamic,642
2026-06-01 03:41:03,0.338100,0.000000,0.599286,7.627860,0.003800,68.978000,48.122800,4.724900,227.180600,5,burst,Dynamic,643
2026-06-01 03:41:04,0.480000,0.000000,-0.571429,9.497200,0.004720,68.969000,47.908200,8.590700,411.529900,5,burst,Dynamic,644
2026-06-01 03:41:05,0.000000,0.050000,0.000000,0.000000,0.000000,68.960000,48.104300,4.504700,216.642700,5,burst,Dynamic,645
2026-06-01 03:41:06,0.000000,0.500000,0.000000,0.000000,0.000000,68.912000,48.189300,3.184600,153.463800,5,burst,Dynamic,646
2026-06-01 03:41:07,0.000000,0.500000,0.000000,0.000000,0.000000,68.939000,48.194500,3.046100,146.805200,5,burst,Dynamic,647
2026-06-01 03:41:08,0.000000,0.500000,0.000000,0.000000,0.000000,68.878000,48.185400,3.004900,144.794200,5,burst,Dynamic,648
2026-06-01 03:41:09,0.000000,0.500000,0.000000,0.000000,0.000000,68.942000,48.198100,3.014800,145.307100,5,burst,Dynamic,649
2026-06-01 03:41:10,0.000000,0.500000,0.000000,0.000000,0.000000,68.901000,48.178400,2.998900,144.481500,5,burst,Dynamic,650
2026-06-01 03:41:11,0.000000,0.500000,0.000000,0.000000,0.000000,68.901000,48.177000,3.003100,144.680600,5,burst,Dynamic,651
2026-06-01 03:41:12,0.010500,0.200000,0.125000,0.278150,0.000140,68.860000,48.196400,2.685000,129.404800,5,burst,Dynamic,652
2026-06-01 03:41:13,0.564000,0.000000,0.471429,11.976710,0.005960,68.855000,47.993900,6.593500,316.335900,5,burst,Dynamic,653
2026-06-01 03:41:14,0.240000,0.000000,-0.571429,4.748600,0.002360,68.846000,47.944000,7.910600,379.132600,5,burst,Dynamic,654
2026-06-01 03:41:15,0.000000,0.300000,0.000000,0.000000,0.000000,68.888000,48.157200,3.771500,181.613000,5,burst,Dynamic,655
2026-06-01 03:41:16,0.000000,0.500000,0.000000,0.000000,0.000000,68.888000,48.177200,3.201400,154.234600,5,burst,Dynamic,656
2026-06-01 03:41:17,0.000000,0.500000,0.000000,0.000000,0.000000,68.910000,48.165600,3.093300,148.990900,5,burst,Dynamic,657
2026-06-01 03:41:18,0.000000,0.500000,0.000000,0.000000,0.000000,68.854000,48.192600,3.030500,146.047200,5,burst,Dynamic,658
2026-06-01 03:41:19,0.000000,0.500000,0.000000,0.000000,0.000000,68.910000,48.181900,3.007700,144.916600,5,burst,Dynamic,659
2026-06-01 03:41:20,0.000000,0.500000,0.000000,0.000000,0.000000,68.902000,48.186600,3.007400,144.917100,5,burst,Dynamic,660
2026-06-01 03:41:21,0.000000,0.395000,0.000000,0.000000,0.000000,68.902000,48.224600,2.868100,138.311500,5,burst,Dynamic,661
2026-06-01 03:41:22,0.348900,0.000000,0.577857,7.789840,0.003890,68.900000,48.086300,4.803300,230.768600,5,burst,Dynamic,662
2026-06-01 03:41:23,0.528000,0.000000,-0.685714,10.199380,0.005070,68.893000,47.892100,8.963000,429.226800,5,burst,Dynamic,663
2026-06-01 03:41:24,0.000000,0.000000,0.000000,0.000000,0.000000,68.885000,48.100500,5.010100,240.894700,5,burst,Dynamic,664
2026-06-01 03:41:25,0.000000,0.500000,0.000000,0.000000,0.000000,68.871111,48.173222,3.237333,155.951222,5,burst,Dynamic,665
2026-06-01 03:41:26,0.000000,0.500000,0.000000,0.000000,0.000000,68.880000,48.166000,3.081636,148.430182,5,burst,Dynamic,666
2026-06-01 03:41:27,0.000000,0.500000,0.000000,0.000000,0.000000,68.877778,48.196111,3.026222,145.852222,5,burst,Dynamic,667
2026-06-01 03:41:28,0.000000,0.500000,0.000000,0.000000,0.000000,68.870000,48.184400,3.015400,145.295300,5,burst,Dynamic,668
2026-06-01 03:41:29,0.000000,0.500000,0.000000,0.000000,0.000000,68.870000,48.177182,3.011091,145.066545,5,burst,Dynamic,669
2026-06-01 03:41:30,0.000000,0.500000,0.000000,0.000000,0.000000,68.870000,48.181222,3.045111,146.717111,5,burst,Dynamic,670
2026-06-01 03:41:31,0.000000,0.272727,0.000000,0.000000,0.000000,68.861818,48.209727,2.695000,129.911909,5,burst,Dynamic,671
2026-06-01 03:41:32,0.532320,0.000000,0.575429,11.395690,0.005680,68.860000,48.000700,6.600900,316.746000,5,burst,Dynamic,672
2026-06-01 03:41:33,0.294000,0.000000,-0.700000,5.817030,0.002890,68.842000,47.928800,7.933500,380.136400,5,burst,Dynamic,673
2026-06-01 03:41:34,0.000000,0.200000,0.000000,0.000000,0.000000,68.846000,48.150900,3.726600,179.423800,5,burst,Dynamic,674
2026-06-01 03:41:35,0.000000,0.500000,0.000000,0.000000,0.000000,68.840000,48.178444,3.129111,150.754667,5,burst,Dynamic,675
2026-06-01 03:41:36,0.000000,0.500000,0.000000,0.000000,0.000000,68.840000,48.184273,3.052273,147.071000,5,burst,Dynamic,676
2026-06-01 03:41:37,0.000000,0.500000,0.000000,0.000000,0.000000,68.839000,48.167200,3.016100,145.276300,5,burst,Dynamic,677
2026-06-01 03:41:38,0.000000,0.500000,0.000000,0.000000,0.000000,68.821111,48.194222,3.015556,145.331778,5,burst,Dynamic,678
2026-06-01 03:41:39,0.000000,0.500000,0.000000,0.000000,0.000000,68.830000,48.188182,3.019364,145.497636,5,burst,Dynamic,679
2026-06-01 03:41:40,0.000000,0.500000,0.000000,0.000000,0.000000,68.830000,48.192667,2.990778,144.134222,5,burst,Dynamic,680
2026-06-01 03:41:41,0.153545,0.081818,0.525325,3.891655,0.001945,68.824545,48.170545,3.393182,163.338364,5,burst,Dynamic,681
2026-06-01 03:41:42,0.600000,0.000000,0.000000,11.871500,0.005900,68.818889,47.923778,8.232333,394.477222,5,burst,Dynamic,682
2026-06-01 03:41:43,0.168000,0.000000,-0.685714,3.324020,0.001650,68.810000,47.973800,7.215300,345.989200,5,burst,Dynamic,683
2026-06-01 03:41:44,0.000000,0.318182,0.000000,0.000000,0.000000,68.804545,48.173273,3.427727,165.120455,5,burst,Dynamic,684
2026-06-01 03:41:45,0.000000,0.500000,0.000000,0.000000,0.000000,68.773333,48.172889,3.104222,149.539000,5,burst,Dynamic,685
2026-06-01 03:41:46,0.000000,0.500000,0.000000,0.000000,0.000000,68.778182,48.187364,3.017818,145.421000,5,burst,Dynamic,686
2026-06-01 03:41:47,0.000000,0.500000,0.000000,0.000000,0.000000,68.778889,48.172000,3.012556,145.120667,5,burst,Dynamic,687
2026-06-01 03:41:48,0.000000,0.500000,0.000000,0.000000,0.000000,68.782727,48.164727,3.029273,145.905000,5,burst,Dynamic,688
2026-06-01 03:41:49,0.000000,0.500000,0.000000,0.000000,0.000000,68.754444,48.180778,2.981111,143.631000,5,burst,Dynamic,689
2026-06-01 03:41:50,0.000000,0.450000,0.000000,0.000000,0.000000,68.772000,48.179700,2.916900,140.535800,5,burst,Dynamic,690
2026-06-01 03:41:51,0.239400,0.000000,0.611286,5.730740,0.002870,68.761000,48.142000,3.668000,176.455100,5,burst,Dynamic,691
2026-06-01 03:41:52,0.600000,0.000000,0.000000,11.871500,0.005900,68.761000,47.904300,8.658800,414.749400,5,burst,Dynamic,692
2026-06-01 03:41:53,0.042000,0.000000,-0.571429,0.831000,0.000420,68.730000,48.034000,6.019400,289.007000,5,burst,Dynamic,693
2026-06-01 03:41:54,0.000000,0.477273,0.000000,0.000000,0.000000,68.741818,48.161636,3.411182,164.287818,5,burst,Dynamic,694
2026-06-01 03:41:55,0.000000,0.500000,0.000000,0.000000,0.000000,68.733333,48.171778,3.161222,152.281000,5,burst,Dynamic,695
2026-06-01 03:41:56,0.000000,0.500000,0.000000,0.000000,0.000000,68.744000,48.184900,3.062500,147.566400,5,burst,Dynamic,696
2026-06-01 03:41:57,0.000000,0.500000,0.000000,0.000000,0.000000,68.740000,48.185900,2.987600,143.960600,5,burst,Dynamic,697
2026-06-01 03:41:58,0.000000,0.500000,0.000000,0.000000,0.000000,68.734000,48.191800,2.987100,143.953900,5,burst,Dynamic,698
2026-06-01 03:41:59,0.000000,0.500000,0.000000,0.000000,0.000000,68.726000,48.174000,2.997100,144.381400,5,burst,Dynamic,699
2026-06-01 03:42:00,0.000164,0.195455,0.001558,0.003336,0.000000,68.750000,48.190182,2.549727,122.864909,5,burst,Dynamic,700
2026-06-01 03:42:01,0.537300,0.000000,0.609714,11.583170,0.005770,68.742000,47.993000,6.538200,313.660700,5,burst,Dynamic,701
2026-06-01 03:42:02,0.286667,0.000000,-0.682540,5.671933,0.002822,68.734444,47.899889,8.194889,392.456778,5,burst,Dynamic,702
2026-06-01 03:42:03,0.000000,0.165000,0.000000,0.000000,0.000000,68.730000,48.124900,3.913600,188.311300,5,burst,Dynamic,703
2026-06-01 03:42:04,0.000000,0.500000,0.000000,0.000000,0.000000,68.702727,48.163818,3.162364,152.309909,5,burst,Dynamic,704
2026-06-01 03:42:05,0.000000,0.500000,0.000000,0.000000,0.000000,68.711111,48.170444,3.044667,146.663444,5,burst,Dynamic,705
2026-06-01 03:42:06,0.000000,0.500000,0.000000,0.000000,0.000000,68.698182,48.164091,2.991000,144.058727,5,burst,Dynamic,706
2026-06-01 03:42:07,0.000000,0.500000,0.000000,0.000000,0.000000,68.710000,48.177444,3.028667,145.913000,5,burst,Dynamic,707
2026-06-01 03:42:08,0.000000,0.500000,0.000000,0.000000,0.000000,68.703636,48.175000,3.002455,144.642727,5,burst,Dynamic,708
2026-06-01 03:42:09,0.000000,0.500000,0.000000,0.000000,0.000000,68.674444,48.164667,2.992000,144.108222,5,burst,Dynamic,709
2026-06-01 03:42:10,0.063000,0.065000,0.397143,1.737870,0.000870,68.710000,48.185100,2.771900,133.546400,5,burst,Dynamic,710
2026-06-01 03:42:11,0.598320,0.000000,0.213857,12.301470,0.006120,68.703000,47.938200,7.511800,360.011200,5,burst,Dynamic,711
2026-06-01 03:42:12,0.138000,0.000000,-0.614286,2.730440,0.001360,68.694000,47.959400,7.040600,337.483800,5,burst,Dynamic,712
2026-06-01 03:42:13,0.000000,0.365000,0.000000,0.000000,0.000000,68.682000,48.142200,3.576800,172.191500,5,burst,Dynamic,713
2026-06-01 03:42:14,0.000000,0.500000,0.000000,0.000000,0.000000,68.665455,48.167818,3.169909,152.687545,5,burst,Dynamic,714
2026-06-01 03:42:15,0.000000,0.500000,0.000000,0.000000,0.000000,68.662222,48.167333,3.060556,147.419111,5,burst,Dynamic,715
2026-06-01 03:42:16,0.000000,0.500000,0.000000,0.000000,0.000000,68.632000,48.163100,3.012200,145.076500,5,burst,Dynamic,716
2026-06-01 03:42:17,0.000000,0.500000,0.000000,0.000000,0.000000,68.621000,48.138000,3.009100,144.852000,5,burst,Dynamic,717
2026-06-01 03:42:18,0.000000,0.500000,0.000000,0.000000,0.000000,68.647000,48.169400,3.030100,145.959200,5,burst,Dynamic,718
2026-06-01 03:42:19,0.000000,0.355000,0.000000,0.000000,0.000000,68.606000,48.170600,2.858600,137.694800,5,burst,Dynamic,719
2026-06-01 03:42:20,0.304500,0.000000,0.571428,6.949720,0.003470,68.589000,48.119900,4.145800,199.326700,5,burst,Dynamic,720
2026-06-01 03:42:21,0.576000,0.000000,-0.285714,11.396640,0.005670,68.587000,47.878500,8.830200,422.745600,5,burst,Dynamic,721
2026-06-01 03:42:22,0.000000,0.000000,-0.342857,0.000000,0.000000,68.570000,48.033100,5.451300,261.738100,5,burst,Dynamic,722
2026-06-01 03:42:23,0.000000,0.500000,0.000000,0.000000,0.000000,68.594000,48.124200,3.283400,158.011300,5,burst,Dynamic,723
2026-06-01 03:42:24,0.000000,0.500000,0.000000,0.000000,0.000000,68.563000,48.154100,3.113000,149.902700,5,burst,Dynamic,724
2026-06-01 03:42:25,0.000000,0.500000,0.000000,0.000000,0.000000,68.560000,48.155500,3.050800,146.912100,5,burst,Dynamic,725
2026-06-01 03:42:26,0.000000,0.500000,0.000000,0.000000,0.000000,68.560000,48.156400,3.004500,144.685700,5,burst,Dynamic,726
2026-06-01 03:42:27,0.000000,0.500000,0.000000,0.000000,0.000000,68.557000,48.158700,3.006300,144.778300,5,burst,Dynamic,727
2026-06-01 03:42:28,0.000000,0.500000,0.000000,0.000000,0.000000,68.550000,48.145000,2.990500,143.977900,5,burst,Dynamic,728
2026-06-01 03:42:29,0.000000,0.200000,0.000000,0.000000,0.000000,68.550000,48.150300,2.586800,124.547700,5,burst,Dynamic,729
2026-06-01 03:42:30,0.509100,0.000000,0.593571,11.019690,0.005480,68.547000,47.995400,5.920500,284.002300,5,burst,Dynamic,730
2026-06-01 03:42:31,0.360000,0.000000,-0.714286,7.122900,0.003540,68.537000,47.858400,8.710200,416.788100,5,burst,Dynamic,731
2026-06-01 03:42:32,0.000000,0.200000,0.000000,0.000000,0.000000,68.530000,48.099000,4.333900,208.419300,5,burst,Dynamic,732
2026-06-01 03:42:33,0.000000,0.500000,0.000000,0.000000,0.000000,68.530000,48.142500,3.302000,158.967900,5,burst,Dynamic,733
2026-06-01 03:42:34,0.000000,0.500000,0.000000,0.000000,0.000000,68.522000,48.150800,3.113600,149.922800,5,burst,Dynamic,734
2026-06-01 03:42:35,0.000000,0.500000,0.000000,0.000000,0.000000,68.520000,48.138000,3.036700,146.180000,5,burst,Dynamic,735
2026-06-01 03:42:36,0.000000,0.500000,0.000000,0.000000,0.000000,68.520000,48.139600,3.012000,144.996200,5,burst,Dynamic,736
2026-06-01 03:42:37,0.000000,0.500000,0.000000,0.000000,0.000000,68.516000,48.172200,2.993200,144.189200,5,burst,Dynamic,737
2026-06-01 03:42:38,0.000000,0.500000,0.000000,0.000000,0.000000,68.510000,48.147700,2.997300,144.313600,5,burst,Dynamic,738
2026-06-01 03:42:39,0.089100,0.050000,0.482857,2.403500,0.001200,68.510000,48.184700,2.779600,133.895200,5,burst,Dynamic,739
2026-06-01 03:42:40,0.600000,0.000000,0.110714,12.111300,0.006020,68.504000,47.942900,7.537800,361.304300,5,burst,Dynamic,740
2026-06-01 03:42:41,0.120000,0.000000,-0.714286,2.374300,0.001180,68.495000,47.946200,7.019600,336.397600,5,burst,Dynamic,741
2026-06-01 03:42:42,0.000000,0.400000,0.000000,0.000000,0.000000,68.490000,48.124200,3.523900,169.582000,5,burst,Dynamic,742
2026-06-01 03:42:43,0.000000,0.500000,0.000000,0.000000,0.000000,68.490000,48.141200,3.164400,152.338100,5,burst,Dynamic,743
2026-06-01 03:42:44,0.000000,0.500000,0.000000,0.000000,0.000000,68.493000,48.150600,3.082600,148.428200,5,burst,Dynamic,744
2026-06-01 03:42:45,0.000000,0.500000,0.000000,0.000000,0.000000,68.480000,48.143900,3.026000,145.683600,5,burst,Dynamic,745
2026-06-01 03:42:46,0.000000,0.500000,0.000000,0.000000,0.000000,68.520000,48.138500,2.989300,143.899800,5,burst,Dynamic,746
2026-06-01 03:42:47,0.000000,0.500000,0.000000,0.000000,0.000000,68.486000,48.162000,3.002700,144.616000,5,burst,Dynamic,747
2026-06-01 03:42:48,0.000000,0.350000,0.000000,0.000000,0.000000,68.488000,48.150800,2.876900,138.519500,5,burst,Dynamic,748
2026-06-01 03:42:49,0.390900,0.000000,0.593571,8.608100,0.004280,68.470000,48.060700,4.786300,229.858100,5,burst,Dynamic,749
2026-06-01 03:42:50,0.420000,0.000000,-0.571429,8.310050,0.004130,68.462000,47.866900,8.658300,414.419900,5,burst,Dynamic,750
2026-06-01 03:42:51,0.000000,0.100000,0.000000,0.000000,0.000000,68.454000,48.058800,4.539100,218.081600,5,burst,Dynamic,751
2026-06-01 03:42:52,0.000000,0.500000,0.000000,0.000000,0.000000,68.490000,48.130500,3.154900,151.845100,5,burst,Dynamic,752
2026-06-01 03:42:53,0.000000,0.500000,0.000000,0.000000,0.000000,68.458000,48.130500,3.075200,148.010400,5,burst,Dynamic,753
2026-06-01 03:42:54,0.000000,0.500000,0.000000,0.000000,0.000000,68.478000,48.161600,3.004800,144.715100,5,burst,Dynamic,754
2026-06-01 03:42:55,0.000000,0.500000,0.000000,0.000000,0.000000,68.448000,48.147000,2.986900,143.810200,5,burst,Dynamic,755
2026-06-01 03:42:56,0.000000,0.500000,0.000000,0.000000,0.000000,68.480000,48.159100,2.992100,144.096600,5,burst,Dynamic,756
2026-06-01 03:42:57,0.000000,0.500000,0.000000,0.000000,0.000000,68.472000,48.169200,3.025400,145.731000,5,burst,Dynamic,757
2026-06-01 03:42:58,0.043800,0.100000,0.328571,1.227410,0.000620,68.500000,48.169500,2.770800,133.434400,5,burst,Dynamic,758
2026-06-01 03:42:59,0.591300,0.000000,0.282857,12.307700,0.006120,68.470000,47.936500,7.286600,349.190600,5,burst,Dynamic,759
2026-06-01 03:43:00,0.180000,0.000000,-0.571429,3.561450,0.001770,68.453000,47.922300,7.342800,351.718800,5,burst,Dynamic,760
2026-06-01 03:43:01,0.000000,0.350000,0.000000,0.000000,0.000000,68.431000,48.110100,3.634800,174.866600,5,burst,Dynamic,761
2026-06-01 03:43:02,0.000000,0.500000,0.000000,0.000000,0.000000,68.450000,48.138300,3.222400,155.120000,5,burst,Dynamic,762
2026-06-01 03:43:03,0.000000,0.500000,0.000000,0.000000,0.000000,68.426000,48.136700,3.076100,148.073600,5,burst,Dynamic,763
2026-06-01 03:43:04,0.000000,0.500000,0.000000,0.000000,0.000000,68.481000,48.137300,3.010700,144.926700,5,burst,Dynamic,764
2026-06-01 03:43:05,0.000000,0.500000,0.000000,0.000000,0.000000,68.416000,48.133300,3.002000,144.495900,5,burst,Dynamic,765
2026-06-01 03:43:06,0.000000,0.500000,0.000000,0.000000,0.000000,68.456000,48.159900,3.028900,145.871200,5,burst,Dynamic,766
2026-06-01 03:43:07,0.000000,0.400000,0.000000,0.000000,0.000000,68.448000,48.164300,2.884800,138.944500,5,burst,Dynamic,767
2026-06-01 03:43:08,0.276900,0.000000,0.611429,6.459400,0.003230,68.477000,48.090900,4.157400,199.731500,5,burst,Dynamic,768
2026-06-01 03:43:09,0.600000,0.000000,0.000000,11.871500,0.005900,68.468000,47.853400,8.863800,424.135100,5,burst,Dynamic,769
2026-06-01 03:43:10,0.000000,0.000000,-0.571429,0.000000,0.000000,68.452000,48.029000,5.496800,263.894000,5,burst,Dynamic,770
2026-06-01 03:43:11,0.000000,0.500000,0.000000,0.000000,0.000000,68.415000,48.113100,3.420200,164.558000,5,burst,Dynamic,771
2026-06-01 03:43:12,0.000000,0.500000,0.000000,0.000000,0.000000,68.418000,48.123200,3.107100,149.523200,5,burst,Dynamic,772
2026-06-01 03:43:13,0.000000,0.500000,0.000000,0.000000,0.000000,68.394000,48.143900,3.039700,146.341700,5,burst,Dynamic,773
2026-06-01 03:43:14,0.000000,0.500000,0.000000,0.000000,0.000000,68.442000,48.136900,3.015200,145.141400,5,burst,Dynamic,774
2026-06-01 03:43:15,0.000000,0.500000,0.000000,0.000000,0.000000,68.368000,48.148400,3.006400,144.752700,5,burst,Dynamic,775
2026-06-01 03:43:16,0.000000,0.500000,0.000000,0.000000,0.000000,68.432000,48.148700,2.995200,144.213800,5,burst,Dynamic,776
2026-06-01 03:43:17,0.000000,0.200000,0.000000,0.000000,0.000000,68.360000,48.161400,2.534800,122.065300,5,burst,Dynamic,777
2026-06-01 03:43:18,0.521100,0.000000,0.611429,11.244870,0.005600,68.352000,47.995800,5.947800,285.317000,5,burst,Dynamic,778
2026-06-01 03:43:19,0.360000,0.000000,-0.571429,7.122900,0.003540,68.352000,47.848900,8.717900,417.089800,5,burst,Dynamic,779
2026-06-01 03:43:20,0.000000,0.150000,0.000000,0.000000,0.000000,68.372000,48.073800,4.181500,200.985800,5,burst,Dynamic,780
2026-06-01 03:43:21,0.000000,0.500000,0.000000,0.000000,0.000000,68.419000,48.128300,3.173900,152.753700,5,burst,Dynamic,781
2026-06-01 03:43:22,0.000000,0.500000,0.000000,0.000000,0.000000,68.410000,48.144889,3.076667,148.125000,5,burst,Dynamic,782
2026-06-01 03:43:23,0.000000,0.500000,0.000000,0.000000,0.000000,68.410000,48.138909,3.021455,145.449545,5,burst,Dynamic,783
2026-06-01 03:43:24,0.000000,0.500000,0.000000,0.000000,0.000000,68.410000,48.138000,3.006800,144.741300,5,burst,Dynamic,784
2026-06-01 03:43:25,0.000000,0.500000,0.000000,0.000000,0.000000,68.403000,48.124700,3.044800,146.528900,5,burst,Dynamic,785
2026-06-01 03:43:26,0.000000,0.500000,0.000000,0.000000,0.000000,68.400000,48.139333,2.982667,143.583556,5,burst,Dynamic,786
2026-06-01 03:43:27,0.105055,0.136364,0.527273,2.868209,0.001436,68.400000,48.132364,3.140727,151.126455,5,burst,Dynamic,787
2026-06-01 03:43:28,0.600000,0.000000,0.031429,11.939570,0.005940,68.392000,47.895800,7.966500,381.474800,5,burst,Dynamic,788
2026-06-01 03:43:29,0.120000,0.000000,-0.571429,2.374300,0.001180,68.383000,47.963400,6.508800,312.021500,5,burst,Dynamic,789
2026-06-01 03:43:30,0.000000,0.344444,0.000000,0.000000,0.000000,68.380000,48.120778,3.340222,160.734667,5,burst,Dynamic,790
2026-06-01 03:43:31,0.000000,0.500000,0.000000,0.000000,0.000000,68.380000,48.140091,3.087364,148.625091,5,burst,Dynamic,791
2026-06-01 03:43:32,0.000000,0.500000,0.000000,0.000000,0.000000,68.371111,48.138778,3.052889,146.961111,5,burst,Dynamic,792
2026-06-01 03:43:33,0.000000,0.500000,0.000000,0.000000,0.000000,68.370000,48.132727,2.986000,143.723727,5,burst,Dynamic,793
2026-06-01 03:43:34,0.000000,0.500000,0.000000,0.000000,0.000000,68.370000,48.154444,3.001000,144.511667,5,burst,Dynamic,794
2026-06-01 03:43:35,0.000000,0.500000,0.000000,0.000000,0.000000,68.365455,48.135636,2.992909,144.065455,5,burst,Dynamic,795
2026-06-01 03:43:36,0.000000,0.366667,0.000000,0.000000,0.000000,68.360000,48.150778,2.844778,136.975667,5,burst,Dynamic,796
2026-06-01 03:43:37,0.353940,0.000000,0.574429,7.938640,0.003950,68.360000,48.049000,4.797000,230.307900,5,burst,Dynamic,797
2026-06-01 03:43:38,0.522000,0.000000,-0.671429,10.328200,0.005140,68.351000,47.838500,8.948700,428.072300,5,burst,Dynamic,798
2026-06-01 03:43:39,0.000000,0.050000,0.000000,0.000000,0.000000,68.342000,48.020100,5.041100,241.989900,5,burst,Dynamic,799
2026-06-01 03:43:40,0.000000,0.500000,0.000000,0.000000,0.000000,68.340000,48.117700,3.388300,163.033100,5,burst,Dynamic,800
2026-06-01 03:43:41,0.000000,0.500000,0.000000,0.000000,0.000000,68.339091,48.131273,3.145545,151.398545,5,burst,Dynamic,801
2026-06-01 03:43:42,0.000000,0.500000,0.000000,0.000000,0.000000,68.330000,48.146889,3.019000,145.354556,5,burst,Dynamic,802
2026-06-01 03:43:43,0.000000,0.500000,0.000000,0.000000,0.000000,68.330000,48.118727,3.032909,145.939727,5,burst,Dynamic,803
2026-06-01 03:43:44,0.000000,0.500000,0.000000,0.000000,0.000000,68.330000,48.125889,3.009333,144.827000,5,burst,Dynamic,804
2026-06-01 03:43:45,0.000000,0.500000,0.000000,0.000000,0.000000,68.323636,48.127091,2.981182,143.475727,5,burst,Dynamic,805
2026-06-01 03:43:46,0.019000,0.105556,0.216667,0.563667,0.000289,68.320000,48.160667,2.572556,123.876444,5,burst,Dynamic,806
2026-06-01 03:43:47,0.575820,0.000000,0.414286,12.182110,0.006060,68.318000,47.948500,7.046700,337.771500,5,burst,Dynamic,807
2026-06-01 03:43:48,0.282000,0.000000,-0.671429,5.579600,0.002780,68.309000,47.871000,8.105700,387.896900,5,burst,Dynamic,808
2026-06-01 03:43:49,0.000000,0.250000,0.000000,0.000000,0.000000,68.300000,48.090800,3.875700,186.374300,5,burst,Dynamic,809
2026-06-01 03:43:50,0.000000,0.500000,0.000000,0.000000,0.000000,68.300000,48.120800,3.208900,154.414900,5,burst,Dynamic,810
2026-06-01 03:43:51,0.000000,0.500000,0.000000,0.000000,0.000000,68.298182,48.122000,3.057182,147.116273,5,burst,Dynamic,811
2026-06-01 03:43:52,0.000000,0.500000,0.000000,0.000000,0.000000,68.290000,48.129333,3.042333,146.425444,5,burst,Dynamic,812
2026-06-01 03:43:53,0.000000,0.500000,0.000000,0.000000,0.000000,68.290000,48.137455,2.991091,143.982818,5,burst,Dynamic,813
2026-06-01 03:43:54,0.000000,0.500000,0.000000,0.000000,0.000000,68.290000,48.129222,3.003889,144.574333,5,burst,Dynamic,814
2026-06-01 03:43:55,0.000000,0.445455,0.000000,0.000000,0.000000,68.282727,48.135818,2.908182,139.988000,5,burst,Dynamic,815
2026-06-01 03:43:56,0.233940,0.000000,0.574429,5.501460,0.002740,68.280000,48.097600,3.675500,176.641700,5,burst,Dynamic,816
2026-06-01 03:43:57,0.588000,0.000000,-0.114286,11.634070,0.005780,68.275000,47.851000,8.519600,407.635100,5,burst,Dynamic,817
2026-06-01 03:43:58,0.000000,0.000000,-0.457143,0.000000,0.000000,68.268000,48.006900,5.370800,257.710600,5,burst,Dynamic,818
2026-06-01 03:43:59,0.000000,0.444444,0.000000,0.000000,0.000000,68.260000,48.130444,3.272000,157.482333,5,burst,Dynamic,819
2026-06-01 03:44:00,0.000000,0.500000,0.000000,0.000000,0.000000,68.260000,48.148455,3.126636,150.542545,5,burst,Dynamic,820
2026-06-01 03:44:01,0.000000,0.500000,0.000000,0.000000,0.000000,68.260000,48.126600,3.029400,145.794400,5,burst,Dynamic,821
2026-06-01 03:44:02,0.000000,0.500000,0.000000,0.000000,0.000000,68.251111,48.124667,3.031889,145.908556,5,burst,Dynamic,822
2026-06-01 03:44:03,0.000000,0.500000,0.000000,0.000000,0.000000,68.250000,48.123273,2.980909,143.450636,5,burst,Dynamic,823
2026-06-01 03:44:04,0.000000,0.500000,0.000000,0.000000,0.000000,68.250000,48.117889,3.011667,144.914667,5,burst,Dynamic,824
2026-06-01 03:44:05,0.000000,0.272727,0.000000,0.000000,0.000000,68.246364,48.165727,2.602636,125.344727,5,burst,Dynamic,825
2026-06-01 03:44:06,0.469080,0.000000,0.607429,10.184590,0.005070,68.240000,47.989200,5.933100,284.572600,5,burst,Dynamic,826
2026-06-01 03:44:07,0.408000,0.000000,-0.571429,8.072620,0.004010,68.233000,47.849100,8.738100,418.058400,5,burst,Dynamic,827
2026-06-01 03:44:08,0.000000,0.100000,0.000000,0.000000,0.000000,68.228000,48.076000,4.269400,205.219700,5,burst,Dynamic,828
2026-06-01 03:44:09,0.000000,0.500000,0.000000,0.000000,0.000000,68.220000,48.127333,3.216667,154.809778,5,burst,Dynamic,829
2026-06-01 03:44:10,0.000000,0.500000,0.000000,0.000000,0.000000,68.220000,48.126273,3.077727,148.119818,5,burst,Dynamic,830
2026-06-01 03:44:11,0.000000,0.500000,0.000000,0.000000,0.000000,68.220000,48.127444,3.014556,145.082333,5,burst,Dynamic,831
2026-06-01 03:44:12,0.000000,0.500000,0.000000,0.000000,0.000000,68.211818,48.145545,3.033000,146.026545,5,burst,Dynamic,832
2026-06-01 03:44:13,0.000000,0.500000,0.000000,0.000000,0.000000,68.210000,48.118500,3.000400,144.374500,5,burst,Dynamic,833
2026-06-01 03:44:14,0.000000,0.500000,0.000000,0.000000,0.000000,68.210000,48.125000,2.981444,143.481889,5,burst,Dynamic,834
2026-06-01 03:44:15,0.015900,0.185000,0.151429,0.439230,0.000220,68.207000,48.135900,2.731000,131.452100,5,burst,Dynamic,835
2026-06-01 03:44:16,0.574740,0.000000,0.420000,12.160120,0.006060,68.200000,47.927600,7.106700,340.503700,5,burst,Dynamic,836
2026-06-01 03:44:17,0.288000,0.000000,-0.685714,5.698320,0.002830,68.191000,47.874000,8.142500,389.678300,5,burst,Dynamic,837
2026-06-01 03:44:18,0.000000,0.227273,0.000000,0.000000,0.000000,68.186364,48.081000,3.756364,180.595909,5,burst,Dynamic,838
2026-06-01 03:44:19,0.000000,0.500000,0.000000,0.000000,0.000000,68.180000,48.121444,3.134444,150.833778,5,burst,Dynamic,839
2026-06-01 03:44:20,0.000000,0.500000,0.000000,0.000000,0.000000,68.180000,48.114818,3.069455,147.686545,5,burst,Dynamic,840
2026-06-01 03:44:21,0.000000,0.500000,0.000000,0.000000,0.000000,68.180000,48.107444,2.995111,144.087000,5,burst,Dynamic,841
2026-06-01 03:44:22,0.000000,0.500000,0.000000,0.000000,0.000000,68.162727,48.146455,3.014818,145.152909,5,burst,Dynamic,842
2026-06-01 03:44:23,0.000000,0.500000,0.000000,0.000000,0.000000,68.134444,48.108667,3.013889,144.994444,5,burst,Dynamic,843
2026-06-01 03:44:24,0.000000,0.455000,0.000000,0.000000,0.000000,68.144000,48.111600,2.976400,143.200700,5,burst,Dynamic,844
2026-06-01 03:44:25,0.244440,0.000000,0.611429,5.790340,0.002890,68.080000,48.084300,3.822600,183.673000,5,burst,Dynamic,845
2026-06-01 03:44:26,0.600000,0.000000,0.000000,11.871500,0.005900,68.076000,47.825900,8.732600,417.613400,5,burst,Dynamic,846
2026-06-01 03:44:27,0.000000,0.000000,-0.571429,0.000000,0.000000,68.069000,47.949800,6.022300,288.645600,5,burst,Dynamic,847
2026-06-01 03:44:28,0.000000,0.450000,0.000000,0.000000,0.000000,68.060000,48.096700,3.325600,159.951100,5,burst,Dynamic,848
2026-06-01 03:44:29,0.000000,0.500000,0.000000,0.000000,0.000000,68.060000,48.093100,3.077200,147.992200,5,burst,Dynamic,849
2026-06-01 03:44:30,0.000000,0.500000,0.000000,0.000000,0.000000,68.060000,48.101100,3.045500,146.491700,5,burst,Dynamic,850
2026-06-01 03:44:31,0.000000,0.500000,0.000000,0.000000,0.000000,68.052000,48.103800,3.030500,145.779000,5,burst,Dynamic,851
2026-06-01 03:44:32,0.000000,0.500000,0.000000,0.000000,0.000000,68.050000,48.108100,2.995100,144.087100,5,burst,Dynamic,852
2026-06-01 03:44:33,0.000000,0.500000,0.000000,0.000000,0.000000,68.050000,48.121800,2.993100,144.033800,5,burst,Dynamic,853
2026-06-01 03:44:34,0.000000,0.250000,0.000000,0.000000,0.000000,68.047000,48.112700,2.680800,128.970400,5,burst,Dynamic,854
2026-06-01 03:44:35,0.442500,0.000000,0.611429,9.632030,0.004810,68.040000,48.018600,5.264400,252.602500,5,burst,Dynamic,855
2026-06-01 03:44:36,0.420000,0.000000,-0.571429,8.310050,0.004130,68.034000,47.822100,8.868100,424.069800,5,burst,Dynamic,856
2026-06-01 03:44:37,0.000000,0.100000,0.000000,0.000000,0.000000,68.029000,48.029400,4.608800,221.302200,5,burst,Dynamic,857
2026-06-01 03:44:38,0.000000,0.500000,0.000000,0.000000,0.000000,68.020000,48.100100,3.219900,154.877500,5,burst,Dynamic,858
2026-06-01 03:44:39,0.000000,0.500000,0.000000,0.000000,0.000000,68.020000,48.100700,3.035300,146.000100,5,burst,Dynamic,859
2026-06-01 03:44:40,0.000000,0.500000,0.000000,0.000000,0.000000,68.020000,48.107700,3.028600,145.699500,5,burst,Dynamic,860
2026-06-01 03:44:41,0.000000,0.500000,0.000000,0.000000,0.000000,68.012000,48.113700,2.999200,144.302500,5,burst,Dynamic,861
2026-06-01 03:44:42,0.000000,0.500000,0.000000,0.000000,0.000000,68.010000,48.101900,3.023200,145.421900,5,burst,Dynamic,862
2026-06-01 03:44:43,0.000000,0.500000,0.000000,0.000000,0.000000,68.010000,48.103800,2.975600,143.138000,5,burst,Dynamic,863
2026-06-01 03:44:44,0.007500,0.150000,0.071429,0.188620,0.000090,68.008000,48.127900,2.545400,122.496800,5,burst,Dynamic,864
2026-06-01 03:44:45,0.558000,0.000000,0.525000,11.943710,0.005950,68.000000,47.941400,6.532600,313.061000,5,burst,Dynamic,865
2026-06-01 03:44:46,0.240000,0.000000,-0.571429,4.748600,0.002360,67.992000,47.857500,7.905100,378.216100,5,burst,Dynamic,866
2026-06-01 03:44:47,0.000000,0.250000,0.000000,0.000000,0.000000,67.990000,48.076200,3.654300,175.667600,5,burst,Dynamic,867
2026-06-01 03:44:48,0.000000,0.500000,0.000000,0.000000,0.000000,67.982000,48.088800,3.116100,149.849100,5,burst,Dynamic,868
2026-06-01 03:44:49,0.000000,0.500000,0.000000,0.000000,0.000000,67.980000,48.091900,3.048100,146.589000,5,burst,Dynamic,869
2026-06-01 03:44:50,0.000000,0.500000,0.000000,0.000000,0.000000,67.980000,48.117300,3.010700,144.866100,5,burst,Dynamic,870
2026-06-01 03:44:51,0.000000,0.500000,0.000000,0.000000,0.000000,67.975000,48.102400,3.000500,144.330800,5,burst,Dynamic,871
2026-06-01 03:44:52,0.000000,0.500000,0.000000,0.000000,0.000000,67.970000,48.110200,3.001500,144.401900,5,burst,Dynamic,872
2026-06-01 03:44:53,0.000000,0.450000,0.000000,0.000000,0.000000,67.978000,48.128100,2.947000,141.831600,5,burst,Dynamic,873
2026-06-01 03:44:54,0.205500,0.000000,0.589286,4.971610,0.002480,67.977000,48.085900,3.247100,156.038100,5,burst,Dynamic,874
2026-06-01 03:44:55,0.600000,0.000000,0.000000,11.871500,0.005900,67.968000,47.835000,8.329200,398.367700,5,burst,Dynamic,875
2026-06-01 03:44:56,0.000000,0.000000,-0.571429,0.000000,0.000000,67.967000,47.957300,5.784100,277.256900,5,burst,Dynamic,876
2026-06-01 03:44:57,0.000000,0.450000,0.000000,0.000000,0.000000,67.966000,48.093400,3.258500,156.711500,5,burst,Dynamic,877
2026-06-01 03:44:58,0.000000,0.500000,0.000000,0.000000,0.000000,67.945000,48.098600,3.101000,149.152800,5,burst,Dynamic,878
2026-06-01 03:44:59,0.000000,0.500000,0.000000,0.000000,0.000000,67.940000,48.120200,3.058000,147.151700,5,burst,Dynamic,879
2026-06-01 03:45:00,0.000000,0.500000,0.000000,0.000000,0.000000,67.988000,48.116100,2.999700,144.334700,5,burst,Dynamic,880
2026-06-01 03:45:01,0.000000,0.500000,0.000000,0.000000,0.000000,67.972000,48.108200,2.982400,143.476900,5,burst,Dynamic,881
2026-06-01 03:45:02,0.000000,0.500000,0.000000,0.000000,0.000000,68.006000,48.106200,3.000000,144.318100,5,burst,Dynamic,882
2026-06-01 03:45:03,0.000000,0.250000,0.000000,0.000000,0.000000,67.946000,48.114300,2.761200,132.846300,5,burst,Dynamic,883
2026-06-01 03:45:04,0.522300,0.000000,0.611429,11.251280,0.005610,67.984000,47.930300,6.388600,306.012600,5,burst,Dynamic,884
2026-06-01 03:45:05,0.360000,0.000000,-0.571429,7.122900,0.003540,67.999000,47.844100,8.449200,404.167600,5,burst,Dynamic,885
2026-06-01 03:45:06,0.000000,0.122222,0.000000,0.000000,0.000000,67.990000,48.042889,4.057000,194.878778,5,burst,Dynamic,886
2026-06-01 03:45:07,0.000000,0.500000,0.000000,0.000000,0.000000,67.990000,48.100364,3.206273,154.223727,5,burst,Dynamic,887
2026-06-01 03:45:08,0.000000,0.500000,0.000000,0.000000,0.000000,67.989000,48.105900,3.076800,148.013000,5,burst,Dynamic,888
2026-06-01 03:45:09,0.000000,0.500000,0.000000,0.000000,0.000000,67.972000,48.112900,3.031900,145.873600,5,burst,Dynamic,889
2026-06-01 03:45:10,0.000000,0.500000,0.000000,0.000000,0.000000,67.980000,48.092000,2.979333,143.281889,5,burst,Dynamic,890
2026-06-01 03:45:11,0.000000,0.500000,0.000000,0.000000,0.000000,67.972727,48.111545,3.012182,144.920818,5,burst,Dynamic,891
2026-06-01 03:45:12,0.000000,0.500000,0.000000,0.000000,0.000000,67.973000,48.098700,3.028900,145.686100,5,burst,Dynamic,892
2026-06-01 03:45:13,0.050460,0.100000,0.374857,1.413770,0.000710,67.962000,48.126400,2.814400,135.408400,5,burst,Dynamic,893
2026-06-01 03:45:14,0.596700,0.000000,0.231429,12.298810,0.006120,67.959000,47.879700,7.437600,356.037600,5,burst,Dynamic,894
2026-06-01 03:45:15,0.240000,0.000000,-0.571429,4.748600,0.002360,67.958000,47.876400,7.668800,366.993600,5,burst,Dynamic,895
2026-06-01 03:45:16,0.000000,0.277778,0.000000,0.000000,0.000000,67.950000,48.049000,3.775333,181.396111,5,burst,Dynamic,896
2026-06-01 03:45:17,0.000000,0.500000,0.000000,0.000000,0.000000,67.950000,48.087818,3.243545,155.976182,5,burst,Dynamic,897
2026-06-01 03:45:18,0.000000,0.500000,0.000000,0.000000,0.000000,67.947778,48.083889,3.094889,148.813000,5,burst,Dynamic,898
2026-06-01 03:45:19,0.000000,0.500000,0.000000,0.000000,0.000000,67.940000,48.092818,3.044455,146.417727,5,burst,Dynamic,899
2026-06-01 03:45:20,0.000000,0.500000,0.000000,0.000000,0.000000,67.940000,48.115667,2.975333,143.160111,5,burst,Dynamic,900
2026-06-01 03:45:21,0.000000,0.500000,0.000000,0.000000,0.000000,67.940000,48.106000,2.949000,141.864600,5,burst,Dynamic,901
2026-06-01 03:45:22,0.000000,0.454545,0.000000,0.000000,0.000000,67.932727,48.105182,2.937545,141.308182,5,burst,Dynamic,902
2026-06-01 03:45:23,0.293280,0.000000,0.611429,6.725740,0.003350,67.930000,48.037500,4.276800,205.278500,5,burst,Dynamic,903
2026-06-01 03:45:24,0.594000,0.000000,-0.057143,11.752780,0.005840,67.924000,47.791500,8.876200,424.185300,5,burst,Dynamic,904
2026-06-01 03:45:25,0.000000,0.020000,-0.514286,0.000000,0.000000,67.915000,47.966700,5.497700,263.586200,5,burst,Dynamic,905
2026-06-01 03:45:26,0.000000,0.500000,0.000000,0.000000,0.000000,67.910000,48.097778,3.419444,164.467889,5,burst,Dynamic,906
2026-06-01 03:45:27,0.000000,0.500000,0.000000,0.000000,0.000000,67.910000,48.078636,3.148909,151.395000,5,burst,Dynamic,907
2026-06-01 03:45:28,0.000000,0.500000,0.000000,0.000000,0.000000,67.906667,48.110000,3.030111,145.778222,5,burst,Dynamic,908
2026-06-01 03:45:29,0.000000,0.500000,0.000000,0.000000,0.000000,67.900000,48.097636,3.008818,144.716727,5,burst,Dynamic,909
2026-06-01 03:45:30,0.000000,0.500000,0.000000,0.000000,0.000000,67.900000,48.107667,2.978556,143.292222,5,burst,Dynamic,910
2026-06-01 03:45:31,0.000000,0.500000,0.000000,0.000000,0.000000,67.900000,48.084200,2.976600,143.127800,5,burst,Dynamic,911
2026-06-01 03:45:32,0.000000,0.300000,0.000000,0.000000,0.000000,67.891000,48.110400,2.667500,128.324500,5,burst,Dynamic,912
2026-06-01 03:45:33,0.411000,0.000000,0.608429,9.102830,0.004540,67.882000,47.985000,5.280500,253.182200,5,burst,Dynamic,913
2026-06-01 03:45:34,0.468000,0.000000,-0.571429,9.259770,0.004600,67.873000,47.801600,8.882100,424.548700,5,burst,Dynamic,914
2026-06-01 03:45:35,0.000000,0.095455,0.000000,0.000000,0.000000,67.843636,48.006636,4.479455,214.968182,5,burst,Dynamic,915
2026-06-01 03:45:36,0.000000,0.500000,0.000000,0.000000,0.000000,67.870000,48.072333,3.215667,154.583222,5,burst,Dynamic,916
2026-06-01 03:45:37,0.000000,0.500000,0.000000,0.000000,0.000000,67.806000,48.082600,3.059400,147.104500,5,burst,Dynamic,917
2026-06-01 03:45:38,0.000000,0.500000,0.000000,0.000000,0.000000,67.816000,48.104700,3.017600,145.160600,5,burst,Dynamic,918
2026-06-01 03:45:39,0.000000,0.500000,0.000000,0.000000,0.000000,67.796000,48.082400,3.017700,145.098500,5,burst,Dynamic,919
2026-06-01 03:45:40,0.000000,0.500000,0.000000,0.000000,0.000000,67.796000,48.102400,3.007600,144.672600,5,burst,Dynamic,920
2026-06-01 03:45:41,0.000000,0.500000,0.000000,0.000000,0.000000,67.774000,48.081300,2.991600,143.839500,5,burst,Dynamic,921
2026-06-01 03:45:42,0.004500,0.150000,0.053571,0.113400,0.000060,67.770000,48.086800,2.544800,122.364000,5,burst,Dynamic,922
2026-06-01 03:45:43,0.552000,0.000000,0.528571,11.806740,0.005880,67.769000,47.911000,6.513400,311.931300,5,burst,Dynamic,923
2026-06-01 03:45:44,0.300000,0.000000,-0.571429,5.935750,0.002950,67.760000,47.821600,8.427200,402.932100,5,burst,Dynamic,924
2026-06-01 03:45:45,0.000000,0.250000,0.000000,0.000000,0.000000,67.750000,48.041000,4.070000,195.501800,5,burst,Dynamic,925
2026-06-01 03:45:46,0.000000,0.500000,0.000000,0.000000,0.000000,67.750000,48.067400,3.266400,157.006800,5,burst,Dynamic,926
2026-06-01 03:45:47,0.000000,0.500000,0.000000,0.000000,0.000000,67.749000,48.068100,3.094800,148.760200,5,burst,Dynamic,927
2026-06-01 03:45:48,0.000000,0.500000,0.000000,0.000000,0.000000,67.740000,48.080100,3.042800,146.297400,5,burst,Dynamic,928
2026-06-01 03:45:49,0.000000,0.500000,0.000000,0.000000,0.000000,67.740000,48.083400,3.051900,146.745700,5,burst,Dynamic,929
2026-06-01 03:45:50,0.000000,0.500000,0.000000,0.000000,0.000000,67.740000,48.077400,2.992500,143.871200,5,burst,Dynamic,930
2026-06-01 03:45:51,0.000000,0.450000,0.000000,0.000000,0.000000,67.733000,48.066400,2.978400,143.160600,5,burst,Dynamic,931
2026-06-01 03:45:52,0.198300,0.000000,0.583571,4.786840,0.002400,67.730000,48.074500,3.298400,158.441400,5,burst,Dynamic,932
2026-06-01 03:45:53,0.600000,0.000000,0.000000,11.871500,0.005900,67.726000,47.799600,8.310200,397.172400,5,burst,Dynamic,933
2026-06-01 03:45:54,0.000000,0.000000,-0.571429,0.000000,0.000000,67.719000,47.953100,5.911800,283.331500,5,burst,Dynamic,934
2026-06-01 03:45:55,0.000000,0.450000,0.000000,0.000000,0.000000,67.710000,48.062700,3.258700,156.622300,5,burst,Dynamic,935
2026-06-01 03:45:56,0.000000,0.500000,0.000000,0.000000,0.000000,67.710000,48.073600,3.055600,146.893500,5,burst,Dynamic,936
2026-06-01 03:45:57,0.000000,0.500000,0.000000,0.000000,0.000000,67.710000,48.075500,3.041500,146.220100,5,burst,Dynamic,937
2026-06-01 03:45:58,0.000000,0.500000,0.000000,0.000000,0.000000,67.702000,48.091000,3.038300,146.113900,5,burst,Dynamic,938
2026-06-01 03:45:59,0.000000,0.500000,0.000000,0.000000,0.000000,67.700000,48.078900,2.979900,143.271000,5,burst,Dynamic,939
2026-06-01 03:46:00,0.000000,0.500000,0.000000,0.000000,0.000000,67.700000,48.084900,2.991800,143.859600,5,burst,Dynamic,940
2026-06-01 03:46:01,0.000000,0.250000,0.000000,0.000000,0.000000,67.697000,48.096700,2.680600,128.924800,5,burst,Dynamic,941
2026-06-01 03:46:02,0.440700,0.000000,0.611429,9.640460,0.004800,67.690000,47.985900,5.281800,253.245500,5,burst,Dynamic,942
2026-06-01 03:46:03,0.360000,0.000000,-0.571429,7.122900,0.003540,67.684000,47.800000,8.491400,405.844500,5,burst,Dynamic,943
2026-06-01 03:46:04,0.000000,0.150000,0.000000,0.000000,0.000000,67.680000,48.010400,4.173100,200.315500,5,burst,Dynamic,944
2026-06-01 03:46:05,0.000000,0.500000,0.000000,0.000000,0.000000,67.672000,48.082400,3.178700,152.838800,5,burst,Dynamic,945
2026-06-01 03:46:06,0.000000,0.500000,0.000000,0.000000,0.000000,67.670000,48.092600,3.032200,145.826500,5,burst,Dynamic,946
2026-06-01 03:46:07,0.000000,0.500000,0.000000,0.000000,0.000000,67.670000,48.067100,3.062700,147.215000,5,burst,Dynamic,947
2026-06-01 03:46:08,0.000000,0.500000,0.000000,0.000000,0.000000,67.665000,48.080200,3.010000,144.721300,5,burst,Dynamic,948
2026-06-01 03:46:09,0.000000,0.500000,0.000000,0.000000,0.000000,67.660000,48.080400,2.959100,142.274600,5,burst,Dynamic,949
2026-06-01 03:46:10,0.000000,0.500000,0.000000,0.000000,0.000000,67.660000,48.075800,2.993100,143.896100,5,burst,Dynamic,950
2026-06-01 03:46:11,0.035400,0.100000,0.288571,0.995300,0.000500,67.660000,48.095500,2.631200,126.534000,5,burst,Dynamic,951
2026-06-01 03:46:12,0.587100,0.000000,0.322857,12.259250,0.006100,67.651000,47.874800,7.020200,335.971700,5,burst,Dynamic,952
2026-06-01 03:46:13,0.240000,0.000000,-0.571429,4.748600,0.002360,67.642000,47.817100,8.108400,387.597000,5,burst,Dynamic,953
2026-06-01 03:46:14,0.000000,0.300000,0.000000,0.000000,0.000000,67.640000,48.047000,3.903000,187.515100,5,burst,Dynamic,954
2026-06-01 03:46:15,0.000000,0.500000,0.000000,0.000000,0.000000,67.631000,48.076400,3.270700,157.243000,5,burst,Dynamic,955
2026-06-01 03:46:16,0.000000,0.500000,0.000000,0.000000,0.000000,67.630000,48.054500,3.094000,148.680800,5,burst,Dynamic,956
2026-06-01 03:46:17,0.000000,0.500000,0.000000,0.000000,0.000000,67.630000,48.073400,3.043400,146.306200,5,burst,Dynamic,957
2026-06-01 03:46:18,0.000000,0.500000,0.000000,0.000000,0.000000,67.624000,48.074600,3.023000,145.328700,5,burst,Dynamic,958
2026-06-01 03:46:19,0.000000,0.500000,0.000000,0.000000,0.000000,67.620000,48.075100,3.016600,145.022600,5,burst,Dynamic,959
2026-06-01 03:46:20,0.000000,0.450000,0.000000,0.000000,0.000000,67.620000,48.055900,2.967600,142.610700,5,burst,Dynamic,960
2026-06-01 03:46:21,0.203700,0.000000,0.587857,4.965840,0.002480,67.626000,48.059800,3.389100,162.774300,5,burst,Dynamic,961
2026-06-01 03:46:22,0.600000,0.000000,0.000000,11.871500,0.005900,67.618000,47.787700,8.354600,399.192800,5,burst,Dynamic,962
2026-06-01 03:46:23,0.000000,0.000000,-0.571429,0.000000,0.000000,67.608000,47.944100,5.869700,281.274800,5,burst,Dynamic,963
2026-06-01 03:46:24,0.000000,0.450000,0.000000,0.000000,0.000000,67.608000,48.052200,3.247300,156.041200,5,burst,Dynamic,964
2026-06-01 03:46:25,0.000000,0.500000,0.000000,0.000000,0.000000,67.593000,48.066600,3.100400,149.025300,5,burst,Dynamic,965
2026-06-01 03:46:26,0.000000,0.500000,0.000000,0.000000,0.000000,67.590000,48.059400,3.012600,144.784000,5,burst,Dynamic,966
2026-06-01 03:46:27,0.000000,0.500000,0.000000,0.000000,0.000000,67.630000,48.076800,3.042500,146.273700,5,burst,Dynamic,967
2026-06-01 03:46:28,0.000000,0.500000,0.000000,0.000000,0.000000,67.603000,48.072900,3.006200,144.516300,5,burst,Dynamic,968
2026-06-01 03:46:29,0.000000,0.500000,0.000000,0.000000,0.000000,67.654000,48.073800,3.002500,144.340700,5,burst,Dynamic,969
2026-06-01 03:46:30,0.000000,0.300000,0.000000,0.000000,0.000000,67.628000,48.074200,2.724000,130.948100,5,burst,Dynamic,970
2026-06-01 03:46:31,0.465900,0.000000,0.611428,10.130220,0.005040,67.650000,47.930200,5.970800,286.042000,5,burst,Dynamic,971
2026-06-01 03:46:32,0.420000,0.000000,-0.571429,8.310050,0.004130,67.633000,47.782900,8.772200,419.122400,5,burst,Dynamic,972
2026-06-01 03:46:33,0.000000,0.150000,0.000000,0.000000,0.000000,67.624000,47.981300,4.419700,212.023500,5,burst,Dynamic,973
2026-06-01 03:46:34,0.000000,0.500000,0.000000,0.000000,0.000000,67.632000,48.069000,3.313300,159.267700,5,burst,Dynamic,974
2026-06-01 03:46:35,0.000000,0.500000,0.000000,0.000000,0.000000,67.636000,48.066300,3.106500,149.317600,5,burst,Dynamic,975
2026-06-01 03:46:36,0.000000,0.500000,0.000000,0.000000,0.000000,67.606000,48.062600,3.041200,146.167900,5,burst,Dynamic,976
2026-06-01 03:46:37,0.000000,0.500000,0.000000,0.000000,0.000000,67.622000,48.074200,3.040700,146.179400,5,burst,Dynamic,977
2026-06-01 03:46:38,0.000000,0.500000,0.000000,0.000000,0.000000,67.622000,48.069000,2.979500,143.221900,5,burst,Dynamic,978
2026-06-01 03:46:39,0.000000,0.500000,0.000000,0.000000,0.000000,67.620000,48.070600,3.017600,145.058200,5,burst,Dynamic,979
2026-06-01 03:46:40,0.046800,0.100000,0.353571,1.311680,0.000660,67.596000,48.056400,2.824300,135.697000,5,burst,Dynamic,980
2026-06-01 03:46:41,0.594900,0.000000,0.248571,12.291660,0.006120,67.600000,47.844300,7.367900,352.409300,5,burst,Dynamic,981
2026-06-01 03:46:42,0.240000,0.000000,-0.571429,4.748600,0.002360,67.573000,47.838800,7.852900,375.567000,5,burst,Dynamic,982
2026-06-01 03:46:43,0.000000,0.300000,0.000000,0.000000,0.000000,67.568000,48.031200,3.770300,181.083500,5,burst,Dynamic,983
2026-06-01 03:46:44,0.000000,0.500000,0.000000,0.000000,0.000000,67.600000,48.049111,3.250111,156.164333,5,burst,Dynamic,984
2026-06-01 03:46:45,0.000000,0.500000,0.000000,0.000000,0.000000,67.595455,48.041455,3.077636,147.854364,5,burst,Dynamic,985
2026-06-01 03:46:46,0.000000,0.500000,0.000000,0.000000,0.000000,67.582000,48.067900,3.061000,147.135600,5,burst,Dynamic,986
2026-06-01 03:46:47,0.000000,0.500000,0.000000,0.000000,0.000000,67.590000,48.085556,3.024556,145.437000,5,burst,Dynamic,987
2026-06-01 03:46:48,0.000000,0.500000,0.000000,0.000000,0.000000,67.589091,48.073909,2.974455,142.993455,5,burst,Dynamic,988
2026-06-01 03:46:49,0.000000,0.444444,0.000000,0.000000,0.000000,67.580000,48.072111,2.940556,141.356111,5,burst,Dynamic,989
2026-06-01 03:46:50,0.227700,0.000000,0.611428,5.481910,0.002740,67.580000,48.040300,3.707600,178.006600,5,burst,Dynamic,990
2026-06-01 03:46:51,0.600000,0.000000,0.000000,11.871500,0.005900,67.573636,47.778182,8.705000,415.854727,5,burst,Dynamic,991
2026-06-01 03:46:52,0.000000,0.000000,-0.634921,0.000000,0.000000,67.564444,47.923778,5.706222,273.341222,5,burst,Dynamic,992
2026-06-01 03:46:53,0.000000,0.454545,0.000000,0.000000,0.000000,67.552727,48.041000,3.465091,166.464909,5,burst,Dynamic,993
2026-06-01 03:46:54,0.000000,0.500000,0.000000,0.000000,0.000000,67.560000,48.056600,3.182600,152.944300,5,burst,Dynamic,994
2026-06-01 03:46:55,0.000000,0.500000,0.000000,0.000000,0.000000,67.553333,48.065778,3.046222,146.419000,5,burst,Dynamic,995
2026-06-01 03:46:56,0.000000,0.500000,0.000000,0.000000,0.000000,67.542727,48.062545,3.037909,146.009545,5,burst,Dynamic,996
2026-06-01 03:46:57,0.000000,0.500000,0.000000,0.000000,0.000000,67.542000,48.065600,3.033000,145.782400,5,burst,Dynamic,997
2026-06-01 03:46:58,0.000000,0.500000,0.000000,0.000000,0.000000,67.547000,48.056700,3.019400,145.101800,5,burst,Dynamic,998
2026-06-01 03:46:59,0.000000,0.277778,0.000000,0.000000,0.000000,67.540000,48.069889,2.625444,126.199333,5,burst,Dynamic,999
2026-06-01 03:47:00,0.480273,0.000000,0.555844,10.397400,0.005173,67.539091,47.901909,6.226455,298.119364,5,burst,Dynamic,1000
2026-06-01 03:47:01,0.360000,0.000000,-0.571429,7.122900,0.003540,67.530000,47.799300,8.474600,404.995800,5,burst,Dynamic,1001
2026-06-01 03:47:02,0.000000,0.116667,0.000000,0.000000,0.000000,67.521111,48.010889,4.037556,193.820667,5,burst,Dynamic,1002
2026-06-01 03:47:03,0.000000,0.500000,0.000000,0.000000,0.000000,67.520000,48.045727,3.199182,153.706364,5,burst,Dynamic,1003
2026-06-01 03:47:04,0.000000,0.500000,0.000000,0.000000,0.000000,67.520000,48.053900,3.059800,147.034800,5,burst,Dynamic,1004
2026-06-01 03:47:05,0.000000,0.500000,0.000000,0.000000,0.000000,67.512000,48.059600,3.062100,147.163900,5,burst,Dynamic,1005
2026-06-01 03:47:06,0.000000,0.500000,0.000000,0.000000,0.000000,67.510000,48.064300,3.004900,144.427900,5,burst,Dynamic,1006
2026-06-01 03:47:07,0.000000,0.500000,0.000000,0.000000,0.000000,67.501111,48.060667,2.989000,143.653444,5,burst,Dynamic,1007
2026-06-01 03:47:08,0.000000,0.500000,0.000000,0.000000,0.000000,67.506364,48.075727,3.023091,145.337182,5,burst,Dynamic,1008
2026-06-01 03:47:09,0.168300,0.050000,0.611429,4.297840,0.002140,67.500000,48.044200,3.467300,166.485800,5,burst,Dynamic,1009
2026-06-01 03:47:10,0.600000,0.000000,0.000000,11.871500,0.005900,67.496000,47.792500,8.375800,400.257800,5,burst,Dynamic,1010
2026-06-01 03:47:11,0.120000,0.000000,-0.571429,2.374300,0.001180,67.488000,47.881500,6.648300,318.198300,5,burst,Dynamic,1011
2026-06-01 03:47:12,0.000000,0.400000,0.000000,0.000000,0.000000,67.480000,48.047000,3.547400,170.439500,5,burst,Dynamic,1012
2026-06-01 03:47:13,0.000000,0.500000,0.000000,0.000000,0.000000,67.480000,48.044700,3.170600,152.330200,5,burst,Dynamic,1013
2026-06-01 03:47:14,0.000000,0.500000,0.000000,0.000000,0.000000,67.479000,48.059600,3.058000,146.965700,5,burst,Dynamic,1014
2026-06-01 03:47:15,0.000000,0.500000,0.000000,0.000000,0.000000,67.470000,48.056889,3.026556,145.446667,5,burst,Dynamic,1015
2026-06-01 03:47:16,0.000000,0.500000,0.000000,0.000000,0.000000,67.470000,48.068909,3.010273,144.700636,5,burst,Dynamic,1016
2026-06-01 03:47:17,0.000000,0.500000,0.000000,0.000000,0.000000,67.470000,48.062556,2.993556,143.877556,5,burst,Dynamic,1017
2026-06-01 03:47:18,0.000000,0.363636,0.000000,0.000000,0.000000,67.464545,48.070000,2.803909,134.779091,5,burst,Dynamic,1018
2026-06-01 03:47:19,0.415500,0.000000,0.573571,9.091050,0.004540,67.460000,47.927200,5.405700,258.901400,5,burst,Dynamic,1019
2026-06-01 03:47:20,0.533333,0.000000,-0.634921,10.552444,0.005244,67.453333,47.749667,9.099222,434.469111,5,burst,Dynamic,1020
2026-06-01 03:47:21,0.000000,0.113636,0.000000,0.000000,0.000000,67.446364,47.978273,4.903909,235.207000,5,burst,Dynamic,1021
2026-06-01 03:47:22,0.000000,0.500000,0.000000,0.000000,0.000000,67.386667,48.011556,3.336000,160.165222,5,burst,Dynamic,1022
2026-06-01 03:47:23,0.000000,0.500000,0.000000,0.000000,0.000000,67.416000,48.046800,3.138700,150.803400,5,burst,Dynamic,1023
2026-06-01 03:47:24,0.000000,0.500000,0.000000,0.000000,0.000000,67.362000,48.047400,3.050300,146.558900,5,burst,Dynamic,1024
2026-06-01 03:47:25,0.000000,0.500000,0.000000,0.000000,0.000000,67.398000,48.042600,3.012000,144.703600,5,burst,Dynamic,1025
2026-06-01 03:47:26,0.000000,0.500000,0.000000,0.000000,0.000000,67.386364,48.050545,3.032455,145.711727,5,burst,Dynamic,1026
2026-06-01 03:47:27,0.000000,0.500000,0.000000,0.000000,0.000000,67.375556,48.060556,3.003444,144.347667,5,burst,Dynamic,1027
2026-06-01 03:47:28,0.023160,0.100000,0.211571,0.680580,0.000350,67.340000,48.059800,2.591800,124.554600,5,burst,Dynamic,1028
2026-06-01 03:47:29,0.582900,0.000000,0.362857,12.254130,0.006100,67.339000,47.843300,7.016400,335.586500,5,burst,Dynamic,1029
2026-06-01 03:47:30,0.180000,0.000000,-0.571429,3.561450,0.001770,67.330000,47.827300,7.524000,359.689400,5,burst,Dynamic,1030
2026-06-01 03:47:31,0.000000,0.325000,0.000000,0.000000,0.000000,67.348000,48.009700,3.712500,178.236200,5,burst,Dynamic,1031
2026-06-01 03:47:32,0.000000,0.500000,0.000000,0.000000,0.000000,67.344000,48.045200,3.190500,153.288900,5,burst,Dynamic,1032
2026-06-01 03:47:33,0.000000,0.500000,0.000000,0.000000,0.000000,67.392000,48.041400,3.095000,148.687400,5,burst,Dynamic,1033
2026-06-01 03:47:34,0.000000,0.500000,0.000000,0.000000,0.000000,67.324000,48.043600,2.998400,144.053700,5,burst,Dynamic,1034
2026-06-01 03:47:35,0.000000,0.500000,0.000000,0.000000,0.000000,67.334000,48.039100,2.986300,143.459100,5,burst,Dynamic,1035
2026-06-01 03:47:36,0.000000,0.500000,0.000000,0.000000,0.000000,67.346364,48.033273,3.014000,144.771909,5,burst,Dynamic,1036
2026-06-01 03:47:37,0.000000,0.394444,0.000000,0.000000,0.000000,67.345556,48.053667,2.916333,140.140444,5,burst,Dynamic,1037
2026-06-01 03:47:38,0.308640,0.000000,0.611429,7.077910,0.003530,67.302000,47.977700,4.297200,206.003000,5,burst,Dynamic,1038
2026-06-01 03:47:39,0.546000,0.000000,-0.514286,10.803060,0.005370,67.296000,47.744500,8.896800,424.740900,5,burst,Dynamic,1039
2026-06-01 03:47:40,0.000000,0.050000,-0.057143,0.000000,0.000000,67.290000,47.914400,5.497600,263.335300,5,burst,Dynamic,1040
2026-06-01 03:47:41,0.000000,0.500000,0.000000,0.000000,0.000000,67.323000,48.023500,3.394700,163.022500,5,burst,Dynamic,1041
2026-06-01 03:47:42,0.000000,0.500000,0.000000,0.000000,0.000000,67.288000,48.038500,3.120000,149.880100,5,burst,Dynamic,1042
2026-06-01 03:47:43,0.000000,0.500000,0.000000,0.000000,0.000000,67.352000,48.044100,3.043900,146.241900,5,burst,Dynamic,1043
2026-06-01 03:47:44,0.000000,0.500000,0.000000,0.000000,0.000000,67.275000,48.035000,3.019500,145.042000,5,burst,Dynamic,1044
2026-06-01 03:47:45,0.000000,0.500000,0.000000,0.000000,0.000000,67.302000,48.031200,3.022400,145.169400,5,burst,Dynamic,1045
2026-06-01 03:47:46,0.000000,0.500000,0.000000,0.000000,0.000000,67.286000,48.022100,3.009200,144.508200,5,burst,Dynamic,1046
2026-06-01 03:47:47,0.003300,0.205000,0.031429,0.072780,0.000040,67.326000,48.070200,2.669600,128.321800,5,burst,Dynamic,1047
2026-06-01 03:47:48,0.545340,0.000000,0.580000,11.704040,0.005830,67.318000,47.863600,6.613400,316.413400,5,burst,Dynamic,1048
2026-06-01 03:47:49,0.312000,0.000000,-0.571429,6.173180,0.003070,67.318000,47.779400,8.480100,405.091900,5,burst,Dynamic,1049
2026-06-01 03:47:50,0.000000,0.200000,0.000000,0.000000,0.000000,67.274000,47.991100,4.020700,192.920900,5,burst,Dynamic,1050
2026-06-01 03:47:51,0.000000,0.500000,0.000000,0.000000,0.000000,67.248000,48.027200,3.189300,153.172200,5,burst,Dynamic,1051
2026-06-01 03:47:52,0.000000,0.500000,0.000000,0.000000,0.000000,67.256000,48.016800,3.093200,148.525600,5,burst,Dynamic,1052
2026-06-01 03:47:53,0.000000,0.500000,0.000000,0.000000,0.000000,67.288000,48.038500,3.003600,144.288100,5,burst,Dynamic,1053
2026-06-01 03:47:54,0.000000,0.500000,0.000000,0.000000,0.000000,67.233000,48.035600,3.006300,144.409700,5,burst,Dynamic,1054
2026-06-01 03:47:55,0.000000,0.500000,0.000000,0.000000,0.000000,67.230000,48.026400,2.989000,143.550400,5,burst,Dynamic,1055
2026-06-01 03:47:56,0.000000,0.500000,0.000000,0.000000,0.000000,67.230000,48.042600,3.001200,144.184900,5,burst,Dynamic,1056
2026-06-01 03:47:57,0.089700,0.050000,0.511429,2.444940,0.001220,67.229000,48.048400,2.751000,132.153500,5,burst,Dynamic,1057
2026-06-01 03:47:58,0.600000,0.000000,0.100000,12.088100,0.006010,67.220000,47.811200,7.539200,360.372500,5,burst,Dynamic,1058
2026-06-01 03:47:59,0.180000,0.000000,-0.571429,3.561450,0.001770,67.211000,47.801500,7.679200,366.903800,5,burst,Dynamic,1059
2026-06-01 03:48:00,0.000000,0.350000,0.000000,0.000000,0.000000,67.217000,47.995500,3.703800,177.762800,5,burst,Dynamic,1060
2026-06-01 03:48:01,0.000000,0.500000,0.000000,0.000000,0.000000,67.250000,48.033100,3.184800,152.975800,5,burst,Dynamic,1061
2026-06-01 03:48:02,0.000000,0.500000,0.000000,0.000000,0.000000,67.240000,48.026500,3.077300,147.792700,5,burst,Dynamic,1062
2026-06-01 03:48:03,0.000000,0.500000,0.000000,0.000000,0.000000,67.216000,48.027100,3.028200,145.435400,5,burst,Dynamic,1063
2026-06-01 03:48:04,0.000000,0.500000,0.000000,0.000000,0.000000,67.251000,48.043000,2.984100,143.364600,5,burst,Dynamic,1064
2026-06-01 03:48:05,0.000000,0.500000,0.000000,0.000000,0.000000,67.206000,48.032800,3.015100,144.823300,5,burst,Dynamic,1065
2026-06-01 03:48:06,0.000000,0.350000,0.000000,0.000000,0.000000,67.222000,48.041400,2.844400,136.647400,5,burst,Dynamic,1066
2026-06-01 03:48:07,0.337500,0.000000,0.611429,7.591890,0.003780,67.187000,47.969000,4.150400,198.917600,5,burst,Dynamic,1067
2026-06-01 03:48:08,0.480000,0.000000,-0.571429,9.497200,0.004720,67.178000,47.726100,8.667100,413.626700,5,burst,Dynamic,1068
2026-06-01 03:48:09,0.000000,0.100000,0.000000,0.000000,0.000000,67.170000,47.947500,4.939100,236.730100,5,burst,Dynamic,1069
2026-06-01 03:48:10,0.000000,0.500000,0.000000,0.000000,0.000000,67.186000,48.027900,3.341500,160.485900,5,burst,Dynamic,1070
2026-06-01 03:48:11,0.000000,0.500000,0.000000,0.000000,0.000000,67.203000,48.036300,3.127300,150.222900,5,burst,Dynamic,1071
2026-06-01 03:48:12,0.000000,0.500000,0.000000,0.000000,0.000000,67.200000,48.043300,3.039900,146.046400,5,burst,Dynamic,1072
2026-06-01 03:48:13,0.000000,0.500000,0.000000,0.000000,0.000000,67.176000,48.018400,3.052300,146.566400,5,burst,Dynamic,1073
2026-06-01 03:48:14,0.000000,0.500000,0.000000,0.000000,0.000000,67.205000,48.024500,2.989000,143.545100,5,burst,Dynamic,1074
2026-06-01 03:48:15,0.000000,0.500000,0.000000,0.000000,0.000000,67.166000,48.045900,2.979000,143.128900,5,burst,Dynamic,1075
2026-06-01 03:48:16,0.013500,0.150000,0.128571,0.361790,0.000180,67.230000,48.044400,2.609500,125.365000,5,burst,Dynamic,1076
2026-06-01 03:48:17,0.565800,0.000000,0.482857,12.089070,0.006020,67.226000,47.839000,7.056700,337.483800,5,burst,Dynamic,1077
2026-06-01 03:48:18,0.300000,0.000000,-0.571429,5.935750,0.002950,67.216000,47.782400,8.099600,386.905300,5,burst,Dynamic,1078
2026-06-01 03:48:19,0.000000,0.200000,0.000000,0.000000,0.000000,67.202000,48.005900,3.762000,180.571400,5,burst,Dynamic,1079
2026-06-01 03:48:20,0.000000,0.500000,0.000000,0.000000,0.000000,67.138000,48.002100,3.179600,152.627100,5,burst,Dynamic,1080
2026-06-01 03:48:21,0.000000,0.500000,0.000000,0.000000,0.000000,67.195000,48.029300,3.039900,146.004300,5,burst,Dynamic,1081
2026-06-01 03:48:22,0.000000,0.500000,0.000000,0.000000,0.000000,67.160000,48.024700,3.024300,145.242100,5,burst,Dynamic,1082
2026-06-01 03:48:23,0.000000,0.500000,0.000000,0.000000,0.000000,67.152000,48.032000,3.018800,145.000000,5,burst,Dynamic,1083
2026-06-01 03:48:24,0.000000,0.500000,0.000000,0.000000,0.000000,67.173000,48.030500,2.967300,142.520500,5,burst,Dynamic,1084
2026-06-01 03:48:25,0.000000,0.500000,0.000000,0.000000,0.000000,67.150000,48.014300,2.983100,143.228800,5,burst,Dynamic,1085
2026-06-01 03:48:26,0.225300,0.000000,0.580714,5.374830,0.002680,67.190000,47.976900,3.822400,183.272400,5,burst,Dynamic,1086
2026-06-01 03:48:27,0.600000,0.000000,0.000000,11.871500,0.005900,67.183000,47.749600,8.609900,411.087700,5,burst,Dynamic,1087
2026-06-01 03:48:28,0.000000,0.000000,-0.714286,0.000000,0.000000,67.166000,47.911000,5.437000,260.394100,5,burst,Dynamic,1088
2026-06-01 03:48:29,0.000000,0.500000,0.000000,0.000000,0.000000,67.162000,48.018000,3.334600,160.122500,5,burst,Dynamic,1089
2026-06-01 03:48:30,0.000000,0.500000,0.000000,0.000000,0.000000,67.114000,48.013600,3.169100,152.159200,5,burst,Dynamic,1090
2026-06-01 03:48:31,0.000000,0.500000,0.000000,0.000000,0.000000,67.148000,48.021900,3.066900,147.277200,5,burst,Dynamic,1091
2026-06-01 03:48:32,0.000000,0.500000,0.000000,0.000000,0.000000,67.128000,48.022300,3.000100,144.071400,5,burst,Dynamic,1092
2026-06-01 03:48:33,0.000000,0.500000,0.000000,0.000000,0.000000,67.104000,48.018700,2.983900,143.282800,5,burst,Dynamic,1093
2026-06-01 03:48:34,0.000000,0.500000,0.000000,0.000000,0.000000,67.142000,48.023700,3.010000,144.550500,5,burst,Dynamic,1094
2026-06-01 03:48:35,0.000000,0.200000,0.000000,0.000000,0.000000,67.094000,48.044200,2.643900,127.013900,5,burst,Dynamic,1095
2026-06-01 03:48:36,0.519900,0.000000,0.600714,11.173160,0.005570,67.094000,47.876600,6.070300,290.479000,5,burst,Dynamic,1096
2026-06-01 03:48:37,0.360000,0.000000,-0.571429,7.122900,0.003540,67.060000,47.735100,8.711300,415.774900,5,burst,Dynamic,1097
2026-06-01 03:48:38,0.000000,0.150000,0.000000,0.000000,0.000000,67.059000,47.965900,4.227700,202.744000,5,burst,Dynamic,1098
2026-06-01 03:48:39,0.000000,0.500000,0.000000,0.000000,0.000000,67.130000,48.012000,3.147300,151.108500,5,burst,Dynamic,1099
2026-06-01 03:48:40,0.000000,0.500000,0.000000,0.000000,0.000000,67.066000,48.027700,3.067600,147.329200,5,burst,Dynamic,1100
2026-06-01 03:48:41,0.000000,0.500000,0.000000,0.000000,0.000000,67.116000,48.022900,3.014500,144.764500,5,burst,Dynamic,1101
2026-06-01 03:48:42,0.000000,0.500000,0.000000,0.000000,0.000000,67.096000,48.021300,3.030800,145.542600,5,burst,Dynamic,1102
2026-06-01 03:48:43,0.000000,0.500000,0.000000,0.000000,0.000000,67.072000,48.022000,3.003400,144.229000,5,burst,Dynamic,1103
2026-06-01 03:48:44,0.000000,0.500000,0.000000,0.000000,0.000000,67.083333,48.034444,2.983889,143.329556,5,burst,Dynamic,1104
2026-06-01 03:48:45,0.092455,0.090909,0.503247,2.593709,0.001291,67.110000,48.041455,2.969273,142.595273,5,burst,Dynamic,1105
2026-06-01 03:48:46,0.600000,0.000000,0.048571,11.976700,0.005960,67.108000,47.781700,7.970500,380.779700,5,burst,Dynamic,1106
2026-06-01 03:48:47,0.180000,0.000000,-0.571429,3.561450,0.001770,67.100000,47.813500,7.172400,342.756300,5,burst,Dynamic,1107
2026-06-01 03:48:48,0.000000,0.350000,0.000000,0.000000,0.000000,67.075000,47.988800,3.585200,172.045700,5,burst,Dynamic,1108
2026-06-01 03:48:49,0.000000,0.500000,0.000000,0.000000,0.000000,67.090000,48.018000,3.200200,153.666500,5,burst,Dynamic,1109
2026-06-01 03:48:50,0.000000,0.500000,0.000000,0.000000,0.000000,67.058000,48.004100,3.087800,148.225500,5,burst,Dynamic,1110
2026-06-01 03:48:51,0.000000,0.500000,0.000000,0.000000,0.000000,67.082000,48.016500,3.049100,146.406200,5,burst,Dynamic,1111
2026-06-01 03:48:52,0.000000,0.500000,0.000000,0.000000,0.000000,67.080000,48.008556,2.983444,143.230556,5,burst,Dynamic,1112
2026-06-01 03:48:53,0.000000,0.500000,0.000000,0.000000,0.000000,67.080000,48.035000,2.978545,143.074818,5,burst,Dynamic,1113
2026-06-01 03:48:54,0.000000,0.433333,0.000000,0.000000,0.000000,67.077778,48.019111,2.910222,139.742667,5,burst,Dynamic,1114
2026-06-01 03:48:55,0.235500,0.000000,0.571429,5.593150,0.002800,67.046000,47.980800,3.691400,176.967500,5,burst,Dynamic,1115
2026-06-01 03:48:56,0.570000,0.000000,-0.285714,11.277920,0.005610,67.033000,47.739700,8.547700,408.037400,5,burst,Dynamic,1116
2026-06-01 03:48:57,0.000000,0.040000,-0.285714,0.000000,0.000000,67.012000,47.889800,5.357800,256.505600,5,burst,Dynamic,1117
2026-06-01 03:48:58,0.000000,0.500000,0.000000,0.000000,0.000000,67.021818,47.988273,3.366545,161.552727,5,burst,Dynamic,1118
2026-06-01 03:48:59,0.000000,0.500000,0.000000,0.000000,0.000000,67.014444,48.032000,3.134444,150.553222,5,burst,Dynamic,1119
2026-06-01 03:49:00,0.000000,0.500000,0.000000,0.000000,0.000000,67.042000,48.016400,3.037400,145.844600,5,burst,Dynamic,1120
2026-06-01 03:49:01,0.000000,0.500000,0.000000,0.000000,0.000000,67.005000,48.012700,3.031500,145.550900,5,burst,Dynamic,1121
2026-06-01 03:49:02,0.000000,0.500000,0.000000,0.000000,0.000000,67.032000,48.005600,2.973500,142.744300,5,burst,Dynamic,1122
2026-06-01 03:49:03,0.000000,0.500000,0.000000,0.000000,0.000000,67.018182,48.019545,3.011727,144.622000,5,burst,Dynamic,1123
2026-06-01 03:49:04,0.002160,0.180000,0.020571,0.044970,0.000020,67.040000,48.033500,2.523700,121.218200,5,burst,Dynamic,1124
2026-06-01 03:49:05,0.538440,0.000000,0.590714,11.557000,0.005750,67.031000,47.857500,6.515000,311.693000,5,burst,Dynamic,1125
2026-06-01 03:49:06,0.306667,0.000000,-0.634921,6.067656,0.003022,67.023333,47.744333,8.162778,389.643333,5,burst,Dynamic,1126
2026-06-01 03:49:07,0.000000,0.160000,0.000000,0.000000,0.000000,67.004000,47.974600,3.912000,187.654500,5,burst,Dynamic,1127
2026-06-01 03:49:08,0.000000,0.500000,0.000000,0.000000,0.000000,66.980000,48.013800,3.137700,150.652300,5,burst,Dynamic,1128
2026-06-01 03:49:09,0.000000,0.500000,0.000000,0.000000,0.000000,66.962000,48.011100,3.030900,145.516400,5,burst,Dynamic,1129
2026-06-01 03:49:10,0.000000,0.500000,0.000000,0.000000,0.000000,66.994000,48.001600,3.018400,144.887900,5,burst,Dynamic,1130
2026-06-01 03:49:11,0.000000,0.500000,0.000000,0.000000,0.000000,66.968000,48.008300,3.031900,145.556300,5,burst,Dynamic,1131
2026-06-01 03:49:12,0.000000,0.500000,0.000000,0.000000,0.000000,66.984000,48.016000,2.989000,143.520200,5,burst,Dynamic,1132
2026-06-01 03:49:13,0.000000,0.500000,0.000000,0.000000,0.000000,66.960000,48.010300,2.993500,143.718300,5,burst,Dynamic,1133
2026-06-01 03:49:14,0.166255,0.031818,0.555844,4.115064,0.002055,67.000000,48.005818,3.250364,155.951636,5,burst,Dynamic,1134
2026-06-01 03:49:15,0.600000,0.000000,0.000000,11.871500,0.005900,66.990000,47.744100,8.302900,396.365400,5,burst,Dynamic,1135
2026-06-01 03:49:16,0.042000,0.000000,-0.571429,0.831000,0.000420,66.981000,47.861400,5.897500,282.140900,5,burst,Dynamic,1136
2026-06-01 03:49:17,0.000000,0.433333,0.000000,0.000000,0.000000,66.980000,48.008000,3.229222,155.028333,5,burst,Dynamic,1137
2026-06-01 03:49:18,0.000000,0.500000,0.000000,0.000000,0.000000,66.947273,48.001727,3.105455,149.066545,5,burst,Dynamic,1138
2026-06-01 03:49:19,0.000000,0.500000,0.000000,0.000000,0.000000,66.943333,48.012889,3.036778,145.803667,5,burst,Dynamic,1139
2026-06-01 03:49:20,0.000000,0.500000,0.000000,0.000000,0.000000,66.954000,48.000500,3.024600,145.182700,5,burst,Dynamic,1140
2026-06-01 03:49:21,0.000000,0.500000,0.000000,0.000000,0.000000,66.905000,47.995300,3.018100,144.854200,5,burst,Dynamic,1141
2026-06-01 03:49:22,0.000000,0.500000,0.000000,0.000000,0.000000,66.930000,48.002800,3.005900,144.291300,5,burst,Dynamic,1142
2026-06-01 03:49:23,0.000000,0.375000,0.000000,0.000000,0.000000,66.904000,48.021300,2.869700,137.803800,5,burst,Dynamic,1143
2026-06-01 03:49:24,0.300600,0.000000,0.611286,6.849500,0.003410,66.960000,47.961600,4.169800,199.804500,5,burst,Dynamic,1144
2026-06-01 03:49:25,0.558000,0.000000,-0.400000,11.040490,0.005490,66.951000,47.718600,8.867400,423.123200,5,burst,Dynamic,1145
2026-06-01 03:49:26,0.000000,0.015000,-0.171429,0.000000,0.000000,66.941000,47.873800,5.510200,263.683800,5,burst,Dynamic,1146
2026-06-01 03:49:27,0.000000,0.500000,0.000000,0.000000,0.000000,66.924000,47.982100,3.430100,164.580200,5,burst,Dynamic,1147
2026-06-01 03:49:28,0.000000,0.500000,0.000000,0.000000,0.000000,66.878000,47.991400,3.168300,152.051500,5,burst,Dynamic,1148
2026-06-01 03:49:29,0.000000,0.500000,0.000000,0.000000,0.000000,66.890000,48.008000,3.031300,145.527500,5,burst,Dynamic,1149
2026-06-01 03:49:30,0.000000,0.500000,0.000000,0.000000,0.000000,66.914000,48.010300,3.002200,144.136000,5,burst,Dynamic,1150
2026-06-01 03:49:31,0.000000,0.500000,0.000000,0.000000,0.000000,66.880000,48.006500,3.009800,144.489700,5,burst,Dynamic,1151
2026-06-01 03:49:32,0.000000,0.500000,0.000000,0.000000,0.000000,66.913000,48.011100,3.003900,144.220100,5,burst,Dynamic,1152
2026-06-01 03:49:33,0.022200,0.180000,0.202857,0.630850,0.000320,66.840000,48.020300,2.727400,130.953500,5,burst,Dynamic,1153
2026-06-01 03:49:34,0.581040,0.000000,0.407714,12.284150,0.006120,66.843000,47.785500,7.127900,340.503700,5,burst,Dynamic,1154
2026-06-01 03:49:35,0.276000,0.000000,-0.571429,5.460890,0.002720,66.834000,47.751500,8.111200,387.195900,5,burst,Dynamic,1155
2026-06-01 03:49:36,0.000000,0.285000,0.000000,0.000000,0.000000,66.836000,47.960600,3.881900,186.166100,5,burst,Dynamic,1156
2026-06-01 03:49:37,0.000000,0.500000,0.000000,0.000000,0.000000,66.900000,47.978600,3.259600,156.391300,5,burst,Dynamic,1157
2026-06-01 03:49:38,0.000000,0.500000,0.000000,0.000000,0.000000,66.852000,47.999900,3.082000,147.935300,5,burst,Dynamic,1158
2026-06-01 03:49:39,0.000000,0.500000,0.000000,0.000000,0.000000,66.850000,47.995000,3.031600,145.502000,5,burst,Dynamic,1159
2026-06-01 03:49:40,0.000000,0.500000,0.000000,0.000000,0.000000,66.868182,48.002909,3.035545,145.715455,5,burst,Dynamic,1160
2026-06-01 03:49:41,0.000000,0.500000,0.000000,0.000000,0.000000,66.823333,47.991333,3.007778,144.347778,5,burst,Dynamic,1161
2026-06-01 03:49:42,0.000000,0.410000,0.000000,0.000000,0.000000,66.864000,48.008900,2.907200,139.567300,5,burst,Dynamic,1162
2026-06-01 03:49:43,0.243240,0.000000,0.610571,5.778850,0.002880,66.880000,47.957600,3.694600,177.062500,5,burst,Dynamic,1163
2026-06-01 03:49:44,0.600000,0.000000,0.000000,11.871500,0.005900,66.874000,47.717300,8.662600,413.307000,5,burst,Dynamic,1164
2026-06-01 03:49:45,0.042000,0.000000,-0.614286,0.831000,0.000420,66.840000,47.845600,6.002700,287.062600,5,burst,Dynamic,1165
2026-06-01 03:49:46,0.000000,0.440000,0.000000,0.000000,0.000000,66.796000,47.967400,3.269800,156.842900,5,burst,Dynamic,1166
2026-06-01 03:49:47,0.000000,0.500000,0.000000,0.000000,0.000000,66.860000,47.995400,3.108600,149.199200,5,burst,Dynamic,1167
2026-06-01 03:49:48,0.000000,0.500000,0.000000,0.000000,0.000000,66.796000,47.995600,3.029900,145.422300,5,burst,Dynamic,1168
2026-06-01 03:49:49,0.000000,0.500000,0.000000,0.000000,0.000000,66.818000,48.001800,2.989900,143.520700,5,burst,Dynamic,1169
2026-06-01 03:49:50,0.000000,0.500000,0.000000,0.000000,0.000000,66.810000,48.000600,3.006900,144.332600,5,burst,Dynamic,1170
2026-06-01 03:49:51,0.000000,0.500000,0.000000,0.000000,0.000000,66.797000,48.010000,2.996500,143.861800,5,burst,Dynamic,1171
2026-06-01 03:49:52,0.000000,0.250000,0.000000,0.000000,0.000000,66.800000,48.013000,2.685900,128.950600,5,burst,Dynamic,1172
2026-06-01 03:49:53,0.484500,0.000000,0.573571,10.454730,0.005210,66.824000,47.851900,6.020200,287.942800,5,burst,Dynamic,1173
2026-06-01 03:49:54,0.360000,0.000000,-0.571429,7.122900,0.003540,66.822000,47.728900,8.732700,416.760900,5,burst,Dynamic,1174
2026-06-01 03:49:55,0.000000,0.200000,0.000000,0.000000,0.000000,66.749000,47.936000,4.329300,207.494400,5,burst,Dynamic,1175
2026-06-01 03:49:56,0.000000,0.500000,0.000000,0.000000,0.000000,66.740000,47.978500,3.306300,158.630500,5,burst,Dynamic,1176
2026-06-01 03:49:57,0.000000,0.500000,0.000000,0.000000,0.000000,66.755000,47.967600,3.095400,148.479800,5,burst,Dynamic,1177
2026-06-01 03:49:58,0.000000,0.500000,0.000000,0.000000,0.000000,66.730000,47.990800,3.056600,146.688200,5,burst,Dynamic,1178
2026-06-01 03:49:59,0.000000,0.500000,0.000000,0.000000,0.000000,66.730000,47.975800,3.030100,145.372100,5,burst,Dynamic,1179
2026-06-01 03:50:00,0.000000,0.500000,0.000000,0.000000,0.000000,66.730000,47.992500,3.030100,145.422000,5,burst,Dynamic,1180
2026-06-01 03:50:01,0.000000,0.500000,0.000000,0.000000,0.000000,66.723000,47.989900,2.995000,143.730300,5,burst,Dynamic,1181
2026-06-01 03:50:02,0.078300,0.050000,0.448571,2.192900,0.001100,66.720000,48.000700,2.756400,132.273500,5,burst,Dynamic,1182
2026-06-01 03:50:03,0.600000,0.000000,0.122857,12.137610,0.006040,66.717000,47.771700,7.490300,357.758600,5,burst,Dynamic,1183
2026-06-01 03:50:04,0.120000,0.000000,-0.571429,2.374300,0.001180,66.710000,47.790200,7.025700,335.565600,5,burst,Dynamic,1184
2026-06-01 03:50:05,0.000000,0.400000,0.000000,0.000000,0.000000,66.700000,47.975300,3.520200,168.881900,5,burst,Dynamic,1185
2026-06-01 03:50:06,0.000000,0.500000,0.000000,0.000000,0.000000,66.700000,47.967100,3.175700,152.328700,5,burst,Dynamic,1186
2026-06-01 03:50:07,0.000000,0.500000,0.000000,0.000000,0.000000,66.700000,47.974300,3.068300,147.199300,5,burst,Dynamic,1187
2026-06-01 03:50:08,0.000000,0.500000,0.000000,0.000000,0.000000,66.691000,47.979300,3.038200,145.770400,5,burst,Dynamic,1188
2026-06-01 03:50:09,0.000000,0.500000,0.000000,0.000000,0.000000,66.690000,47.990100,3.052400,146.484700,5,burst,Dynamic,1189
2026-06-01 03:50:10,0.000000,0.500000,0.000000,0.000000,0.000000,66.690000,47.990700,2.984400,143.222900,5,burst,Dynamic,1190
2026-06-01 03:50:11,0.000000,0.300000,0.000000,0.000000,0.000000,66.686000,48.001700,2.757300,132.353900,5,burst,Dynamic,1191
2026-06-01 03:50:12,0.377100,0.000000,0.611429,8.391690,0.004180,66.680000,47.905400,4.682000,224.112400,5,burst,Dynamic,1192
2026-06-01 03:50:13,0.420000,0.000000,-0.571429,8.310050,0.004130,66.674000,47.697900,8.596300,409.996400,5,burst,Dynamic,1193
2026-06-01 03:50:14,0.000000,0.150000,0.000000,0.000000,0.000000,66.670000,47.901100,4.566800,218.722200,5,burst,Dynamic,1194
2026-06-01 03:50:15,0.000000,0.500000,0.000000,0.000000,0.000000,66.661000,47.985300,3.312700,158.960600,5,burst,Dynamic,1195
2026-06-01 03:50:16,0.000000,0.500000,0.000000,0.000000,0.000000,66.660000,47.988100,3.098100,148.672400,5,burst,Dynamic,1196
2026-06-01 03:50:17,0.000000,0.500000,0.000000,0.000000,0.000000,66.660000,47.979700,3.037300,145.728200,5,burst,Dynamic,1197
2026-06-01 03:50:18,0.000000,0.500000,0.000000,0.000000,0.000000,66.654000,47.952700,3.000800,143.896200,5,burst,Dynamic,1198
2026-06-01 03:50:19,0.000000,0.500000,0.000000,0.000000,0.000000,66.650000,47.984000,2.990900,143.514600,5,burst,Dynamic,1199
2026-06-01 03:50:20,0.000000,0.500000,0.000000,0.000000,0.000000,66.650000,47.982200,3.010800,144.464800,5,burst,Dynamic,1200
2026-06-01 03:50:21,0.038400,0.100000,0.282857,1.014810,0.000500,66.650000,48.005300,2.568400,123.289200,5,burst,Dynamic,1201
2026-06-01 03:50:22,0.586500,0.000000,0.328571,12.246760,0.006090,66.640000,47.787900,7.066500,337.579300,5,burst,Dynamic,1202
2026-06-01 03:50:23,0.240000,0.000000,-0.571429,4.748600,0.002360,66.632000,47.724500,8.098500,386.385300,5,burst,Dynamic,1203
2026-06-01 03:50:24,0.000000,0.300000,0.000000,0.000000,0.000000,66.630000,47.932700,3.873400,185.651000,5,burst,Dynamic,1204
2026-06-01 03:50:25,0.000000,0.500000,0.000000,0.000000,0.000000,66.620000,47.980700,3.227000,154.833300,5,burst,Dynamic,1205
2026-06-01 03:50:26,0.000000,0.500000,0.000000,0.000000,0.000000,66.620000,47.960400,3.058900,146.706600,5,burst,Dynamic,1206
2026-06-01 03:50:27,0.000000,0.500000,0.000000,0.000000,0.000000,66.620000,47.970900,3.070700,147.303700,5,burst,Dynamic,1207
2026-06-01 03:50:28,0.000000,0.500000,0.000000,0.000000,0.000000,66.646000,47.977100,2.993300,143.608700,5,burst,Dynamic,1208
2026-06-01 03:50:29,0.000000,0.500000,0.000000,0.000000,0.000000,66.663333,47.970889,3.042556,145.954444,5,burst,Dynamic,1209
2026-06-01 03:50:30,0.000000,0.395455,0.000000,0.000000,0.000000,66.682727,47.993364,2.864364,137.467000,5,burst,Dynamic,1210
2026-06-01 03:50:31,0.357000,0.000000,0.572857,7.928450,0.003950,66.687000,47.897900,4.804600,229.959300,5,burst,Dynamic,1211
2026-06-01 03:50:32,0.546667,0.000000,-0.507937,10.816256,0.005378,66.678889,47.680000,9.048444,431.412222,5,burst,Dynamic,1212
2026-06-01 03:50:33,0.000000,0.000000,-0.142857,0.000000,0.000000,66.670000,47.863600,5.494500,262.875800,5,burst,Dynamic,1213
2026-06-01 03:50:34,0.000000,0.485000,0.000000,0.000000,0.000000,66.644000,47.983100,3.277300,157.255800,5,burst,Dynamic,1214
2026-06-01 03:50:35,0.000000,0.500000,0.000000,0.000000,0.000000,66.604000,47.981700,3.079800,147.773600,5,burst,Dynamic,1215
2026-06-01 03:50:36,0.000000,0.500000,0.000000,0.000000,0.000000,66.604000,47.977600,3.018000,144.796300,5,burst,Dynamic,1216
2026-06-01 03:50:37,0.000000,0.500000,0.000000,0.000000,0.000000,66.628000,47.976400,2.994600,143.669500,5,burst,Dynamic,1217
2026-06-01 03:50:38,0.000000,0.500000,0.000000,0.000000,0.000000,66.588000,47.961700,3.030100,145.328700,5,burst,Dynamic,1218
2026-06-01 03:50:39,0.000000,0.500000,0.000000,0.000000,0.000000,66.634000,47.984000,3.004700,144.177100,5,burst,Dynamic,1219
2026-06-01 03:50:40,0.003300,0.205000,0.031429,0.074820,0.000040,66.570000,47.974400,2.674200,128.292800,5,burst,Dynamic,1220
2026-06-01 03:50:41,0.541140,0.000000,0.580000,11.659930,0.005800,66.564000,47.788100,6.593500,314.988500,5,burst,Dynamic,1221
2026-06-01 03:50:42,0.306000,0.000000,-0.585714,6.054460,0.003010,66.571000,47.683000,8.482700,404.410200,5,burst,Dynamic,1222
2026-06-01 03:50:43,0.000000,0.225000,0.000000,0.000000,0.000000,66.574000,47.910000,4.107900,196.791600,5,burst,Dynamic,1223
2026-06-01 03:50:44,0.000000,0.500000,0.000000,0.000000,0.000000,66.594000,47.953200,3.228600,154.821300,5,burst,Dynamic,1224
2026-06-01 03:50:45,0.000000,0.500000,0.000000,0.000000,0.000000,66.572000,47.985200,3.058500,146.762200,5,burst,Dynamic,1225
2026-06-01 03:50:46,0.000000,0.500000,0.000000,0.000000,0.000000,66.556000,47.962200,3.057900,146.662300,5,burst,Dynamic,1226
2026-06-01 03:50:47,0.000000,0.500000,0.000000,0.000000,0.000000,66.612000,47.982000,2.976300,142.809400,5,burst,Dynamic,1227
2026-06-01 03:50:48,0.000000,0.500000,0.000000,0.000000,0.000000,66.539000,47.976400,2.996300,143.751300,5,burst,Dynamic,1228
2026-06-01 03:50:49,0.000000,0.500000,0.000000,0.000000,0.000000,66.562000,47.967600,3.048100,146.210100,5,burst,Dynamic,1229
2026-06-01 03:50:50,0.124500,0.005000,0.573571,3.389500,0.001700,66.530000,47.956700,3.010200,144.312400,5,burst,Dynamic,1230
2026-06-01 03:50:51,0.600000,0.000000,0.000000,11.871500,0.005900,66.521000,47.719200,7.929900,378.327200,5,burst,Dynamic,1231
2026-06-01 03:50:52,0.066000,0.000000,-0.571429,1.305860,0.000650,66.512000,47.790800,6.515600,311.244000,5,burst,Dynamic,1232
2026-06-01 03:50:53,0.000000,0.425000,0.000000,0.000000,0.000000,66.534000,47.933700,3.465800,166.126300,5,burst,Dynamic,1233
2026-06-01 03:50:54,0.000000,0.500000,0.000000,0.000000,0.000000,66.556000,47.962300,3.149800,151.070600,5,burst,Dynamic,1234
2026-06-01 03:50:55,0.000000,0.500000,0.000000,0.000000,0.000000,66.532000,47.973800,3.043600,146.012900,5,burst,Dynamic,1235
2026-06-01 03:50:56,0.000000,0.500000,0.000000,0.000000,0.000000,66.516000,47.973900,3.012200,144.506700,5,burst,Dynamic,1236
2026-06-01 03:50:57,0.000000,0.500000,0.000000,0.000000,0.000000,66.572000,47.982100,2.999500,143.922500,5,burst,Dynamic,1237
2026-06-01 03:50:58,0.000000,0.500000,0.000000,0.000000,0.000000,66.492000,47.971800,2.996900,143.766700,5,burst,Dynamic,1238
2026-06-01 03:50:59,0.000000,0.305000,0.000000,0.000000,0.000000,66.506000,47.975000,2.737900,131.351800,5,burst,Dynamic,1239
2026-06-01 03:51:00,0.368100,0.000000,0.611428,8.207110,0.004090,66.490000,47.886000,4.661700,223.051000,5,burst,Dynamic,1240
2026-06-01 03:51:01,0.426000,0.000000,-0.571429,8.428760,0.004190,66.480000,47.670900,8.606700,410.262000,5,burst,Dynamic,1241
2026-06-01 03:51:02,0.000000,0.150000,0.000000,0.000000,0.000000,66.471000,47.873900,4.590100,219.698700,5,burst,Dynamic,1242
2026-06-01 03:51:03,0.000000,0.500000,0.000000,0.000000,0.000000,66.478000,47.962900,3.280000,157.318100,5,burst,Dynamic,1243
2026-06-01 03:51:04,0.000000,0.500000,0.000000,0.000000,0.000000,66.478000,47.954100,3.088500,148.105800,5,burst,Dynamic,1244
2026-06-01 03:51:05,0.000000,0.500000,0.000000,0.000000,0.000000,66.460000,47.973300,3.045300,146.093800,5,burst,Dynamic,1245
2026-06-01 03:51:06,0.000000,0.500000,0.000000,0.000000,0.000000,66.460000,47.968400,2.992000,143.521200,5,burst,Dynamic,1246
2026-06-01 03:51:07,0.000000,0.500000,0.000000,0.000000,0.000000,66.460000,47.968800,3.001500,143.978100,5,burst,Dynamic,1247
2026-06-01 03:51:08,0.000000,0.500000,0.000000,0.000000,0.000000,66.464000,47.971900,3.008000,144.298700,5,burst,Dynamic,1248
2026-06-01 03:51:09,0.037800,0.100000,0.300000,1.029480,0.000520,66.450000,47.977100,2.609500,125.185100,5,burst,Dynamic,1249
2026-06-01 03:51:10,0.588300,0.000000,0.311429,12.266900,0.006100,66.448000,47.770200,6.998900,334.212700,5,burst,Dynamic,1250
2026-06-01 03:51:11,0.180000,0.000000,-0.571429,3.561450,0.001770,66.440000,47.743600,7.512300,358.546700,5,burst,Dynamic,1251
2026-06-01 03:51:12,0.000000,0.300000,0.000000,0.000000,0.000000,66.431000,47.923600,3.558100,170.513600,5,burst,Dynamic,1252
2026-06-01 03:51:13,0.000000,0.500000,0.000000,0.000000,0.000000,66.478000,47.973000,3.119800,149.666600,5,burst,Dynamic,1253
2026-06-01 03:51:14,0.000000,0.500000,0.000000,0.000000,0.000000,66.454000,47.966200,3.029800,145.327900,5,burst,Dynamic,1254
2026-06-01 03:51:15,0.000000,0.500000,0.000000,0.000000,0.000000,66.465000,47.955900,3.035500,145.569900,5,burst,Dynamic,1255
2026-06-01 03:51:16,0.000000,0.500000,0.000000,0.000000,0.000000,66.468000,47.967100,2.987900,143.321100,5,burst,Dynamic,1256
2026-06-01 03:51:17,0.000000,0.500000,0.000000,0.000000,0.000000,66.428000,47.970400,3.024700,145.096000,5,burst,Dynamic,1257
2026-06-01 03:51:18,0.000000,0.450000,0.000000,0.000000,0.000000,66.475000,47.977600,2.930700,140.608400,5,burst,Dynamic,1258
2026-06-01 03:51:19,0.277500,0.000000,0.611429,6.457030,0.003230,66.466000,47.907200,4.064700,194.566500,5,burst,Dynamic,1259
2026-06-01 03:51:20,0.540000,0.000000,-0.714286,10.684350,0.005310,66.470000,47.676600,8.636600,411.741500,5,burst,Dynamic,1260
2026-06-01 03:51:21,0.000000,0.000000,0.000000,0.000000,0.000000,66.464000,47.849000,5.020700,240.151000,5,burst,Dynamic,1261
2026-06-01 03:51:22,0.000000,0.500000,0.000000,0.000000,0.000000,66.409000,47.949800,3.221200,154.454800,5,burst,Dynamic,1262
2026-06-01 03:51:23,0.000000,0.500000,0.000000,0.000000,0.000000,66.438000,47.947500,3.094200,148.358500,5,burst,Dynamic,1263
2026-06-01 03:51:24,0.000000,0.500000,0.000000,0.000000,0.000000,66.422000,47.972800,3.011200,144.455000,5,burst,Dynamic,1264
2026-06-01 03:51:25,0.000000,0.500000,0.000000,0.000000,0.000000,66.410000,47.964200,3.020800,144.889900,5,burst,Dynamic,1265
2026-06-01 03:51:26,0.000000,0.500000,0.000000,0.000000,0.000000,66.436000,47.944600,3.029700,145.256800,5,burst,Dynamic,1266
2026-06-01 03:51:27,0.000000,0.500000,0.000000,0.000000,0.000000,66.388000,47.951400,3.043100,145.920600,5,burst,Dynamic,1267
2026-06-01 03:51:28,0.000000,0.250000,0.000000,0.000000,0.000000,66.452000,47.982200,2.731200,131.044100,5,burst,Dynamic,1268
2026-06-01 03:51:29,0.518100,0.000000,0.586429,11.172760,0.005560,66.435000,47.802400,6.464700,308.907100,5,burst,Dynamic,1269
2026-06-01 03:51:30,0.360000,0.000000,-0.571429,7.122900,0.003540,66.436000,47.684100,8.530700,406.687200,5,burst,Dynamic,1270
2026-06-01 03:51:31,0.000000,0.200000,0.000000,0.000000,0.000000,66.424000,47.892900,4.128100,197.697100,5,burst,Dynamic,1271
2026-06-01 03:51:32,0.000000,0.500000,0.000000,0.000000,0.000000,66.359000,47.930200,3.302500,158.290400,5,burst,Dynamic,1272
2026-06-01 03:51:33,0.000000,0.500000,0.000000,0.000000,0.000000,66.390000,47.941500,3.105800,148.896700,5,burst,Dynamic,1273
2026-06-01 03:51:34,0.000000,0.500000,0.000000,0.000000,0.000000,66.382000,47.950900,3.026700,145.133100,5,burst,Dynamic,1274
2026-06-01 03:51:35,0.000000,0.500000,0.000000,0.000000,0.000000,66.376000,47.982200,2.966500,142.339600,5,burst,Dynamic,1275
2026-06-01 03:51:36,0.000000,0.500000,0.000000,0.000000,0.000000,66.404000,47.946800,3.016400,144.627300,5,burst,Dynamic,1276
2026-06-01 03:51:37,0.000000,0.500000,0.000000,0.000000,0.000000,66.348000,47.958500,2.970300,142.450600,5,burst,Dynamic,1277
2026-06-01 03:51:38,0.158100,0.050000,0.586429,4.077780,0.002030,66.419000,47.917700,3.422100,163.883300,5,burst,Dynamic,1278
2026-06-01 03:51:39,0.600000,0.000000,0.000000,11.871500,0.005900,66.410000,47.704000,8.367400,399.110600,5,burst,Dynamic,1279
2026-06-01 03:51:40,0.060000,0.000000,-0.571429,1.187150,0.000590,66.400000,47.814300,5.886900,281.383600,5,burst,Dynamic,1280
2026-06-01 03:51:41,0.000000,0.400000,0.000000,0.000000,0.000000,66.400000,47.960200,3.256700,156.191700,5,burst,Dynamic,1281
2026-06-01 03:51:42,0.000000,0.500000,0.000000,0.000000,0.000000,66.375556,47.959333,3.079889,147.709333,5,burst,Dynamic,1282
2026-06-01 03:51:43,0.000000,0.500000,0.000000,0.000000,0.000000,66.390000,47.969091,3.027182,145.210636,5,burst,Dynamic,1283
2026-06-01 03:51:44,0.000000,0.500000,0.000000,0.000000,0.000000,66.381111,47.940333,3.000111,143.826111,5,burst,Dynamic,1284
2026-06-01 03:51:45,0.000000,0.500000,0.000000,0.000000,0.000000,66.324000,47.951200,2.986200,143.192200,5,burst,Dynamic,1285
2026-06-01 03:51:46,0.000000,0.500000,0.000000,0.000000,0.000000,66.308000,47.946800,2.979600,142.862100,5,burst,Dynamic,1286
2026-06-01 03:51:47,0.000000,0.350000,0.000000,0.000000,0.000000,66.348000,47.961500,2.878900,138.074400,5,burst,Dynamic,1287
2026-06-01 03:51:48,0.371700,0.000000,0.611429,8.236200,0.004100,66.363000,47.864500,4.810700,230.066000,5,burst,Dynamic,1288
2026-06-01 03:51:49,0.420000,0.000000,-0.571429,8.310050,0.004130,66.353000,47.665200,8.657000,412.617100,5,burst,Dynamic,1289
2026-06-01 03:51:50,0.000000,0.090000,0.000000,0.000000,0.000000,66.336000,47.880600,4.524200,216.563700,5,burst,Dynamic,1290
2026-06-01 03:51:51,0.000000,0.500000,0.000000,0.000000,0.000000,66.296000,47.933900,3.244500,155.520800,5,burst,Dynamic,1291
2026-06-01 03:51:52,0.000000,0.500000,0.000000,0.000000,0.000000,66.292000,47.943400,3.066200,147.003600,5,burst,Dynamic,1292
2026-06-01 03:51:53,0.000000,0.500000,0.000000,0.000000,0.000000,66.270000,47.918700,2.989600,143.257100,5,burst,Dynamic,1293
2026-06-01 03:51:54,0.000000,0.500000,0.000000,0.000000,0.000000,66.286000,47.961600,2.992500,143.526000,5,burst,Dynamic,1294
2026-06-01 03:51:55,0.000000,0.500000,0.000000,0.000000,0.000000,66.277000,47.933300,2.985800,143.119900,5,burst,Dynamic,1295
2026-06-01 03:51:56,0.000000,0.500000,0.000000,0.000000,0.000000,66.260000,47.945000,3.023100,144.942900,5,burst,Dynamic,1296
2026-06-01 03:51:57,0.025800,0.150000,0.242857,0.708810,0.000350,66.316000,47.963900,2.754800,132.122000,5,burst,Dynamic,1297
2026-06-01 03:51:58,0.582300,0.000000,0.368571,12.215640,0.006080,66.321000,47.739600,7.121700,339.901600,5,burst,Dynamic,1298
2026-06-01 03:51:59,0.240000,0.000000,-0.571429,4.748600,0.002360,66.287000,47.679000,8.119500,386.991300,5,burst,Dynamic,1299
2026-06-01 03:52:00,0.000000,0.285000,0.000000,0.000000,0.000000,66.288000,47.923800,3.886200,186.231500,5,burst,Dynamic,1300
2026-06-01 03:52:01,0.000000,0.500000,0.000000,0.000000,0.000000,66.248000,47.944400,3.258400,156.221700,5,burst,Dynamic,1301
2026-06-01 03:52:02,0.000000,0.500000,0.000000,0.000000,0.000000,66.267000,47.955100,3.101600,148.737800,5,burst,Dynamic,1302
2026-06-01 03:52:03,0.000000,0.500000,0.000000,0.000000,0.000000,66.262000,47.946700,3.050600,146.266500,5,burst,Dynamic,1303
2026-06-01 03:52:04,0.000000,0.500000,0.000000,0.000000,0.000000,66.262000,47.943800,2.990300,143.365900,5,burst,Dynamic,1304
2026-06-01 03:52:05,0.000000,0.500000,0.000000,0.000000,0.000000,66.243000,47.941300,2.992400,143.459100,5,burst,Dynamic,1305
2026-06-01 03:52:06,0.000000,0.410000,0.000000,0.000000,0.000000,66.220000,47.935900,2.914500,139.706800,5,burst,Dynamic,1306
2026-06-01 03:52:07,0.250500,0.000000,0.611429,5.928830,0.002950,66.220000,47.906600,3.696800,176.961800,5,burst,Dynamic,1307
2026-06-01 03:52:08,0.552000,0.000000,-0.457143,10.921780,0.005430,66.213000,47.658800,8.585000,409.110100,5,burst,Dynamic,1308
2026-06-01 03:52:09,0.000000,0.050000,-0.114286,0.000000,0.000000,66.204000,47.823100,5.412200,258.739900,5,burst,Dynamic,1309
2026-06-01 03:52:10,0.000000,0.500000,0.000000,0.000000,0.000000,66.248000,47.930200,3.363500,161.214200,5,burst,Dynamic,1310
2026-06-01 03:52:11,0.000000,0.500000,0.000000,0.000000,0.000000,66.200000,47.928800,3.115100,149.303000,5,burst,Dynamic,1311
2026-06-01 03:52:12,0.000000,0.500000,0.000000,0.000000,0.000000,66.210000,47.944500,3.046600,146.068700,5,burst,Dynamic,1312
2026-06-01 03:52:13,0.000000,0.500000,0.000000,0.000000,0.000000,66.222000,47.941300,3.008000,144.208100,5,burst,Dynamic,1313
2026-06-01 03:52:14,0.000000,0.500000,0.000000,0.000000,0.000000,66.222000,47.928600,2.994700,143.531700,5,burst,Dynamic,1314
2026-06-01 03:52:15,0.000000,0.500000,0.000000,0.000000,0.000000,66.197000,47.935300,3.043600,145.896400,5,burst,Dynamic,1315
2026-06-01 03:52:16,0.003300,0.150000,0.031429,0.076870,0.000040,66.180000,47.973300,2.518100,120.788600,5,burst,Dynamic,1316
2026-06-01 03:52:17,0.549540,0.000000,0.574857,11.849650,0.005890,66.180000,47.747900,6.500900,310.272900,5,burst,Dynamic,1317
2026-06-01 03:52:18,0.306000,0.000000,-0.700000,6.054460,0.003010,66.170000,47.672200,8.435700,402.045900,5,burst,Dynamic,1318
2026-06-01 03:52:19,0.000000,0.250000,0.000000,0.000000,0.000000,66.162000,47.873600,4.081600,195.378600,5,burst,Dynamic,1319
2026-06-01 03:52:20,0.000000,0.500000,0.000000,0.000000,0.000000,66.192000,47.945500,3.272300,156.891000,5,burst,Dynamic,1320
2026-06-01 03:52:21,0.000000,0.500000,0.000000,0.000000,0.000000,66.160000,47.938700,3.092600,148.254400,5,burst,Dynamic,1321
2026-06-01 03:52:22,0.000000,0.500000,0.000000,0.000000,0.000000,66.153000,47.935600,3.031100,145.297500,5,burst,Dynamic,1322
2026-06-01 03:52:23,0.000000,0.500000,0.000000,0.000000,0.000000,66.158000,47.953700,3.030300,145.313700,5,burst,Dynamic,1323
2026-06-01 03:52:24,0.000000,0.500000,0.000000,0.000000,0.000000,66.166000,47.926000,3.024000,144.928600,5,burst,Dynamic,1324
2026-06-01 03:52:25,0.000000,0.500000,0.000000,0.000000,0.000000,66.157000,47.931300,2.996100,143.606700,5,burst,Dynamic,1325
2026-06-01 03:52:26,0.192900,0.000000,0.579286,4.680300,0.002340,66.140000,47.917000,3.481000,166.712100,5,burst,Dynamic,1326
2026-06-01 03:52:27,0.600000,0.000000,0.000000,11.871500,0.005900,66.137000,47.682200,8.356500,398.400000,5,burst,Dynamic,1327
2026-06-01 03:52:28,0.060000,0.000000,-0.571429,1.187150,0.000590,66.130000,47.755700,6.651500,317.456800,5,burst,Dynamic,1328
2026-06-01 03:52:29,0.000000,0.450000,0.000000,0.000000,0.000000,66.128000,47.901500,3.526000,168.900300,5,burst,Dynamic,1329
2026-06-01 03:52:30,0.000000,0.500000,0.000000,0.000000,0.000000,66.120000,47.924700,3.201200,153.416000,5,burst,Dynamic,1330
2026-06-01 03:52:31,0.000000,0.500000,0.000000,0.000000,0.000000,66.136000,47.932700,3.079500,147.608400,5,burst,Dynamic,1331
2026-06-01 03:52:32,0.000000,0.500000,0.000000,0.000000,0.000000,66.143000,47.932400,3.010100,144.281100,5,burst,Dynamic,1332
2026-06-01 03:52:33,0.000000,0.500000,0.000000,0.000000,0.000000,66.158000,47.928500,2.977800,142.721200,5,burst,Dynamic,1333
2026-06-01 03:52:34,0.000000,0.500000,0.000000,0.000000,0.000000,66.158000,47.930800,2.993500,143.480000,5,burst,Dynamic,1334
2026-06-01 03:52:35,0.000000,0.300000,0.000000,0.000000,0.000000,66.145000,47.940700,2.766600,132.624200,5,burst,Dynamic,1335
2026-06-01 03:52:36,0.458100,0.000000,0.599286,9.946760,0.004960,66.100000,47.805000,5.382500,257.130800,5,burst,Dynamic,1336
2026-06-01 03:52:37,0.360000,0.000000,-0.571429,7.122900,0.003540,66.093000,47.645100,8.521000,405.942500,5,burst,Dynamic,1337
2026-06-01 03:52:38,0.000000,0.150000,0.000000,0.000000,0.000000,66.090000,47.867700,4.197800,200.912800,5,burst,Dynamic,1338
2026-06-01 03:52:39,0.000000,0.500000,0.000000,0.000000,0.000000,66.145000,47.930400,3.161500,151.532700,5,burst,Dynamic,1339
2026-06-01 03:52:40,0.000000,0.500000,0.000000,0.000000,0.000000,66.088000,47.926700,3.071400,147.202700,5,burst,Dynamic,1340
2026-06-01 03:52:41,0.000000,0.500000,0.000000,0.000000,0.000000,66.152000,47.945400,3.029400,145.245200,5,burst,Dynamic,1341
2026-06-01 03:52:42,0.000000,0.500000,0.000000,0.000000,0.000000,66.121000,47.955300,2.985400,143.165800,5,burst,Dynamic,1342
2026-06-01 03:52:43,0.000000,0.500000,0.000000,0.000000,0.000000,66.118000,47.938500,3.017500,144.652900,5,burst,Dynamic,1343
2026-06-01 03:52:44,0.000000,0.500000,0.000000,0.000000,0.000000,66.105556,47.935222,2.970889,142.410000,5,burst,Dynamic,1344
2026-06-01 03:52:45,0.110100,0.100000,0.562857,3.055960,0.001530,66.150000,47.934700,3.140900,150.502600,5,burst,Dynamic,1345
2026-06-01 03:52:46,0.600000,0.000000,0.048571,11.976700,0.005960,66.140000,47.691800,7.976800,380.355600,5,burst,Dynamic,1346
2026-06-01 03:52:47,0.180000,0.000000,-0.571429,3.561450,0.001770,66.131000,47.716600,7.197500,343.256700,5,burst,Dynamic,1347
2026-06-01 03:52:48,0.000000,0.363636,0.000000,0.000000,0.000000,66.130000,47.914909,3.576455,171.361364,5,burst,Dynamic,1348
2026-06-01 03:52:49,0.000000,0.500000,0.000000,0.000000,0.000000,66.120000,47.916444,3.182333,152.485778,5,burst,Dynamic,1349
2026-06-01 03:52:50,0.000000,0.500000,0.000000,0.000000,0.000000,66.120000,47.936364,3.105909,148.886545,5,burst,Dynamic,1350
2026-06-01 03:52:51,0.000000,0.500000,0.000000,0.000000,0.000000,66.120000,47.946700,2.996800,143.686700,5,burst,Dynamic,1351
2026-06-01 03:52:52,0.000000,0.500000,0.000000,0.000000,0.000000,66.114444,47.922444,3.004667,143.990556,5,burst,Dynamic,1352
2026-06-01 03:52:53,0.000000,0.500000,0.000000,0.000000,0.000000,66.110000,47.936273,2.987182,143.194909,5,burst,Dynamic,1353
2026-06-01 03:52:54,0.000000,0.388889,0.000000,0.000000,0.000000,66.110000,47.951778,2.825222,135.467889,5,burst,Dynamic,1354
2026-06-01 03:52:55,0.352320,0.000000,0.575429,7.904790,0.003940,66.107000,47.853700,4.824300,230.685700,5,burst,Dynamic,1355
2026-06-01 03:52:56,0.540000,0.000000,-0.571429,10.684350,0.005310,66.098000,47.642600,8.929400,425.405500,5,burst,Dynamic,1356
2026-06-01 03:52:57,0.000000,0.055000,0.000000,0.000000,0.000000,66.090000,47.824600,5.073200,242.541000,5,burst,Dynamic,1357
2026-06-01 03:52:58,0.000000,0.500000,0.000000,0.000000,0.000000,66.088182,47.922727,3.367182,161.364636,5,burst,Dynamic,1358
2026-06-01 03:52:59,0.000000,0.500000,0.000000,0.000000,0.000000,66.071111,47.920111,3.089778,148.062222,5,burst,Dynamic,1359
2026-06-01 03:53:00,0.000000,0.500000,0.000000,0.000000,0.000000,66.080000,47.936818,3.058091,146.594818,5,burst,Dynamic,1360
2026-06-01 03:53:01,0.000000,0.500000,0.000000,0.000000,0.000000,66.080000,47.918000,3.011100,144.285600,5,burst,Dynamic,1361
2026-06-01 03:53:02,0.000000,0.500000,0.000000,0.000000,0.000000,66.072222,47.911333,2.972222,142.403444,5,burst,Dynamic,1362
2026-06-01 03:53:03,0.000000,0.500000,0.000000,0.000000,0.000000,66.070000,47.914818,3.027273,145.050364,5,burst,Dynamic,1363
2026-06-01 03:53:04,0.055200,0.090000,0.362857,1.502350,0.000750,66.070000,47.937900,2.765900,132.556800,5,burst,Dynamic,1364
2026-06-01 03:53:05,0.598740,0.000000,0.211571,12.304830,0.006120,66.063000,47.704400,7.510500,358.204800,5,burst,Dynamic,1365
2026-06-01 03:53:06,0.216000,0.000000,-0.657143,4.273740,0.002130,66.054000,47.715800,7.637900,364.313700,5,burst,Dynamic,1366
2026-06-01 03:53:07,0.000000,0.277778,0.000000,0.000000,0.000000,66.050000,47.870111,3.753000,179.655556,5,burst,Dynamic,1367
2026-06-01 03:53:08,0.000000,0.500000,0.000000,0.000000,0.000000,66.047273,47.903818,3.251182,155.742818,5,burst,Dynamic,1368
2026-06-01 03:53:09,0.000000,0.500000,0.000000,0.000000,0.000000,66.040000,47.914778,3.042778,145.794000,5,burst,Dynamic,1369
2026-06-01 03:53:10,0.000000,0.500000,0.000000,0.000000,0.000000,66.040000,47.932727,3.027273,145.104455,5,burst,Dynamic,1370
2026-06-01 03:53:11,0.000000,0.500000,0.000000,0.000000,0.000000,66.040000,47.921200,3.025200,144.971600,5,burst,Dynamic,1371
2026-06-01 03:53:12,0.000000,0.500000,0.000000,0.000000,0.000000,66.031111,47.927111,2.991556,143.376111,5,burst,Dynamic,1372
2026-06-01 03:53:13,0.000000,0.404545,0.000000,0.000000,0.000000,66.022727,47.941727,2.841727,136.234455,5,burst,Dynamic,1373
2026-06-01 03:53:14,0.292920,0.000000,0.609286,6.693780,0.003340,66.030000,47.860800,4.168300,199.306300,5,burst,Dynamic,1374
2026-06-01 03:53:15,0.582000,0.000000,-0.171429,11.515350,0.005730,66.020000,47.633200,8.866500,422.302000,5,burst,Dynamic,1375
2026-06-01 03:53:16,0.000000,0.000000,-0.500000,0.000000,0.000000,66.011000,47.798200,5.479700,261.828900,5,burst,Dynamic,1376
2026-06-01 03:53:17,0.000000,0.444444,0.000000,0.000000,0.000000,66.010000,47.912444,3.319778,159.058889,5,burst,Dynamic,1377
2026-06-01 03:53:18,0.000000,0.500000,0.000000,0.000000,0.000000,66.006364,47.936545,3.110909,149.126455,5,burst,Dynamic,1378
2026-06-01 03:53:19,0.000000,0.500000,0.000000,0.000000,0.000000,65.991111,47.922889,3.029444,145.179556,5,burst,Dynamic,1379
2026-06-01 03:53:20,0.000000,0.500000,0.000000,0.000000,0.000000,66.000000,47.926455,2.992909,143.438909,5,burst,Dynamic,1380
2026-06-01 03:53:21,0.000000,0.500000,0.000000,0.000000,0.000000,66.000000,47.942778,3.001667,143.907889,5,burst,Dynamic,1381
2026-06-01 03:53:22,0.000000,0.500000,0.000000,0.000000,0.000000,65.991000,47.919000,3.011500,144.307700,5,burst,Dynamic,1382
2026-06-01 03:53:23,0.000000,0.335000,0.000000,0.000000,0.000000,65.990000,47.936400,2.766000,132.588400,5,burst,Dynamic,1383
2026-06-01 03:53:24,0.353700,0.000000,0.611429,7.994230,0.003980,65.982000,47.843800,4.710800,225.186100,5,burst,Dynamic,1384
2026-06-01 03:53:25,0.540000,0.000000,-0.571429,10.684350,0.005310,65.980000,47.638600,8.938500,425.796200,5,burst,Dynamic,1385
2026-06-01 03:53:26,0.000000,0.065000,0.000000,0.000000,0.000000,65.954000,47.808000,5.031900,240.488600,5,burst,Dynamic,1386
2026-06-01 03:53:27,0.000000,0.500000,0.000000,0.000000,0.000000,65.970000,47.892200,3.369700,161.380600,5,burst,Dynamic,1387
2026-06-01 03:53:28,0.000000,0.500000,0.000000,0.000000,0.000000,65.917000,47.931300,3.113100,149.215100,5,burst,Dynamic,1388
2026-06-01 03:53:29,0.000000,0.500000,0.000000,0.000000,0.000000,65.920000,47.918700,3.038000,145.577000,5,burst,Dynamic,1389
2026-06-01 03:53:30,0.000000,0.500000,0.000000,0.000000,0.000000,65.912000,47.913400,3.068700,147.032400,5,burst,Dynamic,1390
2026-06-01 03:53:31,0.000000,0.500000,0.000000,0.000000,0.000000,65.884000,47.924300,2.981400,142.880700,5,burst,Dynamic,1391
2026-06-01 03:53:32,0.000000,0.500000,0.000000,0.000000,0.000000,65.878000,47.892400,2.987200,143.064000,5,burst,Dynamic,1392
2026-06-01 03:53:33,0.007500,0.150000,0.071429,0.185520,0.000090,65.870000,47.944200,2.558400,122.650100,5,burst,Dynamic,1393
2026-06-01 03:53:34,0.558000,0.000000,0.525000,11.965370,0.005960,65.866000,47.753600,6.493800,309.969700,5,burst,Dynamic,1394
2026-06-01 03:53:35,0.300000,0.000000,-0.714286,5.935750,0.002950,65.856000,47.620400,8.442000,401.918400,5,burst,Dynamic,1395
2026-06-01 03:53:36,0.000000,0.200000,0.000000,0.000000,0.000000,65.850000,47.871200,3.999500,191.429900,5,burst,Dynamic,1396
2026-06-01 03:53:37,0.000000,0.500000,0.000000,0.000000,0.000000,65.850000,47.909600,3.173900,152.060400,5,burst,Dynamic,1397
2026-06-01 03:53:38,0.000000,0.500000,0.000000,0.000000,0.000000,65.842000,47.910100,3.049300,146.091800,5,burst,Dynamic,1398
2026-06-01 03:53:39,0.000000,0.500000,0.000000,0.000000,0.000000,65.840000,47.925400,3.028800,145.156500,5,burst,Dynamic,1399
2026-06-01 03:53:40,0.000000,0.500000,0.000000,0.000000,0.000000,65.840000,47.920200,2.964300,142.050100,5,burst,Dynamic,1400
2026-06-01 03:53:41,0.000000,0.500000,0.000000,0.000000,0.000000,65.836000,47.913900,2.997600,143.624700,5,burst,Dynamic,1401
2026-06-01 03:53:42,0.000000,0.500000,0.000000,0.000000,0.000000,65.830000,47.913100,3.019100,144.654300,5,burst,Dynamic,1402
2026-06-01 03:53:43,0.149100,0.000000,0.593571,3.823570,0.001910,65.830000,47.905200,2.989400,143.148000,5,burst,Dynamic,1403
2026-06-01 03:53:44,0.600000,0.000000,0.000000,11.871500,0.005900,65.824000,47.661600,7.923300,377.580700,5,burst,Dynamic,1404
2026-06-01 03:53:45,0.120000,0.000000,-0.571429,2.374300,0.001180,65.815000,47.687200,7.228700,344.535200,5,burst,Dynamic,1405
2026-06-01 03:53:46,0.000000,0.350000,0.000000,0.000000,0.000000,65.810000,47.883300,3.473100,166.301800,5,burst,Dynamic,1406
2026-06-01 03:53:47,0.000000,0.500000,0.000000,0.000000,0.000000,65.810000,47.894800,3.135700,150.183000,5,burst,Dynamic,1407
2026-06-01 03:53:48,0.000000,0.500000,0.000000,0.000000,0.000000,65.802000,47.900300,3.035200,145.387100,5,burst,Dynamic,1408
2026-06-01 03:53:49,0.000000,0.500000,0.000000,0.000000,0.000000,65.800000,47.904300,3.018800,144.612900,5,burst,Dynamic,1409
2026-06-01 03:53:50,0.000000,0.500000,0.000000,0.000000,0.000000,65.816000,47.901200,3.032000,145.236100,5,burst,Dynamic,1410
2026-06-01 03:53:51,0.000000,0.500000,0.000000,0.000000,0.000000,65.796000,47.909000,2.995300,143.502100,5,burst,Dynamic,1411
2026-06-01 03:53:52,0.000000,0.400000,0.000000,0.000000,0.000000,65.790000,47.900400,2.923800,140.048300,5,burst,Dynamic,1412
2026-06-01 03:53:53,0.266100,0.000000,0.611429,6.151830,0.003060,65.790000,47.869400,3.675100,175.813500,5,burst,Dynamic,1413
2026-06-01 03:53:54,0.600000,0.000000,0.000000,11.871500,0.005900,65.783000,47.621400,8.706500,414.576600,5,burst,Dynamic,1414
2026-06-01 03:53:55,0.000000,0.000000,-0.571429,0.000000,0.000000,65.773000,47.752800,5.999600,286.359300,5,burst,Dynamic,1415
2026-06-01 03:53:56,0.000000,0.500000,0.000000,0.000000,0.000000,65.770000,47.871100,3.490600,167.097900,5,burst,Dynamic,1416
2026-06-01 03:53:57,0.000000,0.500000,0.000000,0.000000,0.000000,65.770000,47.895800,3.161800,151.436100,5,burst,Dynamic,1417
2026-06-01 03:53:58,0.000000,0.500000,0.000000,0.000000,0.000000,65.761000,47.903300,3.032700,145.276400,5,burst,Dynamic,1418
2026-06-01 03:53:59,0.000000,0.500000,0.000000,0.000000,0.000000,65.760000,47.893000,3.027200,144.982400,5,burst,Dynamic,1419
2026-06-01 03:54:00,0.000000,0.500000,0.000000,0.000000,0.000000,65.760000,47.902700,2.994200,143.430300,5,burst,Dynamic,1420
2026-06-01 03:54:01,0.000000,0.500000,0.000000,0.000000,0.000000,65.755000,47.907300,2.989500,143.219000,5,burst,Dynamic,1421
2026-06-01 03:54:02,0.000000,0.200000,0.000000,0.000000,0.000000,65.750000,47.925200,2.559100,122.644500,5,burst,Dynamic,1422
2026-06-01 03:54:03,0.508500,0.000000,0.611429,11.032750,0.005500,65.750000,47.764700,5.920200,282.613300,5,burst,Dynamic,1423
2026-06-01 03:54:04,0.360000,0.000000,-0.571429,7.122900,0.003540,65.740000,47.630700,8.662000,412.532000,5,burst,Dynamic,1424
2026-06-01 03:54:05,0.000000,0.150000,0.000000,0.000000,0.000000,65.731000,47.845400,4.250400,203.311900,5,burst,Dynamic,1425
2026-06-01 03:54:06,0.000000,0.500000,0.000000,0.000000,0.000000,65.730000,47.894400,3.190700,152.816300,5,burst,Dynamic,1426
2026-06-01 03:54:07,0.000000,0.500000,0.000000,0.000000,0.000000,65.730000,47.887800,3.081600,147.570900,5,burst,Dynamic,1427
2026-06-01 03:54:08,0.000000,0.500000,0.000000,0.000000,0.000000,65.721000,47.880000,3.037200,145.419600,5,burst,Dynamic,1428
2026-06-01 03:54:09,0.000000,0.500000,0.000000,0.000000,0.000000,65.720000,47.886100,3.004000,143.849300,5,burst,Dynamic,1429
2026-06-01 03:54:10,0.000000,0.500000,0.000000,0.000000,0.000000,65.720000,47.906500,3.010000,144.198000,5,burst,Dynamic,1430
2026-06-01 03:54:11,0.000000,0.500000,0.000000,0.000000,0.000000,65.715000,47.897000,3.004900,143.925200,5,burst,Dynamic,1431
2026-06-01 03:54:12,0.036000,0.100000,0.289286,1.028290,0.000510,65.710000,47.911900,2.621900,125.600000,5,burst,Dynamic,1432
2026-06-01 03:54:13,0.589500,0.000000,0.300000,12.287550,0.006110,65.708000,47.701900,7.062100,336.774400,5,burst,Dynamic,1433
2026-06-01 03:54:14,0.180000,0.000000,-0.571429,3.561450,0.001770,65.700000,47.654300,7.510400,357.759800,5,burst,Dynamic,1434
2026-06-01 03:54:15,0.000000,0.300000,0.000000,0.000000,0.000000,65.699000,47.874400,3.517700,168.397300,5,burst,Dynamic,1435
2026-06-01 03:54:16,0.000000,0.500000,0.000000,0.000000,0.000000,65.698000,47.883500,3.133500,150.043600,5,burst,Dynamic,1436
2026-06-01 03:54:17,0.000000,0.500000,0.000000,0.000000,0.000000,65.706000,47.881900,3.048800,145.982600,5,burst,Dynamic,1437
2026-06-01 03:54:18,0.000000,0.500000,0.000000,0.000000,0.000000,65.700000,47.917000,3.043000,145.811600,5,burst,Dynamic,1438
2026-06-01 03:54:19,0.000000,0.500000,0.000000,0.000000,0.000000,65.680000,47.885200,2.992100,143.277800,5,burst,Dynamic,1439
2026-06-01 03:54:20,0.000000,0.500000,0.000000,0.000000,0.000000,65.712000,47.885100,2.997400,143.530000,5,burst,Dynamic,1440
2026-06-01 03:54:21,0.000000,0.450000,0.000000,0.000000,0.000000,65.686000,47.896400,2.964600,141.992100,5,burst,Dynamic,1441
2026-06-01 03:54:22,0.209100,0.000000,0.592143,5.011040,0.002500,65.670000,47.892300,3.254400,155.743200,5,burst,Dynamic,1442
2026-06-01 03:54:23,0.600000,0.000000,0.000000,11.871500,0.005900,65.667000,47.623300,8.320800,396.205200,5,burst,Dynamic,1443
2026-06-01 03:54:24,0.060000,0.000000,-0.571429,1.187150,0.000590,65.660000,47.725600,6.638400,316.673000,5,burst,Dynamic,1444
2026-06-01 03:54:25,0.000000,0.450000,0.000000,0.000000,0.000000,65.667000,47.864300,3.516200,168.298600,5,burst,Dynamic,1445
2026-06-01 03:54:26,0.000000,0.500000,0.000000,0.000000,0.000000,65.658000,47.884100,3.178400,152.194700,5,burst,Dynamic,1446
2026-06-01 03:54:27,0.000000,0.500000,0.000000,0.000000,0.000000,65.682000,47.878400,3.048600,145.962000,5,burst,Dynamic,1447
2026-06-01 03:54:28,0.000000,0.500000,0.000000,0.000000,0.000000,65.666000,47.896600,3.001900,143.780200,5,burst,Dynamic,1448
2026-06-01 03:54:29,0.000000,0.500000,0.000000,0.000000,0.000000,65.696000,47.889500,3.008600,144.078900,5,burst,Dynamic,1449
2026-06-01 03:54:30,0.000000,0.500000,0.000000,0.000000,0.000000,65.720000,47.907778,2.962222,141.913556,5,burst,Dynamic,1450
2026-06-01 03:54:31,0.000000,0.318182,0.000000,0.000000,0.000000,65.720000,47.917909,2.699455,129.343182,5,burst,Dynamic,1451
2026-06-01 03:54:32,0.471360,0.000000,0.611429,10.245570,0.005110,65.711000,47.753500,6.032400,287.913500,5,burst,Dynamic,1452
2026-06-01 03:54:33,0.402000,0.000000,-0.571429,7.953900,0.003960,65.704000,47.615600,8.732200,415.744300,5,burst,Dynamic,1453
2026-06-01 03:54:34,0.000000,0.100000,0.000000,0.000000,0.000000,65.700000,47.810100,4.300800,205.592600,5,burst,Dynamic,1454
2026-06-01 03:54:35,0.000000,0.500000,0.000000,0.000000,0.000000,65.691111,47.867889,3.212000,153.750667,5,burst,Dynamic,1455
2026-06-01 03:54:36,0.000000,0.500000,0.000000,0.000000,0.000000,65.690000,47.891700,3.075500,147.291900,5,burst,Dynamic,1456
2026-06-01 03:54:37,0.000000,0.500000,0.000000,0.000000,0.000000,65.682727,47.883091,3.038636,145.499182,5,burst,Dynamic,1457
2026-06-01 03:54:38,0.000000,0.500000,0.000000,0.000000,0.000000,65.685556,47.891667,3.010333,144.170333,5,burst,Dynamic,1458
2026-06-01 03:54:39,0.000000,0.500000,0.000000,0.000000,0.000000,65.672727,47.895818,2.991455,143.277545,5,burst,Dynamic,1459
2026-06-01 03:54:40,0.000000,0.500000,0.000000,0.000000,0.000000,65.680000,47.881556,3.037000,145.416667,5,burst,Dynamic,1460
2026-06-01 03:54:41,0.018000,0.140000,0.201429,0.528900,0.000260,65.672000,47.911400,2.590900,124.117400,5,burst,Dynamic,1461
2026-06-01 03:54:42,0.576840,0.000000,0.408571,12.189920,0.006070,65.671000,47.712200,7.078400,337.617600,5,burst,Dynamic,1462
2026-06-01 03:54:43,0.276000,0.000000,-0.571429,5.460890,0.002720,65.646000,47.638700,8.119500,386.676500,5,burst,Dynamic,1463
2026-06-01 03:54:44,0.000000,0.272727,0.000000,0.000000,0.000000,65.660000,47.858545,3.823273,182.968182,5,burst,Dynamic,1464
2026-06-01 03:54:45,0.000000,0.500000,0.000000,0.000000,0.000000,65.641111,47.873444,3.229222,154.593222,5,burst,Dynamic,1465
2026-06-01 03:54:46,0.000000,0.500000,0.000000,0.000000,0.000000,65.650000,47.895600,3.108900,148.902000,5,burst,Dynamic,1466
2026-06-01 03:54:47,0.000000,0.500000,0.000000,0.000000,0.000000,65.642727,47.902455,3.035455,145.405273,5,burst,Dynamic,1467
2026-06-01 03:54:48,0.000000,0.500000,0.000000,0.000000,0.000000,65.643333,47.888556,2.980000,142.707556,5,burst,Dynamic,1468
2026-06-01 03:54:49,0.000000,0.500000,0.000000,0.000000,0.000000,65.632727,47.895727,2.982273,142.838000,5,burst,Dynamic,1469
2026-06-01 03:54:50,0.000000,0.438889,0.000000,0.000000,0.000000,65.631111,47.887556,2.915889,139.634778,5,burst,Dynamic,1470
2026-06-01 03:54:51,0.297480,0.000000,0.611429,6.871040,0.003420,65.621000,47.814900,4.293500,205.157500,5,burst,Dynamic,1471
2026-06-01 03:54:52,0.540000,0.000000,-0.571429,10.684350,0.005310,65.620000,47.607700,8.678500,413.135400,5,burst,Dynamic,1472
2026-06-01 03:54:53,0.000000,0.020000,0.000000,0.000000,0.000000,65.620000,47.799700,4.907300,234.470100,5,burst,Dynamic,1473
2026-06-01 03:54:54,0.000000,0.500000,0.000000,0.000000,0.000000,65.620000,47.868900,3.192800,152.837100,5,burst,Dynamic,1474
2026-06-01 03:54:55,0.000000,0.500000,0.000000,0.000000,0.000000,65.613000,47.888900,3.069000,146.970700,5,burst,Dynamic,1475
2026-06-01 03:54:56,0.000000,0.500000,0.000000,0.000000,0.000000,65.610000,47.887818,3.043545,145.748818,5,burst,Dynamic,1476
2026-06-01 03:54:57,0.000000,0.500000,0.000000,0.000000,0.000000,65.570000,47.880600,3.032400,145.192200,5,burst,Dynamic,1477
2026-06-01 03:54:58,0.000000,0.500000,0.000000,0.000000,0.000000,65.597778,47.890778,2.998444,143.596000,5,burst,Dynamic,1478
2026-06-01 03:54:59,0.000000,0.500000,0.000000,0.000000,0.000000,65.570909,47.874545,3.016909,144.433273,5,burst,Dynamic,1479
2026-06-01 03:55:00,0.000000,0.211111,0.000000,0.000000,0.000000,65.600000,47.902444,2.493222,119.417667,5,burst,Dynamic,1480
2026-06-01 03:55:01,0.479040,0.000000,0.611428,10.416140,0.005190,65.597000,47.749200,5.946500,283.790700,5,burst,Dynamic,1481
2026-06-01 03:55:02,0.354000,0.000000,-0.585714,7.004180,0.003480,65.588000,47.614200,8.281200,394.213500,5,burst,Dynamic,1482
2026-06-01 03:55:03,0.000000,0.180000,0.000000,0.000000,0.000000,65.564000,47.842100,3.905200,186.817500,5,burst,Dynamic,1483
2026-06-01 03:55:04,0.000000,0.500000,0.000000,0.000000,0.000000,65.565455,47.873091,3.150909,150.843727,5,burst,Dynamic,1484
2026-06-01 03:55:05,0.000000,0.500000,0.000000,0.000000,0.000000,65.547778,47.874778,3.036556,145.374667,5,burst,Dynamic,1485
2026-06-01 03:55:06,0.000000,0.500000,0.000000,0.000000,0.000000,65.554000,47.874600,3.025800,144.858100,5,burst,Dynamic,1486
2026-06-01 03:55:07,0.000000,0.500000,0.000000,0.000000,0.000000,65.522000,47.891000,2.996000,143.481600,5,burst,Dynamic,1487
2026-06-01 03:55:08,0.000000,0.500000,0.000000,0.000000,0.000000,65.561000,47.872300,3.002200,143.721800,5,burst,Dynamic,1488
2026-06-01 03:55:09,0.000000,0.500000,0.000000,0.000000,0.000000,65.528000,47.873500,3.021600,144.654700,5,burst,Dynamic,1489
2026-06-01 03:55:10,0.119400,0.010000,0.590714,3.248280,0.001620,65.560000,47.877100,2.972100,142.248800,5,burst,Dynamic,1490
2026-06-01 03:55:11,0.600000,0.000000,0.018701,11.912000,0.005927,65.554545,47.635455,8.086273,385.119455,5,burst,Dynamic,1491
2026-06-01 03:55:12,0.108000,0.000000,-0.600000,2.136870,0.001060,65.545000,47.695500,6.634900,316.262500,5,burst,Dynamic,1492
2026-06-01 03:55:13,0.000000,0.366667,0.000000,0.000000,0.000000,65.531111,47.866000,3.362778,160.961667,5,burst,Dynamic,1493
2026-06-01 03:55:14,0.000000,0.500000,0.000000,0.000000,0.000000,65.500000,47.873200,3.131700,149.924700,5,burst,Dynamic,1494
2026-06-01 03:55:15,0.000000,0.500000,0.000000,0.000000,0.000000,65.511000,47.891500,3.054700,146.294700,5,burst,Dynamic,1495
2026-06-01 03:55:16,0.000000,0.500000,0.000000,0.000000,0.000000,65.490000,47.885400,3.009300,144.101400,5,burst,Dynamic,1496
2026-06-01 03:55:17,0.000000,0.500000,0.000000,0.000000,0.000000,65.466000,47.872400,3.026500,144.885700,5,burst,Dynamic,1497
2026-06-01 03:55:18,0.000000,0.500000,0.000000,0.000000,0.000000,65.496000,47.869500,2.978000,142.555300,5,burst,Dynamic,1498
2026-06-01 03:55:19,0.000000,0.360000,0.000000,0.000000,0.000000,65.440000,47.882800,2.882000,137.997900,5,burst,Dynamic,1499
2026-06-01 03:55:20,0.318300,0.000000,0.602143,7.256930,0.003620,65.440000,47.820300,4.186000,200.023400,5,burst,Dynamic,1500
2026-06-01 03:55:21,0.480000,0.000000,-0.714286,9.497200,0.004720,65.432000,47.568500,8.637500,410.845000,5,burst,Dynamic,1501
2026-06-01 03:55:22,0.000000,0.050000,0.000000,0.000000,0.000000,65.431000,47.759500,4.852500,231.658200,5,burst,Dynamic,1502
2026-06-01 03:55:23,0.000000,0.500000,0.000000,0.000000,0.000000,65.420000,47.845100,3.168900,151.616100,5,burst,Dynamic,1503
2026-06-01 03:55:24,0.000000,0.500000,0.000000,0.000000,0.000000,65.420000,47.867700,3.067400,146.828800,5,burst,Dynamic,1504
2026-06-01 03:55:25,0.000000,0.500000,0.000000,0.000000,0.000000,65.423000,47.863700,3.036200,145.323600,5,burst,Dynamic,1505
2026-06-01 03:55:26,0.000000,0.500000,0.000000,0.000000,0.000000,65.410000,47.867600,3.011400,144.147200,5,burst,Dynamic,1506
2026-06-01 03:55:27,0.000000,0.500000,0.000000,0.000000,0.000000,65.410000,47.858800,3.017600,144.419600,5,burst,Dynamic,1507
2026-06-01 03:55:28,0.000000,0.500000,0.000000,0.000000,0.000000,65.409000,47.857300,3.002600,143.695900,5,burst,Dynamic,1508
2026-06-01 03:55:29,0.008700,0.200000,0.082857,0.224180,0.000110,65.400000,47.897300,2.644400,126.647500,5,burst,Dynamic,1509
2026-06-01 03:55:30,0.560400,0.000000,0.510714,11.986250,0.005960,65.400000,47.698100,6.573000,313.398800,5,burst,Dynamic,1510
2026-06-01 03:55:31,0.300000,0.000000,-0.714286,5.935750,0.002950,65.390000,47.602300,8.508200,404.919200,5,burst,Dynamic,1511
2026-06-01 03:55:32,0.000000,0.250000,0.000000,0.000000,0.000000,65.382000,47.808100,4.125200,197.190600,5,burst,Dynamic,1512
2026-06-01 03:55:33,0.000000,0.500000,0.000000,0.000000,0.000000,65.380000,47.875000,3.255700,155.866200,5,burst,Dynamic,1513
2026-06-01 03:55:34,0.000000,0.500000,0.000000,0.000000,0.000000,65.388000,47.861000,3.096300,148.192300,5,burst,Dynamic,1514
2026-06-01 03:55:35,0.000000,0.500000,0.000000,0.000000,0.000000,65.372000,47.863800,3.025700,144.821300,5,burst,Dynamic,1515
2026-06-01 03:55:36,0.000000,0.500000,0.000000,0.000000,0.000000,65.370000,47.864900,3.000100,143.599100,5,burst,Dynamic,1516
2026-06-01 03:55:37,0.000000,0.500000,0.000000,0.000000,0.000000,65.370000,47.867100,2.994600,143.343400,5,burst,Dynamic,1517
2026-06-01 03:55:38,0.000000,0.450000,0.000000,0.000000,0.000000,65.367000,47.858300,2.958800,141.602900,5,burst,Dynamic,1518
2026-06-01 03:55:39,0.207300,0.000000,0.590714,4.962420,0.002480,65.360000,47.861700,3.309800,158.282200,5,burst,Dynamic,1519
2026-06-01 03:55:40,0.600000,0.000000,0.000000,11.871500,0.005900,65.357000,47.604100,8.295400,394.836900,5,burst,Dynamic,1520
2026-06-01 03:55:41,0.060000,0.000000,-0.714286,1.187150,0.000590,65.350000,47.684700,6.640000,316.452700,5,burst,Dynamic,1521
2026-06-01 03:55:42,0.000000,0.400000,0.000000,0.000000,0.000000,65.340000,47.833400,3.350800,160.277900,5,burst,Dynamic,1522
2026-06-01 03:55:43,0.000000,0.500000,0.000000,0.000000,0.000000,65.340000,47.859500,3.116300,149.144400,5,burst,Dynamic,1523
2026-06-01 03:55:44,0.000000,0.500000,0.000000,0.000000,0.000000,65.348000,47.870100,3.019100,144.524400,5,burst,Dynamic,1524
2026-06-01 03:55:45,0.000000,0.500000,0.000000,0.000000,0.000000,65.340000,47.857800,3.031600,145.085800,5,burst,Dynamic,1525
2026-06-01 03:55:46,0.000000,0.500000,0.000000,0.000000,0.000000,65.378000,47.872300,2.988800,143.081000,5,burst,Dynamic,1526
2026-06-01 03:55:47,0.000000,0.500000,0.000000,0.000000,0.000000,65.346000,47.859300,2.972700,142.271400,5,burst,Dynamic,1527
2026-06-01 03:55:48,0.000000,0.350000,0.000000,0.000000,0.000000,65.351000,47.864900,2.853600,136.584500,5,burst,Dynamic,1528
2026-06-01 03:55:49,0.333900,0.000000,0.611429,7.522150,0.003740,65.320000,47.819400,4.141600,197.886500,5,burst,Dynamic,1529
2026-06-01 03:55:50,0.480000,0.000000,-0.714286,9.497200,0.004720,65.315000,47.582200,8.681200,413.050600,5,burst,Dynamic,1530
2026-06-01 03:55:51,0.000000,0.100000,0.000000,0.000000,0.000000,65.310000,47.788600,4.925000,235.294500,5,burst,Dynamic,1531
2026-06-01 03:55:52,0.000000,0.500000,0.000000,0.000000,0.000000,65.334000,47.835900,3.339400,159.743100,5,burst,Dynamic,1532
2026-06-01 03:55:53,0.000000,0.500000,0.000000,0.000000,0.000000,65.316000,47.849900,3.124400,149.501900,5,burst,Dynamic,1533
2026-06-01 03:55:54,0.000000,0.500000,0.000000,0.000000,0.000000,65.356000,47.848700,3.031700,145.062600,5,burst,Dynamic,1534
2026-06-01 03:55:55,0.000000,0.500000,0.000000,0.000000,0.000000,65.302000,47.846500,3.054700,146.156900,5,burst,Dynamic,1535
2026-06-01 03:55:56,0.000000,0.500000,0.000000,0.000000,0.000000,65.322000,47.844200,3.020500,144.513500,5,burst,Dynamic,1536
2026-06-01 03:55:57,0.000000,0.500000,0.000000,0.000000,0.000000,65.306000,47.842800,3.019100,144.442000,5,burst,Dynamic,1537
2026-06-01 03:55:58,0.010500,0.150000,0.100000,0.277060,0.000140,65.346000,47.871200,2.663700,127.493200,5,burst,Dynamic,1538
2026-06-01 03:55:59,0.564000,0.000000,0.489286,12.028380,0.005990,65.320000,47.663900,6.799000,323.952900,5,burst,Dynamic,1539
2026-06-01 03:56:00,0.240000,0.000000,-0.571429,4.748600,0.002360,65.321000,47.603900,7.723100,367.520900,5,burst,Dynamic,1540
2026-06-01 03:56:01,0.000000,0.250000,0.000000,0.000000,0.000000,65.294000,47.836700,3.601700,172.283100,5,burst,Dynamic,1541
2026-06-01 03:56:02,0.000000,0.500000,0.000000,0.000000,0.000000,65.282000,47.847000,3.148100,150.626500,5,burst,Dynamic,1542
2026-06-01 03:56:03,0.000000,0.500000,0.000000,0.000000,0.000000,65.276000,47.860800,3.036500,145.329200,5,burst,Dynamic,1543
2026-06-01 03:56:04,0.000000,0.500000,0.000000,0.000000,0.000000,65.300000,47.856500,3.017700,144.416700,5,burst,Dynamic,1544
2026-06-01 03:56:05,0.000000,0.500000,0.000000,0.000000,0.000000,65.257000,47.843600,3.024000,144.677900,5,burst,Dynamic,1545
2026-06-01 03:56:06,0.000000,0.500000,0.000000,0.000000,0.000000,65.282000,47.853300,2.999900,143.555200,5,burst,Dynamic,1546
2026-06-01 03:56:07,0.000000,0.500000,0.000000,0.000000,0.000000,65.274000,47.841600,3.014100,144.198700,5,burst,Dynamic,1547
2026-06-01 03:56:08,0.214500,0.000000,0.571429,5.148200,0.002570,65.298000,47.814200,3.634900,173.692200,5,burst,Dynamic,1548
2026-06-01 03:56:09,0.600000,0.000000,0.000000,11.871500,0.005900,65.313000,47.591400,8.567300,407.706200,5,burst,Dynamic,1549
2026-06-01 03:56:10,0.000000,0.000000,-0.571429,0.000000,0.000000,65.279000,47.719200,5.635600,268.786100,5,burst,Dynamic,1550
2026-06-01 03:56:11,0.000000,0.450000,0.000000,0.000000,0.000000,65.254000,47.833200,3.277900,156.792200,5,burst,Dynamic,1551
2026-06-01 03:56:12,0.000000,0.500000,0.000000,0.000000,0.000000,65.252000,47.858000,3.055300,146.221600,5,burst,Dynamic,1552
2026-06-01 03:56:13,0.000000,0.500000,0.000000,0.000000,0.000000,65.244000,47.837500,3.046900,145.755500,5,burst,Dynamic,1553
2026-06-01 03:56:14,0.000000,0.500000,0.000000,0.000000,0.000000,65.260000,47.867800,3.000400,143.623100,5,burst,Dynamic,1554
2026-06-01 03:56:15,0.000000,0.500000,0.000000,0.000000,0.000000,65.220000,47.848200,3.007200,143.889600,5,burst,Dynamic,1555
2026-06-01 03:56:16,0.000000,0.500000,0.000000,0.000000,0.000000,65.278000,47.859200,2.990600,143.126800,5,burst,Dynamic,1556
2026-06-01 03:56:17,0.000000,0.250000,0.000000,0.000000,0.000000,65.218000,47.858400,2.659900,127.288800,5,burst,Dynamic,1557
2026-06-01 03:56:18,0.454500,0.000000,0.596429,9.898960,0.004930,65.241000,47.723600,5.486400,261.616900,5,burst,Dynamic,1558
2026-06-01 03:56:19,0.360000,0.000000,-0.571429,7.122900,0.003540,65.240000,47.593500,8.342100,396.946600,5,burst,Dynamic,1559
2026-06-01 03:56:20,0.000000,0.200000,0.000000,0.000000,0.000000,65.214000,47.794200,4.219700,201.627400,5,burst,Dynamic,1560
2026-06-01 03:56:21,0.000000,0.500000,0.000000,0.000000,0.000000,65.214000,47.841500,3.265400,156.221900,5,burst,Dynamic,1561
2026-06-01 03:56:22,0.000000,0.500000,0.000000,0.000000,0.000000,65.221000,47.838100,3.088700,147.757900,5,burst,Dynamic,1562
2026-06-01 03:56:23,0.000000,0.500000,0.000000,0.000000,0.000000,65.197000,47.832200,3.040900,145.453300,5,burst,Dynamic,1563
2026-06-01 03:56:24,0.000000,0.500000,0.000000,0.000000,0.000000,65.252000,47.841800,3.032200,145.065600,5,burst,Dynamic,1564
2026-06-01 03:56:25,0.000000,0.500000,0.000000,0.000000,0.000000,65.188000,47.837500,3.008700,143.928600,5,burst,Dynamic,1565
2026-06-01 03:56:26,0.000000,0.500000,0.000000,0.000000,0.000000,65.232000,47.847800,2.997900,143.443200,5,burst,Dynamic,1566
2026-06-01 03:56:27,0.159300,0.050000,0.611429,4.069340,0.002030,65.170000,47.817900,3.140400,150.102500,5,burst,Dynamic,1567
2026-06-01 03:56:28,0.600000,0.000000,0.000000,11.871500,0.005900,65.166000,47.586800,7.999600,380.613700,5,burst,Dynamic,1568
2026-06-01 03:56:29,0.120000,0.000000,-0.571429,2.374300,0.001180,65.157000,47.632900,7.198300,342.726000,5,burst,Dynamic,1569
2026-06-01 03:56:30,0.000000,0.388889,0.000000,0.000000,0.000000,65.185556,47.826333,3.596778,172.012889,5,burst,Dynamic,1570
2026-06-01 03:56:31,0.000000,0.500000,0.000000,0.000000,0.000000,65.230000,47.837727,3.179909,152.118364,5,burst,Dynamic,1571
2026-06-01 03:56:32,0.000000,0.500000,0.000000,0.000000,0.000000,65.220000,47.868111,3.037333,145.390667,5,burst,Dynamic,1572
2026-06-01 03:56:33,0.000000,0.500000,0.000000,0.000000,0.000000,65.220000,47.841000,3.037800,145.331500,5,burst,Dynamic,1573
2026-06-01 03:56:34,0.000000,0.500000,0.000000,0.000000,0.000000,65.188000,47.844900,3.030200,144.979200,5,burst,Dynamic,1574
2026-06-01 03:56:35,0.000000,0.500000,0.000000,0.000000,0.000000,65.220000,47.843100,2.987200,142.917000,5,burst,Dynamic,1575
2026-06-01 03:56:36,0.000000,0.320000,0.000000,0.000000,0.000000,65.198000,47.856000,2.785000,133.274000,5,burst,Dynamic,1576
2026-06-01 03:56:37,0.357480,0.000000,0.611429,8.071190,0.004020,65.178000,47.771500,4.678500,223.296900,5,burst,Dynamic,1577
2026-06-01 03:56:38,0.444000,0.000000,-0.628571,8.784910,0.004370,65.179000,47.580200,8.602200,409.273600,5,burst,Dynamic,1578
2026-06-01 03:56:39,0.000000,0.110000,0.000000,0.000000,0.000000,65.158000,47.765300,4.595200,219.440200,5,burst,Dynamic,1579
2026-06-01 03:56:40,0.000000,0.500000,0.000000,0.000000,0.000000,65.190000,47.849800,3.304000,158.096900,5,burst,Dynamic,1580
2026-06-01 03:56:41,0.000000,0.500000,0.000000,0.000000,0.000000,65.168182,47.837636,3.114909,149.009909,5,burst,Dynamic,1581
2026-06-01 03:56:42,0.000000,0.500000,0.000000,0.000000,0.000000,65.180000,47.847667,3.071667,146.972222,5,burst,Dynamic,1582
2026-06-01 03:56:43,0.000000,0.500000,0.000000,0.000000,0.000000,65.182000,47.839100,3.018900,144.421300,5,burst,Dynamic,1583
2026-06-01 03:56:44,0.000000,0.500000,0.000000,0.000000,0.000000,65.158182,47.863909,2.984182,142.835091,5,burst,Dynamic,1584
2026-06-01 03:56:45,0.000000,0.500000,0.000000,0.000000,0.000000,65.180000,47.853111,2.983111,142.751222,5,burst,Dynamic,1585
2026-06-01 03:56:46,0.057660,0.125000,0.407714,1.663010,0.000830,65.144000,47.853300,2.928600,140.119800,5,burst,Dynamic,1586
2026-06-01 03:56:47,0.599100,0.000000,0.202857,12.293070,0.006120,65.153000,47.627500,7.562200,360.100100,5,burst,Dynamic,1587
2026-06-01 03:56:48,0.162000,0.000000,-0.571429,3.205300,0.001600,65.161000,47.643700,7.047500,335.626400,5,burst,Dynamic,1588
2026-06-01 03:56:49,0.000000,0.322727,0.000000,0.000000,0.000000,65.152727,47.825818,3.383455,161.808727,5,burst,Dynamic,1589
2026-06-01 03:56:50,0.000000,0.500000,0.000000,0.000000,0.000000,65.141111,47.837889,3.103667,148.472222,5,burst,Dynamic,1590
2026-06-01 03:56:51,0.000000,0.500000,0.000000,0.000000,0.000000,65.150000,47.839000,3.054091,146.103182,5,burst,Dynamic,1591
2026-06-01 03:56:52,0.000000,0.500000,0.000000,0.000000,0.000000,65.150000,47.832333,3.016333,144.278333,5,burst,Dynamic,1592
2026-06-01 03:56:53,0.000000,0.500000,0.000000,0.000000,0.000000,65.145000,47.840000,3.019700,144.463500,5,burst,Dynamic,1593
2026-06-01 03:56:54,0.000000,0.500000,0.000000,0.000000,0.000000,65.125455,47.835364,3.007182,143.849182,5,burst,Dynamic,1594
2026-06-01 03:56:55,0.000000,0.335000,0.000000,0.000000,0.000000,65.140000,47.844100,2.737200,130.956900,5,burst,Dynamic,1595
2026-06-01 03:56:56,0.354840,0.000000,0.610000,7.922410,0.003950,65.137000,47.758100,4.667600,222.719200,5,burst,Dynamic,1596
2026-06-01 03:56:57,0.516000,0.000000,-0.571429,10.209490,0.005080,65.128000,47.537500,8.935000,424.729600,5,burst,Dynamic,1597
2026-06-01 03:56:58,0.000000,0.000000,0.000000,0.000000,0.000000,65.120000,47.736000,5.205889,248.395444,5,burst,Dynamic,1598
2026-06-01 03:56:59,0.000000,0.500000,0.000000,0.000000,0.000000,65.120000,47.814600,3.433300,164.160500,5,burst,Dynamic,1599
2026-06-01 03:57:00,0.000000,0.500000,0.000000,0.000000,0.000000,65.110000,47.834900,3.142800,150.334400,5,burst,Dynamic,1600
2026-06-01 03:57:01,0.000000,0.500000,0.000000,0.000000,0.000000,65.110000,47.827200,3.047700,145.763400,5,burst,Dynamic,1601
2026-06-01 03:57:02,0.000000,0.500000,0.000000,0.000000,0.000000,65.102000,47.831700,3.002400,143.609700,5,burst,Dynamic,1602
2026-06-01 03:57:03,0.000000,0.500000,0.000000,0.000000,0.000000,65.095000,47.841200,2.979200,142.528300,5,burst,Dynamic,1603
2026-06-01 03:57:04,0.000000,0.500000,0.000000,0.000000,0.000000,65.052000,47.829600,3.000000,143.488500,5,burst,Dynamic,1604
2026-06-01 03:57:05,0.002700,0.170000,0.025714,0.058430,0.000030,65.084000,47.867700,2.515600,120.408700,5,burst,Dynamic,1605
2026-06-01 03:57:06,0.544020,0.000000,0.585714,11.664320,0.005810,65.086000,47.673900,6.527300,311.059700,5,burst,Dynamic,1606
2026-06-01 03:57:07,0.306000,0.000000,-0.571429,6.054460,0.003010,65.053000,47.551600,8.449700,401.708600,5,burst,Dynamic,1607
2026-06-01 03:57:08,0.000000,0.250000,0.000000,0.000000,0.000000,65.024000,47.778100,4.088200,195.299200,5,burst,Dynamic,1608
2026-06-01 03:57:09,0.000000,0.500000,0.000000,0.000000,0.000000,64.994000,47.831300,3.263100,156.077400,5,burst,Dynamic,1609
2026-06-01 03:57:10,0.000000,0.500000,0.000000,0.000000,0.000000,64.990000,47.828600,3.111100,148.799100,5,burst,Dynamic,1610
2026-06-01 03:57:11,0.000000,0.500000,0.000000,0.000000,0.000000,64.990000,47.812400,3.068200,146.697500,5,burst,Dynamic,1611
2026-06-01 03:57:12,0.000000,0.500000,0.000000,0.000000,0.000000,64.988000,47.825400,3.033200,145.063600,5,burst,Dynamic,1612
2026-06-01 03:57:13,0.000000,0.500000,0.000000,0.000000,0.000000,64.980000,47.827700,2.996500,143.316000,5,burst,Dynamic,1613
2026-06-01 03:57:14,0.000000,0.500000,0.000000,0.000000,0.000000,64.980000,47.806900,2.974900,142.220500,5,burst,Dynamic,1614
2026-06-01 03:57:15,0.151500,0.000000,0.611429,3.963400,0.001990,65.036000,47.840000,3.154800,150.830900,5,burst,Dynamic,1615
2026-06-01 03:57:16,0.600000,0.000000,0.000000,11.871500,0.005900,65.020000,47.570100,8.134000,386.878500,5,burst,Dynamic,1616
2026-06-01 03:57:17,0.060000,0.000000,-0.571429,1.187150,0.000590,65.027000,47.675200,5.993900,285.632300,5,burst,Dynamic,1617
2026-06-01 03:57:18,0.000000,0.400000,0.000000,0.000000,0.000000,64.976000,47.799200,3.269400,156.275300,5,burst,Dynamic,1618
2026-06-01 03:57:19,0.000000,0.500000,0.000000,0.000000,0.000000,64.990000,47.824200,3.103500,148.421700,5,burst,Dynamic,1619
2026-06-01 03:57:20,0.000000,0.500000,0.000000,0.000000,0.000000,64.958000,47.837100,3.018100,144.377800,5,burst,Dynamic,1620
2026-06-01 03:57:21,0.000000,0.500000,0.000000,0.000000,0.000000,64.998000,47.849400,3.003600,143.720300,5,burst,Dynamic,1621
2026-06-01 03:57:22,0.000000,0.500000,0.000000,0.000000,0.000000,64.974000,47.828700,2.999200,143.447800,5,burst,Dynamic,1622
2026-06-01 03:57:23,0.000000,0.500000,0.000000,0.000000,0.000000,64.976000,47.826500,3.007800,143.852000,5,burst,Dynamic,1623
2026-06-01 03:57:24,0.000000,0.350000,0.000000,0.000000,0.000000,64.988000,47.841400,2.752300,131.670800,5,burst,Dynamic,1624
2026-06-01 03:57:25,0.335100,0.000000,0.611429,7.592250,0.003780,64.988000,47.736900,4.503700,214.785000,5,burst,Dynamic,1625
2026-06-01 03:57:26,0.540000,0.000000,-0.571429,10.684350,0.005310,65.003000,47.541600,8.870600,421.699200,5,burst,Dynamic,1626
2026-06-01 03:57:27,0.000000,0.000000,0.000000,0.000000,0.000000,64.977000,47.698600,5.168000,246.379700,5,burst,Dynamic,1627
2026-06-01 03:57:28,0.000000,0.500000,0.000000,0.000000,0.000000,64.960000,47.805800,3.260400,155.865400,5,burst,Dynamic,1628
2026-06-01 03:57:29,0.000000,0.500000,0.000000,0.000000,0.000000,64.943000,47.831100,3.076200,147.137600,5,burst,Dynamic,1629
2026-06-01 03:57:30,0.000000,0.500000,0.000000,0.000000,0.000000,64.918000,47.803900,3.061700,146.361200,5,burst,Dynamic,1630
2026-06-01 03:57:31,0.000000,0.500000,0.000000,0.000000,0.000000,64.974000,47.826600,2.990200,143.011700,5,burst,Dynamic,1631
2026-06-01 03:57:32,0.000000,0.500000,0.000000,0.000000,0.000000,64.918000,47.819200,2.994300,143.184500,5,burst,Dynamic,1632
2026-06-01 03:57:33,0.000000,0.500000,0.000000,0.000000,0.000000,64.952000,47.822600,2.979500,142.488300,5,burst,Dynamic,1633
2026-06-01 03:57:34,0.000000,0.200000,0.000000,0.000000,0.000000,64.900000,47.826200,2.582600,123.499100,5,burst,Dynamic,1634
2026-06-01 03:57:35,0.515100,0.000000,0.611429,11.100770,0.005530,64.906000,47.668900,6.038500,287.709900,5,burst,Dynamic,1635
2026-06-01 03:57:36,0.360000,0.000000,-0.571429,7.122900,0.003540,64.889000,47.534100,8.689900,413.010100,5,burst,Dynamic,1636
2026-06-01 03:57:37,0.000000,0.200000,0.000000,0.000000,0.000000,64.904000,47.759700,4.322700,206.414900,5,burst,Dynamic,1637
2026-06-01 03:57:38,0.000000,0.500000,0.000000,0.000000,0.000000,64.928000,47.811100,3.255800,155.663100,5,burst,Dynamic,1638
2026-06-01 03:57:39,0.000000,0.500000,0.000000,0.000000,0.000000,64.920000,47.823700,3.080100,147.301200,5,burst,Dynamic,1639
2026-06-01 03:57:40,0.000000,0.500000,0.000000,0.000000,0.000000,64.902000,47.822000,3.056300,146.157900,5,burst,Dynamic,1640
2026-06-01 03:57:41,0.000000,0.500000,0.000000,0.000000,0.000000,64.942000,47.837700,3.018300,144.388300,5,burst,Dynamic,1641
2026-06-01 03:57:42,0.000000,0.500000,0.000000,0.000000,0.000000,64.926000,47.820000,3.004300,143.665400,5,burst,Dynamic,1642
2026-06-01 03:57:43,0.000000,0.500000,0.000000,0.000000,0.000000,64.944444,47.830556,3.011778,144.055556,5,burst,Dynamic,1643
2026-06-01 03:57:44,0.115200,0.050000,0.590857,3.178040,0.001590,64.940000,47.815200,2.997200,143.257400,5,burst,Dynamic,1644
2026-06-01 03:57:45,0.600000,0.000000,0.020571,11.916050,0.005930,64.855000,47.562200,7.943600,377.761200,5,burst,Dynamic,1645
2026-06-01 03:57:46,0.120000,0.000000,-0.571429,2.374300,0.001180,64.846000,47.619500,7.157300,340.666600,5,burst,Dynamic,1646
2026-06-01 03:57:47,0.000000,0.400000,0.000000,0.000000,0.000000,64.840000,47.781200,3.594800,171.758300,5,burst,Dynamic,1647
2026-06-01 03:57:48,0.000000,0.500000,0.000000,0.000000,0.000000,64.840000,47.800800,3.209600,153.421500,5,burst,Dynamic,1648
2026-06-01 03:57:49,0.000000,0.500000,0.000000,0.000000,0.000000,64.842000,47.819800,3.083000,147.429000,5,burst,Dynamic,1649
2026-06-01 03:57:50,0.000000,0.500000,0.000000,0.000000,0.000000,64.830000,47.812600,2.987700,142.849600,5,burst,Dynamic,1650
2026-06-01 03:57:51,0.000000,0.500000,0.000000,0.000000,0.000000,64.830000,47.818000,2.983500,142.665100,5,burst,Dynamic,1651
2026-06-01 03:57:52,0.000000,0.500000,0.000000,0.000000,0.000000,64.829000,47.820500,2.979600,142.486400,5,burst,Dynamic,1652
2026-06-01 03:57:53,0.000000,0.350000,0.000000,0.000000,0.000000,64.820000,47.816200,2.875900,137.511200,5,burst,Dynamic,1653
2026-06-01 03:57:54,0.321300,0.000000,0.611429,7.304960,0.003650,64.820000,47.772500,4.167600,198.919300,5,burst,Dynamic,1654
2026-06-01 03:57:55,0.540000,0.000000,-0.571429,10.684350,0.005310,64.813000,47.526600,8.858300,420.976100,5,burst,Dynamic,1655
2026-06-01 03:57:56,0.000000,0.050000,0.000000,0.000000,0.000000,64.804000,47.678700,5.470700,260.723900,5,burst,Dynamic,1656
2026-06-01 03:57:57,0.000000,0.500000,0.000000,0.000000,0.000000,64.800000,47.797600,3.426900,163.795100,5,burst,Dynamic,1657
2026-06-01 03:57:58,0.000000,0.500000,0.000000,0.000000,0.000000,64.800000,47.790100,3.162900,151.155500,5,burst,Dynamic,1658
2026-06-01 03:57:59,0.000000,0.500000,0.000000,0.000000,0.000000,64.793000,47.815400,3.075300,147.046500,5,burst,Dynamic,1659
2026-06-01 03:58:00,0.000000,0.500000,0.000000,0.000000,0.000000,64.790000,47.806400,3.007300,143.768400,5,burst,Dynamic,1660
2026-06-01 03:58:01,0.000000,0.500000,0.000000,0.000000,0.000000,64.790000,47.813500,3.005500,143.703300,5,burst,Dynamic,1661
2026-06-01 03:58:02,0.000000,0.500000,0.000000,0.000000,0.000000,64.787000,47.816500,2.998800,143.392200,5,burst,Dynamic,1662
2026-06-01 03:58:03,0.006900,0.150000,0.065714,0.166410,0.000080,64.780000,47.828700,2.567100,122.771100,5,burst,Dynamic,1663
2026-06-01 03:58:04,0.552600,0.000000,0.545714,11.864400,0.005900,64.780000,47.628900,6.532700,311.007600,5,burst,Dynamic,1664
2026-06-01 03:58:05,0.240000,0.000000,-0.714286,4.748600,0.002360,64.770000,47.551200,7.920600,376.504700,5,burst,Dynamic,1665
2026-06-01 03:58:06,0.000000,0.250000,0.000000,0.000000,0.000000,64.763000,47.763800,3.697100,176.569700,5,burst,Dynamic,1666
2026-06-01 03:58:07,0.000000,0.500000,0.000000,0.000000,0.000000,64.760000,47.804900,3.114500,148.888100,5,burst,Dynamic,1667
2026-06-01 03:58:08,0.000000,0.500000,0.000000,0.000000,0.000000,64.760000,47.800300,3.071600,146.823200,5,burst,Dynamic,1668
2026-06-01 03:58:09,0.000000,0.500000,0.000000,0.000000,0.000000,64.756000,47.807700,3.016500,144.211600,5,burst,Dynamic,1669
2026-06-01 03:58:10,0.000000,0.500000,0.000000,0.000000,0.000000,64.750000,47.810800,3.010800,143.948600,5,burst,Dynamic,1670
2026-06-01 03:58:11,0.000000,0.500000,0.000000,0.000000,0.000000,64.750000,47.807000,3.002600,143.545700,5,burst,Dynamic,1671
2026-06-01 03:58:12,0.000000,0.450000,0.000000,0.000000,0.000000,64.750000,47.807100,2.949600,141.011000,5,burst,Dynamic,1672
2026-06-01 03:58:13,0.203700,0.000000,0.597857,4.918360,0.002450,64.741000,47.786400,3.274400,156.347300,5,burst,Dynamic,1673
2026-06-01 03:58:14,0.600000,0.000000,0.000000,11.871500,0.005900,64.738000,47.534300,8.273600,393.237800,5,burst,Dynamic,1674
2026-06-01 03:58:15,0.000000,0.000000,-0.571429,0.000000,0.000000,64.730000,47.653200,5.886200,280.410200,5,burst,Dynamic,1675
2026-06-01 03:58:16,0.000000,0.500000,0.000000,0.000000,0.000000,64.726000,47.782200,3.433700,164.069600,5,burst,Dynamic,1676
2026-06-01 03:58:17,0.000000,0.500000,0.000000,0.000000,0.000000,64.720000,47.803300,3.120700,149.179300,5,burst,Dynamic,1677
2026-06-01 03:58:18,0.000000,0.500000,0.000000,0.000000,0.000000,64.720000,47.814200,3.064500,146.526500,5,burst,Dynamic,1678
2026-06-01 03:58:19,0.000000,0.500000,0.000000,0.000000,0.000000,64.719000,47.795100,3.006700,143.705200,5,burst,Dynamic,1679
2026-06-01 03:58:20,0.000000,0.500000,0.000000,0.000000,0.000000,64.710000,47.799400,2.993000,143.064000,5,burst,Dynamic,1680
2026-06-01 03:58:21,0.000000,0.500000,0.000000,0.000000,0.000000,64.710000,47.808300,3.011500,143.974600,5,burst,Dynamic,1681
2026-06-01 03:58:22,0.000000,0.250000,0.000000,0.000000,0.000000,64.710000,47.826500,2.645100,126.497200,5,burst,Dynamic,1682
2026-06-01 03:58:23,0.500100,0.000000,0.585000,10.762760,0.005360,64.703000,47.635700,5.992400,285.293500,5,burst,Dynamic,1683
2026-06-01 03:58:24,0.360000,0.000000,-0.571429,7.122900,0.003540,64.695000,47.524800,8.767200,416.612800,5,burst,Dynamic,1684
2026-06-01 03:58:25,0.000000,0.200000,0.000000,0.000000,0.000000,64.690000,47.723800,4.358500,207.966000,5,burst,Dynamic,1685
2026-06-01 03:58:26,0.000000,0.500000,0.000000,0.000000,0.000000,64.683000,47.789100,3.291700,157.305400,5,burst,Dynamic,1686
2026-06-01 03:58:27,0.000000,0.500000,0.000000,0.000000,0.000000,64.680000,47.794100,3.093100,147.831800,5,burst,Dynamic,1687
2026-06-01 03:58:28,0.000000,0.500000,0.000000,0.000000,0.000000,64.680000,47.784300,3.035400,145.043700,5,burst,Dynamic,1688
2026-06-01 03:58:29,0.000000,0.500000,0.000000,0.000000,0.000000,64.677000,47.795100,3.006000,143.671400,5,burst,Dynamic,1689
2026-06-01 03:58:30,0.000000,0.500000,0.000000,0.000000,0.000000,64.670000,47.805400,3.036200,145.146700,5,burst,Dynamic,1690
2026-06-01 03:58:31,0.000000,0.500000,0.000000,0.000000,0.000000,64.670000,47.797700,3.024600,144.569200,5,burst,Dynamic,1691
2026-06-01 03:58:32,0.142500,0.050000,0.611429,3.766510,0.001880,64.670000,47.792300,3.133600,149.695200,5,burst,Dynamic,1692
2026-06-01 03:58:33,0.600000,0.000000,0.000000,11.871500,0.005900,64.660000,47.557800,7.984000,379.648900,5,burst,Dynamic,1693
2026-06-01 03:58:34,0.120000,0.000000,-0.571429,2.374300,0.001180,64.651000,47.573000,7.219900,343.287800,5,burst,Dynamic,1694
2026-06-01 03:58:35,0.000000,0.400000,0.000000,0.000000,0.000000,64.650000,47.775000,3.593000,171.654700,5,burst,Dynamic,1695
2026-06-01 03:58:36,0.000000,0.500000,0.000000,0.000000,0.000000,64.641000,47.778000,3.205800,153.167100,5,burst,Dynamic,1696
2026-06-01 03:58:37,0.000000,0.500000,0.000000,0.000000,0.000000,64.640000,47.785300,3.061700,146.303000,5,burst,Dynamic,1697
2026-06-01 03:58:38,0.000000,0.500000,0.000000,0.000000,0.000000,64.640000,47.796500,3.020600,144.374600,5,burst,Dynamic,1698
2026-06-01 03:58:39,0.000000,0.500000,0.000000,0.000000,0.000000,64.635000,47.781600,3.012000,143.917200,5,burst,Dynamic,1699
2026-06-01 03:58:40,0.000000,0.500000,0.000000,0.000000,0.000000,64.630000,47.799500,3.000500,143.421500,5,burst,Dynamic,1700
2026-06-01 03:58:41,0.000000,0.300000,0.000000,0.000000,0.000000,64.630000,47.794000,2.753100,131.574100,5,burst,Dynamic,1701
2026-06-01 03:58:42,0.384900,0.000000,0.611429,8.576460,0.004270,64.627000,47.712100,4.716200,224.826200,5,burst,Dynamic,1702
2026-06-01 03:58:43,0.420000,0.000000,-0.571429,8.310050,0.004130,64.618000,47.517800,8.595000,408.396200,5,burst,Dynamic,1703
2026-06-01 03:58:44,0.000000,0.150000,0.000000,0.000000,0.000000,64.618000,47.723400,4.587600,218.877600,5,burst,Dynamic,1704
2026-06-01 03:58:45,0.000000,0.500000,0.000000,0.000000,0.000000,64.610000,47.789600,3.287900,157.125200,5,burst,Dynamic,1705
2026-06-01 03:58:46,0.000000,0.500000,0.000000,0.000000,0.000000,64.629000,47.783800,3.093800,147.833200,5,burst,Dynamic,1706
2026-06-01 03:58:47,0.000000,0.500000,0.000000,0.000000,0.000000,64.600000,47.790200,3.032200,144.909300,5,burst,Dynamic,1707
2026-06-01 03:58:48,0.000000,0.500000,0.000000,0.000000,0.000000,64.608000,47.788900,3.021900,144.412200,5,burst,Dynamic,1708
2026-06-01 03:58:49,0.000000,0.500000,0.000000,0.000000,0.000000,64.615000,47.793800,3.019900,144.331400,5,burst,Dynamic,1709
2026-06-01 03:58:50,0.000000,0.500000,0.000000,0.000000,0.000000,64.599000,47.793400,3.015100,144.101600,5,burst,Dynamic,1710
2026-06-01 03:58:51,0.092700,0.100000,0.494286,2.530920,0.001260,64.590000,47.782400,2.926800,139.806200,5,burst,Dynamic,1711
2026-06-01 03:58:52,0.600000,0.000000,0.096429,12.080360,0.006010,64.585000,47.566700,7.571400,360.068100,5,burst,Dynamic,1712
2026-06-01 03:58:53,0.180000,0.000000,-0.714286,3.561450,0.001770,64.575000,47.566600,7.676400,364.997400,5,burst,Dynamic,1713
2026-06-01 03:58:54,0.000000,0.300000,0.000000,0.000000,0.000000,64.570000,47.741500,3.599100,171.814100,5,burst,Dynamic,1714
2026-06-01 03:58:55,0.000000,0.500000,0.000000,0.000000,0.000000,64.586000,47.767100,3.132500,149.630500,5,burst,Dynamic,1715
2026-06-01 03:58:56,0.000000,0.500000,0.000000,0.000000,0.000000,64.570000,47.798300,3.053300,145.942300,5,burst,Dynamic,1716
2026-06-01 03:58:57,0.000000,0.500000,0.000000,0.000000,0.000000,64.568000,47.774800,3.019100,144.236900,5,burst,Dynamic,1717
2026-06-01 03:58:58,0.000000,0.500000,0.000000,0.000000,0.000000,64.560000,47.798100,2.979900,142.433800,5,burst,Dynamic,1718
2026-06-01 03:58:59,0.000000,0.500000,0.000000,0.000000,0.000000,64.556000,47.784900,2.959400,141.415400,5,burst,Dynamic,1719
2026-06-01 03:59:00,0.000000,0.450000,0.000000,0.000000,0.000000,64.550000,47.788800,2.948500,140.904200,5,burst,Dynamic,1720
2026-06-01 03:59:01,0.274500,0.000000,0.589286,6.300380,0.003140,64.550000,47.764000,3.803600,181.548200,5,burst,Dynamic,1721
2026-06-01 03:59:02,0.540000,0.000000,-0.714286,10.684350,0.005310,64.542000,47.502000,8.600300,408.508100,5,burst,Dynamic,1722
2026-06-01 03:59:03,0.000000,0.000000,0.000000,0.000000,0.000000,64.534000,47.663300,5.378200,256.221700,5,burst,Dynamic,1723
2026-06-01 03:59:04,0.000000,0.500000,0.000000,0.000000,0.000000,64.530000,47.790900,3.222800,154.020400,5,burst,Dynamic,1724
2026-06-01 03:59:05,0.000000,0.500000,0.000000,0.000000,0.000000,64.538000,47.783400,3.093400,147.813600,5,burst,Dynamic,1725
2026-06-01 03:59:06,0.000000,0.500000,0.000000,0.000000,0.000000,64.550000,47.788200,3.014500,144.056400,5,burst,Dynamic,1726
2026-06-01 03:59:07,0.000000,0.500000,0.000000,0.000000,0.000000,64.536000,47.789400,2.988100,142.799200,5,burst,Dynamic,1727
2026-06-01 03:59:08,0.000000,0.500000,0.000000,0.000000,0.000000,64.536000,47.789200,2.950700,141.011700,5,burst,Dynamic,1728
2026-06-01 03:59:09,0.000000,0.500000,0.000000,0.000000,0.000000,64.519000,47.778400,3.010300,143.827300,5,burst,Dynamic,1729
2026-06-01 03:59:10,0.000000,0.250000,0.000000,0.000000,0.000000,64.526000,47.818300,2.650700,126.740900,5,burst,Dynamic,1730
2026-06-01 03:59:11,0.450300,0.000000,0.611429,9.874360,0.004910,64.526000,47.660600,5.395500,256.965400,5,burst,Dynamic,1731
2026-06-01 03:59:12,0.360000,0.000000,-0.714286,7.122900,0.003540,64.525000,47.510600,8.287800,393.661500,5,burst,Dynamic,1732
2026-06-01 03:59:13,0.000000,0.150000,0.000000,0.000000,0.000000,64.495000,47.731200,4.180600,199.503800,5,burst,Dynamic,1733
2026-06-01 03:59:14,0.000000,0.500000,0.000000,0.000000,0.000000,64.490000,47.789400,3.209100,153.360500,5,burst,Dynamic,1734
2026-06-01 03:59:15,0.000000,0.500000,0.000000,0.000000,0.000000,64.514000,47.778200,3.054500,145.939400,5,burst,Dynamic,1735
2026-06-01 03:59:16,0.000000,0.500000,0.000000,0.000000,0.000000,64.503000,47.782400,3.023200,144.456100,5,burst,Dynamic,1736
2026-06-01 03:59:17,0.000000,0.500000,0.000000,0.000000,0.000000,64.498000,47.780500,3.021900,144.387800,5,burst,Dynamic,1737
2026-06-01 03:59:18,0.000000,0.500000,0.000000,0.000000,0.000000,64.544000,47.786500,3.006800,143.684400,5,burst,Dynamic,1738
2026-06-01 03:59:19,0.000000,0.500000,0.000000,0.000000,0.000000,64.520000,47.791000,3.014800,144.080200,5,burst,Dynamic,1739
2026-06-01 03:59:20,0.060000,0.055556,0.396825,1.694611,0.000844,64.557778,47.805222,2.735667,130.758444,5,burst,Dynamic,1740
2026-06-01 03:59:21,0.598320,0.000000,0.218286,12.311060,0.006130,64.533000,47.560300,7.513000,357.234900,5,burst,Dynamic,1741
2026-06-01 03:59:22,0.216000,0.000000,-0.657143,4.273740,0.002130,64.525000,47.570000,7.667000,364.559700,5,burst,Dynamic,1742
2026-06-01 03:59:23,0.000000,0.300000,0.000000,0.000000,0.000000,64.529000,47.758100,3.735600,178.398900,5,burst,Dynamic,1743
2026-06-01 03:59:24,0.000000,0.500000,0.000000,0.000000,0.000000,64.522000,47.767700,3.244700,154.991200,5,burst,Dynamic,1744
2026-06-01 03:59:25,0.000000,0.500000,0.000000,0.000000,0.000000,64.522727,47.777182,3.082000,147.248091,5,burst,Dynamic,1745
2026-06-01 03:59:26,0.000000,0.500000,0.000000,0.000000,0.000000,64.530000,47.810222,3.000889,143.473222,5,burst,Dynamic,1746
2026-06-01 03:59:27,0.000000,0.500000,0.000000,0.000000,0.000000,64.522000,47.785400,2.990400,142.897300,5,burst,Dynamic,1747
2026-06-01 03:59:28,0.000000,0.500000,0.000000,0.000000,0.000000,64.520000,47.780455,3.030818,144.814000,5,burst,Dynamic,1748
2026-06-01 03:59:29,0.000000,0.380000,0.000000,0.000000,0.000000,64.520000,47.797700,2.856600,136.535100,5,burst,Dynamic,1749
2026-06-01 03:59:30,0.300000,0.000000,0.571857,6.793760,0.003390,64.516000,47.715300,4.212100,200.791200,5,burst,Dynamic,1750
2026-06-01 03:59:31,0.594000,0.000000,-0.071429,11.752780,0.005840,64.507000,47.485400,8.843300,419.886400,5,burst,Dynamic,1751
2026-06-01 03:59:32,0.000000,0.020000,-0.514286,0.000000,0.000000,64.500000,47.664200,5.503200,262.195900,5,burst,Dynamic,1752
2026-06-01 03:59:33,0.000000,0.500000,0.000000,0.000000,0.000000,64.467778,47.762444,3.406000,162.679000,5,burst,Dynamic,1753
2026-06-01 03:59:34,0.000000,0.500000,0.000000,0.000000,0.000000,64.474000,47.775400,3.133300,149.694900,5,burst,Dynamic,1754
2026-06-01 03:59:35,0.000000,0.500000,0.000000,0.000000,0.000000,64.468182,47.779455,3.044000,145.440182,5,burst,Dynamic,1755
2026-06-01 03:59:36,0.000000,0.500000,0.000000,0.000000,0.000000,64.480000,47.782222,3.030889,144.821556,5,burst,Dynamic,1756
2026-06-01 03:59:37,0.000000,0.500000,0.000000,0.000000,0.000000,64.472000,47.783100,3.022700,144.434700,5,burst,Dynamic,1757
2026-06-01 03:59:38,0.000000,0.500000,0.000000,0.000000,0.000000,64.456000,47.761900,2.997100,143.146400,5,burst,Dynamic,1758
2026-06-01 03:59:39,0.000000,0.240909,0.000000,0.000000,0.000000,64.480000,47.805545,2.585455,123.588455,5,burst,Dynamic,1759
2026-06-01 03:59:40,0.479400,0.000000,0.611286,10.420060,0.005190,64.474000,47.628100,5.918300,281.737400,5,burst,Dynamic,1760
2026-06-01 03:59:41,0.318000,0.000000,-0.614286,6.291890,0.003130,64.465000,47.514200,8.258800,392.318300,5,burst,Dynamic,1761
2026-06-01 03:59:42,0.000000,0.170000,0.000000,0.000000,0.000000,64.460000,47.735700,3.923800,187.277600,5,burst,Dynamic,1762
2026-06-01 03:59:43,0.000000,0.500000,0.000000,0.000000,0.000000,64.420000,47.769000,3.170778,151.464778,5,burst,Dynamic,1763
2026-06-01 03:59:44,0.000000,0.500000,0.000000,0.000000,0.000000,64.450000,47.789200,3.059500,146.209800,5,burst,Dynamic,1764
2026-06-01 03:59:45,0.000000,0.500000,0.000000,0.000000,0.000000,64.394000,47.763000,3.011600,143.842400,5,burst,Dynamic,1765
2026-06-01 03:59:46,0.000000,0.500000,0.000000,0.000000,0.000000,64.416000,47.769700,3.007400,143.662600,5,burst,Dynamic,1766
2026-06-01 03:59:47,0.000000,0.500000,0.000000,0.000000,0.000000,64.392000,47.783300,2.982900,142.532100,5,burst,Dynamic,1767
2026-06-01 03:59:48,0.000000,0.500000,0.000000,0.000000,0.000000,64.368000,47.773100,3.009700,143.782500,5,burst,Dynamic,1768
2026-06-01 03:59:49,0.126300,0.050000,0.611429,3.385400,0.001690,64.432000,47.759900,3.150800,150.440800,5,burst,Dynamic,1769
2026-06-01 03:59:50,0.600000,0.000000,0.000000,11.871500,0.005900,64.433000,47.513900,7.972800,378.734100,5,burst,Dynamic,1770
2026-06-01 03:59:51,0.126000,0.000000,-0.585714,2.493010,0.001240,64.423000,47.560800,7.188900,341.743100,5,burst,Dynamic,1771
2026-06-01 03:59:52,0.000000,0.335000,0.000000,0.000000,0.000000,64.420000,47.756600,3.448100,164.663900,5,burst,Dynamic,1772
2026-06-01 03:59:53,0.000000,0.500000,0.000000,0.000000,0.000000,64.349000,47.753400,3.143000,150.088600,5,burst,Dynamic,1773
2026-06-01 03:59:54,0.000000,0.500000,0.000000,0.000000,0.000000,64.362000,47.753100,3.043500,145.336400,5,burst,Dynamic,1774
2026-06-01 03:59:55,0.000000,0.500000,0.000000,0.000000,0.000000,64.330000,47.758100,3.043200,145.337800,5,burst,Dynamic,1775
2026-06-01 03:59:56,0.000000,0.500000,0.000000,0.000000,0.000000,64.335000,47.756100,3.000100,143.273200,5,burst,Dynamic,1776
2026-06-01 03:59:57,0.000000,0.500000,0.000000,0.000000,0.000000,64.320000,47.770900,2.991700,142.916100,5,burst,Dynamic,1777
2026-06-01 03:59:58,0.000000,0.350000,0.000000,0.000000,0.000000,64.320000,47.761300,2.861500,136.669300,5,burst,Dynamic,1778
2026-06-01 03:59:59,0.323700,0.000000,0.587857,7.331480,0.003650,64.327000,47.711500,4.214200,200.905700,5,burst,Dynamic,1779
2026-06-01 04:00:00,0.480000,0.000000,-0.571429,9.497200,0.004720,64.350000,47.513100,8.570200,407.169300,5,burst,Dynamic,1780
2026-06-01 04:00:01,0.000000,0.050000,0.000000,0.000000,0.000000,64.300000,47.681900,4.906500,233.854000,5,burst,Dynamic,1781
2026-06-01 04:00:02,0.000000,0.500000,0.000000,0.000000,0.000000,64.300000,47.744500,3.214500,153.473700,5,burst,Dynamic,1782
2026-06-01 04:00:03,0.000000,0.500000,0.000000,0.000000,0.000000,64.295000,47.759300,3.060200,146.152700,5,burst,Dynamic,1783
2026-06-01 04:00:04,0.000000,0.500000,0.000000,0.000000,0.000000,64.290000,47.767500,3.052200,145.797100,5,burst,Dynamic,1784
2026-06-01 04:00:05,0.000000,0.500000,0.000000,0.000000,0.000000,64.290000,47.774200,3.000500,143.346900,5,burst,Dynamic,1785
2026-06-01 04:00:06,0.000000,0.500000,0.000000,0.000000,0.000000,64.290000,47.751000,3.018800,144.151200,5,burst,Dynamic,1786
2026-06-01 04:00:07,0.000000,0.500000,0.000000,0.000000,0.000000,64.289000,47.771400,2.999000,143.265900,5,burst,Dynamic,1787
2026-06-01 04:00:08,0.042000,0.150000,0.300000,1.140740,0.000570,64.280000,47.771800,2.723600,130.091200,5,burst,Dynamic,1788
2026-06-01 04:00:09,0.588300,0.000000,0.311429,12.279900,0.006110,64.276000,47.565100,7.122600,338.680400,5,burst,Dynamic,1789
2026-06-01 04:00:10,0.240000,0.000000,-0.571429,4.748600,0.002360,64.267000,47.510100,8.114800,385.420900,5,burst,Dynamic,1790
2026-06-01 04:00:11,0.000000,0.300000,0.000000,0.000000,0.000000,64.276000,47.718700,3.879600,185.117700,5,burst,Dynamic,1791
2026-06-01 04:00:12,0.000000,0.500000,0.000000,0.000000,0.000000,64.268000,47.743700,3.253400,155.329000,5,burst,Dynamic,1792
2026-06-01 04:00:13,0.000000,0.500000,0.000000,0.000000,0.000000,64.270000,47.765200,3.076600,146.953500,5,burst,Dynamic,1793
2026-06-01 04:00:14,0.000000,0.500000,0.000000,0.000000,0.000000,64.250000,47.770200,3.044100,145.417300,5,burst,Dynamic,1794
2026-06-01 04:00:15,0.000000,0.500000,0.000000,0.000000,0.000000,64.274000,47.762100,2.995400,143.066700,5,burst,Dynamic,1795
2026-06-01 04:00:16,0.000000,0.500000,0.000000,0.000000,0.000000,64.266000,47.761200,3.028500,144.644100,5,burst,Dynamic,1796
2026-06-01 04:00:17,0.000000,0.450000,0.000000,0.000000,0.000000,64.257000,47.769800,2.996200,143.125800,5,burst,Dynamic,1797
2026-06-01 04:00:18,0.270300,0.000000,0.611429,6.256580,0.003120,64.240000,47.713800,3.810800,181.691400,5,burst,Dynamic,1798
2026-06-01 04:00:19,0.540000,0.000000,-0.714286,10.684350,0.005310,64.233000,47.476200,8.599700,408.261100,5,burst,Dynamic,1799
