_time,linear_velocity_ms,angular_velocity_rads,linear_acceleration_ms2,motor_power_total_W,motor_load_ratio,battery_SOC_percent,battery_voltage_V,battery_current_A,battery_power_draw_W,condition_id,condition_name,condition_class,timestep
2026-06-01 02:29:40,0.700000,0.000000,0.000000,13.850100,0.006900,82.470000,49.064400,10.676800,523.820900,3,stop_and_go,Dynamic,0
2026-06-01 02:29:41,0.210000,0.050000,-0.833333,4.155030,0.002070,82.458000,49.091400,9.592800,470.675500,3,stop_and_go,Dynamic,1
2026-06-01 02:29:42,0.000000,0.500000,0.000000,0.000000,0.000000,82.450000,49.330800,5.000900,246.685500,3,stop_and_go,Dynamic,2
2026-06-01 02:29:43,0.000000,0.500000,0.000000,0.000000,0.000000,82.450000,49.389000,3.670600,181.287700,3,stop_and_go,Dynamic,3
2026-06-01 02:29:44,0.000000,0.500000,0.000000,0.000000,0.000000,82.441000,49.415600,3.253500,160.771500,3,stop_and_go,Dynamic,4
2026-06-01 02:29:45,0.000000,0.500000,0.000000,0.000000,0.000000,82.440000,49.437700,3.074700,152.006700,3,stop_and_go,Dynamic,5
2026-06-01 02:29:46,0.000000,0.500000,0.000000,0.000000,0.000000,82.440000,49.441600,3.029400,149.777900,3,stop_and_go,Dynamic,6
2026-06-01 02:29:47,0.000000,0.500000,0.000000,0.000000,0.000000,82.434000,49.435000,3.035000,150.035500,3,stop_and_go,Dynamic,7
2026-06-01 02:29:48,0.048600,0.150000,0.351429,1.336180,0.000670,82.430000,49.430200,2.809400,138.847800,3,stop_and_go,Dynamic,8
2026-06-01 02:29:49,0.683700,0.000000,0.355238,14.331410,0.007150,82.427000,49.176900,8.098900,398.120400,3,stop_and_go,Dynamic,9
2026-06-01 02:29:50,0.630000,0.000000,-0.666667,12.465090,0.006210,82.415000,49.008800,11.563200,566.686300,3,stop_and_go,Dynamic,10
2026-06-01 02:29:51,0.000000,0.250000,0.000000,0.000000,0.000000,82.404000,49.243600,7.079400,348.502400,3,stop_and_go,Dynamic,11
2026-06-01 02:29:52,0.000000,0.500000,0.000000,0.000000,0.000000,82.400000,49.367500,4.320600,213.285000,3,stop_and_go,Dynamic,12
2026-06-01 02:29:53,0.000000,0.500000,0.000000,0.000000,0.000000,82.396000,49.416000,3.428400,169.417100,3,stop_and_go,Dynamic,13
2026-06-01 02:29:54,0.000000,0.500000,0.000000,0.000000,0.000000,82.390000,49.420700,3.156100,155.975200,3,stop_and_go,Dynamic,14
2026-06-01 02:29:55,0.000000,0.500000,0.000000,0.000000,0.000000,82.390000,49.418800,3.069400,151.686100,3,stop_and_go,Dynamic,15
2026-06-01 02:29:56,0.000000,0.350000,0.000000,0.000000,0.000000,82.390000,49.443200,2.898800,143.325300,3,stop_and_go,Dynamic,16
2026-06-01 02:29:57,0.000000,0.000000,0.000000,0.000000,0.000000,82.380000,49.496700,1.560700,77.244200,3,stop_and_go,Dynamic,17
2026-06-01 02:29:58,0.000000,0.000000,0.000000,0.000000,0.000000,82.380000,49.519400,0.870100,43.085200,3,stop_and_go,Dynamic,18
2026-06-01 02:29:59,0.000000,0.000000,0.000000,0.000000,0.000000,82.380000,49.536700,0.614500,30.439200,3,stop_and_go,Dynamic,19
2026-06-01 02:30:00,0.000000,0.000000,0.000000,0.000000,0.000000,82.380000,49.552700,0.562300,27.863200,3,stop_and_go,Dynamic,20
2026-06-01 02:30:01,0.000000,0.000000,0.000000,0.000000,0.000000,82.380000,49.554100,0.496000,24.578700,3,stop_and_go,Dynamic,21
2026-06-01 02:30:02,0.000000,0.000000,0.000000,0.000000,0.000000,82.380000,49.543200,0.504500,24.993900,3,stop_and_go,Dynamic,22
2026-06-01 02:30:03,0.000000,0.000000,0.000000,0.000000,0.000000,82.380000,49.540400,0.508900,25.210600,3,stop_and_go,Dynamic,23
2026-06-01 02:30:04,0.000000,0.000000,0.000000,0.000000,0.000000,82.380000,49.547400,0.507900,25.164300,3,stop_and_go,Dynamic,24
2026-06-01 02:30:05,0.000000,0.000000,0.000000,0.000000,0.000000,82.380000,49.566900,0.524300,25.987900,3,stop_and_go,Dynamic,25
2026-06-01 02:30:06,0.000000,0.000000,0.000000,0.000000,0.000000,82.380000,49.562200,0.518400,25.693000,3,stop_and_go,Dynamic,26
2026-06-01 02:30:07,0.000000,0.000000,0.000000,0.000000,0.000000,82.380000,49.548000,0.494300,24.490900,3,stop_and_go,Dynamic,27
2026-06-01 02:30:08,0.000000,0.000000,0.000000,0.000000,0.000000,82.380000,49.559800,0.491500,24.358400,3,stop_and_go,Dynamic,28
2026-06-01 02:30:09,0.000000,0.000000,0.000000,0.000000,0.000000,82.380000,49.555900,0.483600,23.964600,3,stop_and_go,Dynamic,29
2026-06-01 02:30:10,0.000000,0.000000,0.000000,0.000000,0.000000,82.380000,49.548000,0.509800,25.259000,3,stop_and_go,Dynamic,30
2026-06-01 02:30:11,0.000000,0.000000,0.000000,0.000000,0.000000,82.380000,49.549500,0.474500,23.510800,3,stop_and_go,Dynamic,31
2026-06-01 02:30:12,0.000000,0.000000,0.000000,0.000000,0.000000,82.380000,49.552900,0.474100,23.493000,3,stop_and_go,Dynamic,32
2026-06-01 02:30:13,0.000000,0.000000,0.000000,0.000000,0.000000,82.380000,49.553900,0.525900,26.060400,3,stop_and_go,Dynamic,33
2026-06-01 02:30:14,0.000000,0.000000,0.000000,0.000000,0.000000,82.380000,49.538300,0.498300,24.684800,3,stop_and_go,Dynamic,34
2026-06-01 02:30:15,0.000000,0.000000,0.000000,0.000000,0.000000,82.380000,49.554400,0.494500,24.504600,3,stop_and_go,Dynamic,35
2026-06-01 02:30:16,0.000000,0.000000,0.000000,0.000000,0.000000,82.380000,49.557200,0.485800,24.075200,3,stop_and_go,Dynamic,36
2026-06-01 02:30:17,0.000000,0.000000,0.000000,0.000000,0.000000,82.379000,49.560000,0.525900,26.063500,3,stop_and_go,Dynamic,37
2026-06-01 02:30:18,0.000000,0.000000,0.000000,0.000000,0.000000,82.379000,49.567000,0.520400,25.794300,3,stop_and_go,Dynamic,38
2026-06-01 02:30:19,0.000000,0.000000,0.000000,0.000000,0.000000,82.424000,49.569900,0.512900,25.423600,3,stop_and_go,Dynamic,39
2026-06-01 02:30:20,0.000000,0.000000,0.000000,0.000000,0.000000,82.451000,49.576000,0.504200,24.995700,3,stop_and_go,Dynamic,40
2026-06-01 02:30:21,0.000000,0.000000,0.000000,0.000000,0.000000,82.460000,49.553600,0.498700,24.711900,3,stop_and_go,Dynamic,41
2026-06-01 02:30:22,0.000000,0.000000,0.000000,0.000000,0.000000,82.460000,49.572600,0.506000,25.083700,3,stop_and_go,Dynamic,42
2026-06-01 02:30:23,0.407600,0.000000,0.501667,8.737530,0.004340,82.456000,49.358000,4.402900,217.188100,3,stop_and_go,Dynamic,43
2026-06-01 02:30:24,0.500000,0.000000,0.000000,9.892900,0.004900,82.449000,49.181000,7.958200,391.379200,3,stop_and_go,Dynamic,44
2026-06-01 02:30:25,0.050000,0.000000,-0.476190,0.989290,0.000490,82.440000,49.278700,5.905600,290.916000,3,stop_and_go,Dynamic,45
2026-06-01 02:30:26,0.000000,0.000000,0.000000,0.000000,0.000000,82.440000,49.460400,2.371500,117.295300,3,stop_and_go,Dynamic,46
2026-06-01 02:30:27,-0.240000,0.000000,-0.285714,4.439140,0.002240,82.434000,49.449000,2.804100,138.620600,3,stop_and_go,Dynamic,47
2026-06-01 02:30:28,-0.300000,0.000000,0.000000,5.935700,0.003000,82.430000,49.334900,4.936700,243.544900,3,stop_and_go,Dynamic,48
2026-06-01 02:30:29,-0.086400,0.000000,0.300714,1.754970,0.000890,82.426000,49.372400,4.051500,199.966300,3,stop_and_go,Dynamic,49
2026-06-01 02:30:30,0.000000,0.000000,0.000000,0.000000,0.000000,82.420000,49.498800,1.782400,88.223700,3,stop_and_go,Dynamic,50
2026-06-01 02:30:31,0.283400,0.000000,0.492619,6.266380,0.003130,82.420000,49.423200,3.096900,152.896600,3,stop_and_go,Dynamic,51
2026-06-01 02:30:32,0.500000,0.000000,0.000000,9.892900,0.004900,82.415000,49.216400,7.386200,363.492000,3,stop_and_go,Dynamic,52
2026-06-01 02:30:33,0.150000,0.000000,-0.476190,2.967870,0.001470,82.408000,49.234600,6.837800,336.535200,3,stop_and_go,Dynamic,53
2026-06-01 02:30:34,0.000000,0.000000,0.000000,0.000000,0.000000,82.400000,49.447900,2.838600,140.334200,3,stop_and_go,Dynamic,54
2026-06-01 02:30:35,-0.180000,0.000000,-0.285714,3.252000,0.001640,82.400000,49.468700,2.310800,114.280400,3,stop_and_go,Dynamic,55
2026-06-01 02:30:36,-0.300000,0.000000,0.000000,5.935700,0.003000,82.399000,49.357100,4.673000,230.633700,3,stop_and_go,Dynamic,56
2026-06-01 02:30:37,-0.141300,0.000000,0.287143,2.851350,0.001440,82.390000,49.348400,4.607500,227.337300,3,stop_and_go,Dynamic,57
2026-06-01 02:30:38,0.000000,0.000000,0.000000,0.000000,0.000000,82.390000,49.470100,2.061700,101.974200,3,stop_and_go,Dynamic,58
2026-06-01 02:30:39,0.000000,0.250000,0.000000,0.000000,0.000000,82.390000,49.503800,1.402700,69.439300,3,stop_and_go,Dynamic,59
2026-06-01 02:30:40,0.000000,0.500000,0.000000,0.000000,0.000000,82.387000,49.475600,2.340900,115.817600,3,stop_and_go,Dynamic,60
2026-06-01 02:30:41,0.000000,0.500000,0.000000,0.000000,0.000000,82.380000,49.433700,2.771800,137.021600,3,stop_and_go,Dynamic,61
2026-06-01 02:30:42,0.000000,0.400000,0.000000,0.000000,0.000000,82.380000,49.449300,2.853500,141.100900,3,stop_and_go,Dynamic,62
2026-06-01 02:30:43,0.035400,0.000000,0.288571,0.978470,0.000490,82.380000,49.479500,1.923400,95.144600,3,stop_and_go,Dynamic,63
2026-06-01 02:30:44,0.496778,0.000000,0.252910,10.285644,0.005111,82.374444,49.283778,5.652000,278.483111,3,stop_and_go,Dynamic,64
2026-06-01 02:30:45,0.454545,0.000000,-0.432900,8.993545,0.004455,82.366364,49.162545,8.275091,406.819000,3,stop_and_go,Dynamic,65
2026-06-01 02:30:46,0.000000,0.000000,0.000000,0.000000,0.000000,82.360000,49.330100,4.944600,243.833300,3,stop_and_go,Dynamic,66
2026-06-01 02:30:47,0.000000,0.000000,0.000000,0.000000,0.000000,82.360000,49.467100,2.051300,101.457300,3,stop_and_go,Dynamic,67
2026-06-01 02:30:48,-0.300000,0.000000,-0.285714,5.626280,0.002840,82.351000,49.408100,3.371800,166.545900,3,stop_and_go,Dynamic,68
2026-06-01 02:30:49,-0.300000,0.000000,0.000000,5.935700,0.003000,82.350000,49.317000,5.183400,255.629000,3,stop_and_go,Dynamic,69
2026-06-01 02:30:50,-0.022200,0.000000,0.287857,0.491290,0.000250,82.343000,49.395700,3.463800,171.065500,3,stop_and_go,Dynamic,70
2026-06-01 02:30:51,0.000000,0.000000,0.000000,0.000000,0.000000,82.340000,49.516111,1.599556,79.204556,3,stop_and_go,Dynamic,71
2026-06-01 02:30:52,0.000000,0.450000,0.000000,0.000000,0.000000,82.340000,49.483900,1.798700,88.999700,3,stop_and_go,Dynamic,72
2026-06-01 02:30:53,0.000000,0.500000,0.000000,0.000000,0.000000,82.340000,49.442727,2.633909,130.227182,3,stop_and_go,Dynamic,73
2026-06-01 02:30:54,0.000000,0.500000,0.000000,0.000000,0.000000,82.310000,49.422889,2.863556,141.525778,3,stop_and_go,Dynamic,74
2026-06-01 02:30:55,0.000000,0.200000,0.000000,0.000000,0.000000,82.274000,49.429000,2.394400,118.346000,3,stop_and_go,Dynamic,75
2026-06-01 02:30:56,0.247760,0.000000,0.512524,5.610740,0.002810,82.250000,49.391200,3.368900,166.238500,3,stop_and_go,Dynamic,76
2026-06-01 02:30:57,0.500000,0.000000,0.000000,9.892900,0.004900,82.241000,49.205900,7.491700,368.612500,3,stop_and_go,Dynamic,77
2026-06-01 02:30:58,0.200000,0.000000,-0.476190,3.957160,0.001960,82.233000,49.227100,6.893000,339.222600,3,stop_and_go,Dynamic,78
2026-06-01 02:30:59,0.000000,0.000000,0.000000,0.000000,0.000000,82.230000,49.432200,2.853100,141.003700,3,stop_and_go,Dynamic,79
2026-06-01 02:31:00,-0.150000,0.000000,-0.285714,2.658430,0.001340,82.230000,49.451900,2.309800,114.196300,3,stop_and_go,Dynamic,80
2026-06-01 02:31:01,-0.300000,0.000000,0.000000,5.935700,0.003000,82.221000,49.319600,4.639700,228.816800,3,stop_and_go,Dynamic,81
2026-06-01 02:31:02,-0.163740,0.000000,0.322714,3.283120,0.001650,82.220000,49.330200,4.611500,227.438400,3,stop_and_go,Dynamic,82
2026-06-01 02:31:03,0.000000,0.000000,0.000000,0.000000,0.000000,82.216000,49.459200,2.091900,103.451300,3,stop_and_go,Dynamic,83
2026-06-01 02:31:04,0.205980,0.000000,0.516190,4.783000,0.002380,82.210000,49.428600,2.720600,134.354700,3,stop_and_go,Dynamic,84
2026-06-01 02:31:05,0.500000,0.000000,0.000000,9.892900,0.004900,82.209000,49.200500,7.161200,352.286100,3,stop_and_go,Dynamic,85
2026-06-01 02:31:06,0.290000,0.000000,-0.476191,5.737880,0.002850,82.200000,49.185600,7.710200,379.163600,3,stop_and_go,Dynamic,86
2026-06-01 02:31:07,0.000000,0.000000,0.000000,0.000000,0.000000,82.192000,49.390500,3.387500,167.282000,3,stop_and_go,Dynamic,87
2026-06-01 02:31:08,-0.099000,0.000000,-0.285714,1.649350,0.000830,82.190000,49.456100,2.004200,99.108400,3,stop_and_go,Dynamic,88
2026-06-01 02:31:09,-0.300000,0.000000,0.000000,5.935700,0.003000,82.190000,49.350300,4.296600,212.021400,3,stop_and_go,Dynamic,89
2026-06-01 02:31:10,-0.220320,0.000000,0.285714,4.396460,0.002220,82.182000,49.320800,4.972600,245.232900,3,stop_and_go,Dynamic,90
2026-06-01 02:31:11,0.000000,0.000000,0.000000,0.000000,0.000000,82.180000,49.438500,2.465600,121.875800,3,stop_and_go,Dynamic,91
2026-06-01 02:31:12,0.000000,0.110000,0.000000,0.000000,0.000000,82.180000,49.493800,1.321400,65.400800,3,stop_and_go,Dynamic,92
2026-06-01 02:31:13,0.000000,0.500000,0.000000,0.000000,0.000000,82.180000,49.445600,2.150400,106.325900,3,stop_and_go,Dynamic,93
2026-06-01 02:31:14,0.000000,0.500000,0.000000,0.000000,0.000000,82.173000,49.421400,2.704000,133.636400,3,stop_and_go,Dynamic,94
2026-06-01 02:31:15,0.000000,0.500000,0.000000,0.000000,0.000000,82.170000,49.414800,2.883800,142.501800,3,stop_and_go,Dynamic,95
2026-06-01 02:31:16,0.000600,0.000000,0.005714,0.012990,0.000010,82.170000,49.460500,1.878400,92.899700,3,stop_and_go,Dynamic,96
2026-06-01 02:31:17,0.462400,0.000000,0.490238,9.830680,0.004880,82.167000,49.293700,5.377100,264.965500,3,stop_and_go,Dynamic,97
2026-06-01 02:31:18,0.495000,0.000000,-0.059524,9.793970,0.004860,82.159000,49.144400,8.221200,404.019200,3,stop_and_go,Dynamic,98
2026-06-01 02:31:19,0.000000,0.000000,-0.428571,0.000000,0.000000,82.150000,49.324000,4.943300,243.754600,3,stop_and_go,Dynamic,99
2026-06-01 02:31:20,0.000000,0.000000,0.000000,0.000000,0.000000,82.150000,49.447000,2.043300,101.021100,3,stop_and_go,Dynamic,100
2026-06-01 02:31:21,-0.276000,0.000000,-0.300000,5.135950,0.002590,82.147000,49.381100,3.359400,165.867100,3,stop_and_go,Dynamic,101
2026-06-01 02:31:22,-0.300000,0.000000,0.000000,5.935700,0.003000,82.140000,49.307800,5.157200,254.280400,3,stop_and_go,Dynamic,102
2026-06-01 02:31:23,-0.040020,0.000000,0.325286,0.831750,0.000420,82.140000,49.386000,3.467700,171.217600,3,stop_and_go,Dynamic,103
2026-06-01 02:31:24,0.000000,0.000000,0.000000,0.000000,0.000000,82.132000,49.478200,1.576700,78.001100,3,stop_and_go,Dynamic,104
2026-06-01 02:31:25,0.000000,0.480000,0.000000,0.000000,0.000000,82.130000,49.447900,1.881700,93.040400,3,stop_and_go,Dynamic,105
2026-06-01 02:31:26,0.000000,0.500000,0.000000,0.000000,0.000000,82.130000,49.424000,2.623400,129.657300,3,stop_and_go,Dynamic,106
2026-06-01 02:31:27,0.000000,0.500000,0.000000,0.000000,0.000000,82.130000,49.395800,2.867400,141.637300,3,stop_and_go,Dynamic,107
2026-06-01 02:31:28,0.000000,0.135000,0.000000,0.000000,0.000000,82.128000,49.433100,2.279900,112.682400,3,stop_and_go,Dynamic,108
2026-06-01 02:31:29,0.311860,0.000000,0.516190,6.901440,0.003430,82.120000,49.344800,3.802500,187.462000,3,stop_and_go,Dynamic,109
2026-06-01 02:31:30,0.500000,0.000000,0.000000,9.892900,0.004900,82.125000,49.167200,7.710600,379.096400,3,stop_and_go,Dynamic,110
2026-06-01 02:31:31,0.150000,0.000000,-0.476190,2.967870,0.001470,82.166000,49.207900,6.971100,342.917700,3,stop_and_go,Dynamic,111
2026-06-01 02:31:32,0.000000,0.000000,0.000000,0.000000,0.000000,82.172000,49.411700,2.861300,141.362500,3,stop_and_go,Dynamic,112
2026-06-01 02:31:33,-0.210000,0.000000,-0.285714,3.845570,0.001940,82.185000,49.419600,2.602700,128.593100,3,stop_and_go,Dynamic,113
2026-06-01 02:31:34,-0.300000,0.000000,0.000000,5.935700,0.003000,82.180000,49.334800,4.849100,239.220600,3,stop_and_go,Dynamic,114
2026-06-01 02:31:35,-0.145260,0.000000,0.285714,2.913930,0.001470,82.176000,49.328500,4.650100,229.342600,3,stop_and_go,Dynamic,115
2026-06-01 02:31:36,0.000000,0.000000,0.000000,0.000000,0.000000,82.170000,49.457200,2.121000,104.894500,3,stop_and_go,Dynamic,116
2026-06-01 02:31:37,0.230060,0.000000,0.489762,5.217250,0.002590,82.170000,49.435100,2.733000,135.008700,3,stop_and_go,Dynamic,117
2026-06-01 02:31:38,0.500000,0.000000,0.000000,9.892900,0.004900,82.165000,49.196400,7.154500,351.948100,3,stop_and_go,Dynamic,118
2026-06-01 02:31:39,0.250000,0.000000,-0.595238,4.946450,0.002450,82.157000,49.189300,7.662200,376.830700,3,stop_and_go,Dynamic,119
2026-06-01 02:31:40,0.000000,0.000000,0.000000,0.000000,0.000000,82.150000,49.382400,3.407900,168.246200,3,stop_and_go,Dynamic,120
2026-06-01 02:31:41,-0.120000,0.000000,-0.357143,1.987500,0.001000,82.150000,49.454800,2.035300,100.639400,3,stop_and_go,Dynamic,121
2026-06-01 02:31:42,-0.300000,0.000000,0.000000,5.935700,0.003000,82.147000,49.353200,4.298800,212.145700,3,stop_and_go,Dynamic,122
2026-06-01 02:31:43,-0.205800,0.000000,0.325714,4.122150,0.002080,82.140000,49.283200,4.997800,246.293800,3,stop_and_go,Dynamic,123
2026-06-01 02:31:44,0.000000,0.000000,0.000000,0.000000,0.000000,82.140000,49.434300,2.444000,120.802800,3,stop_and_go,Dynamic,124
2026-06-01 02:31:45,0.000000,0.200000,0.000000,0.000000,0.000000,82.140000,49.482700,1.390600,68.809600,3,stop_and_go,Dynamic,125
2026-06-01 02:31:46,0.000000,0.500000,0.000000,0.000000,0.000000,82.098000,49.434300,2.278500,112.628800,3,stop_and_go,Dynamic,126
2026-06-01 02:31:47,0.000000,0.500000,0.000000,0.000000,0.000000,82.122000,49.419100,2.735900,135.205800,3,stop_and_go,Dynamic,127
2026-06-01 02:31:48,0.000000,0.450000,0.000000,0.000000,0.000000,82.105000,49.391600,2.877900,142.143600,3,stop_and_go,Dynamic,128
2026-06-01 02:31:49,0.008700,0.000000,0.082857,0.215210,0.000110,82.130000,49.468300,1.856800,91.844000,3,stop_and_go,Dynamic,129
2026-06-01 02:31:50,0.472000,0.000000,0.433333,9.998330,0.004960,82.122000,49.291100,5.357500,263.965400,3,stop_and_go,Dynamic,130
2026-06-01 02:31:51,0.500000,0.000000,0.000000,9.892900,0.004900,82.116000,49.129700,8.314100,408.461100,3,stop_and_go,Dynamic,131
2026-06-01 02:31:52,0.000000,0.000000,-0.476190,0.000000,0.000000,82.110000,49.267500,5.433700,267.582300,3,stop_and_go,Dynamic,132
2026-06-01 02:31:53,0.000000,0.000000,0.000000,0.000000,0.000000,82.102000,49.448400,2.238400,110.677000,3,stop_and_go,Dynamic,133
2026-06-01 02:31:54,-0.300000,0.000000,-0.285714,5.626280,0.002840,82.100000,49.387000,3.387400,167.255000,3,stop_and_go,Dynamic,134
2026-06-01 02:31:55,-0.300000,0.000000,0.000000,5.935700,0.003000,82.100000,49.284100,5.159500,254.277600,3,stop_and_go,Dynamic,135
2026-06-01 02:31:56,-0.025260,0.000000,0.285714,0.542490,0.000270,82.090000,49.388200,3.510900,173.351500,3,stop_and_go,Dynamic,136
2026-06-01 02:31:57,0.000000,0.000000,0.000000,0.000000,0.000000,82.090000,49.452000,1.586778,78.466000,3,stop_and_go,Dynamic,137
2026-06-01 02:31:58,0.000000,0.454545,0.000000,0.000000,0.000000,82.090000,49.469636,1.824818,90.265182,3,stop_and_go,Dynamic,138
2026-06-01 02:31:59,0.000000,0.500000,0.000000,0.000000,0.000000,82.072000,49.431800,2.611400,129.085000,3,stop_and_go,Dynamic,139
2026-06-01 02:32:00,0.000000,0.500000,0.000000,0.000000,0.000000,82.059000,49.394100,2.849800,140.763800,3,stop_and_go,Dynamic,140
2026-06-01 02:32:01,0.000000,0.100000,0.000000,0.000000,0.000000,82.032000,49.451300,2.224700,109.997400,3,stop_and_go,Dynamic,141
2026-06-01 02:32:02,0.283400,0.000000,0.479524,6.228260,0.003100,82.031000,49.373600,3.276000,161.638300,3,stop_and_go,Dynamic,142
2026-06-01 02:32:03,0.500000,0.000000,0.000000,9.892900,0.004900,82.031000,49.174100,7.438800,365.772200,3,stop_and_go,Dynamic,143
2026-06-01 02:32:04,0.150000,0.000000,-0.476190,2.967870,0.001470,82.014000,49.196200,6.891400,338.899400,3,stop_and_go,Dynamic,144
2026-06-01 02:32:05,0.000000,0.000000,0.000000,0.000000,0.000000,82.012000,49.402300,2.849600,140.748400,3,stop_and_go,Dynamic,145
2026-06-01 02:32:06,-0.210000,0.000000,-0.357143,3.768210,0.001900,82.019000,49.424100,2.614700,129.188600,3,stop_and_go,Dynamic,146
2026-06-01 02:32:07,-0.300000,0.000000,0.000000,5.935700,0.003000,82.004000,49.315700,4.805300,236.968300,3,stop_and_go,Dynamic,147
2026-06-01 02:32:08,-0.117000,0.000000,0.325714,2.374400,0.001190,82.010000,49.333700,4.363200,215.193400,3,stop_and_go,Dynamic,148
2026-06-01 02:32:09,0.000000,0.000000,0.000000,0.000000,0.000000,82.005000,49.452100,1.930300,95.442700,3,stop_and_go,Dynamic,149
2026-06-01 02:32:10,0.227100,0.000000,0.516190,5.166390,0.002590,82.013000,49.417500,2.676900,132.130300,3,stop_and_go,Dynamic,150
2026-06-01 02:32:11,0.500000,0.000000,0.000000,9.892900,0.004900,81.998000,49.190500,7.131600,350.771000,3,stop_and_go,Dynamic,151
2026-06-01 02:32:12,0.250000,0.000000,-0.476190,4.946450,0.002450,81.998000,49.145200,7.688200,377.759800,3,stop_and_go,Dynamic,152
2026-06-01 02:32:13,0.000000,0.000000,0.000000,0.000000,0.000000,81.993000,49.383000,3.411000,168.401000,3,stop_and_go,Dynamic,153
2026-06-01 02:32:14,-0.120000,0.000000,-0.285714,2.064860,0.001040,81.988000,49.431300,2.031500,100.416400,3,stop_and_go,Dynamic,154
2026-06-01 02:32:15,-0.300000,0.000000,0.000000,5.935700,0.003000,81.980000,49.317600,4.343100,214.185200,3,stop_and_go,Dynamic,155
2026-06-01 02:32:16,-0.237000,0.000000,0.325714,4.745340,0.002390,81.981000,49.277200,5.215400,256.988100,3,stop_and_go,Dynamic,156
2026-06-01 02:32:17,0.000000,0.000000,0.000000,0.000000,0.000000,82.010000,49.411000,2.672800,132.036900,3,stop_and_go,Dynamic,157
2026-06-01 02:32:18,0.000000,0.100000,0.000000,0.000000,0.000000,82.010000,49.481300,1.316200,65.128800,3,stop_and_go,Dynamic,158
2026-06-01 02:32:19,0.000000,0.500000,0.000000,0.000000,0.000000,82.001111,49.455556,2.045000,101.134556,3,stop_and_go,Dynamic,159
2026-06-01 02:32:20,0.000000,0.500000,0.000000,0.000000,0.000000,82.001000,49.422600,2.636500,130.302300,3,stop_and_go,Dynamic,160
2026-06-01 02:32:21,0.000000,0.500000,0.000000,0.000000,0.000000,81.952000,49.389900,2.923600,144.395800,3,stop_and_go,Dynamic,161
2026-06-01 02:32:22,0.000000,0.100000,0.000000,0.000000,0.000000,81.968000,49.435000,2.166700,107.101900,3,stop_and_go,Dynamic,162
2026-06-01 02:32:23,0.348000,0.000000,0.508333,7.540550,0.003750,81.923000,49.317700,4.337600,213.804600,3,stop_and_go,Dynamic,163
2026-06-01 02:32:24,0.500000,0.000000,0.000000,9.892900,0.004900,81.941000,49.152100,7.872100,386.914300,3,stop_and_go,Dynamic,164
2026-06-01 02:32:25,0.100000,0.000000,-0.476190,1.978580,0.000980,81.925000,49.226800,6.095100,299.886300,3,stop_and_go,Dynamic,165
2026-06-01 02:32:26,0.000000,0.000000,0.000000,0.000000,0.000000,81.924000,49.409700,2.481200,122.581000,3,stop_and_go,Dynamic,166
2026-06-01 02:32:27,-0.240000,0.000000,-0.285714,4.439140,0.002240,81.901000,49.377100,3.096200,152.856600,3,stop_and_go,Dynamic,167
2026-06-01 02:32:28,-0.300000,0.000000,0.000000,5.935700,0.003000,81.906000,49.295600,5.057300,249.295100,3,stop_and_go,Dynamic,168
2026-06-01 02:32:29,-0.104700,0.000000,0.285714,2.134680,0.001080,81.911000,49.343500,4.254500,209.883100,3,stop_and_go,Dynamic,169
2026-06-01 02:32:30,0.000000,0.000000,0.000000,0.000000,0.000000,81.896000,49.449200,1.802700,89.133100,3,stop_and_go,Dynamic,170
2026-06-01 02:32:31,0.000000,0.300000,0.000000,0.000000,0.000000,81.896000,49.457500,1.530700,75.692000,3,stop_and_go,Dynamic,171
2026-06-01 02:32:32,0.000000,0.500000,0.000000,0.000000,0.000000,81.888000,49.423800,2.475900,122.367500,3,stop_and_go,Dynamic,172
2026-06-01 02:32:33,0.000000,0.500000,0.000000,0.000000,0.000000,81.879000,49.374800,2.854500,140.940700,3,stop_and_go,Dynamic,173
2026-06-01 02:32:34,0.000000,0.350000,0.000000,0.000000,0.000000,81.915000,49.399800,2.779400,137.301800,3,stop_and_go,Dynamic,174
2026-06-01 02:32:35,0.049200,0.000000,0.367857,1.367750,0.000690,81.929000,49.446300,1.887500,93.318100,3,stop_and_go,Dynamic,175
2026-06-01 02:32:36,0.500000,0.000000,0.141905,10.149040,0.005030,81.950000,49.256400,5.800300,285.640700,3,stop_and_go,Dynamic,176
2026-06-01 02:32:37,0.450000,0.000000,-0.595238,8.903610,0.004410,81.935000,49.114500,8.351200,410.150400,3,stop_and_go,Dynamic,177
2026-06-01 02:32:38,0.000000,0.000000,0.000000,0.000000,0.000000,81.918000,49.293600,4.819900,237.512300,3,stop_and_go,Dynamic,178
2026-06-01 02:32:39,0.000000,0.000000,0.000000,0.000000,0.000000,81.906000,49.432700,2.084500,103.035200,3,stop_and_go,Dynamic,179
2026-06-01 02:32:40,-0.300000,0.000000,-0.357143,5.548920,0.002800,81.922000,49.378000,3.431400,169.408700,3,stop_and_go,Dynamic,180
2026-06-01 02:32:41,-0.300000,0.000000,0.000000,5.935700,0.003000,81.919000,49.290700,5.198200,256.219400,3,stop_and_go,Dynamic,181
2026-06-01 02:32:42,-0.045900,0.000000,0.319286,0.977240,0.000490,81.896000,49.348100,3.752900,185.134200,3,stop_and_go,Dynamic,182
2026-06-01 02:32:43,0.000000,0.000000,0.000000,0.000000,0.000000,81.920000,49.462100,1.686600,83.412000,3,stop_and_go,Dynamic,183
2026-06-01 02:32:44,0.401000,0.000000,0.516190,8.597480,0.004260,81.909000,49.310500,4.271400,210.526000,3,stop_and_go,Dynamic,184
2026-06-01 02:32:45,0.500000,0.000000,0.000000,9.892900,0.004900,81.910000,49.129100,7.885200,387.372600,3,stop_and_go,Dynamic,185
2026-06-01 02:32:46,0.100000,0.000000,-0.476190,1.978580,0.000980,81.868000,49.233000,6.280700,309.093200,3,stop_and_go,Dynamic,186
2026-06-01 02:32:47,0.000000,0.000000,0.000000,0.000000,0.000000,81.891000,49.410500,2.613300,129.103300,3,stop_and_go,Dynamic,187
2026-06-01 02:32:48,-0.240000,0.000000,-0.285714,4.439140,0.002240,81.877000,49.393500,2.909600,143.679200,3,stop_and_go,Dynamic,188
2026-06-01 02:32:49,-0.300000,0.000000,0.000000,5.935700,0.003000,81.874000,49.277200,4.969900,244.897500,3,stop_and_go,Dynamic,189
2026-06-01 02:32:50,-0.104100,0.000000,0.285714,2.122010,0.001070,81.860000,49.302200,4.323500,213.106000,3,stop_and_go,Dynamic,190
2026-06-01 02:32:51,0.000000,0.000000,0.000000,0.000000,0.000000,81.872000,49.427700,1.919900,94.888000,3,stop_and_go,Dynamic,191
2026-06-01 02:32:52,0.000000,0.300000,0.000000,0.000000,0.000000,81.832000,49.447800,1.495300,73.930000,3,stop_and_go,Dynamic,192
2026-06-01 02:32:53,0.000000,0.500000,0.000000,0.000000,0.000000,81.800000,49.406700,2.474000,122.230100,3,stop_and_go,Dynamic,193
2026-06-01 02:32:54,0.000000,0.500000,0.000000,0.000000,0.000000,81.790000,49.382900,2.809100,138.720500,3,stop_and_go,Dynamic,194
2026-06-01 02:32:55,0.000000,0.350000,0.000000,0.000000,0.000000,81.790000,49.395400,2.740900,135.386800,3,stop_and_go,Dynamic,195
2026-06-01 02:32:56,0.108800,0.000000,0.516190,2.833510,0.001420,81.790000,49.411600,2.280800,112.637800,3,stop_and_go,Dynamic,196
2026-06-01 02:32:57,0.500000,0.000000,0.000000,9.892900,0.004900,81.784000,49.194200,6.604400,324.858300,3,stop_and_go,Dynamic,197
2026-06-01 02:32:58,0.330000,0.000000,-0.476191,6.529310,0.003240,81.776000,49.129600,7.893200,387.730800,3,stop_and_go,Dynamic,198
2026-06-01 02:32:59,0.000000,0.000000,0.000000,0.000000,0.000000,81.770000,49.332100,3.719100,183.425300,3,stop_and_go,Dynamic,199
2026-06-01 02:33:00,-0.084000,0.000000,-0.285714,1.352580,0.000680,81.770000,49.442500,1.933100,95.573800,3,stop_and_go,Dynamic,200
2026-06-01 02:33:01,-0.300000,0.000000,0.000000,5.935700,0.003000,81.764000,49.323900,4.128000,203.590700,3,stop_and_go,Dynamic,201
2026-06-01 02:33:02,-0.274740,0.000000,0.220000,5.483530,0.002760,81.760000,49.253200,5.248500,258.502300,3,stop_and_go,Dynamic,202
2026-06-01 02:33:03,0.000000,0.000000,0.065714,0.000000,0.000000,81.756000,49.394900,2.920300,144.235200,3,stop_and_go,Dynamic,203
2026-06-01 02:33:04,0.000000,0.080000,0.000000,0.000000,0.000000,81.750000,49.447300,1.412000,69.817100,3,stop_and_go,Dynamic,204
2026-06-01 02:33:05,0.000000,0.500000,0.000000,0.000000,0.000000,81.767000,49.404700,2.115700,104.521900,3,stop_and_go,Dynamic,205
2026-06-01 02:33:06,0.000000,0.500000,0.000000,0.000000,0.000000,81.766000,49.391400,2.700600,133.385900,3,stop_and_go,Dynamic,206
2026-06-01 02:33:07,0.000000,0.500000,0.000000,0.000000,0.000000,81.790000,49.376200,2.901600,143.269000,3,stop_and_go,Dynamic,207
2026-06-01 02:33:08,0.000000,0.050000,0.000000,0.000000,0.000000,81.742000,49.404300,2.096100,103.547900,3,stop_and_go,Dynamic,208
2026-06-01 02:33:09,0.318700,0.000000,0.516190,6.981040,0.003470,81.740000,49.335900,3.721200,183.410600,3,stop_and_go,Dynamic,209
2026-06-01 02:33:10,0.500000,0.000000,0.000000,9.892900,0.004900,81.736000,49.126900,7.687100,377.624100,3,stop_and_go,Dynamic,210
2026-06-01 02:33:11,0.150000,0.000000,-0.476190,2.967870,0.001470,81.728000,49.165600,6.945800,341.376900,3,stop_and_go,Dynamic,211
2026-06-01 02:33:12,0.000000,0.000000,0.000000,0.000000,0.000000,81.720000,49.363100,2.871000,141.696500,3,stop_and_go,Dynamic,212
2026-06-01 02:33:13,-0.204000,0.000000,-0.285714,3.726860,0.001880,81.720000,49.389100,2.605600,128.651100,3,stop_and_go,Dynamic,213
2026-06-01 02:33:14,-0.300000,0.000000,0.000000,5.935700,0.003000,81.718000,49.285100,4.844000,238.732400,3,stop_and_go,Dynamic,214
2026-06-01 02:33:15,-0.152400,0.000000,0.285714,3.062190,0.001550,81.710000,49.282500,4.654000,229.325200,3,stop_and_go,Dynamic,215
2026-06-01 02:33:16,0.000000,0.000000,0.000000,0.000000,0.000000,81.710000,49.417200,2.125800,105.034700,3,stop_and_go,Dynamic,216
2026-06-01 02:33:17,0.174700,0.000000,0.485952,4.105300,0.002050,81.710000,49.406800,2.259800,111.565800,3,stop_and_go,Dynamic,217
2026-06-01 02:33:18,0.500000,0.000000,0.000000,9.892900,0.004900,81.700000,49.179700,6.815000,335.130600,3,stop_and_go,Dynamic,218
2026-06-01 02:33:19,0.255000,0.000000,-0.583333,5.045380,0.002500,81.693000,49.127200,7.568500,371.730900,3,stop_and_go,Dynamic,219
2026-06-01 02:33:20,0.000000,0.000000,0.000000,0.000000,0.000000,81.690000,49.332200,3.387700,167.086200,3,stop_and_go,Dynamic,220
2026-06-01 02:33:21,-0.117000,0.000000,-0.350000,1.935880,0.000970,81.689000,49.411200,1.967800,97.215400,3,stop_and_go,Dynamic,221
2026-06-01 02:33:22,-0.300000,0.000000,0.000000,5.935700,0.003000,81.680000,49.306900,4.323400,213.162900,3,stop_and_go,Dynamic,222
2026-06-01 02:33:23,-0.209400,0.000000,0.325714,4.207360,0.002120,81.680000,49.271300,4.972000,244.961500,3,stop_and_go,Dynamic,223
2026-06-01 02:33:24,0.000000,0.000000,0.000000,0.000000,0.000000,81.671000,49.380900,2.432600,120.101600,3,stop_and_go,Dynamic,224
2026-06-01 02:33:25,0.000000,0.150000,0.000000,0.000000,0.000000,81.670000,49.441100,1.330700,65.791300,3,stop_and_go,Dynamic,225
2026-06-01 02:33:26,0.000000,0.500000,0.000000,0.000000,0.000000,81.718000,49.413400,2.175800,107.510500,3,stop_and_go,Dynamic,226
2026-06-01 02:33:27,0.000000,0.500000,0.000000,0.000000,0.000000,81.710000,49.371900,2.684600,132.543200,3,stop_and_go,Dynamic,227
2026-06-01 02:33:28,0.000000,0.450000,0.000000,0.000000,0.000000,81.742000,49.369500,2.855400,140.969900,3,stop_and_go,Dynamic,228
2026-06-01 02:33:29,0.006300,0.000000,0.060000,0.149340,0.000070,81.750000,49.444400,1.854400,91.686600,3,stop_and_go,Dynamic,229
2026-06-01 02:33:30,0.467200,0.000000,0.456191,9.948930,0.004950,81.742000,49.256400,5.357800,263.811200,3,stop_and_go,Dynamic,230
2026-06-01 02:33:31,0.500000,0.000000,0.000000,9.892900,0.004900,81.736000,49.099100,8.294300,407.225300,3,stop_and_go,Dynamic,231
2026-06-01 02:33:32,0.000000,0.000000,-0.529101,0.000000,0.000000,81.730000,49.241333,5.658667,278.545667,3,stop_and_go,Dynamic,232
2026-06-01 02:33:33,0.000000,0.000000,0.000000,0.000000,0.000000,81.724000,49.401000,2.423500,119.705500,3,stop_and_go,Dynamic,233
2026-06-01 02:33:34,-0.270000,0.000000,-0.285714,5.032710,0.002540,81.720000,49.355900,3.136900,154.777000,3,stop_and_go,Dynamic,234
2026-06-01 02:33:35,-0.300000,0.000000,0.000000,5.935700,0.003000,81.675000,49.254000,5.092000,250.793500,3,stop_and_go,Dynamic,235
2026-06-01 02:33:36,-0.077700,0.000000,0.285714,1.593170,0.000800,81.654000,49.307400,3.914700,192.977400,3,stop_and_go,Dynamic,236
2026-06-01 02:33:37,0.000000,0.000000,0.000000,0.000000,0.000000,81.654000,49.434800,1.688400,83.453100,3,stop_and_go,Dynamic,237
2026-06-01 02:33:38,0.000000,0.400000,0.000000,0.000000,0.000000,81.694000,49.435700,1.697000,83.887200,3,stop_and_go,Dynamic,238
2026-06-01 02:33:39,0.000000,0.500000,0.000000,0.000000,0.000000,81.656000,49.383900,2.527900,124.836400,3,stop_and_go,Dynamic,239
2026-06-01 02:33:40,0.000000,0.500000,0.000000,0.000000,0.000000,81.695000,49.350500,2.835900,139.953000,3,stop_and_go,Dynamic,240
2026-06-01 02:33:41,0.000000,0.200000,0.000000,0.000000,0.000000,81.620000,49.390800,2.326300,114.886500,3,stop_and_go,Dynamic,241
2026-06-01 02:33:42,0.194900,0.000000,0.514286,4.567990,0.002280,81.636000,49.377100,2.729200,134.652500,3,stop_and_go,Dynamic,242
2026-06-01 02:33:43,0.500000,0.000000,0.000000,9.892900,0.004900,81.627000,49.149400,7.116100,349.720100,3,stop_and_go,Dynamic,243
2026-06-01 02:33:44,0.300000,0.000000,-0.476190,5.935740,0.002940,81.627000,49.123000,7.744900,380.382700,3,stop_and_go,Dynamic,244
2026-06-01 02:33:45,0.000000,0.000000,0.000000,0.000000,0.000000,81.624000,49.334000,3.495300,172.423400,3,stop_and_go,Dynamic,245
2026-06-01 02:33:46,-0.090000,0.000000,-0.285714,1.471290,0.000740,81.611000,49.407300,1.968700,97.267400,3,stop_and_go,Dynamic,246
2026-06-01 02:33:47,-0.300000,0.000000,0.000000,5.935700,0.003000,81.616000,49.303900,4.250500,209.553800,3,stop_and_go,Dynamic,247
2026-06-01 02:33:48,-0.228300,0.000000,0.285714,4.562930,0.002300,81.596000,49.245200,4.993400,245.883800,3,stop_and_go,Dynamic,248
2026-06-01 02:33:49,0.000000,0.000000,0.000000,0.000000,0.000000,81.607000,49.374000,2.503000,123.556100,3,stop_and_go,Dynamic,249
2026-06-01 02:33:50,0.044400,0.000000,0.311429,1.228140,0.000610,81.604000,49.430200,1.562900,77.238900,3,stop_and_go,Dynamic,250
2026-06-01 02:33:51,0.500000,0.000000,0.164762,10.190290,0.005050,81.611000,49.204200,5.951100,292.765900,3,stop_and_go,Dynamic,251
2026-06-01 02:33:52,0.450000,0.000000,-0.476190,8.903610,0.004410,81.594000,49.097200,8.233100,404.211600,3,stop_and_go,Dynamic,252
2026-06-01 02:33:53,0.000000,0.000000,0.000000,0.000000,0.000000,81.587000,49.276800,4.655400,229.312000,3,stop_and_go,Dynamic,253
2026-06-01 02:33:54,-0.030000,0.000000,-0.357143,0.206790,0.000100,81.608000,49.396300,1.998500,98.707700,3,stop_and_go,Dynamic,254
2026-06-01 02:33:55,-0.300000,0.000000,0.000000,5.935700,0.003000,81.591000,49.315700,3.876300,191.140000,3,stop_and_go,Dynamic,255
2026-06-01 02:33:56,-0.300000,0.000000,0.000000,5.935700,0.003000,81.576000,49.222300,5.325000,262.106900,3,stop_and_go,Dynamic,256
2026-06-01 02:33:57,-0.019680,0.000000,0.310714,0.446240,0.000220,81.574000,49.334300,3.335400,164.500100,3,stop_and_go,Dynamic,257
2026-06-01 02:33:58,0.000000,0.000000,0.000000,0.000000,0.000000,81.581000,49.409200,1.492100,73.718600,3,stop_and_go,Dynamic,258
2026-06-01 02:33:59,0.000000,0.500000,0.000000,0.000000,0.000000,81.621000,49.402100,1.945500,96.108800,3,stop_and_go,Dynamic,259
2026-06-01 02:34:00,0.000000,0.500000,0.000000,0.000000,0.000000,81.574000,49.370200,2.652800,130.967400,3,stop_and_go,Dynamic,260
2026-06-01 02:34:01,0.000000,0.500000,0.000000,0.000000,0.000000,81.604000,49.363400,2.889400,142.629900,3,stop_and_go,Dynamic,261
2026-06-01 02:34:02,0.000000,0.150000,0.000000,0.000000,0.000000,81.540000,49.401900,2.227900,110.048200,3,stop_and_go,Dynamic,262
2026-06-01 02:34:03,0.291980,0.000000,0.501190,6.462210,0.003200,81.550000,49.330500,3.627600,178.771600,3,stop_and_go,Dynamic,263
2026-06-01 02:34:04,0.500000,0.000000,0.000000,9.892900,0.004900,81.544000,49.123300,7.677300,377.111700,3,stop_and_go,Dynamic,264
2026-06-01 02:34:05,0.200000,0.000000,-0.595238,3.957160,0.001960,81.544000,49.135300,7.135400,350.509000,3,stop_and_go,Dynamic,265
2026-06-01 02:34:06,0.000000,0.000000,0.000000,0.000000,0.000000,81.548000,49.356300,2.909700,143.581500,3,stop_and_go,Dynamic,266
2026-06-01 02:34:07,-0.180000,0.000000,-0.285714,3.252000,0.001640,81.510000,49.363700,2.639200,130.245800,3,stop_and_go,Dynamic,267
2026-06-01 02:34:08,-0.300000,0.000000,0.000000,5.935700,0.003000,81.550000,49.279600,4.757800,234.456800,3,stop_and_go,Dynamic,268
2026-06-01 02:34:09,-0.166260,0.000000,0.322714,3.350650,0.001690,81.544000,49.258800,4.770900,234.972900,3,stop_and_go,Dynamic,269
2026-06-01 02:34:10,0.000000,0.000000,0.000000,0.000000,0.000000,81.532000,49.401400,2.171900,107.289300,3,stop_and_go,Dynamic,270
2026-06-01 02:34:11,0.000000,0.250000,0.000000,0.000000,0.000000,81.548000,49.434700,1.453900,71.870400,3,stop_and_go,Dynamic,271
2026-06-01 02:34:12,0.000000,0.500000,0.000000,0.000000,0.000000,81.580000,49.400100,2.375400,117.342900,3,stop_and_go,Dynamic,272
2026-06-01 02:34:13,0.000000,0.500000,0.000000,0.000000,0.000000,81.532727,49.362182,2.811455,138.780455,3,stop_and_go,Dynamic,273
2026-06-01 02:34:14,0.000000,0.333333,0.000000,0.000000,0.000000,81.545556,49.378111,2.707000,133.663556,3,stop_and_go,Dynamic,274
2026-06-01 02:34:15,0.046200,0.000000,0.340000,1.311780,0.000660,81.498000,49.389500,1.952000,96.382500,3,stop_and_go,Dynamic,275
2026-06-01 02:34:16,0.499980,0.000000,0.176190,10.210520,0.005060,81.494000,49.182700,6.118000,300.811700,3,stop_and_go,Dynamic,276
2026-06-01 02:34:17,0.400000,0.000000,-0.476190,7.914320,0.003920,81.477000,49.093100,8.094100,397.345700,3,stop_and_go,Dynamic,277
2026-06-01 02:34:18,0.000000,0.000000,0.000000,0.000000,0.000000,81.470000,49.297900,4.039500,199.079600,3,stop_and_go,Dynamic,278
2026-06-01 02:34:19,-0.030000,0.000000,-0.285714,0.284150,0.000140,81.470000,49.403600,1.936300,95.654100,3,stop_and_go,Dynamic,279
2026-06-01 02:34:20,-0.300000,0.000000,0.000000,5.935700,0.003000,81.467000,49.279800,3.889800,191.672000,3,stop_and_go,Dynamic,280
2026-06-01 02:34:21,-0.300000,0.000000,0.000000,5.935700,0.003000,81.460000,49.230400,5.303700,261.104200,3,stop_and_go,Dynamic,281
2026-06-01 02:34:22,-0.015900,0.000000,0.285714,0.358220,0.000180,81.468000,49.327900,3.226100,159.110700,3,stop_and_go,Dynamic,282
2026-06-01 02:34:23,0.000000,0.000000,0.000000,0.000000,0.000000,81.450000,49.419700,1.417000,70.025900,3,stop_and_go,Dynamic,283
2026-06-01 02:34:24,0.399100,0.000000,0.511429,8.611140,0.004290,81.450000,49.263900,4.700800,231.449400,3,stop_and_go,Dynamic,284
2026-06-01 02:34:25,0.500000,0.000000,0.000000,9.892900,0.004900,81.444000,49.096200,8.078300,396.602800,3,stop_and_go,Dynamic,285
2026-06-01 02:34:26,0.050000,0.000000,-0.476190,0.989290,0.000490,81.439000,49.214300,5.369200,264.145300,3,stop_and_go,Dynamic,286
2026-06-01 02:34:27,0.000000,0.000000,0.000000,0.000000,0.000000,81.439000,49.365500,2.215600,109.356100,3,stop_and_go,Dynamic,287
2026-06-01 02:34:28,-0.240000,0.000000,-0.285714,4.439140,0.002240,81.430000,49.337600,3.040200,149.963400,3,stop_and_go,Dynamic,288
2026-06-01 02:34:29,-0.300000,0.000000,0.000000,5.935700,0.003000,81.437000,49.219500,4.998600,246.024300,3,stop_and_go,Dynamic,289
2026-06-01 02:34:30,-0.077700,0.000000,0.315000,1.591270,0.000800,81.420000,49.305500,3.782600,186.448000,3,stop_and_go,Dynamic,290
2026-06-01 02:34:31,0.000000,0.000000,0.000000,0.000000,0.000000,81.436000,49.400400,1.687700,83.370500,3,stop_and_go,Dynamic,291
2026-06-01 02:34:32,0.000000,0.350000,0.000000,0.000000,0.000000,81.428000,49.414800,1.586400,78.391000,3,stop_and_go,Dynamic,292
2026-06-01 02:34:33,0.000000,0.500000,0.000000,0.000000,0.000000,81.492000,49.391600,2.456400,121.323800,3,stop_and_go,Dynamic,293
2026-06-01 02:34:34,0.000000,0.500000,0.000000,0.000000,0.000000,81.438000,49.336000,2.837600,139.995600,3,stop_and_go,Dynamic,294
2026-06-01 02:34:35,0.000000,0.250000,0.000000,0.000000,0.000000,81.445000,49.366700,2.526200,124.702500,3,stop_and_go,Dynamic,295
2026-06-01 02:34:36,0.148000,0.000000,0.476190,3.572560,0.001780,81.418000,49.351500,2.505300,123.580800,3,stop_and_go,Dynamic,296
2026-06-01 02:34:37,0.500000,0.000000,0.000000,9.892900,0.004900,81.463000,49.170000,6.662800,327.552500,3,stop_and_go,Dynamic,297
2026-06-01 02:34:38,0.350000,0.000000,-0.476190,6.925030,0.003430,81.429000,49.087200,8.001100,392.702600,3,stop_and_go,Dynamic,298
2026-06-01 02:34:39,0.000000,0.000000,0.000000,0.000000,0.000000,81.398000,49.302800,3.818400,188.210700,3,stop_and_go,Dynamic,299
2026-06-01 02:34:40,-0.090000,0.000000,-0.357143,1.393930,0.000700,81.454000,49.398400,2.102300,103.845300,3,stop_and_go,Dynamic,300
2026-06-01 02:34:41,-0.300000,0.000000,0.000000,5.935700,0.003000,81.391000,49.277400,4.327400,213.216300,3,stop_and_go,Dynamic,301
2026-06-01 02:34:42,-0.255240,0.000000,0.320571,5.107330,0.002580,81.380000,49.241400,5.187500,255.430000,3,stop_and_go,Dynamic,302
2026-06-01 02:34:43,0.000000,0.000000,0.000000,0.000000,0.000000,81.375000,49.362800,2.694200,132.984400,3,stop_and_go,Dynamic,303
2026-06-01 02:34:44,0.000000,0.110000,0.000000,0.000000,0.000000,81.370000,49.417300,1.429300,70.630000,3,stop_and_go,Dynamic,304
2026-06-01 02:34:45,0.000000,0.500000,0.000000,0.000000,0.000000,81.370000,49.374000,2.199400,108.588600,3,stop_and_go,Dynamic,305
2026-06-01 02:34:46,0.000000,0.500000,0.000000,0.000000,0.000000,81.370000,49.353100,2.739400,135.196700,3,stop_and_go,Dynamic,306
2026-06-01 02:34:47,0.000000,0.500000,0.000000,0.000000,0.000000,81.370000,49.324500,2.873600,141.738700,3,stop_and_go,Dynamic,307
2026-06-01 02:34:48,0.000000,0.005000,0.000000,0.000000,0.000000,81.361000,49.390600,1.954800,96.548700,3,stop_and_go,Dynamic,308
2026-06-01 02:34:49,0.416300,0.000000,0.516190,8.888460,0.004410,81.360000,49.214500,4.906700,241.370400,3,stop_and_go,Dynamic,309
2026-06-01 02:34:50,0.500000,0.000000,0.000000,9.892900,0.004900,81.354000,49.071200,8.126400,398.757800,3,stop_and_go,Dynamic,310
2026-06-01 02:34:51,0.050000,0.000000,-0.476190,0.989290,0.000490,81.346000,49.183500,6.018200,295.853700,3,stop_and_go,Dynamic,311
2026-06-01 02:34:52,0.000000,0.000000,0.000000,0.000000,0.000000,81.340000,49.370100,2.395200,118.236300,3,stop_and_go,Dynamic,312
2026-06-01 02:34:53,-0.270000,0.000000,-0.285714,5.032710,0.002540,81.340000,49.335200,3.110700,153.425900,3,stop_and_go,Dynamic,313
2026-06-01 02:34:54,-0.300000,0.000000,0.000000,5.935700,0.003000,81.336000,49.220400,5.063800,249.237900,3,stop_and_go,Dynamic,314
2026-06-01 02:34:55,-0.093600,0.000000,0.300714,1.914320,0.000960,81.330000,49.267700,4.153300,204.554000,3,stop_and_go,Dynamic,315
2026-06-01 02:34:56,0.000000,0.000000,0.000000,0.000000,0.000000,81.330000,49.406700,1.792500,88.550100,3,stop_and_go,Dynamic,316
2026-06-01 02:34:57,0.266900,0.000000,0.516190,5.951110,0.002970,81.328000,49.333100,3.095400,152.603100,3,stop_and_go,Dynamic,317
2026-06-01 02:34:58,0.500000,0.000000,0.000000,9.892900,0.004900,81.320000,49.112500,7.416800,364.223200,3,stop_and_go,Dynamic,318
2026-06-01 02:34:59,0.205000,0.000000,-0.476190,4.056090,0.002010,81.311000,49.115300,7.341800,360.482100,3,stop_and_go,Dynamic,319
2026-06-01 02:35:00,0.000000,0.000000,0.000000,0.000000,0.000000,81.310000,49.325100,3.088800,152.326300,3,stop_and_go,Dynamic,320
2026-06-01 02:35:01,-0.174000,0.000000,-0.285714,3.133290,0.001580,81.303000,49.355800,2.430300,119.936900,3,stop_and_go,Dynamic,321
2026-06-01 02:35:02,-0.300000,0.000000,0.000000,5.935700,0.003000,81.300000,49.229400,4.687400,230.752000,3,stop_and_go,Dynamic,322
2026-06-01 02:35:03,-0.184740,0.000000,0.285714,3.708480,0.001870,81.296000,49.238500,4.902900,241.391300,3,stop_and_go,Dynamic,323
2026-06-01 02:35:04,0.000000,0.000000,0.000000,0.000000,0.000000,81.290000,49.365400,2.296400,113.353800,3,stop_and_go,Dynamic,324
2026-06-01 02:35:05,0.000000,0.230000,0.000000,0.000000,0.000000,81.290000,49.413200,1.455300,71.906000,3,stop_and_go,Dynamic,325
2026-06-01 02:35:06,0.000000,0.500000,0.000000,0.000000,0.000000,81.290000,49.350300,2.355400,116.239800,3,stop_and_go,Dynamic,326
2026-06-01 02:35:07,0.000000,0.500000,0.000000,0.000000,0.000000,81.290000,49.351400,2.801900,138.275900,3,stop_and_go,Dynamic,327
2026-06-01 02:35:08,0.000000,0.425000,0.000000,0.000000,0.000000,81.280000,49.328200,2.863600,141.256500,3,stop_and_go,Dynamic,328
2026-06-01 02:35:09,0.025260,0.000000,0.220000,0.685230,0.000340,81.280000,49.380700,1.960600,96.808800,3,stop_and_go,Dynamic,329
2026-06-01 02:35:10,0.494100,0.000000,0.270238,10.227840,0.005080,81.279000,49.175400,5.855800,287.894300,3,stop_and_go,Dynamic,330
2026-06-01 02:35:11,0.460000,0.000000,-0.380952,9.101470,0.004510,81.270000,49.073400,8.363200,410.400700,3,stop_and_go,Dynamic,331
2026-06-01 02:35:12,0.000000,0.000000,-0.095238,0.000000,0.000000,81.260000,49.220800,4.956500,243.883000,3,stop_and_go,Dynamic,332
2026-06-01 02:35:13,0.000000,0.000000,0.000000,0.000000,0.000000,81.260000,49.381900,2.043500,100.899300,3,stop_and_go,Dynamic,333
2026-06-01 02:35:14,-0.294000,0.000000,-0.285714,5.507570,0.002780,81.260000,49.298000,3.366600,165.935900,3,stop_and_go,Dynamic,334
2026-06-01 02:35:15,-0.300000,0.000000,0.000000,5.935700,0.003000,81.250000,49.206800,5.172900,254.538400,3,stop_and_go,Dynamic,335
2026-06-01 02:35:16,-0.036840,0.000000,0.288714,0.775970,0.000390,81.250000,49.298000,3.469100,170.980100,3,stop_and_go,Dynamic,336
2026-06-01 02:35:17,0.000000,0.000000,0.000000,0.000000,0.000000,81.250000,49.392200,1.543900,76.251700,3,stop_and_go,Dynamic,337
2026-06-01 02:35:18,0.000000,0.445000,0.000000,0.000000,0.000000,81.285000,49.382900,1.707500,84.318300,3,stop_and_go,Dynamic,338
2026-06-01 02:35:19,0.000000,0.500000,0.000000,0.000000,0.000000,81.267000,49.360800,2.530900,124.924500,3,stop_and_go,Dynamic,339
2026-06-01 02:35:20,0.000000,0.500000,0.000000,0.000000,0.000000,81.304000,49.330600,2.825900,139.403800,3,stop_and_go,Dynamic,340
2026-06-01 02:35:21,0.000000,0.200000,0.000000,0.000000,0.000000,81.264000,49.360000,2.512600,124.012400,3,stop_and_go,Dynamic,341
2026-06-01 02:35:22,0.228300,0.000000,0.483095,5.160570,0.002570,81.262000,49.334600,2.925300,144.214300,3,stop_and_go,Dynamic,342
2026-06-01 02:35:23,0.500000,0.000000,0.000000,9.892900,0.004900,81.311000,49.130200,7.211700,354.280400,3,stop_and_go,Dynamic,343
2026-06-01 02:35:24,0.200000,0.000000,-0.595238,3.957160,0.001960,81.303000,49.118000,7.294600,358.228700,3,stop_and_go,Dynamic,344
2026-06-01 02:35:25,0.000000,0.000000,0.000000,0.000000,0.000000,81.300000,49.313800,3.117200,153.688200,3,stop_and_go,Dynamic,345
2026-06-01 02:35:26,-0.180000,0.000000,-0.285714,3.252000,0.001640,81.300000,49.353000,2.450800,120.923400,3,stop_and_go,Dynamic,346
2026-06-01 02:35:27,-0.300000,0.000000,0.000000,5.935700,0.003000,81.290000,49.226900,4.654000,229.092200,3,stop_and_go,Dynamic,347
2026-06-01 02:35:28,-0.172200,0.000000,0.325714,3.474240,0.001760,81.290000,49.234500,4.875500,240.021100,3,stop_and_go,Dynamic,348
2026-06-01 02:35:29,0.000000,0.000000,0.000000,0.000000,0.000000,81.281000,49.368000,2.257700,111.441900,3,stop_and_go,Dynamic,349
2026-06-01 02:35:30,0.139180,0.000000,0.516190,3.407990,0.001700,81.280000,49.383000,1.963300,96.893100,3,stop_and_go,Dynamic,350
2026-06-01 02:35:31,0.500000,0.000000,0.000000,9.892900,0.004900,81.279000,49.163400,6.509400,319.985900,3,stop_and_go,Dynamic,351
2026-06-01 02:35:32,0.350000,0.000000,-0.476190,6.925030,0.003430,81.270000,49.075800,8.132900,399.098400,3,stop_and_go,Dynamic,352
2026-06-01 02:35:33,0.000000,0.000000,0.000000,0.000000,0.000000,81.261000,49.284900,4.090100,201.509400,3,stop_and_go,Dynamic,353
2026-06-01 02:35:34,-0.090000,0.000000,-0.285714,1.471290,0.000740,81.260000,49.391700,2.063500,101.914900,3,stop_and_go,Dynamic,354
2026-06-01 02:35:35,-0.300000,0.000000,0.000000,5.935700,0.003000,81.260000,49.279200,4.155600,204.780500,3,stop_and_go,Dynamic,355
2026-06-01 02:35:36,-0.259680,0.000000,0.284000,5.202920,0.002630,81.251000,49.219300,5.277400,259.746300,3,stop_and_go,Dynamic,356
2026-06-01 02:35:37,0.000000,0.000000,0.002143,0.000000,0.000000,81.250000,49.318200,2.914800,143.719400,3,stop_and_go,Dynamic,357
2026-06-01 02:35:38,0.000000,0.100000,0.000000,0.000000,0.000000,81.250000,49.390500,1.411100,69.692700,3,stop_and_go,Dynamic,358
2026-06-01 02:35:39,0.000000,0.500000,0.000000,0.000000,0.000000,81.246667,49.368222,2.032778,100.352667,3,stop_and_go,Dynamic,359
2026-06-01 02:35:40,0.000000,0.500000,0.000000,0.000000,0.000000,81.240000,49.350636,2.655455,131.048545,3,stop_and_go,Dynamic,360
2026-06-01 02:35:41,0.000000,0.500000,0.000000,0.000000,0.000000,81.240000,49.324700,2.892000,142.647100,3,stop_and_go,Dynamic,361
2026-06-01 02:35:42,0.000000,0.000000,0.000000,0.000000,0.000000,81.240000,49.385700,1.937700,95.683300,3,stop_and_go,Dynamic,362
2026-06-01 02:35:43,0.390160,0.000000,0.515857,8.416820,0.004190,81.236000,49.273000,4.273400,210.406100,3,stop_and_go,Dynamic,363
2026-06-01 02:35:44,0.500000,0.000000,0.000000,9.892900,0.004900,81.229000,49.083000,7.879800,386.745300,3,stop_and_go,Dynamic,364
2026-06-01 02:35:45,0.050000,0.000000,-0.476190,0.989290,0.000490,81.220000,49.183100,5.937100,291.873800,3,stop_and_go,Dynamic,365
2026-06-01 02:35:46,0.000000,0.000000,0.000000,0.000000,0.000000,81.220000,49.350000,2.374300,117.154000,3,stop_and_go,Dynamic,366
2026-06-01 02:35:47,-0.240000,0.000000,-0.285714,4.439140,0.002240,81.215000,49.340300,2.781300,137.174600,3,stop_and_go,Dynamic,367
2026-06-01 02:35:48,-0.300000,0.000000,0.000000,5.935700,0.003000,81.210000,49.230700,4.904100,241.432300,3,stop_and_go,Dynamic,368
2026-06-01 02:35:49,-0.083160,0.000000,0.285714,1.690490,0.000850,81.207000,49.265300,4.084500,201.166900,3,stop_and_go,Dynamic,369
2026-06-01 02:35:50,0.000000,0.000000,0.000000,0.000000,0.000000,81.200000,49.380600,1.793400,88.555100,3,stop_and_go,Dynamic,370
2026-06-01 02:35:51,0.000000,0.350000,0.000000,0.000000,0.000000,81.200000,49.387800,1.509800,74.560400,3,stop_and_go,Dynamic,371
2026-06-01 02:35:52,0.000000,0.500000,0.000000,0.000000,0.000000,81.200000,49.359000,2.468700,121.853800,3,stop_and_go,Dynamic,372
2026-06-01 02:35:53,0.000000,0.500000,0.000000,0.000000,0.000000,81.200000,49.334222,2.771444,136.726556,3,stop_and_go,Dynamic,373
2026-06-01 02:35:54,0.000000,0.272727,0.000000,0.000000,0.000000,81.194545,49.338273,2.650364,130.756273,3,stop_and_go,Dynamic,374
2026-06-01 02:35:55,0.139360,0.000000,0.476762,3.406840,0.001710,81.190000,49.350600,2.189900,108.031600,3,stop_and_go,Dynamic,375
2026-06-01 02:35:56,0.500000,0.000000,0.000000,9.892900,0.004900,81.190000,49.149222,6.418556,315.431111,3,stop_and_go,Dynamic,376
2026-06-01 02:35:57,0.318182,0.000000,-0.432900,6.295482,0.003118,81.180000,49.076727,7.890909,387.224091,3,stop_and_go,Dynamic,377
2026-06-01 02:35:58,0.000000,0.000000,0.000000,0.000000,0.000000,81.172222,49.286222,3.818889,188.179889,3,stop_and_go,Dynamic,378
2026-06-01 02:35:59,-0.060000,0.000000,-0.285714,0.877720,0.000440,81.170000,49.379700,1.893600,93.496300,3,stop_and_go,Dynamic,379
2026-06-01 02:36:00,-0.300000,0.000000,0.000000,5.935700,0.003000,81.170000,49.259100,3.883300,191.266800,3,stop_and_go,Dynamic,380
2026-06-01 02:36:01,-0.266509,0.000000,0.248831,5.309518,0.002682,81.163636,49.207455,5.206455,256.194636,3,stop_and_go,Dynamic,381
2026-06-01 02:36:02,0.000000,0.000000,0.013333,0.000000,0.000000,81.160000,49.323667,3.034000,149.621889,3,stop_and_go,Dynamic,382
2026-06-01 02:36:03,0.006900,0.000000,0.082143,0.182780,0.000090,81.160000,49.383700,1.534900,75.796000,3,stop_and_go,Dynamic,383
2026-06-01 02:36:04,0.476500,0.000000,0.410476,10.063430,0.005000,81.155000,49.199400,5.253600,258.380400,3,stop_and_go,Dynamic,384
2026-06-01 02:36:05,0.500000,0.000000,0.000000,9.892900,0.004900,81.147000,49.052400,8.252700,404.801200,3,stop_and_go,Dynamic,385
2026-06-01 02:36:06,0.000000,0.000000,-0.595238,0.000000,0.000000,81.140000,49.191400,5.425400,266.794000,3,stop_and_go,Dynamic,386
2026-06-01 02:36:07,0.000000,0.000000,0.000000,0.000000,0.000000,81.140000,49.364600,2.213100,109.226300,3,stop_and_go,Dynamic,387
2026-06-01 02:36:08,-0.300000,0.000000,-0.285714,5.626280,0.002840,81.131000,49.307700,3.421500,168.671300,3,stop_and_go,Dynamic,388
2026-06-01 02:36:09,-0.300000,0.000000,0.000000,5.935700,0.003000,81.130000,49.209400,5.174900,254.647700,3,stop_and_go,Dynamic,389
2026-06-01 02:36:10,-0.053400,0.000000,0.325714,1.103530,0.000550,81.123000,49.270100,3.853700,189.825900,3,stop_and_go,Dynamic,390
2026-06-01 02:36:11,0.000000,0.000000,0.000000,0.000000,0.000000,81.120000,49.384200,1.685300,83.223700,3,stop_and_go,Dynamic,391
2026-06-01 02:36:12,0.000000,0.409091,0.000000,0.000000,0.000000,81.120000,49.378182,1.706909,84.275727,3,stop_and_go,Dynamic,392
2026-06-01 02:36:13,0.000000,0.500000,0.000000,0.000000,0.000000,81.120000,49.331600,2.587900,127.662400,3,stop_and_go,Dynamic,393
2026-06-01 02:36:14,0.000000,0.500000,0.000000,0.000000,0.000000,81.117000,49.310200,2.844900,140.282200,3,stop_and_go,Dynamic,394
2026-06-01 02:36:15,0.000000,0.150000,0.000000,0.000000,0.000000,81.110000,49.354100,2.366300,116.775100,3,stop_and_go,Dynamic,395
2026-06-01 02:36:16,0.262178,0.000000,0.573545,5.965133,0.002978,81.110000,49.301778,3.090778,152.280667,3,stop_and_go,Dynamic,396
2026-06-01 02:36:17,0.500000,0.000000,0.000000,9.892900,0.004900,81.106000,49.102000,7.217400,354.356600,3,stop_and_go,Dynamic,397
2026-06-01 02:36:18,0.200000,0.000000,-0.476190,3.957160,0.001960,81.098000,49.091200,7.297300,358.131700,3,stop_and_go,Dynamic,398
2026-06-01 02:36:19,0.000000,0.000000,0.000000,0.000000,0.000000,81.090000,49.307800,3.087800,152.223700,3,stop_and_go,Dynamic,399
2026-06-01 02:36:20,-0.150000,0.000000,-0.285714,2.658430,0.001340,81.082000,49.335800,2.188000,107.927400,3,stop_and_go,Dynamic,400
2026-06-01 02:36:21,-0.300000,0.000000,0.000000,5.935700,0.003000,81.045000,49.231100,4.559500,224.447200,3,stop_and_go,Dynamic,401
2026-06-01 02:36:22,-0.168960,0.000000,0.285714,3.386500,0.001710,81.008000,49.223000,4.603400,226.546800,3,stop_and_go,Dynamic,402
2026-06-01 02:36:23,0.000000,0.000000,0.000000,0.000000,0.000000,80.995000,49.340800,2.061300,101.696500,3,stop_and_go,Dynamic,403
2026-06-01 02:36:24,0.000000,0.250000,0.000000,0.000000,0.000000,80.999000,49.382000,1.480700,73.117900,3,stop_and_go,Dynamic,404
2026-06-01 02:36:25,0.000000,0.500000,0.000000,0.000000,0.000000,81.043000,49.349700,2.367100,116.814300,3,stop_and_go,Dynamic,405
2026-06-01 02:36:26,0.000000,0.500000,0.000000,0.000000,0.000000,81.038000,49.322700,2.755100,135.889300,3,stop_and_go,Dynamic,406
2026-06-01 02:36:27,0.000000,0.400000,0.000000,0.000000,0.000000,81.022000,49.314000,2.759500,136.083100,3,stop_and_go,Dynamic,407
2026-06-01 02:36:28,0.046800,0.000000,0.322857,1.308360,0.000650,80.981000,49.346100,2.079200,102.578300,3,stop_and_go,Dynamic,408
2026-06-01 02:36:29,0.500000,0.000000,0.153333,10.169670,0.005040,80.980000,49.118200,6.219700,305.425600,3,stop_and_go,Dynamic,409
2026-06-01 02:36:30,0.400000,0.000000,-0.595238,7.914320,0.003920,80.980000,49.056000,8.076600,396.184500,3,stop_and_go,Dynamic,410
2026-06-01 02:36:31,0.000000,0.000000,0.000000,0.000000,0.000000,80.966000,49.242200,4.070500,200.387200,3,stop_and_go,Dynamic,411
2026-06-01 02:36:32,-0.030000,0.000000,-0.357143,0.206790,0.000100,80.960000,49.344300,1.904500,93.964500,3,stop_and_go,Dynamic,412
2026-06-01 02:36:33,-0.300000,0.000000,0.000000,5.935700,0.003000,80.960000,49.251400,3.886000,191.371600,3,stop_and_go,Dynamic,413
2026-06-01 02:36:34,-0.285300,0.000000,0.140000,5.690340,0.002870,80.956000,49.171700,5.188300,255.115800,3,stop_and_go,Dynamic,414
2026-06-01 02:36:35,-0.000180,0.000000,0.181714,0.003560,0.000000,80.950000,49.304700,2.908100,143.353400,3,stop_and_go,Dynamic,415
2026-06-01 02:36:36,0.000000,0.000000,0.000000,0.000000,0.000000,80.950000,49.378900,1.424400,70.332300,3,stop_and_go,Dynamic,416
2026-06-01 02:36:37,0.447400,0.000000,0.516191,9.566900,0.004750,80.956000,49.196800,5.167100,254.095800,3,stop_and_go,Dynamic,417
2026-06-01 02:36:38,0.500000,0.000000,0.000000,9.892900,0.004900,80.939000,49.030000,8.132000,398.702700,3,stop_and_go,Dynamic,418
2026-06-01 02:36:39,0.000000,0.000000,-0.476190,0.000000,0.000000,80.938000,49.199500,4.933800,242.655200,3,stop_and_go,Dynamic,419
2026-06-01 02:36:40,0.000000,0.000000,0.000000,0.000000,0.000000,80.938000,49.351900,2.007400,99.056900,3,stop_and_go,Dynamic,420
2026-06-01 02:36:41,-0.270000,0.000000,-0.285714,5.032710,0.002540,80.929000,49.292100,3.353400,165.260300,3,stop_and_go,Dynamic,421
2026-06-01 02:36:42,-0.300000,0.000000,0.000000,5.935700,0.003000,80.920000,49.177400,5.142000,252.863300,3,stop_and_go,Dynamic,422
2026-06-01 02:36:43,-0.047100,0.000000,0.285714,0.971820,0.000490,80.920000,49.280000,3.446100,169.790200,3,stop_and_go,Dynamic,423
2026-06-01 02:36:44,0.000000,0.000000,0.000000,0.000000,0.000000,80.925000,49.371300,1.521100,75.094800,3,stop_and_go,Dynamic,424
2026-06-01 02:36:45,0.000000,0.450000,0.000000,0.000000,0.000000,80.928000,49.352500,1.850000,91.298600,3,stop_and_go,Dynamic,425
2026-06-01 02:36:46,0.000000,0.500000,0.000000,0.000000,0.000000,80.928000,49.306600,2.594600,127.931300,3,stop_and_go,Dynamic,426
2026-06-01 02:36:47,0.000000,0.500000,0.000000,0.000000,0.000000,80.974000,49.308400,2.824900,139.291700,3,stop_and_go,Dynamic,427
2026-06-01 02:36:48,0.000000,0.200000,0.000000,0.000000,0.000000,80.926000,49.324700,2.350700,115.935700,3,stop_and_go,Dynamic,428
2026-06-01 02:36:49,0.249200,0.000000,0.476191,5.583140,0.002770,80.903000,49.281500,3.324500,163.719200,3,stop_and_go,Dynamic,429
2026-06-01 02:36:50,0.500000,0.000000,0.000000,9.892900,0.004900,80.899000,49.074900,7.459000,366.016400,3,stop_and_go,Dynamic,430
2026-06-01 02:36:51,0.250000,0.000000,-0.476190,4.946450,0.002450,80.890000,49.067900,7.395600,362.772300,3,stop_and_go,Dynamic,431
2026-06-01 02:36:52,0.000000,0.000000,0.000000,0.000000,0.000000,80.883000,49.282800,3.140500,154.762500,3,stop_and_go,Dynamic,432
2026-06-01 02:36:53,-0.120000,0.000000,-0.285714,2.064860,0.001040,80.880000,49.320300,2.184900,107.733200,3,stop_and_go,Dynamic,433
2026-06-01 02:36:54,-0.300000,0.000000,0.000000,5.935700,0.003000,80.880000,49.213700,4.493700,221.148300,3,stop_and_go,Dynamic,434
2026-06-01 02:36:55,-0.195900,0.000000,0.319286,3.919640,0.001980,80.873000,49.184100,4.866200,239.319800,3,stop_and_go,Dynamic,435
2026-06-01 02:36:56,0.000000,0.000000,0.000000,0.000000,0.000000,80.870000,49.328500,2.254400,111.188900,3,stop_and_go,Dynamic,436
2026-06-01 02:36:57,0.000000,0.170000,0.000000,0.000000,0.000000,80.870000,49.371100,1.343800,66.340900,3,stop_and_go,Dynamic,437
2026-06-01 02:36:58,0.000000,0.500000,0.000000,0.000000,0.000000,80.870000,49.313800,2.239000,110.407200,3,stop_and_go,Dynamic,438
2026-06-01 02:36:59,0.000000,0.500000,0.000000,0.000000,0.000000,80.865000,49.325400,2.749800,135.635500,3,stop_and_go,Dynamic,439
2026-06-01 02:37:00,0.000000,0.420000,0.000000,0.000000,0.000000,80.860000,49.284400,2.855600,140.733900,3,stop_and_go,Dynamic,440
2026-06-01 02:37:01,0.000900,0.000000,0.010714,0.020130,0.000010,80.860000,49.347100,1.721000,84.922500,3,stop_and_go,Dynamic,441
2026-06-01 02:37:02,0.463600,0.000000,0.467619,9.802500,0.004870,80.858000,49.155900,5.311500,261.025300,3,stop_and_go,Dynamic,442
2026-06-01 02:37:03,0.450000,0.000000,-0.476190,8.903610,0.004410,80.850000,49.029700,8.202900,402.177100,3,stop_and_go,Dynamic,443
2026-06-01 02:37:04,0.000000,0.000000,0.000000,0.000000,0.000000,80.840000,49.194500,4.906000,241.271800,3,stop_and_go,Dynamic,444
2026-06-01 02:37:05,0.000000,0.000000,0.000000,0.000000,0.000000,80.840000,49.331600,2.016800,99.487500,3,stop_and_go,Dynamic,445
2026-06-01 02:37:06,-0.300000,0.000000,-0.285714,5.626280,0.002840,80.839000,49.255300,3.340100,164.484300,3,stop_and_go,Dynamic,446
2026-06-01 02:37:07,-0.300000,0.000000,0.000000,5.935700,0.003000,80.830000,49.158700,5.148100,253.070100,3,stop_and_go,Dynamic,447
2026-06-01 02:37:08,-0.033600,0.000000,0.300714,0.726070,0.000360,80.830000,49.262000,3.495800,172.156800,3,stop_and_go,Dynamic,448
2026-06-01 02:37:09,0.000000,0.000000,0.000000,0.000000,0.000000,80.828000,49.358300,1.531500,75.587000,3,stop_and_go,Dynamic,449
2026-06-01 02:37:10,0.365160,0.000000,0.516190,7.904160,0.003930,80.820000,49.226400,4.095600,201.467300,3,stop_and_go,Dynamic,450
2026-06-01 02:37:11,0.500000,0.000000,0.000000,9.892900,0.004900,80.817000,49.057600,7.900000,387.535700,3,stop_and_go,Dynamic,451
2026-06-01 02:37:12,0.105000,0.000000,-0.476190,2.077510,0.001030,80.810000,49.105300,6.490900,318.617600,3,stop_and_go,Dynamic,452
2026-06-01 02:37:13,0.000000,0.000000,0.000000,0.000000,0.000000,80.801000,49.294700,2.641800,130.204600,3,stop_and_go,Dynamic,453
2026-06-01 02:37:14,-0.204000,0.000000,-0.285714,3.726860,0.001880,80.800000,49.314600,2.535100,124.983500,3,stop_and_go,Dynamic,454
2026-06-01 02:37:15,-0.300000,0.000000,0.000000,5.935700,0.003000,80.800000,49.181200,4.791700,235.657200,3,stop_and_go,Dynamic,455
2026-06-01 02:37:16,-0.152400,0.000000,0.299286,3.073570,0.001550,80.791000,49.186400,4.681200,230.219700,3,stop_and_go,Dynamic,456
2026-06-01 02:37:17,0.000000,0.000000,0.000000,0.000000,0.000000,80.790000,49.319800,2.110900,104.101200,3,stop_and_go,Dynamic,457
2026-06-01 02:37:18,0.000000,0.250000,0.000000,0.000000,0.000000,80.806000,49.347200,1.408500,69.502300,3,stop_and_go,Dynamic,458
2026-06-01 02:37:19,0.000000,0.500000,0.000000,0.000000,0.000000,80.806000,49.336900,2.323000,114.608200,3,stop_and_go,Dynamic,459
2026-06-01 02:37:20,0.000000,0.500000,0.000000,0.000000,0.000000,80.799000,49.293800,2.749200,135.519200,3,stop_and_go,Dynamic,460
2026-06-01 02:37:21,0.000000,0.410000,0.000000,0.000000,0.000000,80.789000,49.287900,2.820000,138.992700,3,stop_and_go,Dynamic,461
2026-06-01 02:37:22,0.001260,0.000000,0.015000,0.027850,0.000010,80.780000,49.366200,1.735700,85.677800,3,stop_and_go,Dynamic,462
2026-06-01 02:37:23,0.464800,0.000000,0.464190,9.822210,0.004890,80.777000,49.159700,5.364700,263.635200,3,stop_and_go,Dynamic,463
2026-06-01 02:37:24,0.500000,0.000000,0.000000,9.892900,0.004900,80.769000,49.009300,8.280000,405.789800,3,stop_and_go,Dynamic,464
2026-06-01 02:37:25,0.020000,0.000000,-0.547619,0.395720,0.000200,80.760000,49.160200,5.475300,269.069300,3,stop_and_go,Dynamic,465
2026-06-01 02:37:26,0.000000,0.000000,0.000000,0.000000,0.000000,80.760000,49.312200,2.213100,109.122300,3,stop_and_go,Dynamic,466
2026-06-01 02:37:27,-0.300000,0.000000,-0.285714,5.626280,0.002840,80.755000,49.266800,3.449100,169.882500,3,stop_and_go,Dynamic,467
2026-06-01 02:37:28,-0.300000,0.000000,0.000000,5.935700,0.003000,80.750000,49.171100,5.215400,256.442900,3,stop_and_go,Dynamic,468
2026-06-01 02:37:29,-0.064200,0.000000,0.325714,1.337700,0.000670,80.745000,49.241100,3.852500,189.653700,3,stop_and_go,Dynamic,469
2026-06-01 02:37:30,0.000000,0.000000,0.000000,0.000000,0.000000,80.740000,49.336700,1.661500,81.968600,3,stop_and_go,Dynamic,470
2026-06-01 02:37:31,0.000000,0.400000,0.000000,0.000000,0.000000,80.780000,49.362900,1.621500,80.028000,3,stop_and_go,Dynamic,471
2026-06-01 02:37:32,0.000000,0.500000,0.000000,0.000000,0.000000,80.748000,49.296100,2.548200,125.612700,3,stop_and_go,Dynamic,472
2026-06-01 02:37:33,0.000000,0.500000,0.000000,0.000000,0.000000,80.804000,49.300600,2.824300,139.239400,3,stop_and_go,Dynamic,473
2026-06-01 02:37:34,0.000000,0.200000,0.000000,0.000000,0.000000,80.741000,49.310800,2.509500,123.735000,3,stop_and_go,Dynamic,474
2026-06-01 02:37:35,0.176500,0.000000,0.486905,4.137260,0.002060,80.754000,49.295900,2.450000,120.691900,3,stop_and_go,Dynamic,475
2026-06-01 02:37:36,0.500000,0.000000,0.000000,9.892900,0.004900,80.802000,49.094300,6.889400,338.183900,3,stop_and_go,Dynamic,476
2026-06-01 02:37:37,0.250000,0.000000,-0.476190,4.946450,0.002450,80.801000,49.068000,7.592200,372.464300,3,stop_and_go,Dynamic,477
2026-06-01 02:37:38,0.000000,0.000000,0.000000,0.000000,0.000000,80.800000,49.263400,3.376200,166.282200,3,stop_and_go,Dynamic,478
2026-06-01 02:37:39,-0.150000,0.000000,-0.285714,2.658430,0.001340,80.790000,49.310500,2.226500,109.762700,3,stop_and_go,Dynamic,479
2026-06-01 02:37:40,-0.300000,0.000000,0.000000,5.935700,0.003000,80.790000,49.214000,4.518500,222.354300,3,stop_and_go,Dynamic,480
2026-06-01 02:37:41,-0.201300,0.000000,0.287143,4.042330,0.002040,80.786000,49.172300,5.077100,249.636500,3,stop_and_go,Dynamic,481
2026-06-01 02:37:42,0.000000,0.000000,0.000000,0.000000,0.000000,80.780000,49.319300,2.487300,122.656300,3,stop_and_go,Dynamic,482
2026-06-01 02:37:43,0.136500,0.000000,0.477857,3.320060,0.001660,80.780000,49.335500,2.025600,99.888600,3,stop_and_go,Dynamic,483
2026-06-01 02:37:44,0.500000,0.000000,0.000000,9.892900,0.004900,80.776000,49.097100,6.545900,321.336500,3,stop_and_go,Dynamic,484
2026-06-01 02:37:45,0.300000,0.000000,-0.595238,5.935740,0.002940,80.767000,49.036300,7.876300,386.189200,3,stop_and_go,Dynamic,485
2026-06-01 02:37:46,0.000000,0.000000,0.000000,0.000000,0.000000,80.760000,49.254500,3.685100,181.447300,3,stop_and_go,Dynamic,486
2026-06-01 02:37:47,-0.090000,0.000000,-0.357143,1.393930,0.000700,80.760000,49.334100,1.928300,95.129000,3,stop_and_go,Dynamic,487
2026-06-01 02:37:48,-0.300000,0.000000,0.000000,5.935700,0.003000,80.758000,49.206800,4.106600,202.050000,3,stop_and_go,Dynamic,488
2026-06-01 02:37:49,-0.265260,0.000000,0.281571,5.303510,0.002680,80.750000,49.176900,5.274900,259.396800,3,stop_and_go,Dynamic,489
2026-06-01 02:37:50,0.000000,0.000000,0.020571,0.000000,0.000000,80.750000,49.283800,2.940800,144.904800,3,stop_and_go,Dynamic,490
2026-06-01 02:37:51,0.000000,0.050000,0.000000,0.000000,0.000000,80.746000,49.345300,1.350300,66.630800,3,stop_and_go,Dynamic,491
2026-06-01 02:37:52,0.000000,0.500000,0.000000,0.000000,0.000000,80.740000,49.323333,1.971222,97.222444,3,stop_and_go,Dynamic,492
2026-06-01 02:37:53,0.000000,0.500000,0.000000,0.000000,0.000000,80.740000,49.308545,2.596545,128.030091,3,stop_and_go,Dynamic,493
2026-06-01 02:37:54,0.000000,0.500000,0.000000,0.000000,0.000000,80.740000,49.293200,2.910800,143.481900,3,stop_and_go,Dynamic,494
2026-06-01 02:37:55,0.000000,0.050000,0.000000,0.000000,0.000000,80.740000,49.333100,2.102300,103.698100,3,stop_and_go,Dynamic,495
2026-06-01 02:37:56,0.384980,0.000000,0.494048,8.253070,0.004100,80.732000,49.203100,4.341800,213.503500,3,stop_and_go,Dynamic,496
2026-06-01 02:37:57,0.500000,0.000000,0.000000,9.892900,0.004900,80.719000,49.027500,7.928400,388.685000,3,stop_and_go,Dynamic,497
2026-06-01 02:37:58,0.100000,0.000000,-0.595238,1.978580,0.000980,80.720000,49.093100,6.492500,318.584400,3,stop_and_go,Dynamic,498
2026-06-01 02:37:59,0.000000,0.000000,0.000000,0.000000,0.000000,80.704000,49.292300,2.629600,129.598700,3,stop_and_go,Dynamic,499
2026-06-01 02:38:00,-0.210000,0.000000,-0.357143,3.768210,0.001900,80.710000,49.301000,2.541900,125.290600,3,stop_and_go,Dynamic,500
2026-06-01 02:38:01,-0.300000,0.000000,0.000000,5.935700,0.003000,80.710000,49.198600,4.805600,236.421400,3,stop_and_go,Dynamic,501
2026-06-01 02:38:02,-0.145260,0.000000,0.302143,2.931010,0.001480,80.693000,49.186900,4.676700,229.995800,3,stop_and_go,Dynamic,502
2026-06-01 02:38:03,0.000000,0.000000,0.000000,0.000000,0.000000,80.700000,49.320800,2.119000,104.495500,3,stop_and_go,Dynamic,503
2026-06-01 02:38:04,0.000000,0.250000,0.000000,0.000000,0.000000,80.692000,49.354800,1.370500,67.636000,3,stop_and_go,Dynamic,504
2026-06-01 02:38:05,0.000000,0.500000,0.000000,0.000000,0.000000,80.700000,49.303000,2.338100,115.273300,3,stop_and_go,Dynamic,505
2026-06-01 02:38:06,0.000000,0.500000,0.000000,0.000000,0.000000,80.692222,49.280222,2.777333,136.868000,3,stop_and_go,Dynamic,506
2026-06-01 02:38:07,0.000000,0.409091,0.000000,0.000000,0.000000,80.690000,49.278636,2.861909,141.031182,3,stop_and_go,Dynamic,507
2026-06-01 02:38:08,0.038400,0.000000,0.282857,1.025260,0.000510,80.682000,49.325900,1.952100,96.275100,3,stop_and_go,Dynamic,508
2026-06-01 02:38:09,0.499560,0.000000,0.194381,10.235050,0.005080,80.686000,49.133200,5.846000,287.142400,3,stop_and_go,Dynamic,509
2026-06-01 02:38:10,0.400000,0.000000,-0.595238,7.914320,0.003920,80.678000,49.002500,8.177900,400.723700,3,stop_and_go,Dynamic,510
2026-06-01 02:38:11,0.000000,0.000000,0.000000,0.000000,0.000000,80.670000,49.199900,4.423200,217.547000,3,stop_and_go,Dynamic,511
2026-06-01 02:38:12,-0.030000,0.000000,-0.357143,0.206790,0.000100,80.670000,49.332000,1.938800,95.639700,3,stop_and_go,Dynamic,512
2026-06-01 02:38:13,-0.300000,0.000000,0.000000,5.935700,0.003000,80.658000,49.241800,3.646700,179.545100,3,stop_and_go,Dynamic,513
2026-06-01 02:38:14,-0.289500,0.000000,0.100000,5.790770,0.002920,80.660000,49.158000,5.189700,255.109100,3,stop_and_go,Dynamic,514
2026-06-01 02:38:15,-0.002700,0.000000,0.225714,0.053420,0.000030,80.660000,49.262700,3.123500,153.853400,3,stop_and_go,Dynamic,515
2026-06-01 02:38:16,0.009300,0.000000,0.088571,0.220460,0.000110,80.644000,49.338900,1.507700,74.379300,3,stop_and_go,Dynamic,516
2026-06-01 02:38:17,0.477400,0.000000,0.427619,10.081850,0.005010,80.650000,49.168400,5.261900,258.630800,3,stop_and_go,Dynamic,517
2026-06-01 02:38:18,0.500000,0.000000,0.000000,9.892900,0.004900,80.644000,48.999500,8.271300,405.276300,3,stop_and_go,Dynamic,518
2026-06-01 02:38:19,0.000000,0.000000,-0.476190,0.000000,0.000000,80.637000,49.132700,5.438500,267.063300,3,stop_and_go,Dynamic,519
2026-06-01 02:38:20,0.000000,0.000000,0.000000,0.000000,0.000000,80.622000,49.310500,2.197900,108.365200,3,stop_and_go,Dynamic,520
2026-06-01 02:38:21,-0.270000,0.000000,-0.285714,5.032710,0.002540,80.630000,49.264900,3.038000,149.616700,3,stop_and_go,Dynamic,521
2026-06-01 02:38:22,-0.300000,0.000000,0.000000,5.935700,0.003000,80.619000,49.151300,5.057900,248.592800,3,stop_and_go,Dynamic,522
2026-06-01 02:38:23,-0.080460,0.000000,0.286571,1.653220,0.000830,80.620000,49.214200,4.129600,203.191800,3,stop_and_go,Dynamic,523
2026-06-01 02:38:24,0.000000,0.000000,0.000000,0.000000,0.000000,80.620000,49.320400,1.800700,88.797400,3,stop_and_go,Dynamic,524
2026-06-01 02:38:25,0.000000,0.350000,0.000000,0.000000,0.000000,80.620000,49.348700,1.527000,75.347000,3,stop_and_go,Dynamic,525
2026-06-01 02:38:26,0.000000,0.500000,0.000000,0.000000,0.000000,80.617000,49.291300,2.453600,120.941600,3,stop_and_go,Dynamic,526
2026-06-01 02:38:27,0.000000,0.500000,0.000000,0.000000,0.000000,80.601111,49.290222,2.811000,138.555778,3,stop_and_go,Dynamic,527
2026-06-01 02:38:28,0.000000,0.318182,0.000000,0.000000,0.000000,80.610000,49.284273,2.714909,133.798091,3,stop_and_go,Dynamic,528
2026-06-01 02:38:29,0.134260,0.000000,0.516190,3.323340,0.001660,80.610000,49.290000,2.265100,111.621700,3,stop_and_go,Dynamic,529
2026-06-01 02:38:30,0.500000,0.000000,0.000000,9.892900,0.004900,80.603000,49.075000,6.597000,323.709800,3,stop_and_go,Dynamic,530
2026-06-01 02:38:31,0.350000,0.000000,-0.476190,6.925030,0.003430,80.595000,48.999400,8.204300,401.976800,3,stop_and_go,Dynamic,531
2026-06-01 02:38:32,0.000000,0.000000,0.000000,0.000000,0.000000,80.590000,49.187600,4.107500,201.980500,3,stop_and_go,Dynamic,532
2026-06-01 02:38:33,-0.090000,0.000000,-0.285714,1.471290,0.000740,80.590000,49.327400,2.093000,103.232200,3,stop_and_go,Dynamic,533
2026-06-01 02:38:34,-0.300000,0.000000,0.000000,5.935700,0.003000,80.580000,49.198600,4.157300,204.515100,3,stop_and_go,Dynamic,534
2026-06-01 02:38:35,-0.261300,0.000000,0.280000,5.229470,0.002640,80.572000,49.169900,5.286800,259.944900,3,stop_and_go,Dynamic,535
2026-06-01 02:38:36,0.000000,0.000000,0.007143,0.000000,0.000000,80.563000,49.261100,2.959800,145.766900,3,stop_and_go,Dynamic,536
2026-06-01 02:38:37,0.000000,0.100000,0.000000,0.000000,0.000000,80.570000,49.343800,1.437200,70.914900,3,stop_and_go,Dynamic,537
2026-06-01 02:38:38,0.000000,0.500000,0.000000,0.000000,0.000000,80.570000,49.309500,2.101500,103.615500,3,stop_and_go,Dynamic,538
2026-06-01 02:38:39,0.000000,0.500000,0.000000,0.000000,0.000000,80.570000,49.261700,2.709700,133.485100,3,stop_and_go,Dynamic,539
2026-06-01 02:38:40,0.000000,0.500000,0.000000,0.000000,0.000000,80.556667,49.270444,2.846222,140.235667,3,stop_and_go,Dynamic,540
2026-06-01 02:38:41,0.000000,0.090909,0.000000,0.000000,0.000000,80.560000,49.283636,2.191545,107.999182,3,stop_and_go,Dynamic,541
2026-06-01 02:38:42,0.335960,0.000000,0.516190,7.338540,0.003650,80.560000,49.238500,3.795800,186.727900,3,stop_and_go,Dynamic,542
2026-06-01 02:38:43,0.500000,0.000000,0.000000,9.892900,0.004900,80.554000,49.015700,7.724000,378.571900,3,stop_and_go,Dynamic,543
2026-06-01 02:38:44,0.111111,0.000000,-0.529101,2.198422,0.001089,80.546667,49.075778,6.688444,328.147778,3,stop_and_go,Dynamic,544
2026-06-01 02:38:45,0.000000,0.000000,0.000000,0.000000,0.000000,80.540000,49.265182,2.764727,136.168727,3,stop_and_go,Dynamic,545
2026-06-01 02:38:46,-0.233333,0.000000,-0.317460,4.272856,0.002156,80.540000,49.295667,2.689111,132.522778,3,stop_and_go,Dynamic,546
2026-06-01 02:38:47,-0.300000,0.000000,0.000000,5.935700,0.003000,80.537000,49.164400,4.811300,236.532500,3,stop_and_go,Dynamic,547
2026-06-01 02:38:48,-0.129273,0.000000,0.259740,2.596909,0.001309,80.530000,49.187273,4.490636,220.819182,3,stop_and_go,Dynamic,548
2026-06-01 02:38:49,0.000000,0.000000,0.000000,0.000000,0.000000,80.530000,49.314000,2.009556,99.089556,3,stop_and_go,Dynamic,549
2026-06-01 02:38:50,0.187960,0.000000,0.477238,4.368460,0.002180,80.529000,49.290500,2.306900,113.621700,3,stop_and_go,Dynamic,550
2026-06-01 02:38:51,0.500000,0.000000,0.000000,9.892900,0.004900,80.520000,49.047182,6.969727,341.801091,3,stop_and_go,Dynamic,551
2026-06-01 02:38:52,0.277778,0.000000,-0.529101,5.496056,0.002722,80.511111,48.980000,7.911222,387.447111,3,stop_and_go,Dynamic,552
2026-06-01 02:38:53,0.000000,0.000000,0.000000,0.000000,0.000000,80.510000,49.215600,3.732700,183.656300,3,stop_and_go,Dynamic,553
2026-06-01 02:38:54,-0.109091,0.000000,-0.259740,1.877145,0.000945,80.500909,49.313000,2.060636,101.609364,3,stop_and_go,Dynamic,554
2026-06-01 02:38:55,-0.300000,0.000000,0.000000,5.935700,0.003000,80.500000,49.184200,4.337800,213.331500,3,stop_and_go,Dynamic,555
2026-06-01 02:38:56,-0.232200,0.000000,0.285714,4.640900,0.002340,80.496000,49.138300,5.156300,253.361900,3,stop_and_go,Dynamic,556
2026-06-01 02:38:57,0.000000,0.000000,0.000000,0.000000,0.000000,80.490000,49.270333,2.759222,135.918556,3,stop_and_go,Dynamic,557
2026-06-01 02:38:58,0.000000,0.136364,0.000000,0.000000,0.000000,80.490000,49.339273,1.457545,71.911545,3,stop_and_go,Dynamic,558
2026-06-01 02:38:59,0.000000,0.500000,0.000000,0.000000,0.000000,80.490000,49.285900,2.187800,107.826400,3,stop_and_go,Dynamic,559
2026-06-01 02:39:00,0.000000,0.500000,0.000000,0.000000,0.000000,80.490000,49.262900,2.719000,133.944700,3,stop_and_go,Dynamic,560
2026-06-01 02:39:01,0.000000,0.500000,0.000000,0.000000,0.000000,80.480000,49.262000,2.914333,143.565333,3,stop_and_go,Dynamic,561
2026-06-01 02:39:02,0.000000,0.000000,0.000000,0.000000,0.000000,80.480000,49.313700,1.934500,95.390000,3,stop_and_go,Dynamic,562
2026-06-01 02:39:03,0.398145,0.000000,0.433853,8.471364,0.004209,80.480000,49.192455,4.497455,221.097545,3,stop_and_go,Dynamic,563
2026-06-01 02:39:04,0.500000,0.000000,0.000000,9.892900,0.004900,80.470000,49.008556,8.062000,395.097000,3,stop_and_go,Dynamic,564
2026-06-01 02:39:05,0.050000,0.000000,-0.595238,0.989290,0.000490,80.463000,49.106200,5.930100,291.073400,3,stop_and_go,Dynamic,565
2026-06-01 02:39:06,0.000000,0.000000,0.000000,0.000000,0.000000,80.460000,49.285545,2.295455,113.115636,3,stop_and_go,Dynamic,566
2026-06-01 02:39:07,-0.266667,0.000000,-0.396825,4.846422,0.002444,80.460000,49.251222,2.898111,142.700667,3,stop_and_go,Dynamic,567
2026-06-01 02:39:08,-0.300000,0.000000,0.000000,5.935700,0.003000,80.453000,49.162000,4.923500,242.039700,3,stop_and_go,Dynamic,568
2026-06-01 02:39:09,-0.103800,0.000000,0.275974,2.099464,0.001064,80.450000,49.183818,4.263364,209.636636,3,stop_and_go,Dynamic,569
2026-06-01 02:39:10,0.000000,0.000000,0.000000,0.000000,0.000000,80.450000,49.292222,1.850778,91.226111,3,stop_and_go,Dynamic,570
2026-06-01 02:39:11,0.000000,0.363636,0.000000,0.000000,0.000000,80.443636,49.320364,1.600273,78.911273,3,stop_and_go,Dynamic,571
2026-06-01 02:39:12,0.000000,0.500000,0.000000,0.000000,0.000000,80.440000,49.297500,2.521200,124.288200,3,stop_and_go,Dynamic,572
2026-06-01 02:39:13,0.000000,0.500000,0.000000,0.000000,0.000000,80.440000,49.269000,2.851300,140.478800,3,stop_and_go,Dynamic,573
2026-06-01 02:39:14,0.000000,0.250000,0.000000,0.000000,0.000000,80.440000,49.263900,2.598000,127.983000,3,stop_and_go,Dynamic,574
2026-06-01 02:39:15,0.097733,0.000000,0.524444,2.642089,0.001322,80.437778,49.302778,1.975667,97.387111,3,stop_and_go,Dynamic,575
2026-06-01 02:39:16,0.500000,0.000000,0.005238,9.902350,0.004910,80.430000,49.098200,6.173700,303.056700,3,stop_and_go,Dynamic,576
2026-06-01 02:39:17,0.350000,0.000000,-0.595238,6.925030,0.003430,80.423000,48.984100,8.073000,395.435300,3,stop_and_go,Dynamic,577
2026-06-01 02:39:18,0.000000,0.000000,0.000000,0.000000,0.000000,80.420000,49.205800,4.058900,199.661500,3,stop_and_go,Dynamic,578
2026-06-01 02:39:19,-0.060000,0.000000,-0.357143,0.800360,0.000400,80.412000,49.311800,1.872000,92.306700,3,stop_and_go,Dynamic,579
2026-06-01 02:39:20,-0.300000,0.000000,0.000000,5.935700,0.003000,80.410000,49.205300,3.909500,192.352800,3,stop_and_go,Dynamic,580
2026-06-01 02:39:21,-0.291900,0.000000,0.096429,5.821390,0.002940,80.408000,49.141800,5.298000,260.352800,3,stop_and_go,Dynamic,581
2026-06-01 02:39:22,-0.001260,0.000000,0.208571,0.024930,0.000010,80.400000,49.240400,3.168500,155.997400,3,stop_and_go,Dynamic,582
2026-06-01 02:39:23,0.007364,0.000000,0.087662,0.191264,0.000100,80.400000,49.330000,1.489545,73.468364,3,stop_and_go,Dynamic,583
2026-06-01 02:39:24,0.476000,0.000000,0.443386,10.101222,0.005022,80.400000,49.142889,5.025778,246.898333,3,stop_and_go,Dynamic,584
2026-06-01 02:39:25,0.500000,0.000000,0.000000,9.892900,0.004900,80.390000,48.986800,8.060900,394.865600,3,stop_and_go,Dynamic,585
2026-06-01 02:39:26,0.000000,0.000000,-0.432900,0.000000,0.000000,80.380909,49.138091,5.161909,253.527909,3,stop_and_go,Dynamic,586
2026-06-01 02:39:27,0.000000,0.000000,0.000000,0.000000,0.000000,80.380000,49.311400,2.019200,99.558500,3,stop_and_go,Dynamic,587
2026-06-01 02:39:28,-0.300000,0.000000,-0.317460,5.591900,0.002822,80.380000,49.235000,3.203000,157.664333,3,stop_and_go,Dynamic,588
2026-06-01 02:39:29,-0.300000,0.000000,0.000000,5.935700,0.003000,80.372000,49.149400,5.072000,249.279400,3,stop_and_go,Dynamic,589
2026-06-01 02:39:30,-0.079980,0.000000,0.325286,1.637970,0.000830,80.370000,49.189700,4.110700,202.138200,3,stop_and_go,Dynamic,590
2026-06-01 02:39:31,0.000000,0.000000,0.000000,0.000000,0.000000,80.370000,49.316700,1.772800,87.421500,3,stop_and_go,Dynamic,591
2026-06-01 02:39:32,0.000000,0.409091,0.000000,0.000000,0.000000,80.360000,49.306636,1.743273,85.946545,3,stop_and_go,Dynamic,592
2026-06-01 02:39:33,0.000000,0.500000,0.000000,0.000000,0.000000,80.360000,49.270333,2.582222,127.224889,3,stop_and_go,Dynamic,593
2026-06-01 02:39:34,0.000000,0.500000,0.000000,0.000000,0.000000,80.360000,49.262182,2.860455,140.912636,3,stop_and_go,Dynamic,594
2026-06-01 02:39:35,0.000000,0.200000,0.000000,0.000000,0.000000,80.360000,49.257400,2.506600,123.462400,3,stop_and_go,Dynamic,595
2026-06-01 02:39:36,0.210200,0.000000,0.573545,4.953322,0.002467,80.354444,49.258444,2.696556,132.756556,3,stop_and_go,Dynamic,596
2026-06-01 02:39:37,0.500000,0.000000,0.000000,9.892900,0.004900,80.350000,49.052400,6.911000,338.964500,3,stop_and_go,Dynamic,597
2026-06-01 02:39:38,0.272727,0.000000,-0.432900,5.396127,0.002673,80.340909,49.008727,7.713818,377.989273,3,stop_and_go,Dynamic,598
2026-06-01 02:39:39,0.000000,0.000000,0.000000,0.000000,0.000000,80.334000,49.223400,3.403000,167.485200,3,stop_and_go,Dynamic,599
2026-06-01 02:39:40,-0.100000,0.000000,-0.317460,1.634767,0.000822,80.330000,49.291444,1.896444,93.478222,3,stop_and_go,Dynamic,600
2026-06-01 02:39:41,-0.300000,0.000000,0.000000,5.935700,0.003000,80.330000,49.199500,4.098600,201.636500,3,stop_and_go,Dynamic,601
2026-06-01 02:39:42,-0.236345,0.000000,0.295714,4.722327,0.002391,80.324545,49.130727,5.155818,253.309909,3,stop_and_go,Dynamic,602
2026-06-01 02:39:43,0.000000,0.000000,0.000000,0.000000,0.000000,80.320000,49.252444,2.761444,135.989000,3,stop_and_go,Dynamic,603
2026-06-01 02:39:44,0.000000,0.050000,0.000000,0.000000,0.000000,80.320000,49.319300,1.347000,66.433000,3,stop_and_go,Dynamic,604
2026-06-01 02:39:45,0.000000,0.500000,0.000000,0.000000,0.000000,80.305455,49.289545,2.063636,101.711364,3,stop_and_go,Dynamic,605
2026-06-01 02:39:46,0.000000,0.500000,0.000000,0.000000,0.000000,80.315556,49.253778,2.666667,131.342333,3,stop_and_go,Dynamic,606
2026-06-01 02:39:47,0.000000,0.500000,0.000000,0.000000,0.000000,80.310000,49.236000,2.890000,142.292200,3,stop_and_go,Dynamic,607
2026-06-01 02:39:48,0.000000,0.100000,0.000000,0.000000,0.000000,80.310000,49.276000,2.240400,110.385400,3,stop_and_go,Dynamic,608
2026-06-01 02:39:49,0.339360,0.000000,0.498333,7.374970,0.003670,80.302000,49.196300,3.910900,192.263700,3,stop_and_go,Dynamic,609
2026-06-01 02:39:50,0.500000,0.000000,0.000000,9.892900,0.004900,80.291000,48.988500,7.764300,380.338100,3,stop_and_go,Dynamic,610
2026-06-01 02:39:51,0.100000,0.000000,-0.476190,1.978580,0.000980,80.284000,49.056200,6.356300,311.672400,3,stop_and_go,Dynamic,611
2026-06-01 02:39:52,0.000000,0.000000,0.000000,0.000000,0.000000,80.282000,49.254200,2.574000,126.765700,3,stop_and_go,Dynamic,612
2026-06-01 02:39:53,-0.210000,0.000000,-0.285714,3.845570,0.001940,80.281000,49.257200,2.579400,127.017200,3,stop_and_go,Dynamic,613
2026-06-01 02:39:54,-0.300000,0.000000,0.000000,5.935700,0.003000,80.281000,49.150500,4.784500,235.152500,3,stop_and_go,Dynamic,614
2026-06-01 02:39:55,-0.108960,0.000000,0.285857,2.215390,0.001120,80.280000,49.173600,4.338400,213.285900,3,stop_and_go,Dynamic,615
2026-06-01 02:39:56,0.000000,0.000000,0.000000,0.000000,0.000000,80.276000,49.305200,1.887200,93.041500,3,stop_and_go,Dynamic,616
2026-06-01 02:39:57,0.243380,0.000000,0.514952,5.511740,0.002750,80.262000,49.258800,2.715000,133.618100,3,stop_and_go,Dynamic,617
2026-06-01 02:39:58,0.500000,0.000000,0.000000,9.892900,0.004900,80.269000,49.039200,7.163200,351.241000,3,stop_and_go,Dynamic,618
2026-06-01 02:39:59,0.200000,0.000000,-0.476190,3.957160,0.001960,80.251000,49.012800,7.178900,351.770900,3,stop_and_go,Dynamic,619
2026-06-01 02:40:00,0.000000,0.000000,0.000000,0.000000,0.000000,80.254000,49.235900,3.083800,151.804800,3,stop_and_go,Dynamic,620
2026-06-01 02:40:01,-0.150000,0.000000,-0.285714,2.658430,0.001340,80.250000,49.277600,2.129700,104.935700,3,stop_and_go,Dynamic,621
2026-06-01 02:40:02,-0.300000,0.000000,0.000000,5.935700,0.003000,80.250000,49.156800,4.485900,220.503000,3,stop_and_go,Dynamic,622
2026-06-01 02:40:03,-0.199680,0.000000,0.285714,4.004950,0.002020,80.243000,49.138900,5.047200,247.995900,3,stop_and_go,Dynamic,623
2026-06-01 02:40:04,0.000000,0.000000,0.000000,0.000000,0.000000,80.240000,49.249900,2.447900,120.543600,3,stop_and_go,Dynamic,624
2026-06-01 02:40:05,0.000000,0.150000,0.000000,0.000000,0.000000,80.240000,49.303200,1.343200,66.219600,3,stop_and_go,Dynamic,625
2026-06-01 02:40:06,0.000000,0.500000,0.000000,0.000000,0.000000,80.240000,49.260818,2.209364,108.832545,3,stop_and_go,Dynamic,626
2026-06-01 02:40:07,0.000000,0.500000,0.000000,0.000000,0.000000,80.234444,49.239333,2.718889,133.876333,3,stop_and_go,Dynamic,627
2026-06-01 02:40:08,0.000000,0.450000,0.000000,0.000000,0.000000,80.230000,49.213600,2.864800,140.987500,3,stop_and_go,Dynamic,628
2026-06-01 02:40:09,0.010091,0.000000,0.096104,0.243373,0.000118,80.230000,49.288273,1.799000,88.663727,3,stop_and_go,Dynamic,629
2026-06-01 02:40:10,0.478556,0.000000,0.455291,10.168467,0.005056,80.228889,49.134556,5.128222,251.889778,3,stop_and_go,Dynamic,630
2026-06-01 02:40:11,0.454545,0.000000,-0.432900,8.993545,0.004455,80.219091,48.969727,8.089545,396.125273,3,stop_and_go,Dynamic,631
2026-06-01 02:40:12,0.000000,0.000000,0.000000,0.000000,0.000000,80.210000,49.132000,4.898400,240.589900,3,stop_and_go,Dynamic,632
2026-06-01 02:40:13,0.000000,0.000000,0.000000,0.000000,0.000000,80.210000,49.272300,2.007900,98.925100,3,stop_and_go,Dynamic,633
2026-06-01 02:40:14,-0.300000,0.000000,-0.285714,5.626280,0.002840,80.209000,49.224000,3.376400,166.174700,3,stop_and_go,Dynamic,634
2026-06-01 02:40:15,-0.300000,0.000000,0.000000,5.935700,0.003000,80.200000,49.121800,5.187500,254.810800,3,stop_and_go,Dynamic,635
2026-06-01 02:40:16,-0.021300,0.000000,0.285714,0.473230,0.000240,80.200000,49.209600,3.448300,169.645100,3,stop_and_go,Dynamic,636
2026-06-01 02:40:17,0.000000,0.000000,0.000000,0.000000,0.000000,80.196000,49.301100,1.559400,76.872900,3,stop_and_go,Dynamic,637
2026-06-01 02:40:18,0.000000,0.444444,0.000000,0.000000,0.000000,80.190000,49.303222,1.655000,81.588556,3,stop_and_go,Dynamic,638
2026-06-01 02:40:19,0.000000,0.500000,0.000000,0.000000,0.000000,80.190000,49.249100,2.484900,122.377000,3,stop_and_go,Dynamic,639
2026-06-01 02:40:20,0.000000,0.500000,0.000000,0.000000,0.000000,80.190000,49.239900,2.811900,138.457000,3,stop_and_go,Dynamic,640
2026-06-01 02:40:21,0.000000,0.200000,0.000000,0.000000,0.000000,80.190000,49.256400,2.466700,121.495900,3,stop_and_go,Dynamic,641
2026-06-01 02:40:22,0.195600,0.000000,0.476190,4.471870,0.002230,80.185000,49.248900,2.511600,123.594400,3,stop_and_go,Dynamic,642
2026-06-01 02:40:23,0.500000,0.000000,0.000000,9.892900,0.004900,80.180000,49.025600,6.914300,338.944100,3,stop_and_go,Dynamic,643
2026-06-01 02:40:24,0.250000,0.000000,-0.476190,4.946450,0.002450,80.162000,49.001000,7.581800,371.441600,3,stop_and_go,Dynamic,644
2026-06-01 02:40:25,0.000000,0.000000,0.000000,0.000000,0.000000,80.080000,49.218600,3.076800,151.404700,3,stop_and_go,Dynamic,645
2026-06-01 02:40:26,-0.120000,0.000000,-0.285714,2.064860,0.001040,80.080000,49.269500,2.151000,105.948900,3,stop_and_go,Dynamic,646
2026-06-01 02:40:27,-0.300000,0.000000,0.000000,5.935700,0.003000,80.080000,49.145800,4.485700,220.442300,3,stop_and_go,Dynamic,647
2026-06-01 02:40:28,-0.222300,0.000000,0.285714,4.449470,0.002250,80.070000,49.118100,5.050500,248.066200,3,stop_and_go,Dynamic,648
2026-06-01 02:40:29,0.000000,0.000000,0.000000,0.000000,0.000000,80.070000,49.241300,2.451100,120.674300,3,stop_and_go,Dynamic,649
2026-06-01 02:40:30,0.106100,0.000000,0.514762,2.758210,0.001380,80.070000,49.272300,2.026200,99.787200,3,stop_and_go,Dynamic,650
2026-06-01 02:40:31,0.500000,0.000000,0.000000,9.892900,0.004900,80.061000,49.028100,6.522300,319.726000,3,stop_and_go,Dynamic,651
2026-06-01 02:40:32,0.380000,0.000000,-0.547619,7.518600,0.003730,80.054000,48.967200,8.193500,401.189300,3,stop_and_go,Dynamic,652
2026-06-01 02:40:33,0.000000,0.000000,0.000000,0.000000,0.000000,80.050000,49.146400,4.096700,201.286000,3,stop_and_go,Dynamic,653
2026-06-01 02:40:34,-0.045000,0.000000,-0.321429,0.542250,0.000270,80.044000,49.289200,1.909400,94.106600,3,stop_and_go,Dynamic,654
2026-06-01 02:40:35,-0.300000,0.000000,0.000000,5.935700,0.003000,80.040000,49.162900,3.891500,191.294000,3,stop_and_go,Dynamic,655
2026-06-01 02:40:36,-0.279540,0.000000,0.191429,5.591390,0.002820,80.039000,49.090000,5.197100,255.121600,3,stop_and_go,Dynamic,656
2026-06-01 02:40:37,0.000000,0.000000,0.117857,0.000000,0.000000,80.030000,49.199300,2.935500,144.396300,3,stop_and_go,Dynamic,657
2026-06-01 02:40:38,0.000000,0.015000,0.000000,0.000000,0.000000,80.030000,49.300500,1.360700,67.075900,3,stop_and_go,Dynamic,658
2026-06-01 02:40:39,0.000000,0.500000,0.000000,0.000000,0.000000,80.030000,49.247900,1.971300,97.078800,3,stop_and_go,Dynamic,659
2026-06-01 02:40:40,0.000000,0.500000,0.000000,0.000000,0.000000,80.030000,49.237400,2.610400,128.530000,3,stop_and_go,Dynamic,660
2026-06-01 02:40:41,0.000000,0.500000,0.000000,0.000000,0.000000,80.025000,49.219000,2.842100,139.884600,3,stop_and_go,Dynamic,661
2026-06-01 02:40:42,0.000000,0.140000,0.000000,0.000000,0.000000,80.020000,49.246900,2.227500,109.681400,3,stop_and_go,Dynamic,662
2026-06-01 02:40:43,0.306100,0.000000,0.514762,6.719510,0.003340,80.020000,49.160000,3.778600,185.631400,3,stop_and_go,Dynamic,663
2026-06-01 02:40:44,0.500000,0.000000,0.000000,9.892900,0.004900,80.013000,48.983600,7.691700,376.750800,3,stop_and_go,Dynamic,664
2026-06-01 02:40:45,0.175000,0.000000,-0.535714,3.462510,0.001720,80.005000,49.011300,6.987200,342.300800,3,stop_and_go,Dynamic,665
2026-06-01 02:40:46,0.000000,0.000000,0.000000,0.000000,0.000000,80.000000,49.221100,2.832100,139.377700,3,stop_and_go,Dynamic,666
2026-06-01 02:40:47,-0.168000,0.000000,-0.314286,2.983630,0.001510,80.000000,49.259200,2.337400,115.098700,3,stop_and_go,Dynamic,667
2026-06-01 02:40:48,-0.300000,0.000000,0.000000,5.935700,0.003000,79.995000,49.124800,4.692400,230.505600,3,stop_and_go,Dynamic,668
2026-06-01 02:40:49,-0.191040,0.000000,0.324857,3.846660,0.001940,79.990000,49.123400,4.856200,238.529600,3,stop_and_go,Dynamic,669
2026-06-01 02:40:50,0.000000,0.000000,0.000000,0.000000,0.000000,79.990000,49.248100,2.287200,112.623800,3,stop_and_go,Dynamic,670
2026-06-01 02:40:51,0.000000,0.180000,0.000000,0.000000,0.000000,79.984000,49.292400,1.337700,65.935900,3,stop_and_go,Dynamic,671
2026-06-01 02:40:52,0.000000,0.500000,0.000000,0.000000,0.000000,79.980000,49.254300,2.255700,111.099700,3,stop_and_go,Dynamic,672
2026-06-01 02:40:53,0.000000,0.500000,0.000000,0.000000,0.000000,79.980000,49.208000,2.762000,135.911800,3,stop_and_go,Dynamic,673
2026-06-01 02:40:54,0.000000,0.475000,0.000000,0.000000,0.000000,79.980000,49.214900,2.887100,142.088100,3,stop_and_go,Dynamic,674
2026-06-01 02:40:55,0.000000,0.000000,0.000000,0.000000,0.000000,79.980000,49.272000,1.792200,88.299200,3,stop_and_go,Dynamic,675
2026-06-01 02:40:56,0.410180,0.000000,0.476190,8.759250,0.004350,79.970000,49.113500,4.821400,236.647600,3,stop_and_go,Dynamic,676
2026-06-01 02:40:57,0.500000,0.000000,0.000000,9.892900,0.004900,79.966000,48.931000,8.100300,396.345200,3,stop_and_go,Dynamic,677
2026-06-01 02:40:58,0.045000,0.000000,-0.488095,0.890360,0.000450,79.960000,49.084800,5.339800,262.008800,3,stop_and_go,Dynamic,678
2026-06-01 02:40:59,0.000000,0.000000,0.000000,0.000000,0.000000,79.953000,49.252400,2.176800,107.205600,3,stop_and_go,Dynamic,679
2026-06-01 02:41:00,-0.285000,0.000000,-0.321429,5.290810,0.002670,79.950000,49.185800,3.438700,169.111900,3,stop_and_go,Dynamic,680
2026-06-01 02:41:01,-0.300000,0.000000,0.000000,5.935700,0.003000,79.950000,49.099500,5.192100,254.926400,3,stop_and_go,Dynamic,681
2026-06-01 02:41:02,-0.071040,0.000000,0.324857,1.454910,0.000730,79.940000,49.168100,3.851300,189.321200,3,stop_and_go,Dynamic,682
2026-06-01 02:41:03,0.000000,0.000000,0.000000,0.000000,0.000000,79.940000,49.279100,1.643700,81.000700,3,stop_and_go,Dynamic,683
2026-06-01 02:41:04,0.358800,0.000000,0.516190,7.805900,0.003880,79.940000,49.138500,4.201300,206.282200,3,stop_and_go,Dynamic,684
2026-06-01 02:41:05,0.500000,0.000000,0.000000,9.892900,0.004900,79.930000,48.959800,7.916500,387.570100,3,stop_and_go,Dynamic,685
2026-06-01 02:41:06,0.130000,0.000000,-0.476191,2.572150,0.001280,79.922000,49.050900,6.447900,316.127300,3,stop_and_go,Dynamic,686
2026-06-01 02:41:07,0.000000,0.000000,0.000000,0.000000,0.000000,79.920000,49.203900,2.585200,127.180200,3,stop_and_go,Dynamic,687
2026-06-01 02:41:08,-0.216000,0.000000,-0.285714,3.964280,0.002000,79.920000,49.206000,2.866700,141.003000,3,stop_and_go,Dynamic,688
2026-06-01 02:41:09,-0.300000,0.000000,0.000000,5.935700,0.003000,79.910000,49.117200,4.965100,243.865600,3,stop_and_go,Dynamic,689
2026-06-01 02:41:10,-0.101040,0.000000,0.285857,2.030870,0.001030,79.910000,49.139700,4.106000,201.726200,3,stop_and_go,Dynamic,690
2026-06-01 02:41:11,0.000000,0.000000,0.000000,0.000000,0.000000,79.905000,49.251600,1.781900,87.749800,3,stop_and_go,Dynamic,691
2026-06-01 02:41:12,0.000000,0.380000,0.000000,0.000000,0.000000,79.900000,49.266900,1.656400,81.598100,3,stop_and_go,Dynamic,692
2026-06-01 02:41:13,0.000000,0.500000,0.000000,0.000000,0.000000,79.900000,49.221300,2.553300,125.675100,3,stop_and_go,Dynamic,693
2026-06-01 02:41:14,0.000000,0.500000,0.000000,0.000000,0.000000,79.900000,49.213400,2.847800,140.149100,3,stop_and_go,Dynamic,694
2026-06-01 02:41:15,0.000000,0.270000,0.000000,0.000000,0.000000,79.900000,49.225800,2.621500,129.041900,3,stop_and_go,Dynamic,695
2026-06-01 02:41:16,0.113000,0.000000,0.495952,2.957310,0.001480,79.891000,49.238000,2.185100,107.530800,3,stop_and_go,Dynamic,696
2026-06-01 02:41:17,0.500000,0.000000,0.000000,9.892900,0.004900,79.906000,49.033100,6.550900,321.157100,3,stop_and_go,Dynamic,697
2026-06-01 02:41:18,0.350000,0.000000,-0.476190,6.925030,0.003430,79.955000,48.929800,8.220100,402.191900,3,stop_and_go,Dynamic,698
2026-06-01 02:41:19,0.000000,0.000000,0.000000,0.000000,0.000000,79.960000,49.142000,4.098500,201.369900,3,stop_and_go,Dynamic,699
2026-06-01 02:41:20,-0.084000,0.000000,-0.342857,1.290690,0.000650,79.937000,49.265800,2.061800,101.570500,3,stop_and_go,Dynamic,700
2026-06-01 02:41:21,-0.300000,0.000000,0.000000,5.935700,0.003000,79.950000,49.151500,4.156300,204.276800,3,stop_and_go,Dynamic,701
2026-06-01 02:41:22,-0.268800,0.000000,0.260714,5.357840,0.002710,79.948000,49.103600,5.299400,260.216200,3,stop_and_go,Dynamic,702
2026-06-01 02:41:23,0.000000,0.000000,0.041270,0.000000,0.000000,79.940000,49.203000,3.049111,150.017000,3,stop_and_go,Dynamic,703
2026-06-01 02:41:24,0.000000,0.090909,0.000000,0.000000,0.000000,79.940000,49.280182,1.430909,70.510000,3,stop_and_go,Dynamic,704
2026-06-01 02:41:25,0.000000,0.500000,0.000000,0.000000,0.000000,79.916000,49.253500,2.090000,102.937200,3,stop_and_go,Dynamic,705
2026-06-01 02:41:26,0.000000,0.500000,0.000000,0.000000,0.000000,79.904000,49.215200,2.694300,132.601500,3,stop_and_go,Dynamic,706
2026-06-01 02:41:27,0.000000,0.500000,0.000000,0.000000,0.000000,79.913333,49.217000,2.866444,141.077000,3,stop_and_go,Dynamic,707
2026-06-01 02:41:28,0.000000,0.090909,0.000000,0.000000,0.000000,79.930000,49.242091,2.174091,107.039455,3,stop_and_go,Dynamic,708
2026-06-01 02:41:29,0.331760,0.000000,0.480572,7.243420,0.003610,79.930000,49.177900,3.747700,184.170400,3,stop_and_go,Dynamic,709
2026-06-01 02:41:30,0.500000,0.000000,0.000000,9.892900,0.004900,79.923000,48.966500,7.717900,377.906100,3,stop_and_go,Dynamic,710
2026-06-01 02:41:31,0.100000,0.000000,-0.595238,1.978580,0.000980,79.914000,49.032300,6.449800,316.099900,3,stop_and_go,Dynamic,711
2026-06-01 02:41:32,0.000000,0.000000,0.000000,0.000000,0.000000,79.910000,49.206200,2.596600,127.747900,3,stop_and_go,Dynamic,712
2026-06-01 02:41:33,-0.210000,0.000000,-0.357143,3.768210,0.001900,79.910000,49.208900,2.518900,123.921800,3,stop_and_go,Dynamic,713
2026-06-01 02:41:34,-0.300000,0.000000,0.000000,5.935700,0.003000,79.905000,49.110700,4.794000,235.435500,3,stop_and_go,Dynamic,714
2026-06-01 02:41:35,-0.117000,0.000000,0.325714,2.365060,0.001190,79.900000,49.128100,4.380200,215.153000,3,stop_and_go,Dynamic,715
2026-06-01 02:41:36,0.000000,0.000000,0.000000,0.000000,0.000000,79.900000,49.251000,1.902700,93.695200,3,stop_and_go,Dynamic,716
2026-06-01 02:41:37,0.230700,0.000000,0.516190,5.286210,0.002630,79.897000,49.225600,2.679700,131.803900,3,stop_and_go,Dynamic,717
2026-06-01 02:41:38,0.500000,0.000000,0.000000,9.892900,0.004900,79.890000,49.004400,7.141100,349.909000,3,stop_and_go,Dynamic,718
2026-06-01 02:41:39,0.200000,0.000000,-0.476190,3.957160,0.001960,79.881000,48.992000,7.247900,355.008200,3,stop_and_go,Dynamic,719
2026-06-01 02:41:40,0.000000,0.000000,0.000000,0.000000,0.000000,79.880000,49.195000,3.074300,151.220100,3,stop_and_go,Dynamic,720
2026-06-01 02:41:41,-0.150000,0.000000,-0.285714,2.658430,0.001340,79.872000,49.232800,2.170700,106.848400,3,stop_and_go,Dynamic,721
2026-06-01 02:41:42,-0.300000,0.000000,0.000000,5.935700,0.003000,79.870000,49.124700,4.489600,220.536100,3,stop_and_go,Dynamic,722
2026-06-01 02:41:43,-0.204180,0.000000,0.289714,4.078520,0.002060,79.867000,49.100900,5.044100,247.654300,3,stop_and_go,Dynamic,723
2026-06-01 02:41:44,0.000000,0.000000,0.000000,0.000000,0.000000,79.860000,49.211889,2.526889,124.331778,3,stop_and_go,Dynamic,724
2026-06-01 02:41:45,0.000000,0.136364,0.000000,0.000000,0.000000,79.860000,49.276364,1.316727,64.880545,3,stop_and_go,Dynamic,725
2026-06-01 02:41:46,0.000000,0.500000,0.000000,0.000000,0.000000,79.860000,49.239300,2.179500,107.318200,3,stop_and_go,Dynamic,726
2026-06-01 02:41:47,0.000000,0.500000,0.000000,0.000000,0.000000,79.860000,49.221100,2.746700,135.194300,3,stop_and_go,Dynamic,727
2026-06-01 02:41:48,0.000000,0.500000,0.000000,0.000000,0.000000,79.852222,49.194889,2.914444,143.376000,3,stop_and_go,Dynamic,728
2026-06-01 02:41:49,0.000000,0.045455,0.000000,0.000000,0.000000,79.850000,49.230545,2.020000,99.432273,3,stop_and_go,Dynamic,729
2026-06-01 02:41:50,0.426956,0.000000,0.573545,9.240767,0.004589,79.850000,49.121111,4.629556,227.301000,3,stop_and_go,Dynamic,730
2026-06-01 02:41:51,0.500000,0.000000,0.000000,9.892900,0.004900,79.841818,48.942182,8.033182,393.147636,3,stop_and_go,Dynamic,731
2026-06-01 02:41:52,0.050000,0.000000,-0.476190,0.989290,0.000490,79.832000,49.050900,6.015200,294.931000,3,stop_and_go,Dynamic,732
2026-06-01 02:41:53,0.000000,0.000000,0.000000,0.000000,0.000000,79.830000,49.224333,2.537111,124.874222,3,stop_and_go,Dynamic,733
2026-06-01 02:41:54,-0.245455,0.000000,-0.259740,4.575191,0.002309,79.830000,49.187545,3.005636,147.791727,3,stop_and_go,Dynamic,734
2026-06-01 02:41:55,-0.300000,0.000000,0.000000,5.935700,0.003000,79.821111,49.084333,5.018778,246.332333,3,stop_and_go,Dynamic,735
2026-06-01 02:41:56,-0.111300,0.000000,0.287143,2.253940,0.001140,79.820000,49.122100,4.429700,217.562400,3,stop_and_go,Dynamic,736
2026-06-01 02:41:57,0.000000,0.000000,0.000000,0.000000,0.000000,79.818000,49.241900,1.919000,94.490000,3,stop_and_go,Dynamic,737
2026-06-01 02:41:58,0.000000,0.318182,0.000000,0.000000,0.000000,79.810000,49.272091,1.504455,74.124909,3,stop_and_go,Dynamic,738
2026-06-01 02:41:59,0.000000,0.500000,0.000000,0.000000,0.000000,79.810000,49.238000,2.455800,120.918700,3,stop_and_go,Dynamic,739
2026-06-01 02:42:00,0.000000,0.500000,0.000000,0.000000,0.000000,79.802000,49.182100,2.808000,138.103200,3,stop_and_go,Dynamic,740
2026-06-01 02:42:01,0.000000,0.250000,0.000000,0.000000,0.000000,79.810000,49.202300,2.603100,128.072600,3,stop_and_go,Dynamic,741
2026-06-01 02:42:02,0.093622,0.000000,0.548783,2.593456,0.001289,79.805556,49.239778,1.953556,96.159111,3,stop_and_go,Dynamic,742
2026-06-01 02:42:03,0.500000,0.000000,0.022286,9.933130,0.004920,79.800000,49.021200,6.205600,304.153200,3,stop_and_go,Dynamic,743
2026-06-01 02:42:04,0.318182,0.000000,-0.432900,6.295482,0.003118,79.792727,48.953000,7.857273,384.605364,3,stop_and_go,Dynamic,744
2026-06-01 02:42:05,0.000000,0.000000,0.000000,0.000000,0.000000,79.788000,49.146600,3.694500,181.519200,3,stop_and_go,Dynamic,745
2026-06-01 02:42:06,-0.066667,0.000000,-0.317460,0.975244,0.000489,79.780000,49.255000,1.846222,90.931111,3,stop_and_go,Dynamic,746
2026-06-01 02:42:07,-0.300000,0.000000,0.000000,5.935700,0.003000,79.780000,49.133800,3.884700,190.836200,3,stop_and_go,Dynamic,747
2026-06-01 02:42:08,-0.263160,0.000000,0.273714,5.245230,0.002650,79.778000,49.082900,5.175800,254.042900,3,stop_and_go,Dynamic,748
2026-06-01 02:42:09,0.000000,0.000000,0.010909,0.000000,0.000000,79.770000,49.221818,2.783091,136.958364,3,stop_and_go,Dynamic,749
2026-06-01 02:42:10,0.037200,0.000000,0.277143,1.032400,0.000510,79.770000,49.261400,1.530200,75.372300,3,stop_and_go,Dynamic,750
2026-06-01 02:42:11,0.499222,0.000000,0.223016,10.280056,0.005100,79.768889,49.050333,5.491444,269.278778,3,stop_and_go,Dynamic,751
2026-06-01 02:42:12,0.450000,0.000000,-0.595238,8.903610,0.004410,79.760000,48.920300,8.170000,399.662600,3,stop_and_go,Dynamic,752
2026-06-01 02:42:13,0.000000,0.000000,0.000000,0.000000,0.000000,79.750909,49.102364,4.720455,231.687455,3,stop_and_go,Dynamic,753
2026-06-01 02:42:14,0.000000,0.000000,0.000000,0.000000,0.000000,79.750000,49.237556,1.955333,96.272000,3,stop_and_go,Dynamic,754
2026-06-01 02:42:15,-0.300000,0.000000,-0.357143,5.548920,0.002800,79.750000,49.179800,3.348800,164.654600,3,stop_and_go,Dynamic,755
2026-06-01 02:42:16,-0.300000,0.000000,0.000000,5.935700,0.003000,79.733000,49.080100,5.174700,253.975400,3,stop_and_go,Dynamic,756
2026-06-01 02:42:17,-0.053160,0.000000,0.305000,1.099850,0.000550,79.740000,49.159700,3.837900,188.606700,3,stop_and_go,Dynamic,757
2026-06-01 02:42:18,0.000000,0.000000,0.000000,0.000000,0.000000,79.739000,49.238700,1.689500,83.183100,3,stop_and_go,Dynamic,758
2026-06-01 02:42:19,0.000000,0.454545,0.000000,0.000000,0.000000,79.730000,49.251818,1.826182,89.936727,3,stop_and_go,Dynamic,759
2026-06-01 02:42:20,0.000000,0.500000,0.000000,0.000000,0.000000,79.730000,49.203556,2.558889,125.906000,3,stop_and_go,Dynamic,760
2026-06-01 02:42:21,0.000000,0.500000,0.000000,0.000000,0.000000,79.730000,49.179545,2.853091,140.313636,3,stop_and_go,Dynamic,761
2026-06-01 02:42:22,0.000000,0.166667,0.000000,0.000000,0.000000,79.730000,49.203778,2.442333,120.155889,3,stop_and_go,Dynamic,762
2026-06-01 02:42:23,0.237960,0.000000,0.496905,5.384260,0.002690,79.717000,49.180500,2.959500,145.427000,3,stop_and_go,Dynamic,763
2026-06-01 02:42:24,0.500000,0.000000,0.000000,9.892900,0.004900,79.686000,48.961800,7.312600,358.004100,3,stop_and_go,Dynamic,764
2026-06-01 02:42:25,0.200000,0.000000,-0.476190,3.957160,0.001960,79.636000,48.983600,6.829600,334.436000,3,stop_and_go,Dynamic,765
2026-06-01 02:42:26,0.000000,0.000000,0.000000,0.000000,0.000000,79.620000,49.181000,2.814900,138.422800,3,stop_and_go,Dynamic,766
2026-06-01 02:42:27,-0.150000,0.000000,-0.285714,2.658430,0.001340,79.620000,49.205600,2.333300,114.780900,3,stop_and_go,Dynamic,767
2026-06-01 02:42:28,-0.300000,0.000000,0.000000,5.935700,0.003000,79.619000,49.101300,4.670400,229.307000,3,stop_and_go,Dynamic,768
2026-06-01 02:42:29,-0.163500,0.000000,0.285714,3.272400,0.001650,79.610000,49.094700,4.604300,226.007300,3,stop_and_go,Dynamic,769
2026-06-01 02:42:30,0.000000,0.000000,0.000000,0.000000,0.000000,79.610000,49.221200,2.099200,103.315000,3,stop_and_go,Dynamic,770
2026-06-01 02:42:31,0.000000,0.200000,0.000000,0.000000,0.000000,79.610000,49.254900,1.378100,67.878300,3,stop_and_go,Dynamic,771
2026-06-01 02:42:32,0.000000,0.500000,0.000000,0.000000,0.000000,79.616000,49.224400,2.315100,113.957800,3,stop_and_go,Dynamic,772
2026-06-01 02:42:33,0.000000,0.500000,0.000000,0.000000,0.000000,79.609000,49.183300,2.772200,136.346500,3,stop_and_go,Dynamic,773
2026-06-01 02:42:34,0.000000,0.450000,0.000000,0.000000,0.000000,79.632000,49.187300,2.842700,139.821300,3,stop_and_go,Dynamic,774
2026-06-01 02:42:35,0.017100,0.000000,0.162857,0.461800,0.000230,79.600000,49.226100,1.961200,96.536400,3,stop_and_go,Dynamic,775
2026-06-01 02:42:36,0.483900,0.000000,0.353333,10.150030,0.005030,79.594000,49.041800,5.800400,284.395700,3,stop_and_go,Dynamic,776
2026-06-01 02:42:37,0.500000,0.000000,0.000000,9.892900,0.004900,79.587000,48.901100,8.366800,409.139200,3,stop_and_go,Dynamic,777
2026-06-01 02:42:38,0.000000,0.000000,-0.476190,0.000000,0.000000,79.580000,49.070800,4.928700,241.767400,3,stop_and_go,Dynamic,778
2026-06-01 02:42:39,0.000000,0.000000,0.000000,0.000000,0.000000,79.580000,49.208400,2.037400,100.240400,3,stop_and_go,Dynamic,779
2026-06-01 02:42:40,-0.270000,0.000000,-0.285714,5.032710,0.002540,79.572000,49.152700,3.370400,165.627100,3,stop_and_go,Dynamic,780
2026-06-01 02:42:41,-0.300000,0.000000,0.000000,5.935700,0.003000,79.570000,49.054900,5.189700,254.572800,3,stop_and_go,Dynamic,781
2026-06-01 02:42:42,-0.044100,0.000000,0.285714,0.911910,0.000460,79.564000,49.131300,3.499700,171.906800,3,stop_and_go,Dynamic,782
2026-06-01 02:42:43,0.000000,0.000000,0.000000,0.000000,0.000000,79.560000,49.254300,1.508900,74.315300,3,stop_and_go,Dynamic,783
2026-06-01 02:42:44,0.354000,0.000000,0.505952,7.710610,0.003840,79.560000,49.106400,4.145300,203.412300,3,stop_and_go,Dynamic,784
2026-06-01 02:42:45,0.500000,0.000000,0.000000,9.892900,0.004900,79.553000,48.918700,7.832100,383.117200,3,stop_and_go,Dynamic,785
2026-06-01 02:42:46,0.100000,0.000000,-0.476190,1.978580,0.000980,79.546000,49.014000,5.907300,289.414600,3,stop_and_go,Dynamic,786
2026-06-01 02:42:47,0.000000,0.000000,0.000000,0.000000,0.000000,79.540000,49.220100,2.378900,117.080200,3,stop_and_go,Dynamic,787
2026-06-01 02:42:48,-0.240000,0.000000,-0.357143,4.361780,0.002200,79.540000,49.167000,3.099300,152.337300,3,stop_and_go,Dynamic,788
2026-06-01 02:42:49,-0.300000,0.000000,0.000000,5.935700,0.003000,79.536000,49.068600,5.064900,248.524400,3,stop_and_go,Dynamic,789
2026-06-01 02:42:50,-0.105900,0.000000,0.319286,2.138930,0.001080,79.530000,49.119400,4.121800,202.434100,3,stop_and_go,Dynamic,790
2026-06-01 02:42:51,0.000000,0.000000,0.000000,0.000000,0.000000,79.530000,49.223600,1.819500,89.553800,3,stop_and_go,Dynamic,791
2026-06-01 02:42:52,0.000000,0.300000,0.000000,0.000000,0.000000,79.530000,49.239600,1.552100,76.422500,3,stop_and_go,Dynamic,792
2026-06-01 02:42:53,0.000000,0.500000,0.000000,0.000000,0.000000,79.541000,49.177700,2.416700,118.844700,3,stop_and_go,Dynamic,793
2026-06-01 02:42:54,0.000000,0.500000,0.000000,0.000000,0.000000,79.528000,49.174700,2.809600,138.160900,3,stop_and_go,Dynamic,794
2026-06-01 02:42:55,0.000000,0.300000,0.000000,0.000000,0.000000,79.560000,49.175700,2.636300,129.633000,3,stop_and_go,Dynamic,795
2026-06-01 02:42:56,0.101600,0.000000,0.476191,2.625160,0.001310,79.552000,49.215500,2.036800,100.206800,3,stop_and_go,Dynamic,796
2026-06-01 02:42:57,0.500000,0.000000,0.000000,9.892900,0.004900,79.537000,48.985300,6.433400,315.069200,3,stop_and_go,Dynamic,797
2026-06-01 02:42:58,0.350000,0.000000,-0.595238,6.925030,0.003430,79.529000,48.921400,7.994400,391.059200,3,stop_and_go,Dynamic,798
2026-06-01 02:42:59,0.000000,0.000000,0.000000,0.000000,0.000000,79.516000,49.139800,3.757200,184.580400,3,stop_and_go,Dynamic,799
2026-06-01 02:43:00,-0.072000,0.000000,-0.328571,1.068730,0.000540,79.500000,49.219800,1.937700,95.370600,3,stop_and_go,Dynamic,800
2026-06-01 02:43:01,-0.300000,0.000000,0.000000,5.935700,0.003000,79.491000,49.096700,4.110900,201.825200,3,stop_and_go,Dynamic,801
2026-06-01 02:43:02,-0.275400,0.000000,0.237143,5.521760,0.002790,79.490000,49.050000,5.250200,257.516500,3,stop_and_go,Dynamic,802
2026-06-01 02:43:03,0.000000,0.000000,0.088571,0.000000,0.000000,79.482000,49.174900,2.932400,144.170400,3,stop_and_go,Dynamic,803
2026-06-01 02:43:04,0.000000,0.050000,0.000000,0.000000,0.000000,79.480000,49.258400,1.364000,67.188400,3,stop_and_go,Dynamic,804
2026-06-01 02:43:05,0.000000,0.500000,0.000000,0.000000,0.000000,79.512000,49.214300,1.998500,98.351900,3,stop_and_go,Dynamic,805
2026-06-01 02:43:06,0.000000,0.500000,0.000000,0.000000,0.000000,79.496000,49.171700,2.660700,130.831100,3,stop_and_go,Dynamic,806
2026-06-01 02:43:07,0.000000,0.500000,0.000000,0.000000,0.000000,79.502000,49.180700,2.875900,141.438700,3,stop_and_go,Dynamic,807
2026-06-01 02:43:08,0.000000,0.100000,0.000000,0.000000,0.000000,79.470000,49.190600,2.222900,109.341200,3,stop_and_go,Dynamic,808
2026-06-01 02:43:09,0.271100,0.000000,0.488810,5.998900,0.002990,79.470000,49.159700,3.254600,159.828600,3,stop_and_go,Dynamic,809
2026-06-01 02:43:10,0.500000,0.000000,0.000000,9.892900,0.004900,79.465000,48.925500,7.451200,364.525700,3,stop_and_go,Dynamic,810
2026-06-01 02:43:11,0.200000,0.000000,-0.476190,3.957160,0.001960,79.457000,48.952000,7.371100,360.718800,3,stop_and_go,Dynamic,811
2026-06-01 02:43:12,0.000000,0.000000,0.000000,0.000000,0.000000,79.450000,49.161900,3.137100,154.183600,3,stop_and_go,Dynamic,812
2026-06-01 02:43:13,-0.174000,0.000000,-0.342857,3.071400,0.001550,79.450000,49.183600,2.437000,119.836100,3,stop_and_go,Dynamic,813
2026-06-01 02:43:14,-0.300000,0.000000,0.000000,5.935700,0.003000,79.446000,49.067000,4.720800,231.627200,3,stop_and_go,Dynamic,814
2026-06-01 02:43:15,-0.183600,0.000000,0.292143,3.677130,0.001850,79.440000,49.050200,4.888900,239.759800,3,stop_and_go,Dynamic,815
2026-06-01 02:43:16,0.000000,0.000000,0.000000,0.000000,0.000000,79.440000,49.207200,2.276400,111.999400,3,stop_and_go,Dynamic,816
2026-06-01 02:43:17,0.121100,0.000000,0.482619,3.040660,0.001520,79.438000,49.199800,2.012000,98.927200,3,stop_and_go,Dynamic,817
2026-06-01 02:43:18,0.500000,0.000000,0.000000,9.892900,0.004900,79.430000,48.999500,6.518800,319.367300,3,stop_and_go,Dynamic,818
2026-06-01 02:43:19,0.300000,0.000000,-0.476190,5.935740,0.002940,79.422000,48.929300,7.848100,383.967500,3,stop_and_go,Dynamic,819
2026-06-01 02:43:20,0.000000,0.000000,0.000000,0.000000,0.000000,79.420000,49.117000,3.714700,182.419300,3,stop_and_go,Dynamic,820
2026-06-01 02:43:21,-0.090000,0.000000,-0.285714,1.471290,0.000740,79.412000,49.214000,1.916800,94.324600,3,stop_and_go,Dynamic,821
2026-06-01 02:43:22,-0.300000,0.000000,0.000000,5.935700,0.003000,79.410000,49.100400,4.081900,200.396800,3,stop_and_go,Dynamic,822
2026-06-01 02:43:23,-0.240000,0.000000,0.296428,4.809830,0.002430,79.408000,49.052500,5.126300,251.445000,3,stop_and_go,Dynamic,823
2026-06-01 02:43:24,0.000000,0.000000,0.000000,0.000000,0.000000,79.400000,49.180600,2.704600,132.986600,3,stop_and_go,Dynamic,824
2026-06-01 02:43:25,0.000000,0.150000,0.000000,0.000000,0.000000,79.400000,49.235500,1.384800,68.182800,3,stop_and_go,Dynamic,825
2026-06-01 02:43:26,0.000000,0.500000,0.000000,0.000000,0.000000,79.472000,49.202500,2.214200,108.943800,3,stop_and_go,Dynamic,826
2026-06-01 02:43:27,0.000000,0.500000,0.000000,0.000000,0.000000,79.416000,49.174300,2.708700,133.198900,3,stop_and_go,Dynamic,827
2026-06-01 02:43:28,0.000000,0.500000,0.000000,0.000000,0.000000,79.435000,49.148900,2.939800,144.487600,3,stop_and_go,Dynamic,828
2026-06-01 02:43:29,0.000000,0.000000,0.000000,0.000000,0.000000,79.390000,49.219000,1.935600,95.253700,3,stop_and_go,Dynamic,829
2026-06-01 02:43:30,0.422300,0.000000,0.516190,9.022300,0.004490,79.390000,49.068000,4.888800,239.761600,3,stop_and_go,Dynamic,830
2026-06-01 02:43:31,0.500000,0.000000,0.000000,9.892900,0.004900,79.381000,48.888400,8.117000,396.810000,3,stop_and_go,Dynamic,831
2026-06-01 02:43:32,0.050000,0.000000,-0.476190,0.989290,0.000490,79.372000,49.000000,5.995900,293.679700,3,stop_and_go,Dynamic,832
2026-06-01 02:43:33,0.000000,0.000000,0.000000,0.000000,0.000000,79.370000,49.168400,2.439000,119.908400,3,stop_and_go,Dynamic,833
2026-06-01 02:43:34,-0.240000,0.000000,-0.285714,4.439140,0.002240,79.370000,49.160500,2.794200,137.341100,3,stop_and_go,Dynamic,834
2026-06-01 02:43:35,-0.300000,0.000000,0.000000,5.935700,0.003000,79.362000,49.052600,4.953000,242.950500,3,stop_and_go,Dynamic,835
2026-06-01 02:43:36,-0.088800,0.000000,0.285714,1.808890,0.000920,79.384000,49.089500,4.068200,199.652800,3,stop_and_go,Dynamic,836
2026-06-01 02:43:37,0.000000,0.000000,0.000000,0.000000,0.000000,79.416000,49.204600,1.762400,86.713100,3,stop_and_go,Dynamic,837
2026-06-01 02:43:38,0.000000,0.333333,0.000000,0.000000,0.000000,79.430000,49.214889,1.477889,72.725000,3,stop_and_go,Dynamic,838
2026-06-01 02:43:39,0.000000,0.500000,0.000000,0.000000,0.000000,79.437273,49.192727,2.406909,118.398091,3,stop_and_go,Dynamic,839
2026-06-01 02:43:40,0.000000,0.500000,0.000000,0.000000,0.000000,79.421111,49.163000,2.826667,138.966667,3,stop_and_go,Dynamic,840
2026-06-01 02:43:41,0.000000,0.272727,0.000000,0.000000,0.000000,79.430000,49.161727,2.631455,129.360909,3,stop_and_go,Dynamic,841
2026-06-01 02:43:42,0.136700,0.000000,0.516190,3.377280,0.001690,79.430000,49.184200,2.211900,108.753000,3,stop_and_go,Dynamic,842
2026-06-01 02:43:43,0.500000,0.000000,0.000000,9.892900,0.004900,79.423000,48.975700,6.568900,321.668300,3,stop_and_go,Dynamic,843
2026-06-01 02:43:44,0.350000,0.000000,-0.476190,6.925030,0.003430,79.415000,48.885200,8.182700,399.991300,3,stop_and_go,Dynamic,844
2026-06-01 02:43:45,0.000000,0.000000,0.000000,0.000000,0.000000,79.410000,49.092800,4.079700,200.224800,3,stop_and_go,Dynamic,845
2026-06-01 02:43:46,-0.060000,0.000000,-0.285714,0.877720,0.000440,79.410000,49.191500,1.962900,96.553000,3,stop_and_go,Dynamic,846
2026-06-01 02:43:47,-0.300000,0.000000,0.000000,5.935700,0.003000,79.401000,49.094800,3.916700,192.272600,3,stop_and_go,Dynamic,847
2026-06-01 02:43:48,-0.290100,0.000000,0.094286,5.797010,0.002930,79.400000,49.035400,5.326800,261.200100,3,stop_and_go,Dynamic,848
2026-06-01 02:43:49,-0.000360,0.000000,0.192286,0.007120,0.000000,79.392000,49.148000,3.183100,156.410300,3,stop_and_go,Dynamic,849
2026-06-01 02:43:50,0.008700,0.000000,0.082857,0.206240,0.000100,79.390000,49.222600,1.567600,77.155400,3,stop_and_go,Dynamic,850
2026-06-01 02:43:51,0.479260,0.000000,0.394381,10.067330,0.005000,79.390000,49.027600,5.267900,258.178200,3,stop_and_go,Dynamic,851
2026-06-01 02:43:52,0.450000,0.000000,-0.595238,8.903610,0.004410,79.381000,48.898000,8.190000,400.460600,3,stop_and_go,Dynamic,852
2026-06-01 02:43:53,0.000000,0.000000,0.000000,0.000000,0.000000,79.373000,49.051000,4.868800,238.736200,3,stop_and_go,Dynamic,853
2026-06-01 02:43:54,0.000000,0.000000,0.000000,0.000000,0.000000,79.370000,49.204200,2.031800,99.963300,3,stop_and_go,Dynamic,854
2026-06-01 02:43:55,-0.300000,0.000000,-0.357143,5.548920,0.002800,79.370000,49.140000,3.362700,165.220800,3,stop_and_go,Dynamic,855
2026-06-01 02:43:56,-0.300000,0.000000,0.000000,5.935700,0.003000,79.364000,49.037600,5.130700,251.593700,3,stop_and_go,Dynamic,856
2026-06-01 02:43:57,-0.054180,0.000000,0.303571,1.128070,0.000570,79.360000,49.092600,3.842900,188.594600,3,stop_and_go,Dynamic,857
2026-06-01 02:43:58,0.000000,0.000000,0.000000,0.000000,0.000000,79.360000,49.200600,1.668000,82.062000,3,stop_and_go,Dynamic,858
2026-06-01 02:43:59,0.000000,0.450000,0.000000,0.000000,0.000000,79.359000,49.210300,1.782300,87.701400,3,stop_and_go,Dynamic,859
2026-06-01 02:44:00,0.000000,0.500000,0.000000,0.000000,0.000000,79.350000,49.158700,2.569000,126.288400,3,stop_and_go,Dynamic,860
2026-06-01 02:44:01,0.000000,0.500000,0.000000,0.000000,0.000000,79.350000,49.155111,2.846889,139.939778,3,stop_and_go,Dynamic,861
2026-06-01 02:44:02,0.000000,0.227273,0.000000,0.000000,0.000000,79.350000,49.177545,2.527909,124.309091,3,stop_and_go,Dynamic,862
2026-06-01 02:44:03,0.236500,0.000000,0.495476,5.322840,0.002650,79.349000,49.161800,2.941400,144.507600,3,stop_and_go,Dynamic,863
2026-06-01 02:44:04,0.500000,0.000000,0.000000,9.892900,0.004900,79.340000,48.926300,7.208600,352.656600,3,stop_and_go,Dynamic,864
2026-06-01 02:44:05,0.250000,0.000000,-0.595238,4.946450,0.002450,79.331000,48.913500,7.706000,376.843100,3,stop_and_go,Dynamic,865
2026-06-01 02:44:06,0.000000,0.000000,0.000000,0.000000,0.000000,79.330000,49.118500,3.440200,168.952800,3,stop_and_go,Dynamic,866
2026-06-01 02:44:07,-0.150000,0.000000,-0.285714,2.658430,0.001340,79.321000,49.192200,2.242900,110.316600,3,stop_and_go,Dynamic,867
2026-06-01 02:44:08,-0.300000,0.000000,0.000000,5.935700,0.003000,79.320000,49.073700,4.535500,222.559200,3,stop_and_go,Dynamic,868
2026-06-01 02:44:09,-0.199980,0.000000,0.325286,4.026730,0.002040,79.316000,49.050600,5.057500,248.064500,3,stop_and_go,Dynamic,869
2026-06-01 02:44:10,0.000000,0.000000,0.000000,0.000000,0.000000,79.310000,49.167700,2.485800,122.211000,3,stop_and_go,Dynamic,870
2026-06-01 02:44:11,0.000000,0.150000,0.000000,0.000000,0.000000,79.310000,49.243000,1.313500,64.680000,3,stop_and_go,Dynamic,871
2026-06-01 02:44:12,0.000000,0.500000,0.000000,0.000000,0.000000,79.310000,49.189889,2.119556,104.263667,3,stop_and_go,Dynamic,872
2026-06-01 02:44:13,0.000000,0.500000,0.000000,0.000000,0.000000,79.310000,49.162364,2.682364,131.870545,3,stop_and_go,Dynamic,873
2026-06-01 02:44:14,0.000000,0.500000,0.000000,0.000000,0.000000,79.300000,49.135778,2.888778,141.942667,3,stop_and_go,Dynamic,874
2026-06-01 02:44:15,0.000000,0.000000,0.000000,0.000000,0.000000,79.300000,49.193000,1.946300,95.734000,3,stop_and_go,Dynamic,875
2026-06-01 02:44:16,0.389360,0.000000,0.498333,8.362800,0.004160,79.300000,49.088500,4.288300,210.379600,3,stop_and_go,Dynamic,876
2026-06-01 02:44:17,0.500000,0.000000,0.000000,9.892900,0.004900,79.292000,48.893800,7.902100,386.343900,3,stop_and_go,Dynamic,877
2026-06-01 02:44:18,0.050000,0.000000,-0.476190,0.989290,0.000490,79.275000,48.981100,5.911600,289.427400,3,stop_and_go,Dynamic,878
2026-06-01 02:44:19,0.000000,0.000000,0.000000,0.000000,0.000000,79.272000,49.187300,2.413700,118.699800,3,stop_and_go,Dynamic,879
2026-06-01 02:44:20,-0.240000,0.000000,-0.285714,4.439140,0.002240,79.280000,49.156900,2.762100,135.726800,3,stop_and_go,Dynamic,880
2026-06-01 02:44:21,-0.300000,0.000000,0.000000,5.935700,0.003000,79.265000,49.043500,4.962200,243.357000,3,stop_and_go,Dynamic,881
2026-06-01 02:44:22,-0.108000,0.000000,0.324286,2.192740,0.001110,79.245000,49.082800,4.319200,211.938500,3,stop_and_go,Dynamic,882
2026-06-01 02:44:23,0.000000,0.000000,0.000000,0.000000,0.000000,79.261000,49.194800,1.919900,94.442000,3,stop_and_go,Dynamic,883
2026-06-01 02:44:24,0.291800,0.000000,0.515476,6.489150,0.003230,79.264000,49.154300,3.149600,154.676800,3,stop_and_go,Dynamic,884
2026-06-01 02:44:25,0.500000,0.000000,0.000000,9.892900,0.004900,79.259000,48.902400,7.432500,363.443000,3,stop_and_go,Dynamic,885
2026-06-01 02:44:26,0.200000,0.000000,-0.476190,3.957160,0.001960,79.208000,48.906500,7.192100,351.608900,3,stop_and_go,Dynamic,886
2026-06-01 02:44:27,0.000000,0.000000,0.000000,0.000000,0.000000,79.227000,49.131700,3.085300,151.558500,3,stop_and_go,Dynamic,887
2026-06-01 02:44:28,-0.180000,0.000000,-0.285714,3.252000,0.001640,79.176000,49.174900,2.592200,127.432800,3,stop_and_go,Dynamic,888
2026-06-01 02:44:29,-0.300000,0.000000,0.000000,5.935700,0.003000,79.157000,49.041800,4.828700,236.796100,3,stop_and_go,Dynamic,889
2026-06-01 02:44:30,-0.137100,0.000000,0.285714,2.741890,0.001380,79.150000,49.052100,4.405000,216.014300,3,stop_and_go,Dynamic,890
2026-06-01 02:44:31,0.000000,0.000000,0.000000,0.000000,0.000000,79.150000,49.182600,1.926700,94.749600,3,stop_and_go,Dynamic,891
2026-06-01 02:44:32,0.000000,0.305000,0.000000,0.000000,0.000000,79.158000,49.204900,1.559800,76.746400,3,stop_and_go,Dynamic,892
2026-06-01 02:44:33,0.000000,0.500000,0.000000,0.000000,0.000000,79.144000,49.163100,2.463000,121.085400,3,stop_and_go,Dynamic,893
2026-06-01 02:44:34,0.000000,0.500000,0.000000,0.000000,0.000000,79.140000,49.141000,2.820000,138.577100,3,stop_and_go,Dynamic,894
2026-06-01 02:44:35,0.000000,0.330000,0.000000,0.000000,0.000000,79.140000,49.141800,2.708900,133.112200,3,stop_and_go,Dynamic,895
2026-06-01 02:44:36,0.060180,0.000000,0.385714,1.699970,0.000850,79.140000,49.194000,1.969300,96.864700,3,stop_and_go,Dynamic,896
2026-06-01 02:44:37,0.500000,0.000000,0.090476,10.056210,0.004990,79.133000,48.971400,6.188900,303.011100,3,stop_and_go,Dynamic,897
2026-06-01 02:44:38,0.440000,0.000000,-0.476191,8.705750,0.004320,79.125000,48.871500,8.306100,405.917100,3,stop_and_go,Dynamic,898
2026-06-01 02:44:39,0.000000,0.000000,0.000000,0.000000,0.000000,79.120000,49.054200,4.514600,221.408400,3,stop_and_go,Dynamic,899
2026-06-01 02:44:40,-0.033000,0.000000,-0.292857,0.335770,0.000170,79.118000,49.174400,2.040500,100.339400,3,stop_and_go,Dynamic,900
2026-06-01 02:44:41,-0.300000,0.000000,0.000000,5.935700,0.003000,79.110000,49.097100,3.935800,193.218000,3,stop_and_go,Dynamic,901
2026-06-01 02:44:42,-0.281040,0.000000,0.207714,5.591900,0.002820,79.110000,49.004900,5.197300,254.685800,3,stop_and_go,Dynamic,902
2026-06-01 02:44:43,0.000000,0.000000,0.117143,0.000000,0.000000,79.101000,49.148800,2.872700,141.164100,3,stop_and_go,Dynamic,903
2026-06-01 02:44:44,0.000000,0.070000,0.000000,0.000000,0.000000,79.100000,49.219100,1.378300,67.839400,3,stop_and_go,Dynamic,904
2026-06-01 02:44:45,0.000000,0.500000,0.000000,0.000000,0.000000,79.100000,49.185300,2.102400,103.406000,3,stop_and_go,Dynamic,905
2026-06-01 02:44:46,0.000000,0.500000,0.000000,0.000000,0.000000,79.100000,49.131700,2.713100,133.298800,3,stop_and_go,Dynamic,906
2026-06-01 02:44:47,0.000000,0.500000,0.000000,0.000000,0.000000,79.096000,49.140300,2.865700,140.821800,3,stop_and_go,Dynamic,907
2026-06-01 02:44:48,0.000000,0.085000,0.000000,0.000000,0.000000,79.090000,49.174700,2.110300,103.763200,3,stop_and_go,Dynamic,908
2026-06-01 02:44:49,0.356100,0.000000,0.514762,7.769660,0.003870,79.090000,49.058500,4.327800,212.161800,3,stop_and_go,Dynamic,909
2026-06-01 02:44:50,0.500000,0.000000,0.000000,9.892900,0.004900,79.083000,48.881100,7.932700,387.745200,3,stop_and_go,Dynamic,910
2026-06-01 02:44:51,0.120000,0.000000,-0.523810,2.374300,0.001180,79.074000,48.962100,6.529900,319.595800,3,stop_and_go,Dynamic,911
2026-06-01 02:44:52,0.000000,0.000000,0.000000,0.000000,0.000000,79.070000,49.146800,2.599900,127.760400,3,stop_and_go,Dynamic,912
2026-06-01 02:44:53,-0.222000,0.000000,-0.285714,4.083000,0.002060,79.070000,49.125000,2.832600,139.112000,3,stop_and_go,Dynamic,913
2026-06-01 02:44:54,-0.300000,0.000000,0.000000,5.935700,0.003000,79.064000,49.026000,4.953600,242.851200,3,stop_and_go,Dynamic,914
2026-06-01 02:44:55,-0.099540,0.000000,0.285714,2.000790,0.001000,79.060000,49.085500,4.092900,200.863600,3,stop_and_go,Dynamic,915
2026-06-01 02:44:56,0.000000,0.000000,0.000000,0.000000,0.000000,79.060000,49.184800,1.762400,86.676800,3,stop_and_go,Dynamic,916
2026-06-01 02:44:57,0.261560,0.000000,0.497381,5.884260,0.002920,79.056000,49.131000,3.153600,154.809800,3,stop_and_go,Dynamic,917
2026-06-01 02:44:58,0.500000,0.000000,0.000000,9.892900,0.004900,79.050000,48.895400,7.419800,362.761400,3,stop_and_go,Dynamic,918
2026-06-01 02:44:59,0.235000,0.000000,-0.476190,4.649660,0.002310,79.040000,48.891600,7.370000,360.241600,3,stop_and_go,Dynamic,919
2026-06-01 02:45:00,0.000000,0.000000,0.000000,0.000000,0.000000,79.037000,49.095700,3.125800,153.431900,3,stop_and_go,Dynamic,920
2026-06-01 02:45:01,-0.150000,0.000000,-0.285714,2.658430,0.001340,79.030000,49.158800,2.414400,118.658700,3,stop_and_go,Dynamic,921
2026-06-01 02:45:02,-0.300000,0.000000,0.000000,5.935700,0.003000,79.030000,49.047400,4.673800,229.236000,3,stop_and_go,Dynamic,922
2026-06-01 02:45:03,-0.191040,0.000000,0.285857,3.807670,0.001920,79.024000,48.998700,4.884700,239.313600,3,stop_and_go,Dynamic,923
2026-06-01 02:45:04,0.000000,0.000000,0.000000,0.000000,0.000000,79.020000,49.157600,2.243800,110.291800,3,stop_and_go,Dynamic,924
2026-06-01 02:45:05,0.000000,0.150000,0.000000,0.000000,0.000000,79.020000,49.201800,1.337000,65.780100,3,stop_and_go,Dynamic,925
2026-06-01 02:45:06,0.000000,0.500000,0.000000,0.000000,0.000000,79.020000,49.157800,2.281000,112.128000,3,stop_and_go,Dynamic,926
2026-06-01 02:45:07,0.000000,0.500000,0.000000,0.000000,0.000000,79.017000,49.137900,2.746800,134.970600,3,stop_and_go,Dynamic,927
2026-06-01 02:45:08,0.000000,0.465000,0.000000,0.000000,0.000000,79.010000,49.122400,2.870800,141.021100,3,stop_and_go,Dynamic,928
2026-06-01 02:45:09,0.000000,0.000000,0.000000,0.000000,0.000000,79.010000,49.179500,1.763100,86.700400,3,stop_and_go,Dynamic,929
2026-06-01 02:45:10,0.408800,0.000000,0.516190,8.824700,0.004380,79.010000,49.020400,4.821800,236.259200,3,stop_and_go,Dynamic,930
2026-06-01 02:45:11,0.500000,0.000000,0.000000,9.892900,0.004900,79.000000,48.854600,8.103900,395.894300,3,stop_and_go,Dynamic,931
2026-06-01 02:45:12,0.080000,0.000000,-0.476191,1.582860,0.000790,78.991000,48.978400,5.975800,292.547800,3,stop_and_go,Dynamic,932
2026-06-01 02:45:13,0.000000,0.000000,0.000000,0.000000,0.000000,78.990000,49.146800,2.385600,117.227700,3,stop_and_go,Dynamic,933
2026-06-01 02:45:14,-0.222000,0.000000,-0.285714,4.083000,0.002060,78.990000,49.128300,2.828200,138.901500,3,stop_and_go,Dynamic,934
2026-06-01 02:45:15,-0.300000,0.000000,0.000000,5.935700,0.003000,78.988000,49.028900,4.919900,241.212400,3,stop_and_go,Dynamic,935
2026-06-01 02:45:16,-0.095820,0.000000,0.285714,1.916240,0.000970,78.988000,49.072600,4.096900,200.993800,3,stop_and_go,Dynamic,936
2026-06-01 02:45:17,0.000000,0.000000,0.000000,0.000000,0.000000,79.019000,49.188500,1.751800,86.156600,3,stop_and_go,Dynamic,937
2026-06-01 02:45:18,0.000000,0.345000,0.000000,0.000000,0.000000,79.033000,49.188800,1.506100,74.073000,3,stop_and_go,Dynamic,938
2026-06-01 02:45:19,0.000000,0.500000,0.000000,0.000000,0.000000,78.994000,49.138200,2.512900,123.478000,3,stop_and_go,Dynamic,939
2026-06-01 02:45:20,0.000000,0.500000,0.000000,0.000000,0.000000,79.034000,49.133000,2.799400,137.542600,3,stop_and_go,Dynamic,940
2026-06-01 02:45:21,0.000000,0.300000,0.000000,0.000000,0.000000,79.026000,49.125700,2.719900,133.615200,3,stop_and_go,Dynamic,941
2026-06-01 02:45:22,0.125900,0.000000,0.516190,3.220040,0.001610,79.050000,49.145500,2.284900,112.256400,3,stop_and_go,Dynamic,942
2026-06-01 02:45:23,0.500000,0.000000,0.000000,9.892900,0.004900,79.040000,48.938800,6.590400,322.476300,3,stop_and_go,Dynamic,943
2026-06-01 02:45:24,0.350000,0.000000,-0.476190,6.925030,0.003430,79.033000,48.854200,8.199200,400.540200,3,stop_and_go,Dynamic,944
2026-06-01 02:45:25,0.000000,0.000000,0.000000,0.000000,0.000000,79.030000,49.061400,4.132800,202.703700,3,stop_and_go,Dynamic,945
2026-06-01 02:45:26,-0.060000,0.000000,-0.285714,0.877720,0.000440,79.022000,49.165900,1.912700,94.037200,3,stop_and_go,Dynamic,946
2026-06-01 02:45:27,-0.300000,0.000000,0.000000,5.935700,0.003000,79.020000,49.074889,3.833000,188.080333,3,stop_and_go,Dynamic,947
2026-06-01 02:45:28,-0.293182,0.000000,0.064935,5.838773,0.002945,79.018182,48.998091,5.217273,255.636909,3,stop_and_go,Dynamic,948
2026-06-01 02:45:29,-0.001680,0.000000,0.218286,0.033240,0.000020,79.010000,49.122700,3.196500,156.996900,3,stop_and_go,Dynamic,949
2026-06-01 02:45:30,0.006900,0.000000,0.065714,0.169260,0.000080,79.010000,49.199100,1.551600,76.331300,3,stop_and_go,Dynamic,950
2026-06-01 02:45:31,0.476500,0.000000,0.413810,10.060780,0.005000,79.009000,49.007700,5.259700,257.673500,3,stop_and_go,Dynamic,951
2026-06-01 02:45:32,0.450000,0.000000,-0.595238,8.903610,0.004410,79.000000,48.860800,8.174700,399.412700,3,stop_and_go,Dynamic,952
2026-06-01 02:45:33,0.000000,0.000000,0.000000,0.000000,0.000000,78.990000,49.030400,4.915800,240.951600,3,stop_and_go,Dynamic,953
2026-06-01 02:45:34,0.000000,0.000000,0.000000,0.000000,0.000000,78.990000,49.180000,2.017100,99.194000,3,stop_and_go,Dynamic,954
2026-06-01 02:45:35,-0.300000,0.000000,-0.357143,5.548920,0.002800,78.990000,49.089700,3.338400,163.860100,3,stop_and_go,Dynamic,955
2026-06-01 02:45:36,-0.300000,0.000000,0.000000,5.935700,0.003000,78.981000,49.021800,5.152600,252.586600,3,stop_and_go,Dynamic,956
2026-06-01 02:45:37,-0.025800,0.000000,0.325714,0.558930,0.000270,78.980000,49.093400,3.478100,170.709200,3,stop_and_go,Dynamic,957
2026-06-01 02:45:38,0.000000,0.000000,0.000000,0.000000,0.000000,78.980000,49.185500,1.556600,76.558900,3,stop_and_go,Dynamic,958
2026-06-01 02:45:39,0.000000,0.450000,0.000000,0.000000,0.000000,78.957000,49.165200,1.771900,87.111900,3,stop_and_go,Dynamic,959
2026-06-01 02:45:40,0.000000,0.500000,0.000000,0.000000,0.000000,78.938000,49.136900,2.599900,127.751200,3,stop_and_go,Dynamic,960
2026-06-01 02:45:41,0.000000,0.500000,0.000000,0.000000,0.000000,78.970000,49.119700,2.828800,138.949600,3,stop_and_go,Dynamic,961
2026-06-01 02:45:42,0.000000,0.150000,0.000000,0.000000,0.000000,78.962000,49.144400,2.367200,116.323000,3,stop_and_go,Dynamic,962
2026-06-01 02:45:43,0.228300,0.000000,0.488333,5.166520,0.002570,78.967000,49.130300,2.840500,139.443100,3,stop_and_go,Dynamic,963
2026-06-01 02:45:44,0.500000,0.000000,0.000000,9.892900,0.004900,78.960000,48.898700,7.164500,350.291800,3,stop_and_go,Dynamic,964
2026-06-01 02:45:45,0.250000,0.000000,-0.595238,4.946450,0.002450,78.951000,48.866600,7.717700,377.071000,3,stop_and_go,Dynamic,965
2026-06-01 02:45:46,0.000000,0.000000,0.000000,0.000000,0.000000,78.947000,49.100100,3.385000,166.154100,3,stop_and_go,Dynamic,966
2026-06-01 02:45:47,-0.120000,0.000000,-0.357143,1.987500,0.001000,78.940000,49.175000,2.019500,99.297700,3,stop_and_go,Dynamic,967
2026-06-01 02:45:48,-0.300000,0.000000,0.000000,5.935700,0.003000,78.940000,49.053300,4.307100,211.273000,3,stop_and_go,Dynamic,968
2026-06-01 02:45:49,-0.236400,0.000000,0.300714,4.724440,0.002390,78.935000,48.998600,5.209500,255.247800,3,stop_and_go,Dynamic,969
2026-06-01 02:45:50,0.000000,0.000000,0.000000,0.000000,0.000000,78.930000,49.129700,2.668400,131.085100,3,stop_and_go,Dynamic,970
2026-06-01 02:45:51,0.000000,0.055556,0.000000,0.000000,0.000000,78.930000,49.194667,1.328889,65.371667,3,stop_and_go,Dynamic,971
2026-06-01 02:45:52,0.000000,0.500000,0.000000,0.000000,0.000000,78.922727,49.165818,1.999727,98.317818,3,stop_and_go,Dynamic,972
2026-06-01 02:45:53,0.000000,0.500000,0.000000,0.000000,0.000000,78.928000,49.130500,2.688500,132.087000,3,stop_and_go,Dynamic,973
2026-06-01 02:45:54,0.000000,0.500000,0.000000,0.000000,0.000000,78.920000,49.091500,2.846200,139.724800,3,stop_and_go,Dynamic,974
2026-06-01 02:45:55,0.000000,0.000000,0.000000,0.000000,0.000000,78.912000,49.150900,1.927500,94.732000,3,stop_and_go,Dynamic,975
2026-06-01 02:45:56,0.384980,0.000000,0.478619,8.250110,0.004110,78.920000,49.046500,4.259000,208.722700,3,stop_and_go,Dynamic,976
2026-06-01 02:45:57,0.500000,0.000000,0.000000,9.892900,0.004900,78.895000,48.867100,7.911600,386.607400,3,stop_and_go,Dynamic,977
2026-06-01 02:45:58,0.100000,0.000000,-0.476190,1.978580,0.000980,78.885000,48.919500,6.483700,317.058100,3,stop_and_go,Dynamic,978
2026-06-01 02:45:59,0.000000,0.000000,0.000000,0.000000,0.000000,78.884000,49.115000,2.588500,127.111200,3,stop_and_go,Dynamic,979
2026-06-01 02:46:00,-0.210000,0.000000,-0.285714,3.845570,0.001940,78.883000,49.132400,2.521700,123.874500,3,stop_and_go,Dynamic,980
2026-06-01 02:46:01,-0.300000,0.000000,0.000000,5.935700,0.003000,78.891000,49.011500,4.830900,236.761400,3,stop_and_go,Dynamic,981
2026-06-01 02:46:02,-0.117600,0.000000,0.299286,2.375300,0.001190,78.890000,49.043000,4.357700,213.675900,3,stop_and_go,Dynamic,982
2026-06-01 02:46:03,0.000000,0.000000,0.000000,0.000000,0.000000,78.878000,49.159900,1.921200,94.439600,3,stop_and_go,Dynamic,983
2026-06-01 02:46:04,0.231760,0.000000,0.491190,5.227580,0.002610,78.880000,49.116700,2.653200,130.198500,3,stop_and_go,Dynamic,984
2026-06-01 02:46:05,0.500000,0.000000,0.000000,9.892900,0.004900,78.879000,48.889600,7.140900,349.089000,3,stop_and_go,Dynamic,985
2026-06-01 02:46:06,0.200000,0.000000,-0.476190,3.957160,0.001960,78.854000,48.880100,7.220800,352.871700,3,stop_and_go,Dynamic,986
2026-06-01 02:46:07,0.000000,0.000000,0.000000,0.000000,0.000000,78.847000,49.089200,3.080900,151.208200,3,stop_and_go,Dynamic,987
2026-06-01 02:46:08,-0.180000,0.000000,-0.285714,3.252000,0.001640,78.860000,49.141200,2.415500,118.662000,3,stop_and_go,Dynamic,988
2026-06-01 02:46:09,-0.300000,0.000000,0.000000,5.935700,0.003000,78.860000,49.024600,4.714000,231.088400,3,stop_and_go,Dynamic,989
2026-06-01 02:46:10,-0.144180,0.000000,0.285714,2.900660,0.001470,78.843000,49.018300,4.625000,226.697600,3,stop_and_go,Dynamic,990
2026-06-01 02:46:11,0.000000,0.000000,0.000000,0.000000,0.000000,78.850000,49.167200,2.070100,101.761100,3,stop_and_go,Dynamic,991
2026-06-01 02:46:12,0.000000,0.250000,0.000000,0.000000,0.000000,78.850000,49.185500,1.388000,68.272500,3,stop_and_go,Dynamic,992
2026-06-01 02:46:13,0.000000,0.500000,0.000000,0.000000,0.000000,78.850000,49.141700,2.347000,115.331600,3,stop_and_go,Dynamic,993
2026-06-01 02:46:14,0.000000,0.500000,0.000000,0.000000,0.000000,78.836667,49.115444,2.745111,134.828000,3,stop_and_go,Dynamic,994
2026-06-01 02:46:15,0.000000,0.363636,0.000000,0.000000,0.000000,78.840000,49.111545,2.767000,135.890545,3,stop_and_go,Dynamic,995
2026-06-01 02:46:16,0.086500,0.000000,0.469524,2.317400,0.001160,78.840000,49.146100,2.063300,101.369900,3,stop_and_go,Dynamic,996
2026-06-01 02:46:17,0.500000,0.000000,0.008333,9.907940,0.004910,78.837000,48.940100,6.222500,304.457300,3,stop_and_go,Dynamic,997
2026-06-01 02:46:18,0.400000,0.000000,-0.476190,7.914320,0.003920,78.828000,48.830800,8.342100,407.340700,3,stop_and_go,Dynamic,998
2026-06-01 02:46:19,0.000000,0.000000,0.000000,0.000000,0.000000,78.820000,49.043400,4.520700,221.623700,3,stop_and_go,Dynamic,999
2026-06-01 02:46:20,-0.030000,0.000000,-0.285714,0.284150,0.000140,78.820000,49.152600,1.935200,95.110200,3,stop_and_go,Dynamic,1000
2026-06-01 02:46:21,-0.300000,0.000000,0.000000,5.935700,0.003000,78.817000,49.073600,3.661200,179.636300,3,stop_and_go,Dynamic,1001
2026-06-01 02:46:22,-0.292500,0.000000,0.089286,5.837590,0.002950,78.810000,48.998400,5.183500,253.983300,3,stop_and_go,Dynamic,1002
2026-06-01 02:46:23,-0.001680,0.000000,0.214286,0.033240,0.000020,78.810000,49.092300,3.181100,156.140100,3,stop_and_go,Dynamic,1003
2026-06-01 02:46:24,0.000000,0.000000,0.000000,0.000000,0.000000,78.802000,49.179900,1.430200,70.337700,3,stop_and_go,Dynamic,1004
2026-06-01 02:46:25,0.000000,0.500000,0.000000,0.000000,0.000000,78.791111,49.158222,1.814778,89.206444,3,stop_and_go,Dynamic,1005
2026-06-01 02:46:26,0.000000,0.500000,0.000000,0.000000,0.000000,78.784000,49.110600,2.557000,125.574500,3,stop_and_go,Dynamic,1006
2026-06-01 02:46:27,0.000000,0.500000,0.000000,0.000000,0.000000,78.759000,49.107800,2.818600,138.415500,3,stop_and_go,Dynamic,1007
2026-06-01 02:46:28,0.000000,0.200000,0.000000,0.000000,0.000000,78.710000,49.113400,2.393200,117.526900,3,stop_and_go,Dynamic,1008
2026-06-01 02:46:29,0.204000,0.000000,0.505952,4.729750,0.002360,78.710000,49.092400,2.895000,142.013200,3,stop_and_go,Dynamic,1009
2026-06-01 02:46:30,0.500000,0.000000,0.000000,9.892900,0.004900,78.706000,48.879800,7.206100,352.203000,3,stop_and_go,Dynamic,1010
2026-06-01 02:46:31,0.250000,0.000000,-0.476190,4.946450,0.002450,78.699000,48.878900,7.245500,354.075300,3,stop_and_go,Dynamic,1011
2026-06-01 02:46:32,0.000000,0.000000,0.000000,0.000000,0.000000,78.690000,49.082500,3.090100,151.628600,3,stop_and_go,Dynamic,1012
2026-06-01 02:46:33,-0.120000,0.000000,-0.285714,2.064860,0.001040,78.690000,49.139400,2.122000,104.250200,3,stop_and_go,Dynamic,1013
2026-06-01 02:46:34,-0.300000,0.000000,0.000000,5.935700,0.003000,78.690000,49.014600,4.475700,219.364000,3,stop_and_go,Dynamic,1014
2026-06-01 02:46:35,-0.192900,0.000000,0.323571,3.875280,0.001950,78.680000,49.002200,4.833000,236.816400,3,stop_and_go,Dynamic,1015
2026-06-01 02:46:36,0.000000,0.000000,0.000000,0.000000,0.000000,78.680000,49.125400,2.233200,109.680800,3,stop_and_go,Dynamic,1016
2026-06-01 02:46:37,0.106100,0.000000,0.514762,2.780140,0.001390,78.680000,49.126900,1.924800,94.488800,3,stop_and_go,Dynamic,1017
2026-06-01 02:46:38,0.500000,0.000000,0.000000,9.892900,0.004900,78.672000,48.916500,6.479500,316.903300,3,stop_and_go,Dynamic,1018
2026-06-01 02:46:39,0.335000,0.000000,-0.476190,6.628240,0.003290,78.664000,48.844800,7.868600,384.296000,3,stop_and_go,Dynamic,1019
2026-06-01 02:46:40,0.000000,0.000000,0.000000,0.000000,0.000000,78.660000,49.051500,3.705800,181.728600,3,stop_and_go,Dynamic,1020
2026-06-01 02:46:41,-0.069000,0.000000,-0.285714,1.055780,0.000530,78.660000,49.145000,1.909000,93.809900,3,stop_and_go,Dynamic,1021
2026-06-01 02:46:42,-0.300000,0.000000,0.000000,5.935700,0.003000,78.651000,49.029400,4.132000,202.565900,3,stop_and_go,Dynamic,1022
2026-06-01 02:46:43,-0.279540,0.000000,0.191429,5.595090,0.002820,78.650000,48.960800,5.255200,257.294200,3,stop_and_go,Dynamic,1023
2026-06-01 02:46:44,0.000000,0.000000,0.117857,0.000000,0.000000,78.642000,49.080500,2.903500,142.481400,3,stop_and_go,Dynamic,1024
2026-06-01 02:46:45,0.000000,0.055000,0.000000,0.000000,0.000000,78.640000,49.158100,1.416900,69.649700,3,stop_and_go,Dynamic,1025
2026-06-01 02:46:46,0.000000,0.500000,0.000000,0.000000,0.000000,78.640000,49.140100,2.100200,103.201000,3,stop_and_go,Dynamic,1026
2026-06-01 02:46:47,0.000000,0.500000,0.000000,0.000000,0.000000,78.640000,49.088100,2.703600,132.714500,3,stop_and_go,Dynamic,1027
2026-06-01 02:46:48,0.000000,0.500000,0.000000,0.000000,0.000000,78.638000,49.101000,2.890400,141.920800,3,stop_and_go,Dynamic,1028
2026-06-01 02:46:49,0.000000,0.095000,0.000000,0.000000,0.000000,78.630000,49.144500,2.109100,103.634000,3,stop_and_go,Dynamic,1029
2026-06-01 02:46:50,0.357360,0.000000,0.516190,7.788450,0.003870,78.630000,49.042100,4.322500,211.857400,3,stop_and_go,Dynamic,1030
2026-06-01 02:46:51,0.500000,0.000000,0.000000,9.892900,0.004900,78.624000,48.832800,7.937700,387.604300,3,stop_and_go,Dynamic,1031
2026-06-01 02:46:52,0.135000,0.000000,-0.476190,2.671080,0.001330,78.615000,48.899400,6.492800,317.351900,3,stop_and_go,Dynamic,1032
2026-06-01 02:46:53,0.000000,0.000000,0.000000,0.000000,0.000000,78.610000,49.116600,2.595800,127.475900,3,stop_and_go,Dynamic,1033
2026-06-01 02:46:54,-0.186000,0.000000,-0.285714,3.370710,0.001700,78.610000,49.114800,2.552300,125.313400,3,stop_and_go,Dynamic,1034
2026-06-01 02:46:55,-0.300000,0.000000,0.000000,5.935700,0.003000,78.606000,48.995500,4.799900,235.171400,3,stop_and_go,Dynamic,1035
2026-06-01 02:46:56,-0.159540,0.000000,0.309286,3.188160,0.001600,78.600000,48.986500,4.640400,227.279300,3,stop_and_go,Dynamic,1036
2026-06-01 02:46:57,0.000000,0.000000,0.000000,0.000000,0.000000,78.600000,49.125400,2.072300,101.794100,3,stop_and_go,Dynamic,1037
2026-06-01 02:46:58,0.000000,0.215000,0.000000,0.000000,0.000000,78.600000,49.170400,1.381700,67.934300,3,stop_and_go,Dynamic,1038
2026-06-01 02:46:59,0.000000,0.500000,0.000000,0.000000,0.000000,78.591000,49.126200,2.310800,113.517700,3,stop_and_go,Dynamic,1039
2026-06-01 02:47:00,0.000000,0.500000,0.000000,0.000000,0.000000,78.590000,49.093400,2.757800,135.390200,3,stop_and_go,Dynamic,1040
2026-06-01 02:47:01,0.000000,0.400000,0.000000,0.000000,0.000000,78.590000,49.087100,2.772500,136.092500,3,stop_and_go,Dynamic,1041
2026-06-01 02:47:02,0.055980,0.000000,0.385714,1.584020,0.000790,78.590000,49.130200,2.062500,101.303200,3,stop_and_go,Dynamic,1042
2026-06-01 02:47:03,0.500000,0.000000,0.130476,10.128410,0.005020,78.581000,48.923900,6.236700,305.075100,3,stop_and_go,Dynamic,1043
2026-06-01 02:47:04,0.440000,0.000000,-0.476191,8.705750,0.004320,78.574000,48.825600,8.363600,408.344100,3,stop_and_go,Dynamic,1044
2026-06-01 02:47:05,0.000000,0.000000,0.000000,0.000000,0.000000,78.570000,49.000600,4.503600,220.619600,3,stop_and_go,Dynamic,1045
2026-06-01 02:47:06,-0.009000,0.000000,-0.085714,0.085240,0.000040,78.563000,49.137900,1.937200,95.182100,3,stop_and_go,Dynamic,1046
2026-06-01 02:47:07,-0.300000,0.000000,-0.200000,5.719100,0.002890,78.560000,49.054300,3.657800,179.387400,3,stop_and_go,Dynamic,1047
2026-06-01 02:47:08,-0.300000,0.000000,0.000000,5.935700,0.003000,78.559000,48.957900,5.229600,256.028100,3,stop_and_go,Dynamic,1048
2026-06-01 02:47:09,-0.039540,0.000000,0.309286,0.809810,0.000400,78.550000,49.044500,3.485900,170.906600,3,stop_and_go,Dynamic,1049
2026-06-01 02:47:10,0.000000,0.000000,0.000000,0.000000,0.000000,78.550000,49.144700,1.545600,75.951800,3,stop_and_go,Dynamic,1050
2026-06-01 02:47:11,0.357360,0.000000,0.516190,7.780230,0.003870,78.550000,49.020600,4.137400,202.639300,3,stop_and_go,Dynamic,1051
2026-06-01 02:47:12,0.500000,0.000000,0.000000,9.892900,0.004900,78.541000,48.821400,7.840200,382.756600,3,stop_and_go,Dynamic,1052
2026-06-01 02:47:13,0.095000,0.000000,-0.476190,1.879650,0.000940,78.533000,48.936000,5.914500,289.301200,3,stop_and_go,Dynamic,1053
2026-06-01 02:47:14,0.000000,0.000000,0.000000,0.000000,0.000000,78.530000,49.107200,2.390500,117.372900,3,stop_and_go,Dynamic,1054
2026-06-01 02:47:15,-0.240000,0.000000,-0.285714,4.439140,0.002240,78.530000,49.058200,3.123200,153.199900,3,stop_and_go,Dynamic,1055
2026-06-01 02:47:16,-0.300000,0.000000,0.000000,5.935700,0.003000,78.522000,48.970000,5.073900,248.464800,3,stop_and_go,Dynamic,1056
2026-06-01 02:47:17,-0.097800,0.000000,0.287857,1.956720,0.000980,78.528000,49.012600,4.150700,203.380100,3,stop_and_go,Dynamic,1057
2026-06-01 02:47:18,0.000000,0.000000,0.000000,0.000000,0.000000,78.544000,49.145500,1.791600,88.041500,3,stop_and_go,Dynamic,1058
2026-06-01 02:47:19,0.000000,0.400000,0.000000,0.000000,0.000000,78.528000,49.154200,1.707600,83.931400,3,stop_and_go,Dynamic,1059
2026-06-01 02:47:20,0.000000,0.500000,0.000000,0.000000,0.000000,78.566000,49.096100,2.502300,122.852300,3,stop_and_go,Dynamic,1060
2026-06-01 02:47:21,0.000000,0.500000,0.000000,0.000000,0.000000,78.526000,49.077800,2.832800,139.028200,3,stop_and_go,Dynamic,1061
2026-06-01 02:47:22,0.000000,0.250000,0.000000,0.000000,0.000000,78.582000,49.099500,2.630900,129.172800,3,stop_and_go,Dynamic,1062
2026-06-01 02:47:23,0.174700,0.000000,0.485476,4.135450,0.002060,78.590000,49.105600,2.552700,125.286200,3,stop_and_go,Dynamic,1063
2026-06-01 02:47:24,0.500000,0.000000,0.000000,9.892900,0.004900,78.580000,48.869000,6.937100,338.962000,3,stop_and_go,Dynamic,1064
2026-06-01 02:47:25,0.300000,0.000000,-0.595238,5.935740,0.002940,78.573000,48.809400,8.037500,392.264900,3,stop_and_go,Dynamic,1065
2026-06-01 02:47:26,0.000000,0.000000,0.000000,0.000000,0.000000,78.570000,49.019700,3.766100,184.559000,3,stop_and_go,Dynamic,1066
2026-06-01 02:47:27,-0.090000,0.000000,-0.357143,1.393930,0.000700,78.564000,49.123700,1.943500,95.464700,3,stop_and_go,Dynamic,1067
2026-06-01 02:47:28,-0.300000,0.000000,0.000000,5.935700,0.003000,78.560000,49.012900,4.115600,201.692800,3,stop_and_go,Dynamic,1068
2026-06-01 02:47:29,-0.271200,0.000000,0.246429,5.398060,0.002720,78.559000,48.967900,5.253700,257.257900,3,stop_and_go,Dynamic,1069
2026-06-01 02:47:30,0.000000,0.000000,0.048571,0.000000,0.000000,78.550000,49.082300,2.932500,143.906200,3,stop_and_go,Dynamic,1070
2026-06-01 02:47:31,0.000000,0.100000,0.000000,0.000000,0.000000,78.542000,49.141200,1.416600,69.609300,3,stop_and_go,Dynamic,1071
2026-06-01 02:47:32,0.000000,0.500000,0.000000,0.000000,0.000000,78.502000,49.131300,2.069900,101.694400,3,stop_and_go,Dynamic,1072
2026-06-01 02:47:33,0.000000,0.500000,0.000000,0.000000,0.000000,78.541000,49.078900,2.669400,131.010300,3,stop_and_go,Dynamic,1073
2026-06-01 02:47:34,0.000000,0.500000,0.000000,0.000000,0.000000,78.468000,49.077400,2.873500,141.023300,3,stop_and_go,Dynamic,1074
2026-06-01 02:47:35,0.000000,0.050000,0.000000,0.000000,0.000000,78.540000,49.120000,2.073000,101.809600,3,stop_and_go,Dynamic,1075
2026-06-01 02:47:36,0.326500,0.000000,0.484524,7.146920,0.003550,78.540000,49.035400,3.744900,183.472100,3,stop_and_go,Dynamic,1076
2026-06-01 02:47:37,0.500000,0.000000,0.000000,9.892900,0.004900,78.533000,48.839800,7.712500,376.664000,3,stop_and_go,Dynamic,1077
2026-06-01 02:47:38,0.100000,0.000000,-0.595238,1.978580,0.000980,78.524000,48.887600,6.445100,314.954700,3,stop_and_go,Dynamic,1078
2026-06-01 02:47:39,0.000000,0.000000,0.000000,0.000000,0.000000,78.520000,49.095200,2.572400,126.275000,3,stop_and_go,Dynamic,1079
2026-06-01 02:47:40,-0.210000,0.000000,-0.357143,3.768210,0.001900,78.512000,49.093100,2.557800,125.526100,3,stop_and_go,Dynamic,1080
2026-06-01 02:47:41,-0.300000,0.000000,0.000000,5.935700,0.003000,78.515000,49.003700,4.811100,235.755900,3,stop_and_go,Dynamic,1081
2026-06-01 02:47:42,-0.152400,0.000000,0.293571,3.042570,0.001540,78.510000,48.971600,4.694800,229.871000,3,stop_and_go,Dynamic,1082
2026-06-01 02:47:43,0.000000,0.000000,0.000000,0.000000,0.000000,78.510000,49.133800,2.105000,103.414600,3,stop_and_go,Dynamic,1083
2026-06-01 02:47:44,0.174700,0.000000,0.485476,4.143100,0.002060,78.506000,49.112100,2.277600,111.760200,3,stop_and_go,Dynamic,1084
2026-06-01 02:47:45,0.500000,0.000000,0.000000,9.892900,0.004900,78.500000,48.888300,6.836500,334.179900,3,stop_and_go,Dynamic,1085
2026-06-01 02:47:46,0.300000,0.000000,-0.595238,5.935740,0.002940,78.491000,48.824900,7.964600,388.840800,3,stop_and_go,Dynamic,1086
2026-06-01 02:47:47,0.000000,0.000000,0.000000,0.000000,0.000000,78.487000,49.025200,3.729700,182.808200,3,stop_and_go,Dynamic,1087
2026-06-01 02:47:48,-0.090000,0.000000,-0.357143,1.393930,0.000700,78.480000,49.125800,1.939300,95.268700,3,stop_and_go,Dynamic,1088
2026-06-01 02:47:49,-0.300000,0.000000,0.000000,5.935700,0.003000,78.480000,49.002900,4.128800,202.305200,3,stop_and_go,Dynamic,1089
2026-06-01 02:47:50,-0.270000,0.000000,0.253571,5.379270,0.002710,78.476000,48.957100,5.254200,257.225500,3,stop_and_go,Dynamic,1090
2026-06-01 02:47:51,0.000000,0.000000,0.042857,0.000000,0.000000,78.470000,49.070300,2.926800,143.593900,3,stop_and_go,Dynamic,1091
2026-06-01 02:47:52,0.000000,0.050000,0.000000,0.000000,0.000000,78.470000,49.144800,1.370700,67.358600,3,stop_and_go,Dynamic,1092
2026-06-01 02:47:53,0.000000,0.500000,0.000000,0.000000,0.000000,78.470000,49.117700,1.979000,97.197200,3,stop_and_go,Dynamic,1093
2026-06-01 02:47:54,0.000000,0.500000,0.000000,0.000000,0.000000,78.468000,49.090600,2.623000,128.763000,3,stop_and_go,Dynamic,1094
2026-06-01 02:47:55,0.000000,0.500000,0.000000,0.000000,0.000000,78.460000,49.067900,2.894600,142.032500,3,stop_and_go,Dynamic,1095
2026-06-01 02:47:56,0.000000,0.111111,0.000000,0.000000,0.000000,78.442222,49.100667,2.310556,113.443444,3,stop_and_go,Dynamic,1096
2026-06-01 02:47:57,0.241800,0.000000,0.515476,5.482530,0.002740,78.452000,49.057300,2.969900,145.622600,3,stop_and_go,Dynamic,1097
2026-06-01 02:47:58,0.500000,0.000000,0.000000,9.892900,0.004900,78.428000,48.861800,7.257900,354.601700,3,stop_and_go,Dynamic,1098
2026-06-01 02:47:59,0.200000,0.000000,-0.476190,3.957160,0.001960,78.435000,48.858900,7.298800,356.528500,3,stop_and_go,Dynamic,1099
2026-06-01 02:48:00,0.000000,0.000000,0.000000,0.000000,0.000000,78.440000,49.049800,3.093100,151.687900,3,stop_and_go,Dynamic,1100
2026-06-01 02:48:01,-0.180000,0.000000,-0.357143,3.174640,0.001600,78.432000,49.096700,2.398000,117.701000,3,stop_and_go,Dynamic,1101
2026-06-01 02:48:02,-0.300000,0.000000,0.000000,5.935700,0.003000,78.424000,48.980600,4.701900,230.298000,3,stop_and_go,Dynamic,1102
2026-06-01 02:48:03,-0.171300,0.000000,0.307857,3.444440,0.001740,78.430000,48.983100,4.880200,239.020400,3,stop_and_go,Dynamic,1103
2026-06-01 02:48:04,0.000000,0.000000,0.000000,0.000000,0.000000,78.425000,49.098100,2.305100,113.152800,3,stop_and_go,Dynamic,1104
2026-06-01 02:48:05,0.000000,0.250000,0.000000,0.000000,0.000000,78.412000,49.129700,1.446100,71.042800,3,stop_and_go,Dynamic,1105
2026-06-01 02:48:06,0.000000,0.500000,0.000000,0.000000,0.000000,78.420000,49.101100,2.372200,116.471800,3,stop_and_go,Dynamic,1106
2026-06-01 02:48:07,0.000000,0.500000,0.000000,0.000000,0.000000,78.420000,49.077455,2.775364,136.206909,3,stop_and_go,Dynamic,1107
2026-06-01 02:48:08,0.000000,0.350000,0.000000,0.000000,0.000000,78.420000,49.076000,2.774100,136.137400,3,stop_and_go,Dynamic,1108
2026-06-01 02:48:09,0.089360,0.000000,0.496048,2.402270,0.001200,78.410000,49.107600,2.064700,101.359700,3,stop_and_go,Dynamic,1109
2026-06-01 02:48:10,0.500000,0.000000,0.002286,9.897030,0.004910,78.410000,48.891500,6.198300,302.976300,3,stop_and_go,Dynamic,1110
2026-06-01 02:48:11,0.400000,0.000000,-0.595238,7.914320,0.003920,78.402000,48.793800,8.304600,405.205500,3,stop_and_go,Dynamic,1111
2026-06-01 02:48:12,0.000000,0.000000,0.000000,0.000000,0.000000,78.394000,48.981700,4.505300,220.608500,3,stop_and_go,Dynamic,1112
2026-06-01 02:48:13,-0.030000,0.000000,-0.357143,0.206790,0.000100,78.390000,49.120100,1.957100,96.125800,3,stop_and_go,Dynamic,1113
2026-06-01 02:48:14,-0.300000,0.000000,0.000000,5.935700,0.003000,78.390000,49.038400,3.624500,177.717900,3,stop_and_go,Dynamic,1114
2026-06-01 02:48:15,-0.300000,0.000000,0.000000,5.935700,0.003000,78.385000,48.955700,5.227900,255.931700,3,stop_and_go,Dynamic,1115
2026-06-01 02:48:16,-0.021300,0.000000,0.307857,0.486180,0.000250,78.380000,49.033100,3.503500,171.744900,3,stop_and_go,Dynamic,1116
2026-06-01 02:48:17,0.000000,0.000000,0.000000,0.000000,0.000000,78.380000,49.137300,1.534700,75.405600,3,stop_and_go,Dynamic,1117
2026-06-01 02:48:18,0.440700,0.000000,0.516191,9.372970,0.004660,78.376000,48.962100,4.753600,232.624100,3,stop_and_go,Dynamic,1118
2026-06-01 02:48:19,0.500000,0.000000,0.000000,9.892900,0.004900,78.369000,48.799400,8.093200,394.926900,3,stop_and_go,Dynamic,1119
2026-06-01 02:48:20,0.050000,0.000000,-0.476190,0.989290,0.000490,78.360000,48.908800,5.979600,292.340400,3,stop_and_go,Dynamic,1120
2026-06-01 02:48:21,0.000000,0.000000,0.000000,0.000000,0.000000,78.360000,49.102100,2.397600,117.708700,3,stop_and_go,Dynamic,1121
2026-06-01 02:48:22,-0.270000,0.000000,-0.285714,5.032710,0.002540,78.353000,49.040700,3.146300,154.243200,3,stop_and_go,Dynamic,1122
2026-06-01 02:48:23,-0.300000,0.000000,0.000000,5.935700,0.003000,78.350000,48.952222,5.019556,245.708444,3,stop_and_go,Dynamic,1123
2026-06-01 02:48:24,-0.073145,0.000000,0.259740,1.501073,0.000755,78.345455,49.016091,3.949182,193.522455,3,stop_and_go,Dynamic,1124
2026-06-01 02:48:25,0.000000,0.000000,0.000000,0.000000,0.000000,78.340000,49.121200,1.688900,82.955100,3,stop_and_go,Dynamic,1125
2026-06-01 02:48:26,0.000000,0.388889,0.000000,0.000000,0.000000,78.331111,49.122889,1.568111,77.022444,3,stop_and_go,Dynamic,1126
2026-06-01 02:48:27,0.000000,0.500000,0.000000,0.000000,0.000000,78.340000,49.086800,2.466900,121.089200,3,stop_and_go,Dynamic,1127
2026-06-01 02:48:28,0.000000,0.500000,0.000000,0.000000,0.000000,78.331818,49.069364,2.814091,138.084909,3,stop_and_go,Dynamic,1128
2026-06-01 02:48:29,0.000000,0.250000,0.000000,0.000000,0.000000,78.331000,49.070100,2.611300,128.123900,3,stop_and_go,Dynamic,1129
2026-06-01 02:48:30,0.140700,0.000000,0.516191,3.437230,0.001720,78.330000,49.077900,2.197300,107.798700,3,stop_and_go,Dynamic,1130
2026-06-01 02:48:31,0.500000,0.000000,0.000000,9.892900,0.004900,78.328000,48.872800,6.584200,321.747200,3,stop_and_go,Dynamic,1131
2026-06-01 02:48:32,0.300000,0.000000,-0.476190,5.935740,0.002940,78.320000,48.817800,7.896900,385.470600,3,stop_and_go,Dynamic,1132
2026-06-01 02:48:33,0.000000,0.000000,0.000000,0.000000,0.000000,78.310000,49.023800,3.716900,182.168800,3,stop_and_go,Dynamic,1133
2026-06-01 02:48:34,-0.120000,0.000000,-0.285714,2.064860,0.001040,78.310000,49.114200,2.106200,103.428600,3,stop_and_go,Dynamic,1134
2026-06-01 02:48:35,-0.300000,0.000000,0.000000,5.935700,0.003000,78.310000,48.984500,4.352300,213.179500,3,stop_and_go,Dynamic,1135
2026-06-01 02:48:36,-0.229680,0.000000,0.285714,4.605020,0.002320,78.300000,48.935600,5.211300,255.014200,3,stop_and_go,Dynamic,1136
2026-06-01 02:48:37,0.000000,0.000000,0.000000,0.000000,0.000000,78.300000,49.082900,2.684500,131.733800,3,stop_and_go,Dynamic,1137
2026-06-01 02:48:38,0.000000,0.111111,0.000000,0.000000,0.000000,78.300000,49.123889,1.378333,67.706444,3,stop_and_go,Dynamic,1138
2026-06-01 02:48:39,0.000000,0.500000,0.000000,0.000000,0.000000,78.296364,49.105636,2.147182,105.435091,3,stop_and_go,Dynamic,1139
2026-06-01 02:48:40,0.000000,0.500000,0.000000,0.000000,0.000000,78.290000,49.061667,2.701444,132.537556,3,stop_and_go,Dynamic,1140
2026-06-01 02:48:41,0.000000,0.500000,0.000000,0.000000,0.000000,78.290000,49.065818,2.885182,141.563455,3,stop_and_go,Dynamic,1141
2026-06-01 02:48:42,0.000000,0.000000,0.000000,0.000000,0.000000,78.290000,49.113100,1.929100,94.735900,3,stop_and_go,Dynamic,1142
2026-06-01 02:48:43,0.391800,0.000000,0.515476,8.423670,0.004190,78.286000,48.986600,4.263300,208.729000,3,stop_and_go,Dynamic,1143
2026-06-01 02:48:44,0.500000,0.000000,0.000000,9.892900,0.004900,78.280000,48.817778,7.837000,382.565222,3,stop_and_go,Dynamic,1144
2026-06-01 02:48:45,0.090909,0.000000,-0.432900,1.798709,0.000891,78.270000,48.892818,6.169818,301.503364,3,stop_and_go,Dynamic,1145
2026-06-01 02:48:46,0.000000,0.000000,0.000000,0.000000,0.000000,78.270000,49.069600,2.425600,118.998000,3,stop_and_go,Dynamic,1146
2026-06-01 02:48:47,-0.270000,0.000000,-0.357143,4.955350,0.002500,78.263000,49.051800,3.084900,151.283400,3,stop_and_go,Dynamic,1147
2026-06-01 02:48:48,-0.300000,0.000000,0.000000,5.935700,0.003000,78.260000,48.952500,5.104500,249.865300,3,stop_and_go,Dynamic,1148
2026-06-01 02:48:49,-0.048000,0.000000,0.324286,1.018910,0.000510,78.255000,49.009200,3.780800,185.258400,3,stop_and_go,Dynamic,1149
2026-06-01 02:48:50,0.000000,0.000000,0.000000,0.000000,0.000000,78.250000,49.116800,1.670800,82.060200,3,stop_and_go,Dynamic,1150
2026-06-01 02:48:51,0.342160,0.000000,0.516190,7.431330,0.003700,78.250000,49.019700,3.629300,177.762300,3,stop_and_go,Dynamic,1151
2026-06-01 02:48:52,0.500000,0.000000,0.000000,9.892900,0.004900,78.244000,48.814000,7.637000,372.767100,3,stop_and_go,Dynamic,1152
2026-06-01 02:48:53,0.100000,0.000000,-0.476190,1.978580,0.000980,78.237000,48.873300,6.387300,312.020100,3,stop_and_go,Dynamic,1153
2026-06-01 02:48:54,0.000000,0.000000,0.000000,0.000000,0.000000,78.230000,49.063800,2.590300,127.079200,3,stop_and_go,Dynamic,1154
2026-06-01 02:48:55,-0.210000,0.000000,-0.285714,3.845570,0.001940,78.230000,49.064900,2.531200,124.145700,3,stop_and_go,Dynamic,1155
2026-06-01 02:48:56,-0.300000,0.000000,0.000000,5.935700,0.003000,78.228000,48.945300,4.791300,234.499300,3,stop_and_go,Dynamic,1156
2026-06-01 02:48:57,-0.138300,0.000000,0.285714,2.803940,0.001410,78.220000,48.955400,4.667800,228.475000,3,stop_and_go,Dynamic,1157
2026-06-01 02:48:58,0.000000,0.000000,0.000000,0.000000,0.000000,78.220000,49.098800,2.079300,102.090800,3,stop_and_go,Dynamic,1158
2026-06-01 02:48:59,0.000000,0.222222,0.000000,0.000000,0.000000,78.220000,49.129556,1.320444,64.874444,3,stop_and_go,Dynamic,1159
2026-06-01 02:49:00,0.000000,0.500000,0.000000,0.000000,0.000000,78.215455,49.088909,2.273636,111.607818,3,stop_and_go,Dynamic,1160
2026-06-01 02:49:01,0.000000,0.500000,0.000000,0.000000,0.000000,78.210000,49.063556,2.744889,134.674889,3,stop_and_go,Dynamic,1161
2026-06-01 02:49:02,0.000000,0.363636,0.000000,0.000000,0.000000,78.202727,49.056455,2.773455,136.053818,3,stop_and_go,Dynamic,1162
2026-06-01 02:49:03,0.093380,0.000000,0.505238,2.502270,0.001250,78.210000,49.087900,2.081500,102.152200,3,stop_and_go,Dynamic,1163
2026-06-01 02:49:04,0.500000,0.000000,0.009714,9.910430,0.004910,78.203000,48.869800,6.211000,303.470300,3,stop_and_go,Dynamic,1164
2026-06-01 02:49:05,0.350000,0.000000,-0.476190,6.925030,0.003430,78.195000,48.795700,8.069800,393.733400,3,stop_and_go,Dynamic,1165
2026-06-01 02:49:06,0.000000,0.000000,0.000000,0.000000,0.000000,78.190000,48.979800,4.088000,200.188400,3,stop_and_go,Dynamic,1166
2026-06-01 02:49:07,-0.060000,0.000000,-0.285714,0.877720,0.000440,78.190000,49.102800,1.900700,93.328500,3,stop_and_go,Dynamic,1167
2026-06-01 02:49:08,-0.300000,0.000000,0.000000,5.935700,0.003000,78.182000,49.012700,3.862900,189.305900,3,stop_and_go,Dynamic,1168
2026-06-01 02:49:09,-0.289500,0.000000,0.100000,5.788600,0.002920,78.180000,48.917900,5.275100,258.042300,3,stop_and_go,Dynamic,1169
2026-06-01 02:49:10,-0.000180,0.000000,0.185714,0.003560,0.000000,78.173000,49.023100,3.211500,157.407300,3,stop_and_go,Dynamic,1170
2026-06-01 02:49:11,0.000000,0.000000,0.000000,0.000000,0.000000,78.170000,49.112800,1.440800,70.761700,3,stop_and_go,Dynamic,1171
2026-06-01 02:49:12,0.000000,0.500000,0.000000,0.000000,0.000000,78.170000,49.097778,1.800778,88.404333,3,stop_and_go,Dynamic,1172
2026-06-01 02:49:13,0.000000,0.500000,0.000000,0.000000,0.000000,78.170000,49.070636,2.587636,126.976091,3,stop_and_go,Dynamic,1173
2026-06-01 02:49:14,0.000000,0.500000,0.000000,0.000000,0.000000,78.160000,49.048333,2.838556,139.226000,3,stop_and_go,Dynamic,1174
2026-06-01 02:49:15,0.000000,0.200000,0.000000,0.000000,0.000000,78.161000,49.077400,2.522300,123.778500,3,stop_and_go,Dynamic,1175
2026-06-01 02:49:16,0.222636,0.000000,0.469264,5.008564,0.002509,78.160000,49.050091,2.733545,133.996818,3,stop_and_go,Dynamic,1176
2026-06-01 02:49:17,0.500000,0.000000,0.000000,9.892900,0.004900,78.156667,48.833444,7.059556,344.721000,3,stop_and_go,Dynamic,1177
2026-06-01 02:49:18,0.227273,0.000000,-0.432900,4.496773,0.002227,78.149091,48.820182,7.374364,359.931818,3,stop_and_go,Dynamic,1178
2026-06-01 02:49:19,0.000000,0.000000,0.000000,0.000000,0.000000,78.140000,49.029111,3.229778,158.338111,3,stop_and_go,Dynamic,1179
2026-06-01 02:49:20,-0.136364,0.000000,-0.259740,2.416755,0.001218,78.140000,49.090545,2.138000,104.944000,3,stop_and_go,Dynamic,1180
2026-06-01 02:49:21,-0.300000,0.000000,0.000000,5.935700,0.003000,78.140000,48.961500,4.449100,217.818700,3,stop_and_go,Dynamic,1181
2026-06-01 02:49:22,-0.186333,0.000000,0.317460,3.757211,0.001900,78.130000,48.938778,4.970000,243.216000,3,stop_and_go,Dynamic,1182
2026-06-01 02:49:23,0.000000,0.000000,0.000000,0.000000,0.000000,78.130000,49.071900,2.428000,119.130600,3,stop_and_go,Dynamic,1183
2026-06-01 02:49:24,0.143200,0.000000,0.476191,3.462780,0.001730,78.130000,49.079800,2.024100,99.304800,3,stop_and_go,Dynamic,1184
2026-06-01 02:49:25,0.500000,0.000000,0.000000,9.892900,0.004900,78.121818,48.862273,6.651000,324.921727,3,stop_and_go,Dynamic,1185
2026-06-01 02:49:26,0.300000,0.000000,-0.476190,5.935740,0.002940,78.114000,48.788000,7.920500,386.365800,3,stop_and_go,Dynamic,1186
2026-06-01 02:49:27,0.000000,0.000000,0.000000,0.000000,0.000000,78.110000,48.977889,3.903889,191.157556,3,stop_and_go,Dynamic,1187
2026-06-01 02:49:28,-0.060000,0.000000,-0.285714,0.877720,0.000440,78.109000,49.093200,1.925000,94.493000,3,stop_and_go,Dynamic,1188
2026-06-01 02:49:29,-0.300000,0.000000,0.000000,5.935700,0.003000,78.100000,48.994100,3.910300,191.564900,3,stop_and_go,Dynamic,1189
2026-06-01 02:49:30,-0.262691,0.000000,0.259221,5.247482,0.002645,78.100000,48.927182,5.261455,257.420000,3,stop_and_go,Dynamic,1190
2026-06-01 02:49:31,0.000000,0.000000,0.000571,0.000000,0.000000,78.090000,49.033900,2.953800,144.806700,3,stop_and_go,Dynamic,1191
2026-06-01 02:49:32,0.000000,0.100000,0.000000,0.000000,0.000000,78.090000,49.111800,1.431900,70.321500,3,stop_and_go,Dynamic,1192
2026-06-01 02:49:33,0.000000,0.500000,0.000000,0.000000,0.000000,78.054444,49.069667,2.106111,103.344444,3,stop_and_go,Dynamic,1193
2026-06-01 02:49:34,0.000000,0.500000,0.000000,0.000000,0.000000,78.082000,49.049700,2.638100,129.396100,3,stop_and_go,Dynamic,1194
2026-06-01 02:49:35,0.000000,0.500000,0.000000,0.000000,0.000000,78.009000,49.027100,2.888500,141.614600,3,stop_and_go,Dynamic,1195
2026-06-01 02:49:36,0.000000,0.050000,0.000000,0.000000,0.000000,78.072000,49.096100,2.055900,100.926100,3,stop_and_go,Dynamic,1196
2026-06-01 02:49:37,0.349200,0.000000,0.476191,7.531340,0.003740,78.040000,48.967800,4.008200,196.085400,3,stop_and_go,Dynamic,1197
2026-06-01 02:49:38,0.500000,0.000000,0.000000,9.892900,0.004900,77.990000,48.783500,7.897600,385.260300,3,stop_and_go,Dynamic,1198
2026-06-01 02:49:39,0.140000,0.000000,-0.500000,2.770010,0.001380,77.982000,48.854500,6.493500,317.080900,3,stop_and_go,Dynamic,1199
2026-06-01 02:49:40,0.000000,0.000000,0.000000,0.000000,0.000000,77.980000,49.029200,2.622000,128.540900,3,stop_and_go,Dynamic,1200
2026-06-01 02:49:41,-0.186000,0.000000,-0.300000,3.355240,0.001690,77.980000,49.050400,2.544100,124.769300,3,stop_and_go,Dynamic,1201
2026-06-01 02:49:42,-0.300000,0.000000,0.000000,5.935700,0.003000,77.970000,48.938700,4.802300,235.010400,3,stop_and_go,Dynamic,1202
2026-06-01 02:49:43,-0.130020,0.000000,0.325286,2.634930,0.001330,77.970000,48.974000,4.379800,214.448800,3,stop_and_go,Dynamic,1203
2026-06-01 02:49:44,0.000000,0.000000,0.000000,0.000000,0.000000,77.964000,49.082100,1.875100,92.031200,3,stop_and_go,Dynamic,1204
2026-06-01 02:49:45,0.000000,0.335000,0.000000,0.000000,0.000000,77.960000,49.098400,1.587600,77.942200,3,stop_and_go,Dynamic,1205
2026-06-01 02:49:46,0.000000,0.500000,0.000000,0.000000,0.000000,77.960000,49.059600,2.458100,120.591600,3,stop_and_go,Dynamic,1206
2026-06-01 02:49:47,0.000000,0.500000,0.000000,0.000000,0.000000,77.960000,49.042500,2.784100,136.538800,3,stop_and_go,Dynamic,1207
2026-06-01 02:49:48,0.000000,0.320000,0.000000,0.000000,0.000000,77.960000,49.030600,2.707500,132.749800,3,stop_and_go,Dynamic,1208
2026-06-01 02:49:49,0.063000,0.000000,0.398571,1.785660,0.000900,77.950000,49.056900,1.940400,95.158000,3,stop_and_go,Dynamic,1209
2026-06-01 02:49:50,0.500000,0.000000,0.079048,10.035580,0.004980,77.950000,48.871200,6.188600,302.380900,3,stop_and_go,Dynamic,1210
2026-06-01 02:49:51,0.355000,0.000000,-0.488095,7.023960,0.003480,77.942000,48.779700,8.063700,393.338800,3,stop_and_go,Dynamic,1211
2026-06-01 02:49:52,0.000000,0.000000,0.000000,0.000000,0.000000,77.936000,48.958500,4.074000,199.392600,3,stop_and_go,Dynamic,1212
2026-06-01 02:49:53,-0.057000,0.000000,-0.292857,0.810630,0.000410,77.938000,49.065600,1.920900,94.240500,3,stop_and_go,Dynamic,1213
2026-06-01 02:49:54,-0.300000,0.000000,0.000000,5.935700,0.003000,77.930000,48.987000,3.867700,189.445800,3,stop_and_go,Dynamic,1214
2026-06-01 02:49:55,-0.297300,0.000000,0.025714,5.902890,0.002980,77.943000,48.901000,5.304200,259.378800,3,stop_and_go,Dynamic,1215
2026-06-01 02:49:56,-0.010500,0.000000,0.300000,0.233740,0.000120,77.920000,49.010100,3.208100,157.205700,3,stop_and_go,Dynamic,1216
2026-06-01 02:49:57,0.001260,0.000000,0.012000,0.028310,0.000010,77.928000,49.087600,1.512200,74.221000,3,stop_and_go,Dynamic,1217
2026-06-01 02:49:58,0.460600,0.000000,0.504190,9.841420,0.004880,77.917000,48.911800,5.250300,256.698300,3,stop_and_go,Dynamic,1218
2026-06-01 02:49:59,0.500000,0.000000,0.000000,9.892900,0.004900,77.909000,48.747500,8.259600,402.628300,3,stop_and_go,Dynamic,1219
2026-06-01 02:50:00,0.015000,0.000000,-0.476190,0.296790,0.000150,77.900000,48.916700,5.420900,265.059300,3,stop_and_go,Dynamic,1220
2026-06-01 02:50:01,0.000000,0.000000,0.000000,0.000000,0.000000,77.900000,49.069400,2.196200,107.750900,3,stop_and_go,Dynamic,1221
2026-06-01 02:50:02,-0.288000,0.000000,-0.285714,5.388850,0.002720,77.895000,48.995300,3.413900,167.246200,3,stop_and_go,Dynamic,1222
2026-06-01 02:50:03,-0.300000,0.000000,0.000000,5.935700,0.003000,77.898000,48.895800,5.148300,251.727900,3,stop_and_go,Dynamic,1223
2026-06-01 02:50:04,-0.039540,0.000000,0.286571,0.806400,0.000410,77.888000,48.978700,3.474100,170.135800,3,stop_and_go,Dynamic,1224
2026-06-01 02:50:05,0.000000,0.000000,0.000000,0.000000,0.000000,77.880000,49.095600,1.538200,75.512700,3,stop_and_go,Dynamic,1225
2026-06-01 02:50:06,0.000000,0.420000,0.000000,0.000000,0.000000,77.880000,49.076900,1.756300,86.187100,3,stop_and_go,Dynamic,1226
2026-06-01 02:50:07,0.000000,0.500000,0.000000,0.000000,0.000000,77.888000,49.044300,2.561800,125.642700,3,stop_and_go,Dynamic,1227
2026-06-01 02:50:08,0.000000,0.500000,0.000000,0.000000,0.000000,77.888000,49.042000,2.829400,138.758800,3,stop_and_go,Dynamic,1228
2026-06-01 02:50:09,0.000000,0.200000,0.000000,0.000000,0.000000,77.875000,49.056800,2.459800,120.664200,3,stop_and_go,Dynamic,1229
2026-06-01 02:50:10,0.213000,0.000000,0.495952,4.940100,0.002460,77.870000,49.007800,2.919700,142.970000,3,stop_and_go,Dynamic,1230
2026-06-01 02:50:11,0.500000,0.000000,0.000000,9.892900,0.004900,77.868000,48.803200,7.223900,352.518600,3,stop_and_go,Dynamic,1231
2026-06-01 02:50:12,0.270000,0.000000,-0.476191,5.342170,0.002650,77.860000,48.766900,7.733900,377.111300,3,stop_and_go,Dynamic,1232
2026-06-01 02:50:13,0.000000,0.000000,0.000000,0.000000,0.000000,77.850000,48.986700,3.427100,167.826600,3,stop_and_go,Dynamic,1233
2026-06-01 02:50:14,-0.108000,0.000000,-0.285714,1.827430,0.000920,77.858000,49.079400,2.030400,99.632600,3,stop_and_go,Dynamic,1234
2026-06-01 02:50:15,-0.300000,0.000000,0.000000,5.935700,0.003000,77.850000,48.949100,4.317700,211.332600,3,stop_and_go,Dynamic,1235
2026-06-01 02:50:16,-0.247800,0.000000,0.285714,4.918360,0.002480,77.841000,48.897900,5.190400,253.798900,3,stop_and_go,Dynamic,1236
2026-06-01 02:50:17,0.000000,0.000000,0.000000,0.000000,0.000000,77.840000,49.026300,2.642200,129.505100,3,stop_and_go,Dynamic,1237
2026-06-01 02:50:18,0.000000,0.080000,0.000000,0.000000,0.000000,77.840000,49.075900,1.316100,64.586600,3,stop_and_go,Dynamic,1238
2026-06-01 02:50:19,0.000000,0.500000,0.000000,0.000000,0.000000,77.838000,49.061900,2.071300,101.618300,3,stop_and_go,Dynamic,1239
2026-06-01 02:50:20,0.000000,0.500000,0.000000,0.000000,0.000000,77.830000,49.020700,2.692700,131.997100,3,stop_and_go,Dynamic,1240
2026-06-01 02:50:21,0.000000,0.500000,0.000000,0.000000,0.000000,77.830000,49.013200,2.879700,141.142200,3,stop_and_go,Dynamic,1241
2026-06-01 02:50:22,0.000000,0.075000,0.000000,0.000000,0.000000,77.838000,49.052700,2.105500,103.277000,3,stop_and_go,Dynamic,1242
2026-06-01 02:50:23,0.363480,0.000000,0.516190,7.937570,0.003950,77.835000,48.945400,4.316000,211.127300,3,stop_and_go,Dynamic,1243
2026-06-01 02:50:24,0.500000,0.000000,0.000000,9.892900,0.004900,77.819000,48.771100,7.926300,386.552000,3,stop_and_go,Dynamic,1244
2026-06-01 02:50:25,0.075000,0.000000,-0.476190,1.483930,0.000740,77.810000,48.834100,5.946500,290.269700,3,stop_and_go,Dynamic,1245
2026-06-01 02:50:26,0.000000,0.000000,0.000000,0.000000,0.000000,77.818000,49.042900,2.395800,117.486900,3,stop_and_go,Dynamic,1246
2026-06-01 02:50:27,-0.228000,0.000000,-0.285714,4.201710,0.002120,77.823000,49.018800,2.786300,136.541100,3,stop_and_go,Dynamic,1247
2026-06-01 02:50:28,-0.300000,0.000000,0.000000,5.935700,0.003000,77.824000,48.923800,4.935800,241.478000,3,stop_and_go,Dynamic,1248
2026-06-01 02:50:29,-0.098700,0.000000,0.287143,1.978690,0.000990,77.822000,48.938600,4.094600,200.331100,3,stop_and_go,Dynamic,1249
2026-06-01 02:50:30,0.000000,0.000000,0.000000,0.000000,0.000000,77.833000,49.066700,1.745300,85.630200,3,stop_and_go,Dynamic,1250
2026-06-01 02:50:31,0.266060,0.000000,0.479190,5.958350,0.002960,77.814000,49.015700,3.076500,150.653600,3,stop_and_go,Dynamic,1251
2026-06-01 02:50:32,0.500000,0.000000,0.000000,9.892900,0.004900,77.844000,48.785900,7.410800,361.516700,3,stop_and_go,Dynamic,1252
2026-06-01 02:50:33,0.205000,0.000000,-0.583333,4.056090,0.002010,77.842000,48.800000,7.315500,356.885700,3,stop_and_go,Dynamic,1253
2026-06-01 02:50:34,0.000000,0.000000,0.000000,0.000000,0.000000,77.851000,49.008200,3.092700,151.533000,3,stop_and_go,Dynamic,1254
2026-06-01 02:50:35,-0.147000,0.000000,-0.350000,2.529450,0.001270,77.842000,49.056300,2.162000,106.035300,3,stop_and_go,Dynamic,1255
2026-06-01 02:50:36,-0.300000,0.000000,0.000000,5.935700,0.003000,77.834000,48.951000,4.558100,223.118300,3,stop_and_go,Dynamic,1256
2026-06-01 02:50:37,-0.180600,0.000000,0.325714,3.614880,0.001830,77.841000,48.913500,4.804400,234.971900,3,stop_and_go,Dynamic,1257
2026-06-01 02:50:38,0.000000,0.000000,0.000000,0.000000,0.000000,77.832000,49.046600,2.261000,110.887200,3,stop_and_go,Dynamic,1258
2026-06-01 02:50:39,0.000000,0.200000,0.000000,0.000000,0.000000,77.840000,49.096100,1.363400,66.937500,3,stop_and_go,Dynamic,1259
2026-06-01 02:50:40,0.000000,0.500000,0.000000,0.000000,0.000000,77.764000,49.051000,2.283000,111.978800,3,stop_and_go,Dynamic,1260
2026-06-01 02:50:41,0.000000,0.500000,0.000000,0.000000,0.000000,77.816000,49.014500,2.694200,132.052300,3,stop_and_go,Dynamic,1261
2026-06-01 02:50:42,0.000000,0.400000,0.000000,0.000000,0.000000,77.774000,49.022500,2.831200,138.792300,3,stop_and_go,Dynamic,1262
2026-06-01 02:50:43,0.003300,0.000000,0.039286,0.084010,0.000040,77.830000,49.088100,1.763500,86.566100,3,stop_and_go,Dynamic,1263
2026-06-01 02:50:44,0.466222,0.000000,0.494180,9.970567,0.004967,77.827778,48.883556,5.106333,249.536444,3,stop_and_go,Dynamic,1264
2026-06-01 02:50:45,0.500000,0.000000,0.000000,9.892900,0.004900,77.820000,48.761800,8.104700,395.180900,3,stop_and_go,Dynamic,1265
2026-06-01 02:50:46,0.000000,0.000000,-0.432900,0.000000,0.000000,77.810000,48.898455,5.190545,253.702273,3,stop_and_go,Dynamic,1266
2026-06-01 02:50:47,-0.030000,0.000000,-0.285714,0.284150,0.000140,77.810000,49.053800,2.064800,101.286400,3,stop_and_go,Dynamic,1267
2026-06-01 02:50:48,-0.300000,0.000000,0.000000,5.935700,0.003000,77.807000,48.977800,3.688200,180.608000,3,stop_and_go,Dynamic,1268
2026-06-01 02:50:49,-0.300000,0.000000,0.000000,5.935700,0.003000,77.800000,48.883900,5.272500,257.739000,3,stop_and_go,Dynamic,1269
2026-06-01 02:50:50,-0.025260,0.000000,0.290857,0.539650,0.000270,77.800000,48.968100,3.499500,171.305500,3,stop_and_go,Dynamic,1270
2026-06-01 02:50:51,0.000000,0.000000,0.000000,0.000000,0.000000,77.790000,49.085500,1.564300,76.784100,3,stop_and_go,Dynamic,1271
2026-06-01 02:50:52,0.000000,0.450000,0.000000,0.000000,0.000000,77.766000,49.065600,1.730700,84.904500,3,stop_and_go,Dynamic,1272
2026-06-01 02:50:53,0.000000,0.500000,0.000000,0.000000,0.000000,77.742000,49.024700,2.560800,125.542200,3,stop_and_go,Dynamic,1273
2026-06-01 02:50:54,0.000000,0.500000,0.000000,0.000000,0.000000,77.766000,49.011400,2.868200,140.573900,3,stop_and_go,Dynamic,1274
2026-06-01 02:50:55,0.000000,0.150000,0.000000,0.000000,0.000000,77.778000,49.057600,2.365300,116.026400,3,stop_and_go,Dynamic,1275
2026-06-01 02:50:56,0.225300,0.000000,0.516190,5.169450,0.002570,77.772000,49.020800,2.864200,140.289500,3,stop_and_go,Dynamic,1276
2026-06-01 02:50:57,0.500000,0.000000,0.000000,9.892900,0.004900,77.771000,48.803900,7.165200,349.646700,3,stop_and_go,Dynamic,1277
2026-06-01 02:50:58,0.250000,0.000000,-0.476190,4.946450,0.002450,77.770000,48.781600,7.744700,377.726200,3,stop_and_go,Dynamic,1278
2026-06-01 02:50:59,0.000000,0.000000,0.000000,0.000000,0.000000,77.762000,48.960700,3.414500,167.145800,3,stop_and_go,Dynamic,1279
2026-06-01 02:51:00,-0.150000,0.000000,-0.285714,2.658430,0.001340,77.760000,49.029300,2.253800,110.480100,3,stop_and_go,Dynamic,1280
2026-06-01 02:51:01,-0.300000,0.000000,0.000000,5.935700,0.003000,77.752000,48.923500,4.523800,221.308500,3,stop_and_go,Dynamic,1281
2026-06-01 02:51:02,-0.177600,0.000000,0.285714,3.550390,0.001790,77.751000,48.916900,4.849400,237.181700,3,stop_and_go,Dynamic,1282
2026-06-01 02:51:03,0.000000,0.000000,0.000000,0.000000,0.000000,77.742000,49.039400,2.239400,109.811400,3,stop_and_go,Dynamic,1283
2026-06-01 02:51:04,0.130060,0.000000,0.481762,3.245710,0.001620,77.742000,49.058200,1.962200,96.210800,3,stop_and_go,Dynamic,1284
2026-06-01 02:51:05,0.500000,0.000000,0.000000,9.892900,0.004900,77.743000,48.821300,6.492700,316.933200,3,stop_and_go,Dynamic,1285
2026-06-01 02:51:06,0.300000,0.000000,-0.595238,5.935740,0.002940,77.727000,48.751100,7.857700,383.041900,3,stop_and_go,Dynamic,1286
2026-06-01 02:51:07,0.000000,0.000000,0.000000,0.000000,0.000000,77.730000,48.958900,3.660900,179.196200,3,stop_and_go,Dynamic,1287
2026-06-01 02:51:08,-0.120000,0.000000,-0.285714,2.064860,0.001040,77.730000,49.046500,2.123700,104.144600,3,stop_and_go,Dynamic,1288
2026-06-01 02:51:09,-0.300000,0.000000,0.000000,5.935700,0.003000,77.715000,48.934800,4.336200,212.180500,3,stop_and_go,Dynamic,1289
2026-06-01 02:51:10,-0.237000,0.000000,0.325714,4.742680,0.002390,77.712000,48.896600,5.188100,253.674600,3,stop_and_go,Dynamic,1290
2026-06-01 02:51:11,0.000000,0.000000,0.000000,0.000000,0.000000,77.705000,49.001100,2.684300,131.501200,3,stop_and_go,Dynamic,1291
2026-06-01 02:51:12,0.000000,0.150000,0.000000,0.000000,0.000000,77.710000,49.098100,1.395300,68.505500,3,stop_and_go,Dynamic,1292
2026-06-01 02:51:13,0.000000,0.500000,0.000000,0.000000,0.000000,77.678000,49.039800,2.218400,108.784400,3,stop_and_go,Dynamic,1293
2026-06-01 02:51:14,0.000000,0.500000,0.000000,0.000000,0.000000,77.670000,49.005400,2.676100,131.143000,3,stop_and_go,Dynamic,1294
2026-06-01 02:51:15,0.000000,0.450000,0.000000,0.000000,0.000000,77.683000,49.012000,2.874500,140.883300,3,stop_and_go,Dynamic,1295
2026-06-01 02:51:16,0.000000,0.000000,0.000000,0.000000,0.000000,77.668000,49.059500,1.787100,87.662700,3,stop_and_go,Dynamic,1296
2026-06-01 02:51:17,0.434260,0.000000,0.516190,9.254740,0.004600,77.700000,48.895400,4.825100,235.804300,3,stop_and_go,Dynamic,1297
2026-06-01 02:51:18,0.500000,0.000000,0.000000,9.892900,0.004900,77.694000,48.749300,8.122500,395.956500,3,stop_and_go,Dynamic,1298
2026-06-01 02:51:19,0.050000,0.000000,-0.476190,0.989290,0.000490,77.686000,48.858600,6.002100,293.109000,3,stop_and_go,Dynamic,1299
2026-06-01 02:51:20,0.000000,0.000000,0.000000,0.000000,0.000000,77.680000,49.025000,2.376700,116.495600,3,stop_and_go,Dynamic,1300
2026-06-01 02:51:21,-0.266667,0.000000,-0.317460,4.932378,0.002489,77.680000,49.002333,2.966667,145.325556,3,stop_and_go,Dynamic,1301
2026-06-01 02:51:22,-0.300000,0.000000,0.000000,5.935700,0.003000,77.677000,48.892500,4.990700,243.999100,3,stop_and_go,Dynamic,1302
2026-06-01 02:51:23,-0.106500,0.000000,0.285714,2.168440,0.001090,77.670000,48.921000,4.456500,217.969300,3,stop_and_go,Dynamic,1303
2026-06-01 02:51:24,0.000000,0.000000,0.000000,0.000000,0.000000,77.670000,49.041000,1.934800,94.875600,3,stop_and_go,Dynamic,1304
2026-06-01 02:51:25,0.000000,0.300000,0.000000,0.000000,0.000000,77.634000,49.066400,1.516100,74.385300,3,stop_and_go,Dynamic,1305
2026-06-01 02:51:26,0.000000,0.500000,0.000000,0.000000,0.000000,77.629000,49.017100,2.421900,118.713300,3,stop_and_go,Dynamic,1306
2026-06-01 02:51:27,0.000000,0.500000,0.000000,0.000000,0.000000,77.612000,49.005100,2.819400,138.163400,3,stop_and_go,Dynamic,1307
2026-06-01 02:51:28,0.000000,0.350000,0.000000,0.000000,0.000000,77.652000,48.999100,2.783900,136.405700,3,stop_and_go,Dynamic,1308
2026-06-01 02:51:29,0.096180,0.000000,0.516000,2.559430,0.001270,77.660000,49.033200,2.079000,101.911900,3,stop_and_go,Dynamic,1309
2026-06-01 02:51:30,0.500000,0.000000,0.000190,9.893240,0.004900,77.653000,48.840200,6.228500,304.128000,3,stop_and_go,Dynamic,1310
2026-06-01 02:51:31,0.400000,0.000000,-0.476190,7.914320,0.003920,77.645000,48.722600,8.328000,405.748600,3,stop_and_go,Dynamic,1311
2026-06-01 02:51:32,0.000000,0.000000,0.000000,0.000000,0.000000,77.640000,48.923500,4.495300,219.855000,3,stop_and_go,Dynamic,1312
2026-06-01 02:51:33,-0.054545,0.000000,-0.259740,0.797927,0.000400,77.637273,49.032455,2.014364,98.761636,3,stop_and_go,Dynamic,1313
2026-06-01 02:51:34,-0.300000,0.000000,0.000000,5.935700,0.003000,77.630000,48.947111,3.778111,184.918000,3,stop_and_go,Dynamic,1314
2026-06-01 02:51:35,-0.300000,0.000000,0.000000,5.935700,0.003000,77.630000,48.871900,5.246900,256.421800,3,stop_and_go,Dynamic,1315
2026-06-01 02:51:36,-0.015480,0.000000,0.321714,0.379060,0.000190,77.621000,48.953200,3.488300,170.720900,3,stop_and_go,Dynamic,1316
2026-06-01 02:51:37,0.000000,0.000000,0.000000,0.000000,0.000000,77.620000,49.063400,1.575600,77.300500,3,stop_and_go,Dynamic,1317
2026-06-01 02:51:38,0.396180,0.000000,0.516190,8.499840,0.004210,77.620000,48.927700,4.142800,202.555500,3,stop_and_go,Dynamic,1318
2026-06-01 02:51:39,0.500000,0.000000,0.000000,9.892900,0.004900,77.612000,48.761300,7.843300,382.431900,3,stop_and_go,Dynamic,1319
2026-06-01 02:51:40,0.100000,0.000000,-0.476190,1.978580,0.000980,77.603000,48.811400,6.491500,316.712800,3,stop_and_go,Dynamic,1320
2026-06-01 02:51:41,0.000000,0.000000,0.000000,0.000000,0.000000,77.600000,49.009600,2.597500,127.271500,3,stop_and_go,Dynamic,1321
2026-06-01 02:51:42,-0.210000,0.000000,-0.285714,3.845570,0.001940,77.600000,49.011300,2.534300,124.184200,3,stop_and_go,Dynamic,1322
2026-06-01 02:51:43,-0.300000,0.000000,0.000000,5.935700,0.003000,77.593000,48.893200,4.820600,235.684000,3,stop_and_go,Dynamic,1323
2026-06-01 02:51:44,-0.136260,0.000000,0.322714,2.765800,0.001390,77.590000,48.891200,4.677300,228.630300,3,stop_and_go,Dynamic,1324
2026-06-01 02:51:45,0.000000,0.000000,0.000000,0.000000,0.000000,77.563000,49.042300,2.035400,99.803000,3,stop_and_go,Dynamic,1325
2026-06-01 02:51:46,0.000000,0.250000,0.000000,0.000000,0.000000,77.556000,49.059200,1.411300,69.228100,3,stop_and_go,Dynamic,1326
2026-06-01 02:51:47,0.000000,0.500000,0.000000,0.000000,0.000000,77.524000,49.008500,2.379200,116.602000,3,stop_and_go,Dynamic,1327
2026-06-01 02:51:48,0.000000,0.500000,0.000000,0.000000,0.000000,77.548000,49.003800,2.805900,137.498600,3,stop_and_go,Dynamic,1328
2026-06-01 02:51:49,0.000000,0.400000,0.000000,0.000000,0.000000,77.523000,48.996600,2.855600,139.914900,3,stop_and_go,Dynamic,1329
2026-06-01 02:51:50,0.014100,0.000000,0.134286,0.363330,0.000180,77.576000,49.042900,1.765500,86.578800,3,stop_and_go,Dynamic,1330
2026-06-01 02:51:51,0.485100,0.000000,0.341905,10.131480,0.005030,77.570000,48.863100,5.332600,260.461200,3,stop_and_go,Dynamic,1331
2026-06-01 02:51:52,0.500000,0.000000,0.000000,9.892900,0.004900,77.555000,48.700900,8.332100,405.758700,3,stop_and_go,Dynamic,1332
2026-06-01 02:51:53,0.000000,0.000000,-0.476190,0.000000,0.000000,77.558000,48.861200,5.444300,265.891600,3,stop_and_go,Dynamic,1333
2026-06-01 02:51:54,0.000000,0.000000,0.000000,0.000000,0.000000,77.526000,49.019900,2.187100,107.195800,3,stop_and_go,Dynamic,1334
2026-06-01 02:51:55,-0.300000,0.000000,-0.357143,5.548920,0.002800,77.542000,48.970200,3.463700,169.586400,3,stop_and_go,Dynamic,1335
2026-06-01 02:51:56,-0.300000,0.000000,0.000000,5.935700,0.003000,77.538000,48.871700,5.179000,253.101900,3,stop_and_go,Dynamic,1336
2026-06-01 02:51:57,-0.013500,0.000000,0.317857,0.338590,0.000170,77.532000,48.947200,3.443000,168.483500,3,stop_and_go,Dynamic,1337
2026-06-01 02:51:58,0.000000,0.000000,0.000000,0.000000,0.000000,77.532000,49.066100,1.520200,74.583700,3,stop_and_go,Dynamic,1338
2026-06-01 02:51:59,0.000000,0.450000,0.000000,0.000000,0.000000,77.492000,49.046000,1.813200,88.920500,3,stop_and_go,Dynamic,1339
2026-06-01 02:52:00,0.000000,0.500000,0.000000,0.000000,0.000000,77.504000,48.996500,2.617600,128.253100,3,stop_and_go,Dynamic,1340
2026-06-01 02:52:01,0.000000,0.500000,0.000000,0.000000,0.000000,77.466000,48.974200,2.846900,139.424400,3,stop_and_go,Dynamic,1341
2026-06-01 02:52:02,0.000000,0.150000,0.000000,0.000000,0.000000,77.458000,49.018600,2.268800,111.199800,3,stop_and_go,Dynamic,1342
2026-06-01 02:52:03,0.246800,0.000000,0.506905,5.566570,0.002770,77.449000,48.940400,3.319900,162.340800,3,stop_and_go,Dynamic,1343
2026-06-01 02:52:04,0.500000,0.000000,0.000000,9.892900,0.004900,77.449000,48.747200,7.422300,361.776400,3,stop_and_go,Dynamic,1344
2026-06-01 02:52:05,0.250000,0.000000,-0.595238,4.946450,0.002450,77.440000,48.770400,7.360400,358.858200,3,stop_and_go,Dynamic,1345
2026-06-01 02:52:06,0.000000,0.000000,0.000000,0.000000,0.000000,77.446000,48.973900,3.200400,156.706900,3,stop_and_go,Dynamic,1346
2026-06-01 02:52:07,-0.120000,0.000000,-0.357143,1.987500,0.001000,77.425000,49.019700,2.161200,105.915800,3,stop_and_go,Dynamic,1347
2026-06-01 02:52:08,-0.300000,0.000000,0.000000,5.935700,0.003000,77.428000,48.894000,4.504500,220.231400,3,stop_and_go,Dynamic,1348
2026-06-01 02:52:09,-0.193500,0.000000,0.317857,3.886390,0.001960,77.418000,48.871400,4.835700,236.302300,3,stop_and_go,Dynamic,1349
2026-06-01 02:52:10,0.000000,0.000000,0.000000,0.000000,0.000000,77.418000,48.997200,2.266800,111.058300,3,stop_and_go,Dynamic,1350
2026-06-01 02:52:11,0.151600,0.000000,0.508810,3.687140,0.001840,77.410000,49.011500,2.353200,115.255800,3,stop_and_go,Dynamic,1351
2026-06-01 02:52:12,0.500000,0.000000,0.000000,9.892900,0.004900,77.407000,48.785200,6.843900,333.844500,3,stop_and_go,Dynamic,1352
2026-06-01 02:52:13,0.300000,0.000000,-0.476190,5.935740,0.002940,77.399000,48.752500,7.552200,368.116600,3,stop_and_go,Dynamic,1353
2026-06-01 02:52:14,0.000000,0.000000,0.000000,0.000000,0.000000,77.406000,48.941600,3.439200,168.284000,3,stop_and_go,Dynamic,1354
2026-06-01 02:52:15,-0.090000,0.000000,-0.285714,1.471290,0.000740,77.398000,49.015400,2.032300,99.591000,3,stop_and_go,Dynamic,1355
2026-06-01 02:52:16,-0.300000,0.000000,0.000000,5.935700,0.003000,77.390000,48.908300,4.295400,210.066100,3,stop_and_go,Dynamic,1356
2026-06-01 02:52:17,-0.254100,0.000000,0.285714,5.080020,0.002570,77.380000,48.881200,5.192600,253.811400,3,stop_and_go,Dynamic,1357
2026-06-01 02:52:18,0.000000,0.000000,0.000000,0.000000,0.000000,77.380000,48.996600,2.667600,130.691800,3,stop_and_go,Dynamic,1358
2026-06-01 02:52:19,0.000000,0.105000,0.000000,0.000000,0.000000,77.380000,49.046700,1.353800,66.395400,3,stop_and_go,Dynamic,1359
2026-06-01 02:52:20,0.000000,0.500000,0.000000,0.000000,0.000000,77.376000,49.018800,2.161800,105.967100,3,stop_and_go,Dynamic,1360
2026-06-01 02:52:21,0.000000,0.500000,0.000000,0.000000,0.000000,77.386000,48.994500,2.723100,133.416800,3,stop_and_go,Dynamic,1361
2026-06-01 02:52:22,0.000000,0.500000,0.000000,0.000000,0.000000,77.370000,48.963400,2.887000,141.357600,3,stop_and_go,Dynamic,1362
2026-06-01 02:52:23,0.000000,0.050000,0.000000,0.000000,0.000000,77.370000,49.043600,1.942800,95.270900,3,stop_and_go,Dynamic,1363
2026-06-01 02:52:24,0.354000,0.000000,0.505952,7.711540,0.003830,77.366000,48.915100,4.255800,208.019300,3,stop_and_go,Dynamic,1364
2026-06-01 02:52:25,0.500000,0.000000,0.000000,9.892900,0.004900,77.359000,48.725100,7.913800,385.583800,3,stop_and_go,Dynamic,1365
2026-06-01 02:52:26,0.150000,0.000000,-0.476190,2.967870,0.001470,77.350000,48.800100,6.508900,317.498900,3,stop_and_go,Dynamic,1366
2026-06-01 02:52:27,0.000000,0.000000,0.000000,0.000000,0.000000,77.348000,48.994900,2.602100,127.464200,3,stop_and_go,Dynamic,1367
2026-06-01 02:52:28,-0.180000,0.000000,-0.285714,3.252000,0.001640,77.340000,49.017300,2.539200,124.429500,3,stop_and_go,Dynamic,1368
2026-06-01 02:52:29,-0.300000,0.000000,0.000000,5.935700,0.003000,77.340000,48.874700,4.776000,233.421900,3,stop_and_go,Dynamic,1369
2026-06-01 02:52:30,-0.158700,0.000000,0.285714,3.161150,0.001590,77.342000,48.884700,4.666200,228.057200,3,stop_and_go,Dynamic,1370
2026-06-01 02:52:31,0.000000,0.000000,0.000000,0.000000,0.000000,77.338000,49.001300,2.094200,102.602700,3,stop_and_go,Dynamic,1371
2026-06-01 02:52:32,0.000000,0.240000,0.000000,0.000000,0.000000,77.346000,49.039300,1.352100,66.301300,3,stop_and_go,Dynamic,1372
2026-06-01 02:52:33,0.000000,0.500000,0.000000,0.000000,0.000000,77.378000,48.989300,2.330700,114.175700,3,stop_and_go,Dynamic,1373
2026-06-01 02:52:34,0.000000,0.500000,0.000000,0.000000,0.000000,77.344000,48.996600,2.755700,135.020400,3,stop_and_go,Dynamic,1374
2026-06-01 02:52:35,0.000000,0.400000,0.000000,0.000000,0.000000,77.378000,48.980900,2.833300,138.774400,3,stop_and_go,Dynamic,1375
2026-06-01 02:52:36,0.031200,0.000000,0.248571,0.866910,0.000430,77.376000,49.015700,1.942300,95.193200,3,stop_and_go,Dynamic,1376
2026-06-01 02:52:37,0.492900,0.000000,0.267619,10.235470,0.005080,77.391000,48.842600,5.838600,285.099000,3,stop_and_go,Dynamic,1377
2026-06-01 02:52:38,0.450000,0.000000,-0.476190,8.903610,0.004410,77.374000,48.699500,8.377600,407.982500,3,stop_and_go,Dynamic,1378
2026-06-01 02:52:39,0.000000,0.000000,0.000000,0.000000,0.000000,77.366000,48.886100,4.983700,243.558800,3,stop_and_go,Dynamic,1379
2026-06-01 02:52:40,-0.030000,0.000000,-0.285714,0.284150,0.000140,77.372000,49.009800,2.070400,101.468600,3,stop_and_go,Dynamic,1380
2026-06-01 02:52:41,-0.300000,0.000000,0.000000,5.935700,0.003000,77.364000,48.925600,3.688500,180.444400,3,stop_and_go,Dynamic,1381
2026-06-01 02:52:42,-0.300000,0.000000,0.000000,5.935700,0.003000,77.364000,48.854300,5.291500,258.509400,3,stop_and_go,Dynamic,1382
2026-06-01 02:52:43,-0.031200,0.000000,0.285714,0.643060,0.000320,77.354000,48.947800,3.491600,170.866400,3,stop_and_go,Dynamic,1383
2026-06-01 02:52:44,0.000000,0.000000,0.000000,0.000000,0.000000,77.353000,49.051600,1.549400,75.999500,3,stop_and_go,Dynamic,1384
2026-06-01 02:52:45,0.424700,0.000000,0.485476,9.097220,0.004520,77.362000,48.873400,4.763500,232.662200,3,stop_and_go,Dynamic,1385
2026-06-01 02:52:46,0.500000,0.000000,0.000000,9.892900,0.004900,77.357000,48.720400,8.076100,393.457900,3,stop_and_go,Dynamic,1386
2026-06-01 02:52:47,0.050000,0.000000,-0.595238,0.989290,0.000490,77.350000,48.832400,5.953100,290.545000,3,stop_and_go,Dynamic,1387
2026-06-01 02:52:48,0.000000,0.000000,0.000000,0.000000,0.000000,77.343000,49.009400,2.405200,117.863300,3,stop_and_go,Dynamic,1388
2026-06-01 02:52:49,-0.240000,0.000000,-0.357143,4.361780,0.002200,77.340000,48.975100,2.787100,136.466000,3,stop_and_go,Dynamic,1389
2026-06-01 02:52:50,-0.300000,0.000000,0.000000,5.935700,0.003000,77.340000,48.863400,4.929900,240.880400,3,stop_and_go,Dynamic,1390
2026-06-01 02:52:51,-0.121200,0.000000,0.295000,2.426190,0.001220,77.331000,48.896500,4.436400,216.862600,3,stop_and_go,Dynamic,1391
2026-06-01 02:52:52,0.000000,0.000000,0.000000,0.000000,0.000000,77.330000,49.009500,1.935100,94.824700,3,stop_and_go,Dynamic,1392
2026-06-01 02:52:53,0.000000,0.350000,0.000000,0.000000,0.000000,77.298000,49.031000,1.594200,78.159300,3,stop_and_go,Dynamic,1393
2026-06-01 02:52:54,0.000000,0.500000,0.000000,0.000000,0.000000,77.306000,48.986300,2.468700,120.926700,3,stop_and_go,Dynamic,1394
2026-06-01 02:52:55,0.000000,0.500000,0.000000,0.000000,0.000000,77.258000,48.960900,2.800000,137.089600,3,stop_and_go,Dynamic,1395
2026-06-01 02:52:56,0.000000,0.300000,0.000000,0.000000,0.000000,77.312000,48.974700,2.708500,132.640800,3,stop_and_go,Dynamic,1396
2026-06-01 02:52:57,0.078300,0.000000,0.448571,2.159820,0.001080,77.320000,49.006200,1.947600,95.415700,3,stop_and_go,Dynamic,1397
2026-06-01 02:52:58,0.500000,0.000000,0.034524,9.955210,0.004940,77.316000,48.795400,6.185600,301.771400,3,stop_and_go,Dynamic,1398
2026-06-01 02:52:59,0.350000,0.000000,-0.595238,6.925030,0.003430,77.308000,48.706200,8.062400,392.667100,3,stop_and_go,Dynamic,1399
2026-06-01 02:53:00,0.000000,0.000000,0.000000,0.000000,0.000000,77.300000,48.916600,4.046000,197.866100,3,stop_and_go,Dynamic,1400
2026-06-01 02:53:01,-0.090000,0.000000,-0.285714,1.471290,0.000740,77.300000,49.020000,2.043500,100.170000,3,stop_and_go,Dynamic,1401
2026-06-01 02:53:02,-0.300000,0.000000,0.000000,5.935700,0.003000,77.297000,48.890600,4.157500,203.251200,3,stop_and_go,Dynamic,1402
2026-06-01 02:53:03,-0.268200,0.000000,0.271429,5.354480,0.002710,77.290000,48.841700,5.263500,257.073300,3,stop_and_go,Dynamic,1403
2026-06-01 02:53:04,0.000000,0.000000,0.054286,0.000000,0.000000,77.290000,48.947300,2.917300,142.775000,3,stop_and_go,Dynamic,1404
2026-06-01 02:53:05,0.000000,0.100000,0.000000,0.000000,0.000000,77.282000,49.045600,1.457400,71.477800,3,stop_and_go,Dynamic,1405
2026-06-01 02:53:06,0.000000,0.500000,0.000000,0.000000,0.000000,77.216000,49.010200,2.098300,102.833200,3,stop_and_go,Dynamic,1406
2026-06-01 02:53:07,0.000000,0.500000,0.000000,0.000000,0.000000,77.264000,48.960500,2.688300,131.617700,3,stop_and_go,Dynamic,1407
2026-06-01 02:53:08,0.000000,0.500000,0.000000,0.000000,0.000000,77.216000,48.942700,2.900600,141.962400,3,stop_and_go,Dynamic,1408
2026-06-01 02:53:09,0.000000,0.050000,0.000000,0.000000,0.000000,77.278000,49.011400,2.088700,102.361700,3,stop_and_go,Dynamic,1409
2026-06-01 02:53:10,0.324700,0.000000,0.485476,7.101310,0.003530,77.270000,48.935700,3.737100,182.739500,3,stop_and_go,Dynamic,1410
2026-06-01 02:53:11,0.500000,0.000000,0.000000,9.892900,0.004900,77.267000,48.729400,7.707900,375.578500,3,stop_and_go,Dynamic,1411
2026-06-01 02:53:12,0.150000,0.000000,-0.595238,2.967870,0.001470,77.260000,48.757200,6.949400,338.699600,3,stop_and_go,Dynamic,1412
2026-06-01 02:53:13,0.000000,0.000000,0.000000,0.000000,0.000000,77.251000,48.955100,2.834500,138.733000,3,stop_and_go,Dynamic,1413
2026-06-01 02:53:14,-0.180000,0.000000,-0.357143,3.174640,0.001600,77.250000,49.002200,2.288300,112.111400,3,stop_and_go,Dynamic,1414
2026-06-01 02:53:15,-0.300000,0.000000,0.000000,5.935700,0.003000,77.250000,48.881600,4.641200,226.855300,3,stop_and_go,Dynamic,1415
2026-06-01 02:53:16,-0.145800,0.000000,0.325714,2.936800,0.001480,77.241000,48.879800,4.602300,224.924100,3,stop_and_go,Dynamic,1416
2026-06-01 02:53:17,0.000000,0.000000,0.000000,0.000000,0.000000,77.240000,49.005300,2.056200,100.758200,3,stop_and_go,Dynamic,1417
2026-06-01 02:53:18,0.147222,0.000000,0.573545,3.687433,0.001856,77.240000,49.012111,2.001556,98.063667,3,stop_and_go,Dynamic,1418
2026-06-01 02:53:19,0.500000,0.000000,0.000000,9.892900,0.004900,77.234000,48.781400,6.509900,317.504700,3,stop_and_go,Dynamic,1419
2026-06-01 02:53:20,0.350000,0.000000,-0.476190,6.925030,0.003430,77.226000,48.700800,8.166600,397.692100,3,stop_and_go,Dynamic,1420
2026-06-01 02:53:21,0.000000,0.000000,0.000000,0.000000,0.000000,77.220000,48.904100,4.088600,199.874900,3,stop_and_go,Dynamic,1421
2026-06-01 02:53:22,-0.090000,0.000000,-0.285714,1.471290,0.000740,77.220000,49.005600,2.053400,100.616100,3,stop_and_go,Dynamic,1422
2026-06-01 02:53:23,-0.300000,0.000000,0.000000,5.935700,0.003000,77.213000,48.898300,4.154500,203.135000,3,stop_and_go,Dynamic,1423
2026-06-01 02:53:24,-0.230460,0.000000,0.285714,4.602690,0.002320,77.210000,48.850300,5.112800,249.748100,3,stop_and_go,Dynamic,1424
2026-06-01 02:53:25,0.000000,0.000000,0.000000,0.000000,0.000000,77.205000,48.958600,2.664400,130.429700,3,stop_and_go,Dynamic,1425
2026-06-01 02:53:26,0.000000,0.100000,0.000000,0.000000,0.000000,77.200000,49.039900,1.333300,65.380700,3,stop_and_go,Dynamic,1426
2026-06-01 02:53:27,0.000000,0.500000,0.000000,0.000000,0.000000,77.200000,48.992000,2.115273,103.627636,3,stop_and_go,Dynamic,1427
2026-06-01 02:53:28,0.000000,0.500000,0.000000,0.000000,0.000000,77.200000,48.975900,2.736000,133.998000,3,stop_and_go,Dynamic,1428
2026-06-01 02:53:29,0.000000,0.500000,0.000000,0.000000,0.000000,77.200000,48.963000,2.884000,141.208222,3,stop_and_go,Dynamic,1429
2026-06-01 02:53:30,0.000000,0.000000,0.000000,0.000000,0.000000,77.192000,49.010800,1.933100,94.738100,3,stop_and_go,Dynamic,1430
2026-06-01 02:53:31,0.440700,0.000000,0.476429,9.378470,0.004670,77.190000,48.870800,4.864500,237.633300,3,stop_and_go,Dynamic,1431
2026-06-01 02:53:32,0.500000,0.000000,0.000000,9.892900,0.004900,77.184000,48.699400,8.125600,395.689800,3,stop_and_go,Dynamic,1432
2026-06-01 02:53:33,0.050000,0.000000,-0.476190,0.989290,0.000490,77.177000,48.788400,6.022600,293.712000,3,stop_and_go,Dynamic,1433
2026-06-01 02:53:34,0.000000,0.000000,0.000000,0.000000,0.000000,77.170000,48.985400,2.410700,118.073700,3,stop_and_go,Dynamic,1434
2026-06-01 02:53:35,-0.270000,0.000000,-0.357143,4.955350,0.002500,77.170000,48.963800,3.123600,152.893400,3,stop_and_go,Dynamic,1435
2026-06-01 02:53:36,-0.300000,0.000000,0.000000,5.935700,0.003000,77.166000,48.841300,5.062900,247.279400,3,stop_and_go,Dynamic,1436
2026-06-01 02:53:37,-0.082200,0.000000,0.306428,1.677980,0.000850,77.160000,48.885400,4.156300,203.136000,3,stop_and_go,Dynamic,1437
2026-06-01 02:53:38,0.000000,0.000000,0.000000,0.000000,0.000000,77.160000,49.022100,1.780800,87.288400,3,stop_and_go,Dynamic,1438
2026-06-01 02:53:39,0.000000,0.400000,0.000000,0.000000,0.000000,77.160000,49.016400,1.683100,82.491900,3,stop_and_go,Dynamic,1439
2026-06-01 02:53:40,0.000000,0.500000,0.000000,0.000000,0.000000,77.154000,48.961100,2.536900,124.208600,3,stop_and_go,Dynamic,1440
2026-06-01 02:53:41,0.000000,0.500000,0.000000,0.000000,0.000000,77.150000,48.941091,2.861636,140.050182,3,stop_and_go,Dynamic,1441
2026-06-01 02:53:42,0.000000,0.200000,0.000000,0.000000,0.000000,77.150000,48.970500,2.490500,121.953300,3,stop_and_go,Dynamic,1442
2026-06-01 02:53:43,0.237960,0.000000,0.496905,5.338240,0.002660,77.150000,48.940500,2.954000,144.455300,3,stop_and_go,Dynamic,1443
2026-06-01 02:53:44,0.500000,0.000000,0.000000,9.892900,0.004900,77.140000,48.749600,7.210200,351.454600,3,stop_and_go,Dynamic,1444
2026-06-01 02:53:45,0.250000,0.000000,-0.595238,4.946450,0.002450,77.132000,48.693400,7.751000,377.353800,3,stop_and_go,Dynamic,1445
2026-06-01 02:53:46,0.000000,0.000000,0.000000,0.000000,0.000000,77.130000,48.933900,3.395300,166.106800,3,stop_and_go,Dynamic,1446
2026-06-01 02:53:47,-0.120000,0.000000,-0.357143,1.987500,0.001000,77.126000,49.006900,2.061100,100.996300,3,stop_and_go,Dynamic,1447
2026-06-01 02:53:48,-0.300000,0.000000,0.000000,5.935700,0.003000,77.120000,48.888700,4.317600,211.080000,3,stop_and_go,Dynamic,1448
2026-06-01 02:53:49,-0.199980,0.000000,0.325286,4.026730,0.002040,77.119000,48.863100,4.979900,243.314100,3,stop_and_go,Dynamic,1449
2026-06-01 02:53:50,0.000000,0.000000,0.000000,0.000000,0.000000,77.110000,48.964700,2.454100,120.136300,3,stop_and_go,Dynamic,1450
2026-06-01 02:53:51,0.089180,0.000000,0.506476,2.412250,0.001200,77.110000,49.008800,1.685000,82.555700,3,stop_and_go,Dynamic,1451
2026-06-01 02:53:52,0.500000,0.000000,0.009714,9.910430,0.004910,77.109000,48.780600,6.125200,298.731700,3,stop_and_go,Dynamic,1452
2026-06-01 02:53:53,0.400000,0.000000,-0.476190,7.914320,0.003920,77.100000,48.682000,8.265100,402.359900,3,stop_and_go,Dynamic,1453
2026-06-01 02:53:54,0.000000,0.000000,0.000000,0.000000,0.000000,77.090000,48.858900,4.514100,220.476200,3,stop_and_go,Dynamic,1454
2026-06-01 02:53:55,-0.030000,0.000000,-0.285714,0.284150,0.000140,77.090000,49.005300,1.951000,95.599000,3,stop_and_go,Dynamic,1455
2026-06-01 02:53:56,-0.300000,0.000000,0.000000,5.935700,0.003000,77.090000,48.903300,3.656100,178.769300,3,stop_and_go,Dynamic,1456
2026-06-01 02:53:57,-0.289500,0.000000,0.100000,5.790770,0.002920,77.080000,48.835900,5.224400,255.135300,3,stop_and_go,Dynamic,1457
2026-06-01 02:53:58,-0.000180,0.000000,0.186143,0.003560,0.000000,77.080000,48.928000,3.174500,155.289900,3,stop_and_go,Dynamic,1458
2026-06-01 02:53:59,0.000000,0.000000,0.000000,0.000000,0.000000,77.080000,49.010556,1.489667,73.000778,3,stop_and_go,Dynamic,1459
2026-06-01 02:54:00,0.000000,0.500000,0.000000,0.000000,0.000000,77.074545,48.985455,1.920909,94.090364,3,stop_and_go,Dynamic,1460
2026-06-01 02:54:01,0.000000,0.500000,0.000000,0.000000,0.000000,77.070000,48.963333,2.611667,127.875333,3,stop_and_go,Dynamic,1461
2026-06-01 02:54:02,0.000000,0.500000,0.000000,0.000000,0.000000,77.070000,48.946182,2.872818,140.613818,3,stop_and_go,Dynamic,1462
2026-06-01 02:54:03,0.000000,0.100000,0.000000,0.000000,0.000000,77.070000,48.974200,2.263400,110.838300,3,stop_and_go,Dynamic,1463
2026-06-01 02:54:04,0.341800,0.000000,0.515476,7.430040,0.003700,77.065000,48.895100,3.814900,186.361100,3,stop_and_go,Dynamic,1464
2026-06-01 02:54:05,0.500000,0.000000,0.000000,9.892900,0.004900,77.059000,48.707600,7.686500,374.370500,3,stop_and_go,Dynamic,1465
2026-06-01 02:54:06,0.100000,0.000000,-0.476190,1.978580,0.000980,77.050000,48.755700,6.438900,313.812700,3,stop_and_go,Dynamic,1466
2026-06-01 02:54:07,0.000000,0.000000,0.000000,0.000000,0.000000,77.050000,48.958500,2.626200,128.542600,3,stop_and_go,Dynamic,1467
2026-06-01 02:54:08,-0.210000,0.000000,-0.285714,3.845570,0.001940,77.040000,48.950400,2.542700,124.424500,3,stop_and_go,Dynamic,1468
2026-06-01 02:54:09,-0.300000,0.000000,0.000000,5.935700,0.003000,77.040000,48.858600,4.837600,236.352900,3,stop_and_go,Dynamic,1469
2026-06-01 02:54:10,-0.112200,0.000000,0.285714,2.270210,0.001150,77.035000,48.866800,4.386900,214.347700,3,stop_and_go,Dynamic,1470
2026-06-01 02:54:11,0.000000,0.000000,0.000000,0.000000,0.000000,77.030000,49.002100,1.923800,94.261200,3,stop_and_go,Dynamic,1471
2026-06-01 02:54:12,0.000000,0.333333,0.000000,0.000000,0.000000,77.030000,49.008444,1.493000,73.165111,3,stop_and_go,Dynamic,1472
2026-06-01 02:54:13,0.000000,0.500000,0.000000,0.000000,0.000000,77.030000,48.971818,2.441727,119.573091,3,stop_and_go,Dynamic,1473
2026-06-01 02:54:14,0.000000,0.500000,0.000000,0.000000,0.000000,77.030000,48.940000,2.831100,138.553700,3,stop_and_go,Dynamic,1474
2026-06-01 02:54:15,0.000000,0.300000,0.000000,0.000000,0.000000,77.020000,48.948800,2.711000,132.695700,3,stop_and_go,Dynamic,1475
2026-06-01 02:54:16,0.093200,0.000000,0.476191,2.447010,0.001230,77.020000,48.999300,1.971800,96.584600,3,stop_and_go,Dynamic,1476
2026-06-01 02:54:17,0.500000,0.000000,0.000000,9.892900,0.004900,77.018000,48.763700,6.188100,301.712300,3,stop_and_go,Dynamic,1477
2026-06-01 02:54:18,0.350000,0.000000,-0.476190,6.925030,0.003430,77.010000,48.675500,8.074300,392.988400,3,stop_and_go,Dynamic,1478
2026-06-01 02:54:19,0.000000,0.000000,0.000000,0.000000,0.000000,77.000000,48.861800,4.076800,199.152900,3,stop_and_go,Dynamic,1479
2026-06-01 02:54:20,-0.060000,0.000000,-0.285714,0.877720,0.000440,77.000000,48.994700,1.893600,92.774200,3,stop_and_go,Dynamic,1480
2026-06-01 02:54:21,-0.300000,0.000000,0.000000,5.935700,0.003000,77.000000,48.885500,3.885600,189.920800,3,stop_and_go,Dynamic,1481
2026-06-01 02:54:22,-0.289500,0.000000,0.100000,5.784270,0.002920,76.991000,48.820400,5.293400,258.419400,3,stop_and_go,Dynamic,1482
2026-06-01 02:54:23,-0.000180,0.000000,0.185714,0.003560,0.000000,76.990000,48.941400,3.202300,156.698100,3,stop_and_go,Dynamic,1483
2026-06-01 02:54:24,0.000000,0.000000,0.000000,0.000000,0.000000,76.990000,49.013200,1.436500,70.402000,3,stop_and_go,Dynamic,1484
2026-06-01 02:54:25,0.440700,0.000000,0.476190,9.341830,0.004650,76.983000,48.852100,4.730600,230.977600,3,stop_and_go,Dynamic,1485
2026-06-01 02:54:26,0.500000,0.000000,0.000000,9.892900,0.004900,76.977000,48.693300,8.108300,394.808000,3,stop_and_go,Dynamic,1486
2026-06-01 02:54:27,0.050000,0.000000,-0.476190,0.989290,0.000490,76.970000,48.771600,5.973100,291.179900,3,stop_and_go,Dynamic,1487
2026-06-01 02:54:28,0.000000,0.000000,0.000000,0.000000,0.000000,76.964000,48.963500,2.404500,117.717300,3,stop_and_go,Dynamic,1488
2026-06-01 02:54:29,-0.266667,0.000000,-0.396825,4.846422,0.002444,76.960000,48.934889,2.976889,145.637000,3,stop_and_go,Dynamic,1489
2026-06-01 02:54:30,-0.300000,0.000000,0.000000,5.935700,0.003000,76.960000,48.838200,4.928800,240.708200,3,stop_and_go,Dynamic,1490
2026-06-01 02:54:31,-0.077100,0.000000,0.323571,1.589530,0.000810,76.952000,48.868200,4.091700,199.904700,3,stop_and_go,Dynamic,1491
2026-06-01 02:54:32,0.000000,0.000000,0.000000,0.000000,0.000000,76.950000,48.991091,1.738091,85.146909,3,stop_and_go,Dynamic,1492
2026-06-01 02:54:33,0.000000,0.388889,0.000000,0.000000,0.000000,76.923333,48.984889,1.627889,79.730000,3,stop_and_go,Dynamic,1493
2026-06-01 02:54:34,0.000000,0.500000,0.000000,0.000000,0.000000,76.902000,48.951700,2.495800,122.174800,3,stop_and_go,Dynamic,1494
2026-06-01 02:54:35,0.000000,0.500000,0.000000,0.000000,0.000000,76.860000,48.911200,2.844600,139.131400,3,stop_and_go,Dynamic,1495
2026-06-01 02:54:36,0.000000,0.300000,0.000000,0.000000,0.000000,76.932000,48.947800,2.679900,131.168100,3,stop_and_go,Dynamic,1496
2026-06-01 02:54:37,0.176727,0.000000,0.458225,4.081327,0.002036,76.940000,48.947636,2.527091,123.629455,3,stop_and_go,Dynamic,1497
2026-06-01 02:54:38,0.500000,0.000000,0.000000,9.892900,0.004900,76.935556,48.738444,6.776333,330.222556,3,stop_and_go,Dynamic,1498
2026-06-01 02:54:39,0.350000,0.000000,-0.595238,6.925030,0.003430,76.928000,48.676800,8.204800,399.359100,3,stop_and_go,Dynamic,1499
2026-06-01 02:54:40,0.000000,0.000000,0.000000,0.000000,0.000000,76.920000,48.872600,4.097800,200.219900,3,stop_and_go,Dynamic,1500
2026-06-01 02:54:41,-0.060000,0.000000,-0.357143,0.800360,0.000400,76.920000,48.990100,1.905300,93.330000,3,stop_and_go,Dynamic,1501
2026-06-01 02:54:42,-0.300000,0.000000,0.000000,5.935700,0.003000,76.917000,48.882300,3.908600,191.034400,3,stop_and_go,Dynamic,1502
2026-06-01 02:54:43,-0.287700,0.000000,0.146429,5.762110,0.002910,76.910000,48.817300,5.262000,256.872600,3,stop_and_go,Dynamic,1503
2026-06-01 02:54:44,0.000000,0.000000,0.168571,0.000000,0.000000,76.910000,48.904900,3.216300,157.250000,3,stop_and_go,Dynamic,1504
2026-06-01 02:54:45,0.000000,0.050000,0.000000,0.000000,0.000000,76.894000,48.992000,1.463400,71.689200,3,stop_and_go,Dynamic,1505
2026-06-01 02:54:46,0.000000,0.500000,0.000000,0.000000,0.000000,76.828000,48.956200,2.089300,102.282100,3,stop_and_go,Dynamic,1506
2026-06-01 02:54:47,0.000000,0.500000,0.000000,0.000000,0.000000,76.860000,48.946900,2.693300,131.827100,3,stop_and_go,Dynamic,1507
2026-06-01 02:54:48,0.000000,0.500000,0.000000,0.000000,0.000000,76.836000,48.914500,2.887900,141.259400,3,stop_and_go,Dynamic,1508
2026-06-01 02:54:49,0.000000,0.100000,0.000000,0.000000,0.000000,76.862000,48.953000,2.191600,107.270400,3,stop_and_go,Dynamic,1509
2026-06-01 02:54:50,0.299200,0.000000,0.476191,6.544890,0.003250,76.874000,48.911900,3.397000,166.025000,3,stop_and_go,Dynamic,1510
2026-06-01 02:54:51,0.500000,0.000000,0.000000,9.892900,0.004900,76.864000,48.687100,7.526500,366.420600,3,stop_and_go,Dynamic,1511
2026-06-01 02:54:52,0.150000,0.000000,-0.595238,2.967870,0.001470,76.863000,48.723600,6.771400,329.788100,3,stop_and_go,Dynamic,1512
2026-06-01 02:54:53,0.000000,0.000000,0.000000,0.000000,0.000000,76.857000,48.919100,2.803200,137.098700,3,stop_and_go,Dynamic,1513
2026-06-01 02:54:54,-0.180000,0.000000,-0.357143,3.174640,0.001600,76.862000,48.974400,2.310800,113.138700,3,stop_and_go,Dynamic,1514
2026-06-01 02:54:55,-0.300000,0.000000,0.000000,5.935700,0.003000,76.846000,48.819600,4.712200,230.036000,3,stop_and_go,Dynamic,1515
2026-06-01 02:54:56,-0.133500,0.000000,0.317857,2.709460,0.001370,76.846000,48.852300,4.524100,220.972400,3,stop_and_go,Dynamic,1516
2026-06-01 02:54:57,0.000000,0.000000,0.000000,0.000000,0.000000,76.844000,48.975100,2.048400,100.310500,3,stop_and_go,Dynamic,1517
2026-06-01 02:54:58,0.199800,0.000000,0.516190,4.615310,0.002300,76.852000,48.949900,2.360700,115.458100,3,stop_and_go,Dynamic,1518
2026-06-01 02:54:59,0.500000,0.000000,0.000000,9.892900,0.004900,76.854000,48.732900,6.836600,333.123400,3,stop_and_go,Dynamic,1519
2026-06-01 02:55:00,0.250000,0.000000,-0.476190,4.946450,0.002450,76.813000,48.710100,7.489000,364.720100,3,stop_and_go,Dynamic,1520
2026-06-01 02:55:01,0.000000,0.000000,0.000000,0.000000,0.000000,76.840000,48.894400,3.369700,164.711200,3,stop_and_go,Dynamic,1521
2026-06-01 02:55:02,-0.150000,0.000000,-0.285714,2.658430,0.001340,76.824000,48.966600,2.335700,114.350400,3,stop_and_go,Dynamic,1522
2026-06-01 02:55:03,-0.300000,0.000000,0.000000,5.935700,0.003000,76.826000,48.838400,4.586100,223.962500,3,stop_and_go,Dynamic,1523
2026-06-01 02:55:04,-0.195900,0.000000,0.285714,3.937100,0.001990,76.814000,48.805900,5.025900,245.278200,3,stop_and_go,Dynamic,1524
2026-06-01 02:55:05,0.000000,0.000000,0.000000,0.000000,0.000000,76.820000,48.940300,2.449000,119.834800,3,stop_and_go,Dynamic,1525
2026-06-01 02:55:06,0.000000,0.150000,0.000000,0.000000,0.000000,76.804000,48.995900,1.334200,65.368700,3,stop_and_go,Dynamic,1526
2026-06-01 02:55:07,0.000000,0.500000,0.000000,0.000000,0.000000,76.756000,48.941100,2.226500,108.965100,3,stop_and_go,Dynamic,1527
2026-06-01 02:55:08,0.000000,0.500000,0.000000,0.000000,0.000000,76.756000,48.933100,2.709000,132.559400,3,stop_and_go,Dynamic,1528
2026-06-01 02:55:09,0.000000,0.450000,0.000000,0.000000,0.000000,76.764000,48.922700,2.890700,141.421300,3,stop_and_go,Dynamic,1529
2026-06-01 02:55:10,0.014700,0.000000,0.140000,0.381820,0.000190,76.790000,48.965500,1.916500,93.840000,3,stop_and_go,Dynamic,1530
2026-06-01 02:55:11,0.485700,0.000000,0.336191,10.133030,0.005030,76.786000,48.806700,5.474000,267.051600,3,stop_and_go,Dynamic,1531
2026-06-01 02:55:12,0.500000,0.000000,0.000000,9.892900,0.004900,76.796000,48.634900,8.327600,404.989900,3,stop_and_go,Dynamic,1532
2026-06-01 02:55:13,0.000000,0.000000,-0.476190,0.000000,0.000000,76.772000,48.796700,5.348300,260.861100,3,stop_and_go,Dynamic,1533
2026-06-01 02:55:14,0.000000,0.000000,0.000000,0.000000,0.000000,76.774000,48.943700,2.186700,107.014400,3,stop_and_go,Dynamic,1534
2026-06-01 02:55:15,-0.270000,0.000000,-0.285714,5.032710,0.002540,76.750000,48.880700,3.233700,158.033300,3,stop_and_go,Dynamic,1535
2026-06-01 02:55:16,-0.300000,0.000000,0.000000,5.935700,0.003000,76.704000,48.797100,5.144100,251.015400,3,stop_and_go,Dynamic,1536
2026-06-01 02:55:17,-0.046500,0.000000,0.317857,0.989660,0.000500,76.708000,48.891600,3.492400,170.714300,3,stop_and_go,Dynamic,1537
2026-06-01 02:55:18,0.000000,0.000000,0.000000,0.000000,0.000000,76.700000,48.985100,1.539900,75.430000,3,stop_and_go,Dynamic,1538
2026-06-01 02:55:19,0.000000,0.415000,0.000000,0.000000,0.000000,76.700000,48.956000,1.728300,84.600500,3,stop_and_go,Dynamic,1539
2026-06-01 02:55:20,0.000000,0.500000,0.000000,0.000000,0.000000,76.692000,48.933700,2.579700,126.232000,3,stop_and_go,Dynamic,1540
2026-06-01 02:55:21,0.000000,0.500000,0.000000,0.000000,0.000000,76.690000,48.908400,2.829600,138.391100,3,stop_and_go,Dynamic,1541
2026-06-01 02:55:22,0.000000,0.230000,0.000000,0.000000,0.000000,76.690000,48.927300,2.479600,121.303400,3,stop_and_go,Dynamic,1542
2026-06-01 02:55:23,0.161560,0.000000,0.497381,3.926600,0.001950,76.690000,48.939800,2.490900,121.825800,3,stop_and_go,Dynamic,1543
2026-06-01 02:55:24,0.500000,0.000000,0.000000,9.892900,0.004900,76.681000,48.697300,6.862400,334.122000,3,stop_and_go,Dynamic,1544
2026-06-01 02:55:25,0.330000,0.000000,-0.476191,6.529310,0.003240,76.673000,48.663800,8.005400,389.521400,3,stop_and_go,Dynamic,1545
2026-06-01 02:55:26,0.000000,0.000000,0.000000,0.000000,0.000000,76.670000,48.861600,3.756900,183.509200,3,stop_and_go,Dynamic,1546
2026-06-01 02:55:27,-0.072000,0.000000,-0.285714,1.115150,0.000560,76.666000,48.944500,1.927300,94.323300,3,stop_and_go,Dynamic,1547
2026-06-01 02:55:28,-0.300000,0.000000,0.000000,5.935700,0.003000,76.660000,48.845000,4.140500,202.226200,3,stop_and_go,Dynamic,1548
2026-06-01 02:55:29,-0.250320,0.000000,0.286143,4.974400,0.002510,76.659000,48.798100,5.121600,249.915900,3,stop_and_go,Dynamic,1549
2026-06-01 02:55:30,0.000000,0.000000,0.000000,0.000000,0.000000,76.650000,48.921800,2.660500,130.137700,3,stop_and_go,Dynamic,1550
2026-06-01 02:55:31,0.018960,0.000000,0.180143,0.542430,0.000270,76.650000,48.966500,1.493200,73.103400,3,stop_and_go,Dynamic,1551
2026-06-01 02:55:32,0.489900,0.000000,0.296190,10.208910,0.005070,76.650000,48.754600,5.700600,277.843700,3,stop_and_go,Dynamic,1552
2026-06-01 02:55:33,0.490000,0.000000,-0.119048,9.695040,0.004810,76.640000,48.639800,8.325300,404.929300,3,stop_and_go,Dynamic,1553
2026-06-01 02:55:34,0.000000,0.000000,-0.380952,0.000000,0.000000,76.631000,48.811800,4.917600,239.977700,3,stop_and_go,Dynamic,1554
2026-06-01 02:55:35,0.000000,0.000000,0.000000,0.000000,0.000000,76.630000,48.957600,2.044800,100.103100,3,stop_and_go,Dynamic,1555
2026-06-01 02:55:36,-0.276000,0.000000,-0.300000,5.135950,0.002590,76.630000,48.887400,3.348400,163.657100,3,stop_and_go,Dynamic,1556
2026-06-01 02:55:37,-0.300000,0.000000,0.000000,5.935700,0.003000,76.621000,48.799000,5.186200,253.076000,3,stop_and_go,Dynamic,1557
2026-06-01 02:55:38,-0.038940,0.000000,0.325571,0.792600,0.000390,76.620000,48.872000,3.461600,169.127700,3,stop_and_go,Dynamic,1558
2026-06-01 02:55:39,0.000000,0.000000,0.000000,0.000000,0.000000,76.620000,48.981200,1.500000,73.470000,3,stop_and_go,Dynamic,1559
2026-06-01 02:55:40,0.000000,0.440000,0.000000,0.000000,0.000000,76.616000,48.949700,1.756600,85.979900,3,stop_and_go,Dynamic,1560
2026-06-01 02:55:41,0.000000,0.500000,0.000000,0.000000,0.000000,76.610000,48.923600,2.543800,124.449100,3,stop_and_go,Dynamic,1561
2026-06-01 02:55:42,0.000000,0.500000,0.000000,0.000000,0.000000,76.610000,48.909100,2.862000,139.976300,3,stop_and_go,Dynamic,1562
2026-06-01 02:55:43,0.000000,0.175000,0.000000,0.000000,0.000000,76.610000,48.935200,2.377600,116.333600,3,stop_and_go,Dynamic,1563
2026-06-01 02:55:44,0.259280,0.000000,0.515762,5.826990,0.002900,76.615000,48.885400,3.361100,164.185900,3,stop_and_go,Dynamic,1564
2026-06-01 02:55:45,0.500000,0.000000,0.000000,9.892900,0.004900,76.664000,48.678700,7.500700,365.091400,3,stop_and_go,Dynamic,1565
2026-06-01 02:55:46,0.200000,0.000000,-0.476190,3.957160,0.001960,76.648000,48.667400,7.369000,358.529200,3,stop_and_go,Dynamic,1566
2026-06-01 02:55:47,0.000000,0.000000,0.000000,0.000000,0.000000,76.630000,48.898700,3.136300,153.330500,3,stop_and_go,Dynamic,1567
2026-06-01 02:55:48,-0.150000,0.000000,-0.285714,2.658430,0.001340,76.614000,48.932900,2.136800,104.534600,3,stop_and_go,Dynamic,1568
2026-06-01 02:55:49,-0.300000,0.000000,0.000000,5.935700,0.003000,76.628000,48.844100,4.477400,218.680700,3,stop_and_go,Dynamic,1569
2026-06-01 02:55:50,-0.214200,0.000000,0.325714,4.267800,0.002160,76.634000,48.807100,5.042900,246.113800,3,stop_and_go,Dynamic,1570
2026-06-01 02:55:51,0.000000,0.000000,0.000000,0.000000,0.000000,76.602000,48.918300,2.482800,121.441200,3,stop_and_go,Dynamic,1571
2026-06-01 02:55:52,0.000000,0.200000,0.000000,0.000000,0.000000,76.618000,48.999000,1.390300,68.119100,3,stop_and_go,Dynamic,1572
2026-06-01 02:55:53,0.000000,0.500000,0.000000,0.000000,0.000000,76.578000,48.932300,2.269000,111.028400,3,stop_and_go,Dynamic,1573
2026-06-01 02:55:54,0.000000,0.500000,0.000000,0.000000,0.000000,76.584000,48.911200,2.768500,135.410700,3,stop_and_go,Dynamic,1574
2026-06-01 02:55:55,0.000000,0.450000,0.000000,0.000000,0.000000,76.584000,48.913500,2.910600,142.368000,3,stop_and_go,Dynamic,1575
2026-06-01 02:55:56,0.004500,0.000000,0.042857,0.104820,0.000050,76.608000,48.962900,1.904100,93.231500,3,stop_and_go,Dynamic,1576
2026-06-01 02:55:57,0.463600,0.000000,0.473333,9.859560,0.004890,76.583000,48.778800,5.364000,261.565000,3,stop_and_go,Dynamic,1577
2026-06-01 02:55:58,0.500000,0.000000,0.000000,9.892900,0.004900,76.582000,48.637500,8.284300,402.916900,3,stop_and_go,Dynamic,1578
2026-06-01 02:55:59,0.000000,0.000000,-0.476190,0.000000,0.000000,76.590000,48.757100,5.438400,265.039400,3,stop_and_go,Dynamic,1579
2026-06-01 02:56:00,0.000000,0.000000,0.000000,0.000000,0.000000,76.596000,48.914700,2.203700,107.780400,3,stop_and_go,Dynamic,1580
2026-06-01 02:56:01,-0.300000,0.000000,-0.285714,5.626280,0.002840,76.587000,48.885900,3.437100,167.994900,3,stop_and_go,Dynamic,1581
2026-06-01 02:56:02,-0.300000,0.000000,0.000000,5.935700,0.003000,76.570000,48.781300,5.164500,251.926100,3,stop_and_go,Dynamic,1582
2026-06-01 02:56:03,-0.061200,0.000000,0.297857,1.239050,0.000620,76.570000,48.850200,3.866600,188.831500,3,stop_and_go,Dynamic,1583
2026-06-01 02:56:04,0.000000,0.000000,0.000000,0.000000,0.000000,76.565000,48.963300,1.667400,81.636000,3,stop_and_go,Dynamic,1584
2026-06-01 02:56:05,0.320500,0.000000,0.516190,7.091830,0.003530,76.552000,48.877200,3.604800,176.053400,3,stop_and_go,Dynamic,1585
2026-06-01 02:56:06,0.500000,0.000000,0.000000,9.892900,0.004900,76.556000,48.670800,7.649200,372.267500,3,stop_and_go,Dynamic,1586
2026-06-01 02:56:07,0.105000,0.000000,-0.476190,2.077510,0.001030,76.574000,48.716500,6.418300,312.542600,3,stop_and_go,Dynamic,1587
2026-06-01 02:56:08,0.000000,0.000000,0.000000,0.000000,0.000000,76.525000,48.925600,2.589700,126.677700,3,stop_and_go,Dynamic,1588
2026-06-01 02:56:09,-0.207000,0.000000,-0.285714,3.786210,0.001910,76.540000,48.918200,2.525000,123.485500,3,stop_and_go,Dynamic,1589
2026-06-01 02:56:10,-0.300000,0.000000,0.000000,5.935700,0.003000,76.556000,48.826400,4.759000,232.362500,3,stop_and_go,Dynamic,1590
2026-06-01 02:56:11,-0.124740,0.000000,0.290857,2.486450,0.001250,76.557000,48.842000,4.368200,213.312100,3,stop_and_go,Dynamic,1591
2026-06-01 02:56:12,0.000000,0.000000,0.000000,0.000000,0.000000,76.522000,48.939400,1.931300,94.505400,3,stop_and_go,Dynamic,1592
2026-06-01 02:56:13,0.000000,0.285000,0.000000,0.000000,0.000000,76.530000,48.952500,1.436500,70.311100,3,stop_and_go,Dynamic,1593
2026-06-01 02:56:14,0.000000,0.500000,0.000000,0.000000,0.000000,76.506000,48.903600,2.397200,117.233100,3,stop_and_go,Dynamic,1594
2026-06-01 02:56:15,0.000000,0.500000,0.000000,0.000000,0.000000,76.525000,48.910300,2.799800,136.938200,3,stop_and_go,Dynamic,1595
2026-06-01 02:56:16,0.000000,0.300000,0.000000,0.000000,0.000000,76.512000,48.904100,2.713700,132.704200,3,stop_and_go,Dynamic,1596
2026-06-01 02:56:17,0.071100,0.000000,0.425714,1.998170,0.000990,76.528000,48.939800,1.962100,95.999300,3,stop_and_go,Dynamic,1597
2026-06-01 02:56:18,0.500000,0.000000,0.063095,10.006790,0.004960,76.534000,48.718900,6.185000,301.265400,3,stop_and_go,Dynamic,1598
2026-06-01 02:56:19,0.360000,0.000000,-0.571429,7.122890,0.003530,76.492000,48.632200,8.061900,392.051100,3,stop_and_go,Dynamic,1599
2026-06-01 02:56:20,0.000000,0.000000,0.000000,0.000000,0.000000,76.484000,48.820000,4.040900,197.217300,3,stop_and_go,Dynamic,1600
2026-06-01 02:56:21,-0.051000,0.000000,-0.335714,0.645500,0.000320,76.500000,48.937600,1.892600,92.620000,3,stop_and_go,Dynamic,1601
2026-06-01 02:56:22,-0.300000,0.000000,0.000000,5.935700,0.003000,76.498000,48.837000,3.886900,189.803400,3,stop_and_go,Dynamic,1602
2026-06-01 02:56:23,-0.297300,0.000000,0.032143,5.904560,0.002980,76.522000,48.787400,5.303200,258.723000,3,stop_and_go,Dynamic,1603
2026-06-01 02:56:24,-0.006300,0.000000,0.260000,0.124650,0.000060,76.522000,48.879400,3.204500,156.596800,3,stop_and_go,Dynamic,1604
2026-06-01 02:56:25,0.000000,0.050000,0.000000,0.000000,0.000000,76.521000,48.960900,1.485900,72.746400,3,stop_and_go,Dynamic,1605
2026-06-01 02:56:26,0.000000,0.500000,0.000000,0.000000,0.000000,76.482000,48.934800,1.997400,97.736100,3,stop_and_go,Dynamic,1606
2026-06-01 02:56:27,0.000000,0.500000,0.000000,0.000000,0.000000,76.472000,48.877600,2.639800,129.025800,3,stop_and_go,Dynamic,1607
2026-06-01 02:56:28,0.000000,0.500000,0.000000,0.000000,0.000000,76.464000,48.892200,2.898800,141.728100,3,stop_and_go,Dynamic,1608
2026-06-01 02:56:29,0.000000,0.050000,0.000000,0.000000,0.000000,76.437000,48.915700,2.048200,100.178300,3,stop_and_go,Dynamic,1609
2026-06-01 02:56:30,0.371700,0.000000,0.516190,8.035890,0.003990,76.430000,48.822400,4.309900,210.281700,3,stop_and_go,Dynamic,1610
2026-06-01 02:56:31,0.500000,0.000000,0.000000,9.892900,0.004900,76.443000,48.625300,7.915100,384.857500,3,stop_and_go,Dynamic,1611
2026-06-01 02:56:32,0.100000,0.000000,-0.476190,1.978580,0.000980,76.436000,48.705500,6.488800,315.909100,3,stop_and_go,Dynamic,1612
2026-06-01 02:56:33,0.000000,0.000000,0.000000,0.000000,0.000000,76.487000,48.901700,2.646000,129.367700,3,stop_and_go,Dynamic,1613
2026-06-01 02:56:34,-0.210000,0.000000,-0.285714,3.845570,0.001940,76.466000,48.903800,2.557500,125.037600,3,stop_and_go,Dynamic,1614
2026-06-01 02:56:35,-0.300000,0.000000,0.000000,5.935700,0.003000,76.490000,48.809444,4.740111,231.354889,3,stop_and_go,Dynamic,1615
2026-06-01 02:56:36,-0.157636,0.000000,0.296104,3.169064,0.001600,76.483636,48.792818,4.726909,230.597000,3,stop_and_go,Dynamic,1616
2026-06-01 02:56:37,0.000000,0.000000,0.000000,0.000000,0.000000,76.480000,48.935500,2.101500,102.826100,3,stop_and_go,Dynamic,1617
2026-06-01 02:56:38,0.236700,0.000000,0.516190,5.382780,0.002690,76.480000,48.899600,2.764800,135.067300,3,stop_and_go,Dynamic,1618
2026-06-01 02:56:39,0.500000,0.000000,0.000000,9.892900,0.004900,76.473000,48.694700,7.124500,346.881400,3,stop_and_go,Dynamic,1619
2026-06-01 02:56:40,0.250000,0.000000,-0.476190,4.946450,0.002450,76.465000,48.646000,7.670600,373.077900,3,stop_and_go,Dynamic,1620
2026-06-01 02:56:41,0.000000,0.000000,0.000000,0.000000,0.000000,76.460000,48.875200,3.430600,167.624900,3,stop_and_go,Dynamic,1621
2026-06-01 02:56:42,-0.120000,0.000000,-0.285714,2.064860,0.001040,76.460000,48.934500,2.015400,98.609800,3,stop_and_go,Dynamic,1622
2026-06-01 02:56:43,-0.300000,0.000000,0.000000,5.935700,0.003000,76.453000,48.811400,4.310300,210.383300,3,stop_and_go,Dynamic,1623
2026-06-01 02:56:44,-0.256067,0.000000,0.313651,5.129989,0.002589,76.450000,48.763667,5.284889,257.701556,3,stop_and_go,Dynamic,1624
2026-06-01 02:56:45,0.000000,0.000000,0.004286,0.000000,0.000000,76.446000,48.871600,2.960300,144.655700,3,stop_and_go,Dynamic,1625
2026-06-01 02:56:46,0.000000,0.100000,0.000000,0.000000,0.000000,76.440000,48.960100,1.458900,71.429800,3,stop_and_go,Dynamic,1626
2026-06-01 02:56:47,0.000000,0.500000,0.000000,0.000000,0.000000,76.440000,48.927818,2.155273,105.448818,3,stop_and_go,Dynamic,1627
2026-06-01 02:56:48,0.000000,0.500000,0.000000,0.000000,0.000000,76.440000,48.891556,2.719556,132.962889,3,stop_and_go,Dynamic,1628
2026-06-01 02:56:49,0.000000,0.500000,0.000000,0.000000,0.000000,76.440000,48.878182,2.944364,143.915182,3,stop_and_go,Dynamic,1629
2026-06-01 02:56:50,0.000000,0.000000,0.000000,0.000000,0.000000,76.431111,48.940444,1.992444,97.507333,3,stop_and_go,Dynamic,1630
2026-06-01 02:56:51,0.400145,0.000000,0.468961,8.545109,0.004255,76.430000,48.799545,4.568000,222.778636,3,stop_and_go,Dynamic,1631
2026-06-01 02:56:52,0.500000,0.000000,0.000000,9.892900,0.004900,76.424000,48.629500,8.143600,396.003300,3,stop_and_go,Dynamic,1632
2026-06-01 02:56:53,0.050000,0.000000,-0.476190,0.989290,0.000490,76.416000,48.736800,5.961200,290.381100,3,stop_and_go,Dynamic,1633
2026-06-01 02:56:54,0.000000,0.000000,0.000000,0.000000,0.000000,76.410000,48.902300,2.435600,119.091000,3,stop_and_go,Dynamic,1634
2026-06-01 02:56:55,-0.240000,0.000000,-0.285714,4.439140,0.002240,76.410000,48.886800,2.795000,136.596700,3,stop_and_go,Dynamic,1635
2026-06-01 02:56:56,-0.300000,0.000000,0.000000,5.935700,0.003000,76.407778,48.779000,4.863000,237.207333,3,stop_and_go,Dynamic,1636
2026-06-01 02:56:57,-0.111300,0.000000,0.285714,2.257780,0.001140,76.400000,48.830600,4.338900,211.824300,3,stop_and_go,Dynamic,1637
2026-06-01 02:56:58,0.000000,0.000000,0.000000,0.000000,0.000000,76.400000,48.937273,1.880182,91.999727,3,stop_and_go,Dynamic,1638
2026-06-01 02:56:59,0.000000,0.333333,0.000000,0.000000,0.000000,76.400000,48.954111,1.484222,72.656667,3,stop_and_go,Dynamic,1639
2026-06-01 02:57:00,0.000000,0.500000,0.000000,0.000000,0.000000,76.388182,48.902636,2.426091,118.642091,3,stop_and_go,Dynamic,1640
2026-06-01 02:57:01,0.000000,0.500000,0.000000,0.000000,0.000000,76.390000,48.869556,2.811444,137.394556,3,stop_and_go,Dynamic,1641
2026-06-01 02:57:02,0.000000,0.318182,0.000000,0.000000,0.000000,76.390000,48.879545,2.706091,132.271273,3,stop_and_go,Dynamic,1642
2026-06-01 02:57:03,0.087600,0.000000,0.502857,2.377710,0.001190,76.390000,48.929700,1.965500,96.143000,3,stop_and_go,Dynamic,1643
2026-06-01 02:57:04,0.500000,0.000000,0.013333,9.916970,0.004920,76.383000,48.724900,6.199500,302.014900,3,stop_and_go,Dynamic,1644
2026-06-01 02:57:05,0.400000,0.000000,-0.476190,7.914320,0.003920,76.376000,48.612000,8.296800,403.320900,3,stop_and_go,Dynamic,1645
2026-06-01 02:57:06,0.000000,0.000000,0.000000,0.000000,0.000000,76.370000,48.796600,4.512700,220.150500,3,stop_and_go,Dynamic,1646
2026-06-01 02:57:07,-0.030000,0.000000,-0.285714,0.284150,0.000140,76.370000,48.940500,1.953400,95.591900,3,stop_and_go,Dynamic,1647
2026-06-01 02:57:08,-0.300000,0.000000,0.000000,5.935700,0.003000,76.360000,48.834300,3.661300,178.771000,3,stop_and_go,Dynamic,1648
2026-06-01 02:57:09,-0.300000,0.000000,0.000000,5.935700,0.003000,76.360000,48.753333,5.204778,253.751889,3,stop_and_go,Dynamic,1649
2026-06-01 02:57:10,-0.046260,0.000000,0.322714,0.982180,0.000490,76.353000,48.822600,3.871900,189.009400,3,stop_and_go,Dynamic,1650
2026-06-01 02:57:11,0.000000,0.000000,0.000000,0.000000,0.000000,76.350000,48.942000,1.663100,81.389900,3,stop_and_go,Dynamic,1651
2026-06-01 02:57:12,0.397760,0.000000,0.512524,8.530030,0.004250,76.342000,48.814800,4.246400,207.168300,3,stop_and_go,Dynamic,1652
2026-06-01 02:57:13,0.500000,0.000000,0.000000,9.892900,0.004900,76.342000,48.638100,7.866800,382.611100,3,stop_and_go,Dynamic,1653
2026-06-01 02:57:14,0.100000,0.000000,-0.476190,1.978580,0.000980,76.294000,48.708300,6.308500,307.116600,3,stop_and_go,Dynamic,1654
2026-06-01 02:57:15,0.000000,0.000000,0.000000,0.000000,0.000000,76.250000,48.891500,2.401300,117.390400,3,stop_and_go,Dynamic,1655
2026-06-01 02:57:16,-0.240000,0.000000,-0.285714,4.439140,0.002240,76.249000,48.857500,3.127800,152.780900,3,stop_and_go,Dynamic,1656
2026-06-01 02:57:17,-0.300000,0.000000,0.000000,5.935700,0.003000,76.240000,48.757800,5.065200,246.965600,3,stop_and_go,Dynamic,1657
2026-06-01 02:57:18,-0.104100,0.000000,0.285714,2.112170,0.001070,76.240000,48.799400,4.166200,203.262300,3,stop_and_go,Dynamic,1658
2026-06-01 02:57:19,0.000000,0.000000,0.000000,0.000000,0.000000,76.231000,48.923500,1.808100,88.454800,3,stop_and_go,Dynamic,1659
2026-06-01 02:57:20,0.000000,0.300000,0.000000,0.000000,0.000000,76.230000,48.938700,1.534800,75.100700,3,stop_and_go,Dynamic,1660
2026-06-01 02:57:21,0.000000,0.500000,0.000000,0.000000,0.000000,76.238000,48.893700,2.448000,119.691100,3,stop_and_go,Dynamic,1661
2026-06-01 02:57:22,0.000000,0.500000,0.000000,0.000000,0.000000,76.238000,48.879200,2.828300,138.244500,3,stop_and_go,Dynamic,1662
2026-06-01 02:57:23,0.000000,0.350000,0.000000,0.000000,0.000000,76.228000,48.871900,2.704100,132.147300,3,stop_and_go,Dynamic,1663
2026-06-01 02:57:24,0.105200,0.000000,0.504524,2.731640,0.001370,76.229000,48.893700,2.217900,108.404200,3,stop_and_go,Dynamic,1664
2026-06-01 02:57:25,0.500000,0.000000,0.000000,9.892900,0.004900,76.220000,48.687700,6.605800,321.567900,3,stop_and_go,Dynamic,1665
2026-06-01 02:57:26,0.400000,0.000000,-0.476190,7.914320,0.003920,76.218000,48.615800,8.183300,397.820400,3,stop_and_go,Dynamic,1666
2026-06-01 02:57:27,0.000000,0.000000,0.000000,0.000000,0.000000,76.211000,48.794900,4.131800,201.565200,3,stop_and_go,Dynamic,1667
2026-06-01 02:57:28,-0.060000,0.000000,-0.285714,0.877720,0.000440,76.208000,48.921800,2.009400,98.298800,3,stop_and_go,Dynamic,1668
2026-06-01 02:57:29,-0.300000,0.000000,0.000000,5.935700,0.003000,76.200000,48.796600,4.115800,200.811300,3,stop_and_go,Dynamic,1669
2026-06-01 02:57:30,-0.283500,0.000000,0.157143,5.667100,0.002860,76.192000,48.766100,5.285800,257.760000,3,stop_and_go,Dynamic,1670
2026-06-01 02:57:31,0.000000,0.000000,0.128571,0.000000,0.000000,76.198000,48.861600,2.941500,143.697200,3,stop_and_go,Dynamic,1671
2026-06-01 02:57:32,0.000000,0.000000,0.000000,0.000000,0.000000,76.190000,48.936700,1.408100,68.906100,3,stop_and_go,Dynamic,1672
2026-06-01 02:57:33,0.000000,0.500000,0.000000,0.000000,0.000000,76.190000,48.910900,1.986100,97.136300,3,stop_and_go,Dynamic,1673
2026-06-01 02:57:34,0.000000,0.500000,0.000000,0.000000,0.000000,76.189000,48.882600,2.691700,131.574600,3,stop_and_go,Dynamic,1674
2026-06-01 02:57:35,0.000000,0.500000,0.000000,0.000000,0.000000,76.180000,48.885300,2.893900,141.468700,3,stop_and_go,Dynamic,1675
2026-06-01 02:57:36,0.000000,0.095000,0.000000,0.000000,0.000000,76.180000,48.897700,2.099200,102.632700,3,stop_and_go,Dynamic,1676
2026-06-01 02:57:37,0.305200,0.000000,0.504524,6.708840,0.003330,76.178000,48.834700,3.741500,182.583200,3,stop_and_go,Dynamic,1677
2026-06-01 02:57:38,0.500000,0.000000,0.000000,9.892900,0.004900,76.170000,48.624700,7.687400,373.770000,3,stop_and_go,Dynamic,1678
2026-06-01 02:57:39,0.200000,0.000000,-0.476190,3.957160,0.001960,76.161000,48.654800,6.951700,338.106000,3,stop_and_go,Dynamic,1679
2026-06-01 02:57:40,0.000000,0.000000,0.000000,0.000000,0.000000,76.160000,48.864600,2.877100,140.564100,3,stop_and_go,Dynamic,1680
2026-06-01 02:57:41,-0.180000,0.000000,-0.285714,3.252000,0.001640,76.154000,48.867500,2.620900,128.036300,3,stop_and_go,Dynamic,1681
2026-06-01 02:57:42,-0.300000,0.000000,0.000000,5.935700,0.003000,76.150000,48.779600,4.853300,236.739200,3,stop_and_go,Dynamic,1682
2026-06-01 02:57:43,-0.163500,0.000000,0.285714,3.282610,0.001660,76.146000,48.759400,4.678300,228.082000,3,stop_and_go,Dynamic,1683
2026-06-01 02:57:44,0.000000,0.000000,0.000000,0.000000,0.000000,76.140000,48.900800,2.091400,102.260500,3,stop_and_go,Dynamic,1684
2026-06-01 02:57:45,0.203160,0.000000,0.513191,4.692520,0.002340,76.140000,48.857600,2.725900,133.073800,3,stop_and_go,Dynamic,1685
2026-06-01 02:57:46,0.500000,0.000000,0.000000,9.892900,0.004900,76.135000,48.648400,7.152400,347.909300,3,stop_and_go,Dynamic,1686
2026-06-01 02:57:47,0.260000,0.000000,-0.500000,5.144310,0.002550,76.127000,48.606600,7.665200,372.511300,3,stop_and_go,Dynamic,1687
2026-06-01 02:57:48,0.000000,0.000000,0.000000,0.000000,0.000000,76.120000,48.827700,3.412200,166.561600,3,stop_and_go,Dynamic,1688
2026-06-01 02:57:49,-0.147000,0.000000,-0.285714,2.599070,0.001310,76.120000,48.891200,2.270400,110.983300,3,stop_and_go,Dynamic,1689
2026-06-01 02:57:50,-0.300000,0.000000,0.000000,5.935700,0.003000,76.125000,48.780800,4.516700,220.320400,3,stop_and_go,Dynamic,1690
2026-06-01 02:57:51,-0.184740,0.000000,0.285714,3.672140,0.001850,76.118000,48.759200,4.809300,234.469500,3,stop_and_go,Dynamic,1691
2026-06-01 02:57:52,0.000000,0.000000,0.000000,0.000000,0.000000,76.110000,48.912300,2.231000,109.104300,3,stop_and_go,Dynamic,1692
2026-06-01 02:57:53,0.000000,0.195000,0.000000,0.000000,0.000000,76.110000,48.928500,1.304400,63.821400,3,stop_and_go,Dynamic,1693
2026-06-01 02:57:54,0.000000,0.500000,0.000000,0.000000,0.000000,76.126000,48.903300,2.232700,109.183400,3,stop_and_go,Dynamic,1694
2026-06-01 02:57:55,0.000000,0.500000,0.000000,0.000000,0.000000,76.100000,48.874400,2.774500,135.602400,3,stop_and_go,Dynamic,1695
2026-06-01 02:57:56,0.000000,0.420000,0.000000,0.000000,0.000000,76.116000,48.862800,2.824200,137.999100,3,stop_and_go,Dynamic,1696
2026-06-01 02:57:57,0.003300,0.000000,0.031429,0.076870,0.000040,76.108000,48.916200,1.744300,85.315200,3,stop_and_go,Dynamic,1697
2026-06-01 02:57:58,0.465400,0.000000,0.484762,9.947570,0.004940,76.133000,48.730900,5.353100,260.754800,3,stop_and_go,Dynamic,1698
2026-06-01 02:57:59,0.455000,0.000000,-0.428571,9.002540,0.004460,76.119000,48.568600,8.217900,399.129800,3,stop_and_go,Dynamic,1699
2026-06-01 02:58:00,0.000000,0.000000,-0.047619,0.000000,0.000000,76.096000,48.768100,4.888600,238.324200,3,stop_and_go,Dynamic,1700
2026-06-01 02:58:01,0.000000,0.000000,0.000000,0.000000,0.000000,76.085000,48.894000,2.052900,100.362300,3,stop_and_go,Dynamic,1701
2026-06-01 02:58:02,-0.294000,0.000000,-0.285714,5.507570,0.002780,76.096000,48.824300,3.378500,164.924800,3,stop_and_go,Dynamic,1702
2026-06-01 02:58:03,-0.300000,0.000000,0.000000,5.935700,0.003000,76.086000,48.740800,5.174200,252.188800,3,stop_and_go,Dynamic,1703
2026-06-01 02:58:04,-0.064740,0.000000,0.285714,1.309040,0.000650,76.061000,48.808400,3.879200,189.289500,3,stop_and_go,Dynamic,1704
2026-06-01 02:58:05,0.000000,0.000000,0.000000,0.000000,0.000000,76.092000,48.906100,1.638200,80.112100,3,stop_and_go,Dynamic,1705
2026-06-01 02:58:06,0.000000,0.430000,0.000000,0.000000,0.000000,76.068000,48.902800,1.777400,86.916000,3,stop_and_go,Dynamic,1706
2026-06-01 02:58:07,0.000000,0.500000,0.000000,0.000000,0.000000,76.060000,48.862800,2.601000,127.091300,3,stop_and_go,Dynamic,1707
2026-06-01 02:58:08,0.000000,0.500000,0.000000,0.000000,0.000000,76.056000,48.870600,2.850400,139.300300,3,stop_and_go,Dynamic,1708
2026-06-01 02:58:09,0.000000,0.150000,0.000000,0.000000,0.000000,76.091000,48.888100,2.350900,114.925400,3,stop_and_go,Dynamic,1709
2026-06-01 02:58:10,0.221100,0.000000,0.488810,5.083700,0.002530,76.066000,48.855800,2.890900,141.124700,3,stop_and_go,Dynamic,1710
2026-06-01 02:58:11,0.500000,0.000000,0.000000,9.892900,0.004900,76.062000,48.645000,7.182700,349.357400,3,stop_and_go,Dynamic,1711
2026-06-01 02:58:12,0.220000,0.000000,-0.547619,4.352880,0.002160,76.046000,48.633200,7.245700,352.282900,3,stop_and_go,Dynamic,1712
2026-06-01 02:58:13,0.000000,0.000000,0.000000,0.000000,0.000000,76.070000,48.858600,3.091100,150.991500,3,stop_and_go,Dynamic,1713
2026-06-01 02:58:14,-0.141000,0.000000,-0.335714,2.426210,0.001220,76.054000,48.886400,2.164600,105.803100,3,stop_and_go,Dynamic,1714
2026-06-01 02:58:15,-0.300000,0.000000,0.000000,5.935700,0.003000,76.069000,48.761400,4.487900,218.823900,3,stop_and_go,Dynamic,1715
2026-06-01 02:58:16,-0.215820,0.000000,0.289714,4.293460,0.002170,76.028000,48.759800,5.040900,245.784500,3,stop_and_go,Dynamic,1716
2026-06-01 02:58:17,0.000000,0.000000,0.000000,0.000000,0.000000,76.044000,48.874400,2.484000,121.384200,3,stop_and_go,Dynamic,1717
2026-06-01 02:58:18,0.067680,0.000000,0.418286,1.922200,0.000960,76.044000,48.917400,1.723600,84.289700,3,stop_and_go,Dynamic,1718
2026-06-01 02:58:19,0.500000,0.000000,0.061905,10.004640,0.004960,76.034000,48.682600,6.142800,298.975500,3,stop_and_go,Dynamic,1719
2026-06-01 02:58:20,0.350000,0.000000,-0.476190,6.925030,0.003430,76.045000,48.582700,8.047600,390.945800,3,stop_and_go,Dynamic,1720
2026-06-01 02:58:21,0.000000,0.000000,0.000000,0.000000,0.000000,76.032000,48.803700,4.047700,197.478100,3,stop_and_go,Dynamic,1721
2026-06-01 02:58:22,-0.060000,0.000000,-0.285714,0.877720,0.000440,75.994000,48.890000,1.886900,92.245200,3,stop_and_go,Dynamic,1722
2026-06-01 02:58:23,-0.300000,0.000000,0.000000,5.935700,0.003000,76.006000,48.795100,3.884900,189.546800,3,stop_and_go,Dynamic,1723
2026-06-01 02:58:24,-0.295500,0.000000,0.042857,5.878230,0.002970,76.014000,48.730800,5.287200,257.648400,3,stop_and_go,Dynamic,1724
2026-06-01 02:58:25,-0.008700,0.000000,0.282857,0.172140,0.000090,76.015000,48.821800,3.183400,155.390300,3,stop_and_go,Dynamic,1725
2026-06-01 02:58:26,0.000000,0.050000,0.000000,0.000000,0.000000,75.988000,48.925700,1.445700,70.729400,3,stop_and_go,Dynamic,1726
2026-06-01 02:58:27,0.000000,0.500000,0.000000,0.000000,0.000000,75.988000,48.891400,2.005000,98.018300,3,stop_and_go,Dynamic,1727
2026-06-01 02:58:28,0.000000,0.500000,0.000000,0.000000,0.000000,75.996000,48.872100,2.612300,127.667000,3,stop_and_go,Dynamic,1728
2026-06-01 02:58:29,0.000000,0.500000,0.000000,0.000000,0.000000,75.974000,48.843200,2.912200,142.241400,3,stop_and_go,Dynamic,1729
2026-06-01 02:58:30,0.000000,0.065000,0.000000,0.000000,0.000000,75.994000,48.899600,2.094800,102.424200,3,stop_and_go,Dynamic,1730
2026-06-01 02:58:31,0.318100,0.000000,0.516190,7.003310,0.003480,75.986000,48.813000,3.736000,182.227300,3,stop_and_go,Dynamic,1731
2026-06-01 02:58:32,0.500000,0.000000,0.000000,9.892900,0.004900,75.987000,48.610400,7.691300,373.863900,3,stop_and_go,Dynamic,1732
2026-06-01 02:58:33,0.100000,0.000000,-0.476190,1.978580,0.000980,75.979000,48.656400,6.401000,311.315700,3,stop_and_go,Dynamic,1733
2026-06-01 02:58:34,0.000000,0.000000,0.000000,0.000000,0.000000,75.958000,48.856800,2.602900,127.154000,3,stop_and_go,Dynamic,1734
2026-06-01 02:58:35,-0.210000,0.000000,-0.285714,3.845570,0.001940,75.966000,48.877300,2.519300,123.107300,3,stop_and_go,Dynamic,1735
2026-06-01 02:58:36,-0.300000,0.000000,0.000000,5.935700,0.003000,75.979000,48.743700,4.805200,234.209500,3,stop_and_go,Dynamic,1736
2026-06-01 02:58:37,-0.123600,0.000000,0.285714,2.474220,0.001250,75.964000,48.766800,4.346300,211.893000,3,stop_and_go,Dynamic,1737
2026-06-01 02:58:38,0.000000,0.000000,0.000000,0.000000,0.000000,75.940000,48.900300,1.908000,93.295400,3,stop_and_go,Dynamic,1738
2026-06-01 02:58:39,0.000000,0.295000,0.000000,0.000000,0.000000,75.948000,48.912900,1.467600,71.780300,3,stop_and_go,Dynamic,1739
2026-06-01 02:58:40,0.000000,0.500000,0.000000,0.000000,0.000000,75.940000,48.857000,2.402600,117.383200,3,stop_and_go,Dynamic,1740
2026-06-01 02:58:41,0.000000,0.500000,0.000000,0.000000,0.000000,75.946000,48.839800,2.771500,135.358000,3,stop_and_go,Dynamic,1741
2026-06-01 02:58:42,0.000000,0.320000,0.000000,0.000000,0.000000,75.930000,48.864300,2.698600,131.863300,3,stop_and_go,Dynamic,1742
2026-06-01 02:58:43,0.068700,0.000000,0.431429,1.931970,0.000960,75.946000,48.888700,1.955600,95.581100,3,stop_and_go,Dynamic,1743
2026-06-01 02:58:44,0.500000,0.000000,0.084762,10.045890,0.004980,75.938000,48.674000,6.170500,300.280800,3,stop_and_go,Dynamic,1744
2026-06-01 02:58:45,0.400000,0.000000,-0.476190,7.914320,0.003920,75.996000,48.585400,8.307800,403.622700,3,stop_and_go,Dynamic,1745
2026-06-01 02:58:46,0.000000,0.000000,0.000000,0.000000,0.000000,75.990000,48.747400,4.543500,221.411500,3,stop_and_go,Dynamic,1746
2026-06-01 02:58:47,-0.030000,0.000000,-0.285714,0.284150,0.000140,75.990000,48.900600,1.940700,94.892600,3,stop_and_go,Dynamic,1747
2026-06-01 02:58:48,-0.300000,0.000000,0.000000,5.935700,0.003000,75.982000,48.822800,3.634100,177.404900,3,stop_and_go,Dynamic,1748
2026-06-01 02:58:49,-0.300000,0.000000,0.000000,5.935700,0.003000,75.980000,48.736600,5.265800,256.630700,3,stop_and_go,Dynamic,1749
2026-06-01 02:58:50,-0.026400,0.000000,0.292143,0.562630,0.000280,75.973000,48.832900,3.499900,170.855600,3,stop_and_go,Dynamic,1750
2026-06-01 02:58:51,0.000000,0.000000,0.000000,0.000000,0.000000,75.970000,48.923700,1.570100,76.806500,3,stop_and_go,Dynamic,1751
2026-06-01 02:58:52,0.377700,0.000000,0.516190,8.182870,0.004070,75.970000,48.780100,4.127400,201.187400,3,stop_and_go,Dynamic,1752
2026-06-01 02:58:53,0.500000,0.000000,0.000000,9.892900,0.004900,75.963000,48.593300,7.872100,382.525100,3,stop_and_go,Dynamic,1753
2026-06-01 02:58:54,0.050000,0.000000,-0.476190,0.989290,0.000490,75.955000,48.691600,5.911600,287.726500,3,stop_and_go,Dynamic,1754
2026-06-01 02:58:55,0.000000,0.000000,0.000000,0.000000,0.000000,75.950000,48.875600,2.383800,116.487600,3,stop_and_go,Dynamic,1755
2026-06-01 02:58:56,-0.270000,0.000000,-0.285714,5.032710,0.002540,75.950000,48.833200,3.112900,151.980100,3,stop_and_go,Dynamic,1756
2026-06-01 02:58:57,-0.300000,0.000000,0.000000,5.935700,0.003000,75.945000,48.742300,5.098500,248.506100,3,stop_and_go,Dynamic,1757
2026-06-01 02:58:58,-0.090000,0.000000,0.285714,1.807640,0.000910,75.940000,48.779300,4.119600,200.892400,3,stop_and_go,Dynamic,1758
2026-06-01 02:58:59,0.000000,0.000000,0.000000,0.000000,0.000000,75.940000,48.911100,1.800900,88.073300,3,stop_and_go,Dynamic,1759
2026-06-01 02:59:00,0.000000,0.350000,0.000000,0.000000,0.000000,75.940000,48.907100,1.510800,73.882300,3,stop_and_go,Dynamic,1760
2026-06-01 02:59:01,0.000000,0.500000,0.000000,0.000000,0.000000,75.883000,48.851800,2.439000,119.148500,3,stop_and_go,Dynamic,1761
2026-06-01 02:59:02,0.000000,0.500000,0.000000,0.000000,0.000000,75.914000,48.845000,2.812400,137.370100,3,stop_and_go,Dynamic,1762
2026-06-01 02:59:03,0.000000,0.250000,0.000000,0.000000,0.000000,75.850000,48.861300,2.611900,127.617300,3,stop_and_go,Dynamic,1763
2026-06-01 02:59:04,0.128300,0.000000,0.483095,3.164660,0.001590,75.848000,48.876400,2.210100,107.980900,3,stop_and_go,Dynamic,1764
2026-06-01 02:59:05,0.500000,0.000000,0.000000,9.892900,0.004900,75.840000,48.633100,6.570200,319.463700,3,stop_and_go,Dynamic,1765
2026-06-01 02:59:06,0.300000,0.000000,-0.476190,5.935740,0.002940,75.832000,48.598600,7.899800,383.886600,3,stop_and_go,Dynamic,1766
2026-06-01 02:59:07,0.000000,0.000000,0.000000,0.000000,0.000000,75.830000,48.798000,3.684400,179.735800,3,stop_and_go,Dynamic,1767
2026-06-01 02:59:08,-0.114000,0.000000,-0.342857,1.884260,0.000950,75.821000,48.852800,2.117300,103.422300,3,stop_and_go,Dynamic,1768
2026-06-01 02:59:09,-0.300000,0.000000,0.000000,5.935700,0.003000,75.820000,48.754800,4.369400,213.018000,3,stop_and_go,Dynamic,1769
2026-06-01 02:59:10,-0.243600,0.000000,0.292143,4.858550,0.002450,75.816000,48.718600,5.225200,254.557500,3,stop_and_go,Dynamic,1770
2026-06-01 02:59:11,0.000000,0.000000,0.000000,0.000000,0.000000,75.810000,48.835400,2.659100,129.832300,3,stop_and_go,Dynamic,1771
2026-06-01 02:59:12,0.000000,0.150000,0.000000,0.000000,0.000000,75.826000,48.914800,1.409100,68.923900,3,stop_and_go,Dynamic,1772
2026-06-01 02:59:13,0.000000,0.500000,0.000000,0.000000,0.000000,75.874000,48.873100,2.216100,108.303400,3,stop_and_go,Dynamic,1773
2026-06-01 02:59:14,0.000000,0.500000,0.000000,0.000000,0.000000,75.850000,48.823400,2.725500,133.068000,3,stop_and_go,Dynamic,1774
2026-06-01 02:59:15,0.000000,0.500000,0.000000,0.000000,0.000000,75.836000,48.818900,2.902800,141.710900,3,stop_and_go,Dynamic,1775
2026-06-01 02:59:16,0.000000,0.000000,0.000000,0.000000,0.000000,75.808000,48.873200,1.927600,94.196900,3,stop_and_go,Dynamic,1776
2026-06-01 02:59:17,0.424700,0.000000,0.485476,9.050740,0.004500,75.808000,48.717800,4.888300,238.050200,3,stop_and_go,Dynamic,1777
2026-06-01 02:59:18,0.500000,0.000000,0.000000,9.892900,0.004900,75.790000,48.570600,8.145800,395.638400,3,stop_and_go,Dynamic,1778
2026-06-01 02:59:19,0.050000,0.000000,-0.595238,0.989290,0.000490,75.781000,48.659600,6.016900,292.618600,3,stop_and_go,Dynamic,1779
2026-06-01 02:59:20,0.000000,0.000000,0.000000,0.000000,0.000000,75.780000,48.844500,2.420000,118.195200,3,stop_and_go,Dynamic,1780
2026-06-01 02:59:21,-0.270000,0.000000,-0.285714,5.032710,0.002540,75.780000,48.817600,3.118200,152.180400,3,stop_and_go,Dynamic,1781
2026-06-01 02:59:22,-0.300000,0.000000,0.000000,5.935700,0.003000,75.778000,48.715800,5.090100,247.960400,3,stop_and_go,Dynamic,1782
2026-06-01 02:59:23,-0.089400,0.000000,0.325714,1.833080,0.000920,75.770000,48.765800,4.145200,202.069800,3,stop_and_go,Dynamic,1783
2026-06-01 02:59:24,0.000000,0.000000,0.000000,0.000000,0.000000,75.772000,48.892100,1.755100,85.800400,3,stop_and_go,Dynamic,1784
2026-06-01 02:59:25,0.277100,0.000000,0.516190,6.158460,0.003080,75.760000,48.829100,3.108000,151.603500,3,stop_and_go,Dynamic,1785
2026-06-01 02:59:26,0.500000,0.000000,0.000000,9.892900,0.004900,75.757000,48.601300,7.410400,360.117700,3,stop_and_go,Dynamic,1786
2026-06-01 02:59:27,0.200000,0.000000,-0.476190,3.957160,0.001960,75.750000,48.596300,7.365800,357.832500,3,stop_and_go,Dynamic,1787
2026-06-01 02:59:28,0.000000,0.000000,0.000000,0.000000,0.000000,75.740000,48.800200,3.112000,151.829800,3,stop_and_go,Dynamic,1788
2026-06-01 02:59:29,-0.150000,0.000000,-0.285714,2.658430,0.001340,75.740000,48.860600,2.142800,104.672100,3,stop_and_go,Dynamic,1789
2026-06-01 02:59:30,-0.300000,0.000000,0.000000,5.935700,0.003000,75.756000,48.750600,4.476700,218.219700,3,stop_and_go,Dynamic,1790
2026-06-01 02:59:31,-0.177600,0.000000,0.293571,3.569260,0.001800,75.731000,48.710300,4.845000,235.974500,3,stop_and_go,Dynamic,1791
2026-06-01 02:59:32,0.000000,0.000000,0.000000,0.000000,0.000000,75.738000,48.855400,2.254600,110.126000,3,stop_and_go,Dynamic,1792
2026-06-01 02:59:33,0.000000,0.200000,0.000000,0.000000,0.000000,75.746000,48.883600,1.335600,65.288000,3,stop_and_go,Dynamic,1793
2026-06-01 02:59:34,0.000000,0.500000,0.000000,0.000000,0.000000,75.810000,48.858300,2.257900,110.318900,3,stop_and_go,Dynamic,1794
2026-06-01 02:59:35,0.000000,0.500000,0.000000,0.000000,0.000000,75.771000,48.842600,2.703100,132.025400,3,stop_and_go,Dynamic,1795
2026-06-01 02:59:36,0.000000,0.450000,0.000000,0.000000,0.000000,75.760000,48.831100,2.879100,140.590800,3,stop_and_go,Dynamic,1796
2026-06-01 02:59:37,0.000000,0.000000,0.000000,0.000000,0.000000,75.720000,48.878000,1.742000,85.145900,3,stop_and_go,Dynamic,1797
2026-06-01 02:59:38,0.424700,0.000000,0.485476,9.046410,0.004500,75.733000,48.720000,4.804300,233.930300,3,stop_and_go,Dynamic,1798
2026-06-01 02:59:39,0.500000,0.000000,0.000000,9.892900,0.004900,75.726000,48.566400,8.133800,395.018200,3,stop_and_go,Dynamic,1799
